   Compiling sigil-isa v0.1.0 (/home/volence/sonic_hacks/.wt-width-baseline/crates/sigil-isa)
   Compiling sigil-span v0.1.0 (/home/volence/sonic_hacks/.wt-width-baseline/crates/sigil-span)
   Compiling proc-macro2 v1.0.106
   Compiling unicode-ident v1.0.24
   Compiling quote v1.0.46
   Compiling serde_core v1.0.228
   Compiling serde v1.0.228
   Compiling hashbrown v0.17.1
   Compiling equivalent v1.0.2
   Compiling winnow v0.7.15
   Compiling toml_write v0.1.2
   Compiling cfg-if v1.0.4
   Compiling libc v0.2.186
   Compiling rustix v1.1.4
   Compiling getrandom v0.4.3
   Compiling linux-raw-sys v0.12.1
   Compiling bitflags v2.13.0
   Compiling fastrand v2.4.1
   Compiling once_cell v1.21.4
   Compiling shlex v2.0.1
   Compiling find-msvc-tools v0.1.9
   Compiling zmij v1.0.21
   Compiling version_check v0.9.5
   Compiling sigil-ir v0.1.0 (/home/volence/sonic_hacks/.wt-width-baseline/crates/sigil-ir)
   Compiling cc v1.2.66
   Compiling serde_json v1.0.150
   Compiling typenum v1.20.1
   Compiling sigil-s4lz v0.1.0 (/home/volence/sonic_hacks/.wt-width-baseline/crates/sigil-s4lz)
   Compiling memchr v2.8.2
   Compiling generic-array v0.14.7
   Compiling cpufeatures v0.2.17
   Compiling itoa v1.0.18
   Compiling indexmap v2.14.0
   Compiling sigil-backend-z80 v0.1.0 (/home/volence/sonic_hacks/.wt-width-baseline/crates/sigil-backend-z80)
   Compiling sigil-backend-m68k v0.1.0 (/home/volence/sonic_hacks/.wt-width-baseline/crates/sigil-backend-m68k)
   Compiling syn v2.0.118
   Compiling sigil-frontend-as v0.1.0 (/home/volence/sonic_hacks/.wt-width-baseline/crates/sigil-frontend-as)
   Compiling block-buffer v0.10.4
   Compiling crypto-common v0.1.7
   Compiling sigil-clownlzss-sys v0.1.0 (/home/volence/sonic_hacks/.wt-width-baseline/crates/sigil-clownlzss-sys)
   Compiling sigil-clownnemesis-sys v0.1.0 (/home/volence/sonic_hacks/.wt-width-baseline/crates/sigil-clownnemesis-sys)
   Compiling sigil-salvador-sys v0.1.0 (/home/volence/sonic_hacks/.wt-width-baseline/crates/sigil-salvador-sys)
   Compiling digest v0.10.7
   Compiling sha2 v0.10.9
   Compiling tempfile v3.27.0
   Compiling serde_derive v1.0.228
   Compiling sigil-cli v0.1.0 (/home/volence/sonic_hacks/.wt-width-baseline/crates/sigil-cli)
warning: sigil-clownlzss-sys@0.1.0: In file included from src/shim.cpp:114:
warning: sigil-clownlzss-sys@0.1.0: In lambda function,
warning: sigil-clownlzss-sys@0.1.0:     inlined from 'bool ClownLZSS::Internal::Enigma::Compress(const unsigned char*, std::size_t, ClownLZSS::CompressorOutput<T>&) [with T = std::basic_ostream<char>]' at src/../vendor/compressors/enigma.h:316:37:
warning: sigil-clownlzss-sys@0.1.0: src/../vendor/compressors/enigma.h:253:110: warning: '*(int*)((char*)&run + offsetof(Run, Run::type))' may be used uninitialized [-Wmaybe-uninitialized]
warning: sigil-clownlzss-sys@0.1.0:   253 |                                                 return (run.type == Run::Type::Increment || run.length == 1) && ReadWord(input) == special_values->lowest;
warning: sigil-clownlzss-sys@0.1.0:       |                                                        ~~~~~~~~~~~~~~~~~~~~~~~~~~~~~~~~~~~~~~~~~~~~~~~~~~~~~~^~~~~~~~~~~~~~~~~~~~~~~~~~~~~~~~~~~~~~~~~~~~
warning: sigil-clownlzss-sys@0.1.0: src/../vendor/compressors/enigma.h: In function 'bool ClownLZSS::Internal::Enigma::Compress(const unsigned char*, std::size_t, ClownLZSS::CompressorOutput<T>&) [with T = std::basic_ostream<char>]':
warning: sigil-clownlzss-sys@0.1.0: src/../vendor/compressors/enigma.h:263:45: note: '*(int*)((char*)&run + offsetof(Run, Run::type))' was declared here
warning: sigil-clownlzss-sys@0.1.0:   263 |                                         Run run;
warning: sigil-clownlzss-sys@0.1.0:       |                                             ^~~
warning: sigil-clownlzss-sys@0.1.0: In lambda function,
warning: sigil-clownlzss-sys@0.1.0:     inlined from 'bool ClownLZSS::Internal::Enigma::Compress(const unsigned char*, std::size_t, ClownLZSS::CompressorOutput<T>&) [with T = std::basic_ostream<char>]' at src/../vendor/compressors/enigma.h:316:37:
warning: sigil-clownlzss-sys@0.1.0: src/../vendor/compressors/enigma.h:253:90: warning: 'run.ClownLZSS::Internal::Enigma::Compress<std::basic_ostream<char> >(const unsigned char*, std::size_t, ClownLZSS::CompressorOutput<std::basic_ostream<char> >&)::Run::length' may be used uninitialized [-Wmaybe-uninitialized]
warning: sigil-clownlzss-sys@0.1.0:   253 |                                                 return (run.type == Run::Type::Increment || run.length == 1) && ReadWord(input) == special_values->lowest;
warning: sigil-clownlzss-sys@0.1.0:       |                                                        ~~~~~~~~~~~~~~~~~~~~~~~~~~~~~~~~~~^~~~~~~~~~~~~~~~~~~
warning: sigil-clownlzss-sys@0.1.0: src/../vendor/compressors/enigma.h: In function 'bool ClownLZSS::Internal::Enigma::Compress(const unsigned char*, std::size_t, ClownLZSS::CompressorOutput<T>&) [with T = std::basic_ostream<char>]':
warning: sigil-clownlzss-sys@0.1.0: src/../vendor/compressors/enigma.h:263:45: note: 'run.ClownLZSS::Internal::Enigma::Compress<std::basic_ostream<char> >(const unsigned char*, std::size_t, ClownLZSS::CompressorOutput<std::basic_ostream<char> >&)::Run::length' was declared here
warning: sigil-clownlzss-sys@0.1.0:   263 |                                         Run run;
warning: sigil-clownlzss-sys@0.1.0:       |                                             ^~~
   Compiling serde_spanned v0.6.9
   Compiling toml_datetime v0.6.11
   Compiling toml_edit v0.22.27
   Compiling toml v0.8.23
   Compiling sigil-link v0.1.0 (/home/volence/sonic_hacks/.wt-width-baseline/crates/sigil-link)
   Compiling sigil-frontend-emp v0.1.0 (/home/volence/sonic_hacks/.wt-width-baseline/crates/sigil-frontend-emp)
   Compiling sigil-harness v0.1.0 (/home/volence/sonic_hacks/.wt-width-baseline/crates/sigil-harness)
    Finished `release` profile [optimized] target(s) in 1m 18s
     Running unittests src/lib.rs (/home/volence/sonic_hacks/.scratch/width-suffix/target-base/release/deps/sigil_backend_m68k-ea02e26ce401efd4)

running 19 tests
test tests::jbsr_candidates_use_bsr_and_jsr_opcodes ... ok
test tests::lower_pcrel_ea_locates_btst_disp16_after_the_bit_number_word ... ok
test tests::lower_pcrel_ea_without_a_pcrel_operand_is_loud ... ok
test tests::lower_pcrel_idx_ea_probe_does_not_move_the_index_bits ... ok
test tests::jbra_candidates_are_the_four_ordered_rungs ... ok
test tests::lower_pcrel_idx_ea_locates_btst_disp8_after_the_bit_number_word ... ok
test tests::lower_pcrel_ea_attaches_disp16_fixup_at_offset ... ok
test tests::lower_jmp_jsr_sym_builds_placeholder_fragment ... ok
test tests::reexports_m68k_vocabulary ... ok
test tests::lowers_resolved_instruction_via_encode ... ok
test tests::lower_branch_short_emits_opcode_plus_pcrel8 ... ok
test tests::lower_branch_bcc_uses_condition_opcode ... ok
test tests::unsized_branch_candidates_use_condition_opcode ... ok
test tests::cpu_is_m68000 ... ok
test tests::lower_branch_word_emits_opcode_plus_pcreldisp16 ... ok
test tests::unsized_branch_candidates_are_two_pcrel_rungs ... ok
test tests::lower_dbcc_emits_opcode_plus_pcreldisp16 ... ok
test tests::lower_jmp_jsr_abs_builds_absw_and_absl ... ok
test tests::unsupported_form_becomes_lower_error ... ok

test result: ok. 19 passed; 0 failed; 0 ignored; 0 measured; 0 filtered out; finished in 0.00s

     Running unittests src/lib.rs (/home/volence/sonic_hacks/.scratch/width-suffix/target-base/release/deps/sigil_backend_z80-a94103f5ba07c06c)

running 6 tests
test tests::abs16_emits_value16le_fixup_at_last_two_bytes ... ok
test tests::jr_cc_uses_conditional_opcode ... ok
test tests::lowers_fixed_instruction_via_encode ... ok
test tests::unsupported_form_becomes_lower_error ... ok
test tests::jr_emits_opcode_plus_z80jrrel8_fixup ... ok
test tests::reexports_z80_vocabulary ... ok

test result: ok. 6 passed; 0 failed; 0 ignored; 0 measured; 0 filtered out; finished in 0.00s

     Running unittests src/bin/emp_census.rs (/home/volence/sonic_hacks/.scratch/width-suffix/target-base/release/deps/emp_census-058b462c95066ed1)

running 0 tests

test result: ok. 0 passed; 0 failed; 0 ignored; 0 measured; 0 filtered out; finished in 0.00s

     Running unittests src/main.rs (/home/volence/sonic_hacks/.scratch/width-suffix/target-base/release/deps/sigil-c9e06afc94ae4bf4)

running 37 tests
test help_gates::entry_lookup_matches_the_table ... ok
test help_gates::entry_words_are_unique ... ok
test help_gates::dispatch_reads_only_the_entry_table ... ok
test help_gates::help_text_uses_no_dashes ... ok
test help_gates::help_words_are_the_conventional_three ... ok
test help_gates::main_refuses_every_option_a_row_does_not_list ... ok
test help_gates::every_option_typed_as_a_command_word_suggests_its_row ... ok
test help_gates::every_entry_usage_names_its_own_entry ... ok
test help_gates::the_build_parser_reads_every_listed_option_as_listed ... ok
test help_gates::the_command_word_rule_holds_each_of_its_clauses ... ok
test help_gates::usage_names_the_listed_options ... ok
test help_gates::usage_options_reads_the_shapes_usage_lines_use ... ok
test tests::failure_line_names_each_severity_and_flags_a_failure_with_no_error ... ok
test help_gates::top_level_help_lists_every_entry ... ok
test tests::parse_build_args_check_grammar ... ok
test tests::parse_build_args_collects_repeated_extra_entries ... ok
test tests::parse_build_args_native_target_selection ... ok
test tests::shown_counts_each_severity_under_its_own_name ... ok
test tests::parse_define_int_rejects_malformed_input ... ok
test tests::warning_summary_tallies_by_id_most_frequent_first ... ok
test tests::parse_define_int_accepts_all_documented_forms ... ok
test tests::warning_report_lines_render_each_view ... ok
test tests::warning_view_defaults_to_summary_on_anything_unrecognised ... ok
test tests::warning_summary_counts_notes_apart_from_warnings ... ok
test tree_class::tests::a_leading_status_column_is_not_stripped_from_the_path ... ok
test tree_class::tests::a_path_that_does_not_exist_is_never_emitted_as_a_trigger ... ok
test tree_class::tests::a_rename_is_classified_by_its_destination ... ok
test tree_class::tests::an_underivable_source_set_makes_every_change_material ... ok
test tree_class::tests::an_underivable_source_set_yields_no_trigger_claim ... ok
test tree_class::tests::an_unreadable_path_counts_as_a_source_change ... ok
test tree_class::tests::an_untracked_directory_classifies_by_its_prefix ... ok
test tree_class::tests::coverage_is_by_path_component_not_by_string_prefix ... ok
test tree_class::tests::every_derived_path_lands_in_exactly_one_of_the_two_lists ... ok
test tree_class::tests::every_watchable_closure_path_becomes_a_trigger ... ok
test tree_class::tests::only_a_source_change_yields_a_dirty_state ... ok
test tree_class::tests::pruning_removes_only_paths_an_ancestor_already_covers ... ok
test tests::compile_emp_resolves_embed_against_source_dir ... ok

test result: ok. 37 passed; 0 failed; 0 ignored; 0 measured; 0 filtered out; finished in 0.00s

     Running tests/act_descriptor_port.rs (/home/volence/sonic_hacks/.scratch/width-suffix/target-base/release/deps/act_descriptor_port-6b77bf0c91fe3a2a)

running 2 tests
test act_descriptor_region_matches_reference ... FAILED
test act_descriptor_debug_region_matches_reference ... FAILED

failures:

---- act_descriptor_region_matches_reference stdout ----

thread 'act_descriptor_region_matches_reference' (3902987) panicked at crates/sigil-harness/src/test_support.rs:1312:9:
NO REFERENCE TREE IS NAMED, so this run can measure nothing it could attribute, and STOPS. This run DECLINED to use /home/volence/sonic_hacks/aeon, which step 3 derived from this checkout's own location: it is a working checkout outside this repository, its revision changes under a run without notice, and a result measured against it would be attributable to whatever it happened to contain rather than to the code under test.

The resolver's own answer: reference-tree: /home/volence/sonic_hacks/aeon (SUITE_PATHS step 3, DERIVED from this checkout's own location, nobody named it)

Either name a provisioned tree, AEON_DIR=<aeon checkout> (scripts/provision-aeon-ref.sh), or EMPYREAN_SUITE_ROOT=<the directory holding the suite>, or declare a partial run with SIGIL_ALLOW_PARTIAL=1, in which case every reference-dependent row is left unmeasured and the run says how many. Ruled d-18 (docs/OVERSEER-REFERENCE.md, 2026-09-02): a run that only PRINTS how much it did not measure still exits 0, and a green is trusted the moment it is in the run.
note: run with `RUST_BACKTRACE=1` environment variable to display a backtrace

---- act_descriptor_debug_region_matches_reference stdout ----

thread 'act_descriptor_debug_region_matches_reference' (3902986) panicked at crates/sigil-harness/src/test_support.rs:1312:9:
NO REFERENCE TREE IS NAMED, so this run can measure nothing it could attribute, and STOPS. This run DECLINED to use /home/volence/sonic_hacks/aeon, which step 3 derived from this checkout's own location: it is a working checkout outside this repository, its revision changes under a run without notice, and a result measured against it would be attributable to whatever it happened to contain rather than to the code under test.

The resolver's own answer: reference-tree: /home/volence/sonic_hacks/aeon (SUITE_PATHS step 3, DERIVED from this checkout's own location, nobody named it)

Either name a provisioned tree, AEON_DIR=<aeon checkout> (scripts/provision-aeon-ref.sh), or EMPYREAN_SUITE_ROOT=<the directory holding the suite>, or declare a partial run with SIGIL_ALLOW_PARTIAL=1, in which case every reference-dependent row is left unmeasured and the run says how many. Ruled d-18 (docs/OVERSEER-REFERENCE.md, 2026-09-02): a run that only PRINTS how much it did not measure still exits 0, and a green is trusted the moment it is in the run.


failures:
    act_descriptor_debug_region_matches_reference
    act_descriptor_region_matches_reference

test result: FAILED. 0 passed; 2 failed; 0 ignored; 0 measured; 0 filtered out; finished in 0.00s

error: test failed, to rerun pass `-p sigil-cli --test act_descriptor_port`
     Running tests/align_as_parity.rs (/home/volence/sonic_hacks/.scratch/width-suffix/target-base/release/deps/align_as_parity-5d817edce7b91982)

running 6 tests
test a_negative_vma_align_follows_the_shared_signed_rule ... ok
test a_trailing_align_does_not_lengthen_the_image ... ok
test align_4_parity ... ok
test an_align_pad_is_reserved_not_filled ... ok
test already_aligned_parity ... ok
test align_2_word_data_parity ... ok

test result: ok. 6 passed; 0 failed; 0 ignored; 0 measured; 0 filtered out; finished in 0.00s

     Running tests/animate_port.rs (/home/volence/sonic_hacks/.scratch/width-suffix/target-base/release/deps/animate_port-b72941cbbc25909d)

running 2 tests
test animate_debug_region_matches_reference ... FAILED
test animate_region_matches_reference ... FAILED

failures:

---- animate_debug_region_matches_reference stdout ----

thread 'animate_debug_region_matches_reference' (3903026) panicked at crates/sigil-harness/src/test_support.rs:1312:9:
NO REFERENCE TREE IS NAMED, so this run can measure nothing it could attribute, and STOPS. This run DECLINED to use /home/volence/sonic_hacks/aeon, which step 3 derived from this checkout's own location: it is a working checkout outside this repository, its revision changes under a run without notice, and a result measured against it would be attributable to whatever it happened to contain rather than to the code under test.

The resolver's own answer: reference-tree: /home/volence/sonic_hacks/aeon (SUITE_PATHS step 3, DERIVED from this checkout's own location, nobody named it)

Either name a provisioned tree, AEON_DIR=<aeon checkout> (scripts/provision-aeon-ref.sh), or EMPYREAN_SUITE_ROOT=<the directory holding the suite>, or declare a partial run with SIGIL_ALLOW_PARTIAL=1, in which case every reference-dependent row is left unmeasured and the run says how many. Ruled d-18 (docs/OVERSEER-REFERENCE.md, 2026-09-02): a run that only PRINTS how much it did not measure still exits 0, and a green is trusted the moment it is in the run.
note: run with `RUST_BACKTRACE=1` environment variable to display a backtrace

---- animate_region_matches_reference stdout ----

thread 'animate_region_matches_reference' (3903027) panicked at crates/sigil-harness/src/test_support.rs:1312:9:
NO REFERENCE TREE IS NAMED, so this run can measure nothing it could attribute, and STOPS. This run DECLINED to use /home/volence/sonic_hacks/aeon, which step 3 derived from this checkout's own location: it is a working checkout outside this repository, its revision changes under a run without notice, and a result measured against it would be attributable to whatever it happened to contain rather than to the code under test.

The resolver's own answer: reference-tree: /home/volence/sonic_hacks/aeon (SUITE_PATHS step 3, DERIVED from this checkout's own location, nobody named it)

Either name a provisioned tree, AEON_DIR=<aeon checkout> (scripts/provision-aeon-ref.sh), or EMPYREAN_SUITE_ROOT=<the directory holding the suite>, or declare a partial run with SIGIL_ALLOW_PARTIAL=1, in which case every reference-dependent row is left unmeasured and the run says how many. Ruled d-18 (docs/OVERSEER-REFERENCE.md, 2026-09-02): a run that only PRINTS how much it did not measure still exits 0, and a green is trusted the moment it is in the run.


failures:
    animate_debug_region_matches_reference
    animate_region_matches_reference

test result: FAILED. 0 passed; 2 failed; 0 ignored; 0 measured; 0 filtered out; finished in 0.00s

error: test failed, to rerun pass `-p sigil-cli --test animate_port`
     Running tests/as_backward_seek_close.rs (/home/volence/sonic_hacks/.scratch/width-suffix/target-base/release/deps/as_backward_seek_close-38d6696067ff648d)

running 4 tests
test a_seek_its_section_closes_behind_assembles_to_asl_s_image_when_nothing_lands_on_the_tail ... ok
test a_seek_its_section_closes_behind_is_refused_at_the_org_when_the_next_bytes_land_on_the_tail ... ok
test an_overlap_the_seek_did_not_place_keeps_the_plain_overlap_diagnostic ... ok
test every_closer_is_refused_at_the_seek_when_the_next_bytes_land_on_the_tail ... ok

test result: ok. 4 passed; 0 failed; 0 ignored; 0 measured; 0 filtered out; finished in 0.01s

     Running tests/as_diagnostic_detail.rs (/home/volence/sonic_hacks/.scratch/width-suffix/target-base/release/deps/as_diagnostic_detail-076ca2703d466a6a)

running 6 tests
test an_unexpected_character_is_named_and_located ... ok
test two_operands_on_one_line_are_told_apart_by_their_columns ... ok
test the_per_item_column_is_not_specific_to_dc_b ... ok
test an_as_diagnostic_carries_a_column ... ok
test a_non_ascii_unexpected_character_is_reported_as_one_character ... ok
test the_two_diagnostic_dialects_stay_apart ... ok

test result: ok. 6 passed; 0 failed; 0 ignored; 0 measured; 0 filtered out; finished in 0.00s

     Running tests/as_driver_placement.rs (/home/volence/sonic_hacks/.scratch/width-suffix/target-base/release/deps/as_driver_placement-254693af7ef79a34)

running 17 tests
test after_stores_the_blob_where_the_code_before_it_ends_and_pads_the_rest ... ok
test with_nothing_written_after_it_the_blob_is_unbounded ... ok
test an_instruction_that_names_no_second_space_is_refused ... ok
test one_instruction_places_every_blob_that_starts_at_its_address ... ok
test a_stream_the_game_would_read_back_wrong_is_refused ... ok
test code_in_the_space_that_does_not_continue_the_blob_is_refused ... ok
test a_second_space_no_instruction_names_is_refused_at_its_org ... ok
test code_written_after_a_restore_is_not_part_of_the_blob ... ok
test after_is_measured_from_the_last_byte_written_not_from_the_label ... ok
test a_blob_larger_than_its_reservation_is_refused_with_both_sizes ... ok
test before_stores_the_blob_over_the_start_of_the_code_before_it ... ok
test the_address_is_hexadecimal ... ok
test the_constant_is_a_name_to_p2bin_and_a_declared_size_to_sigil ... ok
test a_p2bin_grammar_error_stops_the_run ... ok
test kosinski_and_saxman_bugged_store_the_bytes_p2bin_stores ... ok
test both_blobs_of_a_two_driver_program_are_placed_in_either_order ... ok
test the_pad_byte_is_p2bins_and_zero_without_it ... ok

test result: ok. 17 passed; 0 failed; 0 ignored; 0 measured; 0 filtered out; finished in 0.01s

     Running tests/as_driver_placement_corpus.rs (/home/volence/sonic_hacks/.scratch/width-suffix/target-base/release/deps/as_driver_placement_corpus-e86f502097e47d24)

running 1 test
test sonic_1_builds_to_the_reference_rom_byte_for_byte ... ok

test result: ok. 1 passed; 0 failed; 0 ignored; 0 measured; 0 filtered out; finished in 4.26s

     Running tests/as_message_stdout.rs (/home/volence/sonic_hacks/.scratch/width-suffix/target-base/release/deps/as_message_stdout-69589b68cbef2afa)

running 4 tests
test a_message_is_a_bare_stdout_line_and_not_a_diagnostic ... ok
test a_forward_referenced_message_prints_once_with_its_final_value ... ok
test a_failing_run_prints_its_message_before_its_diagnostics ... ok
test a_float_division_in_a_message_interpolates ... ok

test result: ok. 4 passed; 0 failed; 0 ignored; 0 measured; 0 filtered out; finished in 0.00s

     Running tests/as_second_address_space.rs (/home/volence/sonic_hacks/.scratch/width-suffix/target-base/release/deps/as_second_address_space-ea9de3f9e4b71abf)

running 10 tests
test a_collision_inside_a_second_space_is_refused_as_an_overlap ... ok
test a_second_space_on_empty_image_ground_is_refused_too ... ok
test a_z80_program_at_org_0_still_assembles ... ok
test an_org_with_a_phase_open_still_places_z80_code_in_the_image ... ok
test sonic_1_s_phased_setup_block_assembles_to_the_reference_bytes ... ok
test a_collision_in_the_image_is_still_refused_as_an_overlap ... ok
test a_constant_the_program_does_not_bind_leaves_the_declared_size_check_unmade ... ok
test the_driver_is_refused_at_its_own_org_line_and_never_as_an_overlap ... ok
test a_blob_larger_than_the_size_its_constant_declares_is_refused ... ok
test a_driver_behind_sections_with_no_content_is_placed_where_p2bin_places_it ... ok

test result: ok. 10 passed; 0 failed; 0 ignored; 0 measured; 0 filtered out; finished in 0.00s

     Running tests/as_sonic2_whole_rom.rs (/home/volence/sonic_hacks/.scratch/width-suffix/target-base/release/deps/as_sonic2_whole_rom-396a39434fdd474d)

running 1 test
test sonic_2_builds_to_the_reference_rom_byte_for_byte ... ok

test result: ok. 1 passed; 0 failed; 0 ignored; 0 measured; 0 filtered out; finished in 3.92s

     Running tests/as_switch_setting_roms.rs (/home/volence/sonic_hacks/.scratch/width-suffix/target-base/release/deps/as_switch_setting_roms-4a0a682e59438925)

running 3 tests
test sonic_1_with_cheats_enabled_still_builds_the_reference_rom ... ok
test sonic_1_with_bytes_past_the_end_label_still_builds_the_reference_rom ... ok
test sonic_2_with_fixbugs_is_refused_rather_than_written_with_a_stale_driver_size ... ok

test result: ok. 3 passed; 0 failed; 0 ignored; 0 measured; 0 filtered out; finished in 3.97s

     Running tests/asm_failure_line.rs (/home/volence/sonic_hacks/.scratch/width-suffix/target-base/release/deps/asm_failure_line-186d0294eb47224a)

running 8 tests
test asm_failure_exits_all_go_through_fail_asm ... ok
test a_succeeding_run_says_nothing_about_failure ... ok
test a_front_end_failure_counts_its_warnings_apart_from_its_errors ... ok
test a_later_stage_failure_counts_the_front_ends_warnings ... ok
test a_failing_run_with_no_message_still_says_it_failed ... ok
test a_captured_stdout_log_of_a_failing_run_does_not_end_on_the_message ... ok
test the_failure_line_is_on_stdout_and_not_on_stderr ... ok
test the_count_is_the_number_of_diagnostics_and_it_pluralises ... ok

test result: ok. 8 passed; 0 failed; 0 ignored; 0 measured; 0 filtered out; finished in 0.00s

     Running tests/asm_output_disposition.rs (/home/volence/sonic_hacks/.scratch/width-suffix/target-base/release/deps/asm_output_disposition-6cac37572abbb75e)

running 5 tests
test a_failed_write_ends_through_fail_asm_and_reports_no_build ... ok
test built_line_distinguishes_written_from_discarded ... ok
test a_clean_run_reports_on_stdout_and_leaves_stderr_empty ... ok
test hex_line_precedes_the_built_line_which_ends_stdout ... ok
test the_as_and_emp_routes_print_one_line_for_one_outcome ... ok

test result: ok. 5 passed; 0 failed; 0 ignored; 0 measured; 0 filtered out; finished in 0.00s

     Running tests/atomic_output_gate.rs (/home/volence/sonic_hacks/.scratch/width-suffix/target-base/release/deps/atomic_output_gate-2fde8baf85ddeda3)

running 2 tests
test the_scanner_finds_the_shape_it_bans ... ok
test no_source_in_this_crate_writes_a_file_by_truncation ... ok

test result: ok. 2 passed; 0 failed; 0 ignored; 0 measured; 0 filtered out; finished in 0.00s

     Running tests/bg_anim_port.rs (/home/volence/sonic_hacks/.scratch/width-suffix/target-base/release/deps/bg_anim_port-55ef6c85cfed6078)

running 4 tests
test bg_anim_debug_region_matches_reference ... FAILED
test bg_anim_region_matches_reference ... FAILED
test two_module_ownership_flip_plain ... FAILED
test two_module_ownership_flip_debug ... FAILED

failures:

---- bg_anim_debug_region_matches_reference stdout ----

thread 'bg_anim_debug_region_matches_reference' (3903846) panicked at crates/sigil-harness/src/test_support.rs:1312:9:
NO REFERENCE TREE IS NAMED, so this run can measure nothing it could attribute, and STOPS. This run DECLINED to use /home/volence/sonic_hacks/aeon, which step 3 derived from this checkout's own location: it is a working checkout outside this repository, its revision changes under a run without notice, and a result measured against it would be attributable to whatever it happened to contain rather than to the code under test.

The resolver's own answer: reference-tree: /home/volence/sonic_hacks/aeon (SUITE_PATHS step 3, DERIVED from this checkout's own location, nobody named it)

Either name a provisioned tree, AEON_DIR=<aeon checkout> (scripts/provision-aeon-ref.sh), or EMPYREAN_SUITE_ROOT=<the directory holding the suite>, or declare a partial run with SIGIL_ALLOW_PARTIAL=1, in which case every reference-dependent row is left unmeasured and the run says how many. Ruled d-18 (docs/OVERSEER-REFERENCE.md, 2026-09-02): a run that only PRINTS how much it did not measure still exits 0, and a green is trusted the moment it is in the run.
note: run with `RUST_BACKTRACE=1` environment variable to display a backtrace

---- bg_anim_region_matches_reference stdout ----

thread 'bg_anim_region_matches_reference' (3903847) panicked at crates/sigil-harness/src/test_support.rs:1312:9:
NO REFERENCE TREE IS NAMED, so this run can measure nothing it could attribute, and STOPS. This run DECLINED to use /home/volence/sonic_hacks/aeon, which step 3 derived from this checkout's own location: it is a working checkout outside this repository, its revision changes under a run without notice, and a result measured against it would be attributable to whatever it happened to contain rather than to the code under test.

The resolver's own answer: reference-tree: /home/volence/sonic_hacks/aeon (SUITE_PATHS step 3, DERIVED from this checkout's own location, nobody named it)

Either name a provisioned tree, AEON_DIR=<aeon checkout> (scripts/provision-aeon-ref.sh), or EMPYREAN_SUITE_ROOT=<the directory holding the suite>, or declare a partial run with SIGIL_ALLOW_PARTIAL=1, in which case every reference-dependent row is left unmeasured and the run says how many. Ruled d-18 (docs/OVERSEER-REFERENCE.md, 2026-09-02): a run that only PRINTS how much it did not measure still exits 0, and a green is trusted the moment it is in the run.

---- two_module_ownership_flip_plain stdout ----

thread 'two_module_ownership_flip_plain' (3903849) panicked at crates/sigil-harness/src/test_support.rs:1312:9:
NO REFERENCE TREE IS NAMED, so this run can measure nothing it could attribute, and STOPS. This run DECLINED to use /home/volence/sonic_hacks/aeon, which step 3 derived from this checkout's own location: it is a working checkout outside this repository, its revision changes under a run without notice, and a result measured against it would be attributable to whatever it happened to contain rather than to the code under test.

The resolver's own answer: reference-tree: /home/volence/sonic_hacks/aeon (SUITE_PATHS step 3, DERIVED from this checkout's own location, nobody named it)

Either name a provisioned tree, AEON_DIR=<aeon checkout> (scripts/provision-aeon-ref.sh), or EMPYREAN_SUITE_ROOT=<the directory holding the suite>, or declare a partial run with SIGIL_ALLOW_PARTIAL=1, in which case every reference-dependent row is left unmeasured and the run says how many. Ruled d-18 (docs/OVERSEER-REFERENCE.md, 2026-09-02): a run that only PRINTS how much it did not measure still exits 0, and a green is trusted the moment it is in the run.

---- two_module_ownership_flip_debug stdout ----

thread 'two_module_ownership_flip_debug' (3903848) panicked at crates/sigil-harness/src/test_support.rs:1312:9:
NO REFERENCE TREE IS NAMED, so this run can measure nothing it could attribute, and STOPS. This run DECLINED to use /home/volence/sonic_hacks/aeon, which step 3 derived from this checkout's own location: it is a working checkout outside this repository, its revision changes under a run without notice, and a result measured against it would be attributable to whatever it happened to contain rather than to the code under test.

The resolver's own answer: reference-tree: /home/volence/sonic_hacks/aeon (SUITE_PATHS step 3, DERIVED from this checkout's own location, nobody named it)

Either name a provisioned tree, AEON_DIR=<aeon checkout> (scripts/provision-aeon-ref.sh), or EMPYREAN_SUITE_ROOT=<the directory holding the suite>, or declare a partial run with SIGIL_ALLOW_PARTIAL=1, in which case every reference-dependent row is left unmeasured and the run says how many. Ruled d-18 (docs/OVERSEER-REFERENCE.md, 2026-09-02): a run that only PRINTS how much it did not measure still exits 0, and a green is trusted the moment it is in the run.


failures:
    bg_anim_debug_region_matches_reference
    bg_anim_region_matches_reference
    two_module_ownership_flip_debug
    two_module_ownership_flip_plain

test result: FAILED. 0 passed; 4 failed; 0 ignored; 0 measured; 0 filtered out; finished in 0.00s

error: test failed, to rerun pass `-p sigil-cli --test bg_anim_port`
     Running tests/bg_port.rs (/home/volence/sonic_hacks/.scratch/width-suffix/target-base/release/deps/bg_port-7cd6d4d42a137b96)

running 2 tests
test bg_debug_region_matches_reference ... FAILED
test bg_region_matches_reference ... FAILED

failures:

---- bg_debug_region_matches_reference stdout ----

thread 'bg_debug_region_matches_reference' (3903852) panicked at crates/sigil-harness/src/test_support.rs:1312:9:
NO REFERENCE TREE IS NAMED, so this run can measure nothing it could attribute, and STOPS. This run DECLINED to use /home/volence/sonic_hacks/aeon, which step 3 derived from this checkout's own location: it is a working checkout outside this repository, its revision changes under a run without notice, and a result measured against it would be attributable to whatever it happened to contain rather than to the code under test.

The resolver's own answer: reference-tree: /home/volence/sonic_hacks/aeon (SUITE_PATHS step 3, DERIVED from this checkout's own location, nobody named it)

Either name a provisioned tree, AEON_DIR=<aeon checkout> (scripts/provision-aeon-ref.sh), or EMPYREAN_SUITE_ROOT=<the directory holding the suite>, or declare a partial run with SIGIL_ALLOW_PARTIAL=1, in which case every reference-dependent row is left unmeasured and the run says how many. Ruled d-18 (docs/OVERSEER-REFERENCE.md, 2026-09-02): a run that only PRINTS how much it did not measure still exits 0, and a green is trusted the moment it is in the run.
note: run with `RUST_BACKTRACE=1` environment variable to display a backtrace

---- bg_region_matches_reference stdout ----

thread 'bg_region_matches_reference' (3903853) panicked at crates/sigil-harness/src/test_support.rs:1312:9:
NO REFERENCE TREE IS NAMED, so this run can measure nothing it could attribute, and STOPS. This run DECLINED to use /home/volence/sonic_hacks/aeon, which step 3 derived from this checkout's own location: it is a working checkout outside this repository, its revision changes under a run without notice, and a result measured against it would be attributable to whatever it happened to contain rather than to the code under test.

The resolver's own answer: reference-tree: /home/volence/sonic_hacks/aeon (SUITE_PATHS step 3, DERIVED from this checkout's own location, nobody named it)

Either name a provisioned tree, AEON_DIR=<aeon checkout> (scripts/provision-aeon-ref.sh), or EMPYREAN_SUITE_ROOT=<the directory holding the suite>, or declare a partial run with SIGIL_ALLOW_PARTIAL=1, in which case every reference-dependent row is left unmeasured and the run says how many. Ruled d-18 (docs/OVERSEER-REFERENCE.md, 2026-09-02): a run that only PRINTS how much it did not measure still exits 0, and a green is trusted the moment it is in the run.


failures:
    bg_debug_region_matches_reference
    bg_region_matches_reference

test result: FAILED. 0 passed; 2 failed; 0 ignored; 0 measured; 0 filtered out; finished in 0.00s

error: test failed, to rerun pass `-p sigil-cli --test bg_port`
     Running tests/blank_import.rs (/home/volence/sonic_hacks/.scratch/width-suffix/target-base/release/deps/blank_import-9e61a59f6eaae1c5)

running 6 tests
test the_no_names_diagnostic_names_the_blank_spelling ... ok
test the_marker_is_never_a_module_path_segment ... ok
test the_no_names_lint_is_silent_on_blank_and_still_fires_on_bare ... ok
test blank_import_elaborates_the_module_it_reaches ... ok
test blank_import_is_byte_identical_to_the_bare_form ... ok
test blank_import_binds_no_names ... ok

test result: ok. 6 passed; 0 failed; 0 ignored; 0 measured; 0 filtered out; finished in 0.00s

     Running tests/boot_data_port.rs (/home/volence/sonic_hacks/.scratch/width-suffix/target-base/release/deps/boot_data_port-b9d46809ad75c135)

running 2 tests
test s4_boot_data_blob_present ... FAILED
test config_b_boot_data_hole_filled ... FAILED

failures:

---- s4_boot_data_blob_present stdout ----

thread 's4_boot_data_blob_present' (3903958) panicked at crates/sigil-harness/src/test_support.rs:1312:9:
NO REFERENCE TREE IS NAMED, so this run can measure nothing it could attribute, and STOPS. This run DECLINED to use /home/volence/sonic_hacks/aeon, which step 3 derived from this checkout's own location: it is a working checkout outside this repository, its revision changes under a run without notice, and a result measured against it would be attributable to whatever it happened to contain rather than to the code under test.

The resolver's own answer: reference-tree: /home/volence/sonic_hacks/aeon (SUITE_PATHS step 3, DERIVED from this checkout's own location, nobody named it)

Either name a provisioned tree, AEON_DIR=<aeon checkout> (scripts/provision-aeon-ref.sh), or EMPYREAN_SUITE_ROOT=<the directory holding the suite>, or declare a partial run with SIGIL_ALLOW_PARTIAL=1, in which case every reference-dependent row is left unmeasured and the run says how many. Ruled d-18 (docs/OVERSEER-REFERENCE.md, 2026-09-02): a run that only PRINTS how much it did not measure still exits 0, and a green is trusted the moment it is in the run.
note: run with `RUST_BACKTRACE=1` environment variable to display a backtrace

---- config_b_boot_data_hole_filled stdout ----

thread 'config_b_boot_data_hole_filled' (3903957) panicked at crates/sigil-harness/src/test_support.rs:1312:9:
NO REFERENCE TREE IS NAMED, so this run can measure nothing it could attribute, and STOPS. This run DECLINED to use /home/volence/sonic_hacks/aeon, which step 3 derived from this checkout's own location: it is a working checkout outside this repository, its revision changes under a run without notice, and a result measured against it would be attributable to whatever it happened to contain rather than to the code under test.

The resolver's own answer: reference-tree: /home/volence/sonic_hacks/aeon (SUITE_PATHS step 3, DERIVED from this checkout's own location, nobody named it)

Either name a provisioned tree, AEON_DIR=<aeon checkout> (scripts/provision-aeon-ref.sh), or EMPYREAN_SUITE_ROOT=<the directory holding the suite>, or declare a partial run with SIGIL_ALLOW_PARTIAL=1, in which case every reference-dependent row is left unmeasured and the run says how many. Ruled d-18 (docs/OVERSEER-REFERENCE.md, 2026-09-02): a run that only PRINTS how much it did not measure still exits 0, and a green is trusted the moment it is in the run.


failures:
    config_b_boot_data_hole_filled
    s4_boot_data_blob_present

test result: FAILED. 0 passed; 2 failed; 0 ignored; 0 measured; 0 filtered out; finished in 0.00s

error: test failed, to rerun pass `-p sigil-cli --test boot_data_port`
     Running tests/boot_port.rs (/home/volence/sonic_hacks/.scratch/width-suffix/target-base/release/deps/boot_port-b3b741e511cc5768)

running 2 tests
test boot_region_matches_reference ... FAILED
test boot_debug_region_matches_reference ... FAILED

failures:

---- boot_region_matches_reference stdout ----

thread 'boot_region_matches_reference' (3903962) panicked at crates/sigil-harness/src/test_support.rs:1312:9:
NO REFERENCE TREE IS NAMED, so this run can measure nothing it could attribute, and STOPS. This run DECLINED to use /home/volence/sonic_hacks/aeon, which step 3 derived from this checkout's own location: it is a working checkout outside this repository, its revision changes under a run without notice, and a result measured against it would be attributable to whatever it happened to contain rather than to the code under test.

The resolver's own answer: reference-tree: /home/volence/sonic_hacks/aeon (SUITE_PATHS step 3, DERIVED from this checkout's own location, nobody named it)

Either name a provisioned tree, AEON_DIR=<aeon checkout> (scripts/provision-aeon-ref.sh), or EMPYREAN_SUITE_ROOT=<the directory holding the suite>, or declare a partial run with SIGIL_ALLOW_PARTIAL=1, in which case every reference-dependent row is left unmeasured and the run says how many. Ruled d-18 (docs/OVERSEER-REFERENCE.md, 2026-09-02): a run that only PRINTS how much it did not measure still exits 0, and a green is trusted the moment it is in the run.

---- boot_debug_region_matches_reference stdout ----

thread 'boot_debug_region_matches_reference' (3903961) panicked at crates/sigil-harness/src/test_support.rs:1312:9:
NO REFERENCE TREE IS NAMED, so this run can measure nothing it could attribute, and STOPS. This run DECLINED to use /home/volence/sonic_hacks/aeon, which step 3 derived from this checkout's own location: it is a working checkout outside this repository, its revision changes under a run without notice, and a result measured against it would be attributable to whatever it happened to contain rather than to the code under test.

The resolver's own answer: reference-tree: /home/volence/sonic_hacks/aeon (SUITE_PATHS step 3, DERIVED from this checkout's own location, nobody named it)

Either name a provisioned tree, AEON_DIR=<aeon checkout> (scripts/provision-aeon-ref.sh), or EMPYREAN_SUITE_ROOT=<the directory holding the suite>, or declare a partial run with SIGIL_ALLOW_PARTIAL=1, in which case every reference-dependent row is left unmeasured and the run says how many. Ruled d-18 (docs/OVERSEER-REFERENCE.md, 2026-09-02): a run that only PRINTS how much it did not measure still exits 0, and a green is trusted the moment it is in the run.
note: run with `RUST_BACKTRACE=1` environment variable to display a backtrace


failures:
    boot_debug_region_matches_reference
    boot_region_matches_reference

test result: FAILED. 0 passed; 2 failed; 0 ignored; 0 measured; 0 filtered out; finished in 0.00s

error: test failed, to rerun pass `-p sigil-cli --test boot_port`
     Running tests/buffers_port.rs (/home/volence/sonic_hacks/.scratch/width-suffix/target-base/release/deps/buffers_port-982833e1b4ba025a)

running 2 tests
test buffers_debug_region_matches_reference ... FAILED
test buffers_region_matches_reference ... FAILED

failures:

---- buffers_debug_region_matches_reference stdout ----

thread 'buffers_debug_region_matches_reference' (3903965) panicked at crates/sigil-harness/src/test_support.rs:1312:9:
NO REFERENCE TREE IS NAMED, so this run can measure nothing it could attribute, and STOPS. This run DECLINED to use /home/volence/sonic_hacks/aeon, which step 3 derived from this checkout's own location: it is a working checkout outside this repository, its revision changes under a run without notice, and a result measured against it would be attributable to whatever it happened to contain rather than to the code under test.

The resolver's own answer: reference-tree: /home/volence/sonic_hacks/aeon (SUITE_PATHS step 3, DERIVED from this checkout's own location, nobody named it)

Either name a provisioned tree, AEON_DIR=<aeon checkout> (scripts/provision-aeon-ref.sh), or EMPYREAN_SUITE_ROOT=<the directory holding the suite>, or declare a partial run with SIGIL_ALLOW_PARTIAL=1, in which case every reference-dependent row is left unmeasured and the run says how many. Ruled d-18 (docs/OVERSEER-REFERENCE.md, 2026-09-02): a run that only PRINTS how much it did not measure still exits 0, and a green is trusted the moment it is in the run.
note: run with `RUST_BACKTRACE=1` environment variable to display a backtrace

---- buffers_region_matches_reference stdout ----

thread 'buffers_region_matches_reference' (3903966) panicked at crates/sigil-harness/src/test_support.rs:1312:9:
NO REFERENCE TREE IS NAMED, so this run can measure nothing it could attribute, and STOPS. This run DECLINED to use /home/volence/sonic_hacks/aeon, which step 3 derived from this checkout's own location: it is a working checkout outside this repository, its revision changes under a run without notice, and a result measured against it would be attributable to whatever it happened to contain rather than to the code under test.

The resolver's own answer: reference-tree: /home/volence/sonic_hacks/aeon (SUITE_PATHS step 3, DERIVED from this checkout's own location, nobody named it)

Either name a provisioned tree, AEON_DIR=<aeon checkout> (scripts/provision-aeon-ref.sh), or EMPYREAN_SUITE_ROOT=<the directory holding the suite>, or declare a partial run with SIGIL_ALLOW_PARTIAL=1, in which case every reference-dependent row is left unmeasured and the run says how many. Ruled d-18 (docs/OVERSEER-REFERENCE.md, 2026-09-02): a run that only PRINTS how much it did not measure still exits 0, and a green is trusted the moment it is in the run.


failures:
    buffers_debug_region_matches_reference
    buffers_region_matches_reference

test result: FAILED. 0 passed; 2 failed; 0 ignored; 0 measured; 0 filtered out; finished in 0.00s

error: test failed, to rerun pass `-p sigil-cli --test buffers_port`
     Running tests/build_check.rs (/home/volence/sonic_hacks/.scratch/width-suffix/target-base/release/deps/build_check-87954e6e4aaaa0cb)

running 4 tests
test every_aeon_fixture_this_file_names_still_resolves ... FAILED
test a_failing_guard_fails_the_check_with_its_rendered_line ... FAILED
test a_clean_check_decides_both_families_and_writes_nothing ... FAILED
test an_unreachable_guard_is_reported_not_decided ... FAILED

failures:

---- every_aeon_fixture_this_file_names_still_resolves stdout ----

thread 'every_aeon_fixture_this_file_names_still_resolves' (3903972) panicked at crates/sigil-harness/src/test_support.rs:1312:9:
NO REFERENCE TREE IS NAMED, so this run can measure nothing it could attribute, and STOPS. This run DECLINED to use /home/volence/sonic_hacks/aeon, which step 3 derived from this checkout's own location: it is a working checkout outside this repository, its revision changes under a run without notice, and a result measured against it would be attributable to whatever it happened to contain rather than to the code under test.

The resolver's own answer: reference-tree: /home/volence/sonic_hacks/aeon (SUITE_PATHS step 3, DERIVED from this checkout's own location, nobody named it)

Either name a provisioned tree, AEON_DIR=<aeon checkout> (scripts/provision-aeon-ref.sh), or EMPYREAN_SUITE_ROOT=<the directory holding the suite>, or declare a partial run with SIGIL_ALLOW_PARTIAL=1, in which case every reference-dependent row is left unmeasured and the run says how many. Ruled d-18 (docs/OVERSEER-REFERENCE.md, 2026-09-02): a run that only PRINTS how much it did not measure still exits 0, and a green is trusted the moment it is in the run.

---- a_failing_guard_fails_the_check_with_its_rendered_line stdout ----

thread 'a_failing_guard_fails_the_check_with_its_rendered_line' (3903970) panicked at crates/sigil-harness/src/test_support.rs:1312:9:
NO REFERENCE TREE IS NAMED, so this run can measure nothing it could attribute, and STOPS. This run DECLINED to use /home/volence/sonic_hacks/aeon, which step 3 derived from this checkout's own location: it is a working checkout outside this repository, its revision changes under a run without notice, and a result measured against it would be attributable to whatever it happened to contain rather than to the code under test.

The resolver's own answer: reference-tree: /home/volence/sonic_hacks/aeon (SUITE_PATHS step 3, DERIVED from this checkout's own location, nobody named it)

Either name a provisioned tree, AEON_DIR=<aeon checkout> (scripts/provision-aeon-ref.sh), or EMPYREAN_SUITE_ROOT=<the directory holding the suite>, or declare a partial run with SIGIL_ALLOW_PARTIAL=1, in which case every reference-dependent row is left unmeasured and the run says how many. Ruled d-18 (docs/OVERSEER-REFERENCE.md, 2026-09-02): a run that only PRINTS how much it did not measure still exits 0, and a green is trusted the moment it is in the run.

---- a_clean_check_decides_both_families_and_writes_nothing stdout ----

thread 'a_clean_check_decides_both_families_and_writes_nothing' (3903969) panicked at crates/sigil-harness/src/test_support.rs:1312:9:
NO REFERENCE TREE IS NAMED, so this run can measure nothing it could attribute, and STOPS. This run DECLINED to use /home/volence/sonic_hacks/aeon, which step 3 derived from this checkout's own location: it is a working checkout outside this repository, its revision changes under a run without notice, and a result measured against it would be attributable to whatever it happened to contain rather than to the code under test.

The resolver's own answer: reference-tree: /home/volence/sonic_hacks/aeon (SUITE_PATHS step 3, DERIVED from this checkout's own location, nobody named it)

Either name a provisioned tree, AEON_DIR=<aeon checkout> (scripts/provision-aeon-ref.sh), or EMPYREAN_SUITE_ROOT=<the directory holding the suite>, or declare a partial run with SIGIL_ALLOW_PARTIAL=1, in which case every reference-dependent row is left unmeasured and the run says how many. Ruled d-18 (docs/OVERSEER-REFERENCE.md, 2026-09-02): a run that only PRINTS how much it did not measure still exits 0, and a green is trusted the moment it is in the run.
note: run with `RUST_BACKTRACE=1` environment variable to display a backtrace

---- an_unreachable_guard_is_reported_not_decided stdout ----

thread 'an_unreachable_guard_is_reported_not_decided' (3903971) panicked at crates/sigil-harness/src/test_support.rs:1312:9:
NO REFERENCE TREE IS NAMED, so this run can measure nothing it could attribute, and STOPS. This run DECLINED to use /home/volence/sonic_hacks/aeon, which step 3 derived from this checkout's own location: it is a working checkout outside this repository, its revision changes under a run without notice, and a result measured against it would be attributable to whatever it happened to contain rather than to the code under test.

The resolver's own answer: reference-tree: /home/volence/sonic_hacks/aeon (SUITE_PATHS step 3, DERIVED from this checkout's own location, nobody named it)

Either name a provisioned tree, AEON_DIR=<aeon checkout> (scripts/provision-aeon-ref.sh), or EMPYREAN_SUITE_ROOT=<the directory holding the suite>, or declare a partial run with SIGIL_ALLOW_PARTIAL=1, in which case every reference-dependent row is left unmeasured and the run says how many. Ruled d-18 (docs/OVERSEER-REFERENCE.md, 2026-09-02): a run that only PRINTS how much it did not measure still exits 0, and a green is trusted the moment it is in the run.


failures:
    a_clean_check_decides_both_families_and_writes_nothing
    a_failing_guard_fails_the_check_with_its_rendered_line
    an_unreachable_guard_is_reported_not_decided
    every_aeon_fixture_this_file_names_still_resolves

test result: FAILED. 0 passed; 4 failed; 0 ignored; 0 measured; 0 filtered out; finished in 0.00s

error: test failed, to rerun pass `-p sigil-cli --test build_check`
     Running tests/camera_port.rs (/home/volence/sonic_hacks/.scratch/width-suffix/target-base/release/deps/camera_port-7eb2ae214384e28c)

running 4 tests
test camera_debug_region_matches_reference ... FAILED
test doctored_pstate_jump_fires_its_guard ... FAILED
test jump_lock_off_compiles_without_game_symbols ... FAILED
test camera_region_matches_reference ... FAILED

failures:

---- camera_debug_region_matches_reference stdout ----

thread 'camera_debug_region_matches_reference' (3903975) panicked at crates/sigil-harness/src/test_support.rs:1312:9:
NO REFERENCE TREE IS NAMED, so this run can measure nothing it could attribute, and STOPS. This run DECLINED to use /home/volence/sonic_hacks/aeon, which step 3 derived from this checkout's own location: it is a working checkout outside this repository, its revision changes under a run without notice, and a result measured against it would be attributable to whatever it happened to contain rather than to the code under test.

The resolver's own answer: reference-tree: /home/volence/sonic_hacks/aeon (SUITE_PATHS step 3, DERIVED from this checkout's own location, nobody named it)

Either name a provisioned tree, AEON_DIR=<aeon checkout> (scripts/provision-aeon-ref.sh), or EMPYREAN_SUITE_ROOT=<the directory holding the suite>, or declare a partial run with SIGIL_ALLOW_PARTIAL=1, in which case every reference-dependent row is left unmeasured and the run says how many. Ruled d-18 (docs/OVERSEER-REFERENCE.md, 2026-09-02): a run that only PRINTS how much it did not measure still exits 0, and a green is trusted the moment it is in the run.
note: run with `RUST_BACKTRACE=1` environment variable to display a backtrace

---- doctored_pstate_jump_fires_its_guard stdout ----

thread 'doctored_pstate_jump_fires_its_guard' (3903977) panicked at crates/sigil-harness/src/test_support.rs:1312:9:
NO REFERENCE TREE IS NAMED, so this run can measure nothing it could attribute, and STOPS. This run DECLINED to use /home/volence/sonic_hacks/aeon, which step 3 derived from this checkout's own location: it is a working checkout outside this repository, its revision changes under a run without notice, and a result measured against it would be attributable to whatever it happened to contain rather than to the code under test.

The resolver's own answer: reference-tree: /home/volence/sonic_hacks/aeon (SUITE_PATHS step 3, DERIVED from this checkout's own location, nobody named it)

Either name a provisioned tree, AEON_DIR=<aeon checkout> (scripts/provision-aeon-ref.sh), or EMPYREAN_SUITE_ROOT=<the directory holding the suite>, or declare a partial run with SIGIL_ALLOW_PARTIAL=1, in which case every reference-dependent row is left unmeasured and the run says how many. Ruled d-18 (docs/OVERSEER-REFERENCE.md, 2026-09-02): a run that only PRINTS how much it did not measure still exits 0, and a green is trusted the moment it is in the run.

---- jump_lock_off_compiles_without_game_symbols stdout ----

thread 'jump_lock_off_compiles_without_game_symbols' (3903978) panicked at crates/sigil-harness/src/test_support.rs:1312:9:
NO REFERENCE TREE IS NAMED, so this run can measure nothing it could attribute, and STOPS. This run DECLINED to use /home/volence/sonic_hacks/aeon, which step 3 derived from this checkout's own location: it is a working checkout outside this repository, its revision changes under a run without notice, and a result measured against it would be attributable to whatever it happened to contain rather than to the code under test.

The resolver's own answer: reference-tree: /home/volence/sonic_hacks/aeon (SUITE_PATHS step 3, DERIVED from this checkout's own location, nobody named it)

Either name a provisioned tree, AEON_DIR=<aeon checkout> (scripts/provision-aeon-ref.sh), or EMPYREAN_SUITE_ROOT=<the directory holding the suite>, or declare a partial run with SIGIL_ALLOW_PARTIAL=1, in which case every reference-dependent row is left unmeasured and the run says how many. Ruled d-18 (docs/OVERSEER-REFERENCE.md, 2026-09-02): a run that only PRINTS how much it did not measure still exits 0, and a green is trusted the moment it is in the run.

---- camera_region_matches_reference stdout ----

thread 'camera_region_matches_reference' (3903976) panicked at crates/sigil-harness/src/test_support.rs:1312:9:
NO REFERENCE TREE IS NAMED, so this run can measure nothing it could attribute, and STOPS. This run DECLINED to use /home/volence/sonic_hacks/aeon, which step 3 derived from this checkout's own location: it is a working checkout outside this repository, its revision changes under a run without notice, and a result measured against it would be attributable to whatever it happened to contain rather than to the code under test.

The resolver's own answer: reference-tree: /home/volence/sonic_hacks/aeon (SUITE_PATHS step 3, DERIVED from this checkout's own location, nobody named it)

Either name a provisioned tree, AEON_DIR=<aeon checkout> (scripts/provision-aeon-ref.sh), or EMPYREAN_SUITE_ROOT=<the directory holding the suite>, or declare a partial run with SIGIL_ALLOW_PARTIAL=1, in which case every reference-dependent row is left unmeasured and the run says how many. Ruled d-18 (docs/OVERSEER-REFERENCE.md, 2026-09-02): a run that only PRINTS how much it did not measure still exits 0, and a green is trusted the moment it is in the run.


failures:
    camera_debug_region_matches_reference
    camera_region_matches_reference
    doctored_pstate_jump_fires_its_guard
    jump_lock_off_compiles_without_game_symbols

test result: FAILED. 0 passed; 4 failed; 0 ignored; 0 measured; 0 filtered out; finished in 0.00s

error: test failed, to rerun pass `-p sigil-cli --test camera_port`
     Running tests/children_port.rs (/home/volence/sonic_hacks/.scratch/width-suffix/target-base/release/deps/children_port-289ddcd872cd0d97)

running 3 tests
test children_region_pins_share_both_anchors ... ok
test children_debug_region_matches_reference ... FAILED
test children_region_matches_reference ... FAILED

failures:

---- children_debug_region_matches_reference stdout ----

thread 'children_debug_region_matches_reference' (3903981) panicked at crates/sigil-harness/src/test_support.rs:1312:9:
NO REFERENCE TREE IS NAMED, so this run can measure nothing it could attribute, and STOPS. This run DECLINED to use /home/volence/sonic_hacks/aeon, which step 3 derived from this checkout's own location: it is a working checkout outside this repository, its revision changes under a run without notice, and a result measured against it would be attributable to whatever it happened to contain rather than to the code under test.

The resolver's own answer: reference-tree: /home/volence/sonic_hacks/aeon (SUITE_PATHS step 3, DERIVED from this checkout's own location, nobody named it)

Either name a provisioned tree, AEON_DIR=<aeon checkout> (scripts/provision-aeon-ref.sh), or EMPYREAN_SUITE_ROOT=<the directory holding the suite>, or declare a partial run with SIGIL_ALLOW_PARTIAL=1, in which case every reference-dependent row is left unmeasured and the run says how many. Ruled d-18 (docs/OVERSEER-REFERENCE.md, 2026-09-02): a run that only PRINTS how much it did not measure still exits 0, and a green is trusted the moment it is in the run.
note: run with `RUST_BACKTRACE=1` environment variable to display a backtrace

---- children_region_matches_reference stdout ----

thread 'children_region_matches_reference' (3903982) panicked at crates/sigil-harness/src/test_support.rs:1312:9:
NO REFERENCE TREE IS NAMED, so this run can measure nothing it could attribute, and STOPS. This run DECLINED to use /home/volence/sonic_hacks/aeon, which step 3 derived from this checkout's own location: it is a working checkout outside this repository, its revision changes under a run without notice, and a result measured against it would be attributable to whatever it happened to contain rather than to the code under test.

The resolver's own answer: reference-tree: /home/volence/sonic_hacks/aeon (SUITE_PATHS step 3, DERIVED from this checkout's own location, nobody named it)

Either name a provisioned tree, AEON_DIR=<aeon checkout> (scripts/provision-aeon-ref.sh), or EMPYREAN_SUITE_ROOT=<the directory holding the suite>, or declare a partial run with SIGIL_ALLOW_PARTIAL=1, in which case every reference-dependent row is left unmeasured and the run says how many. Ruled d-18 (docs/OVERSEER-REFERENCE.md, 2026-09-02): a run that only PRINTS how much it did not measure still exits 0, and a green is trusted the moment it is in the run.


failures:
    children_debug_region_matches_reference
    children_region_matches_reference

test result: FAILED. 1 passed; 2 failed; 0 ignored; 0 measured; 0 filtered out; finished in 0.00s

error: test failed, to rerun pass `-p sigil-cli --test children_port`
     Running tests/cli_diagnostic_location.rs (/home/volence/sonic_hacks/.scratch/width-suffix/target-base/release/deps/cli_diagnostic_location-2728aa8f0cf4d769)

running 6 tests
test a_diagnostic_names_its_own_file_and_line_across_an_include ... ok
test a_link_time_error_inside_a_macro_names_the_call ... ok
test the_single_file_route_still_accepts_a_forward_reference ... ok
test an_error_in_a_macro_body_names_the_call_then_the_macro_line ... ok
test every_diagnostic_line_carries_a_file_and_line ... ok
test an_unresolved_assignment_is_refused_whether_or_not_it_is_read ... ok

test result: ok. 6 passed; 0 failed; 0 ignored; 0 measured; 0 filtered out; finished in 0.00s

     Running tests/cli_help.rs (/home/volence/sonic_hacks/.scratch/width-suffix/target-base/release/deps/cli_help-5f1ffac3469c5741)

running 8 tests
test a_bare_invocation_is_a_usage_error_that_points_at_help ... ok
test version_still_reports_the_revision ... ok
test asking_for_help_lists_every_entry_point_and_exits_zero ... ok
test an_argument_that_looks_like_a_path_is_still_a_path ... ok
test getting_it_wrong_is_still_an_error ... ok
test every_command_answers_its_own_help ... ok
test an_option_typed_as_a_command_names_the_command_that_takes_it ... ok
test a_word_that_is_not_a_command_is_not_taken_as_a_filename ... ok

test result: ok. 8 passed; 0 failed; 0 ignored; 0 measured; 0 filtered out; finished in 0.03s

     Running tests/cli_include_resolution.rs (/home/volence/sonic_hacks/.scratch/width-suffix/target-base/release/deps/cli_include_resolution-2b00b9475760ae23)

running 1 test
test include_resolves_against_the_source_file_not_the_current_directory ... ok

test result: ok. 1 passed; 0 failed; 0 ignored; 0 measured; 0 filtered out; finished in 0.00s

     Running tests/collision_data_port.rs (/home/volence/sonic_hacks/.scratch/width-suffix/target-base/release/deps/collision_data_port-7d98a33395e63b9f)

running 2 tests
test collision_data_debug_matches_reference ... FAILED
test collision_data_matches_reference ... FAILED

failures:

---- collision_data_debug_matches_reference stdout ----

thread 'collision_data_debug_matches_reference' (3904117) panicked at crates/sigil-harness/src/test_support.rs:1312:9:
NO REFERENCE TREE IS NAMED, so this run can measure nothing it could attribute, and STOPS. This run DECLINED to use /home/volence/sonic_hacks/aeon, which step 3 derived from this checkout's own location: it is a working checkout outside this repository, its revision changes under a run without notice, and a result measured against it would be attributable to whatever it happened to contain rather than to the code under test.

The resolver's own answer: reference-tree: /home/volence/sonic_hacks/aeon (SUITE_PATHS step 3, DERIVED from this checkout's own location, nobody named it)

Either name a provisioned tree, AEON_DIR=<aeon checkout> (scripts/provision-aeon-ref.sh), or EMPYREAN_SUITE_ROOT=<the directory holding the suite>, or declare a partial run with SIGIL_ALLOW_PARTIAL=1, in which case every reference-dependent row is left unmeasured and the run says how many. Ruled d-18 (docs/OVERSEER-REFERENCE.md, 2026-09-02): a run that only PRINTS how much it did not measure still exits 0, and a green is trusted the moment it is in the run.
note: run with `RUST_BACKTRACE=1` environment variable to display a backtrace

---- collision_data_matches_reference stdout ----

thread 'collision_data_matches_reference' (3904118) panicked at crates/sigil-harness/src/test_support.rs:1312:9:
NO REFERENCE TREE IS NAMED, so this run can measure nothing it could attribute, and STOPS. This run DECLINED to use /home/volence/sonic_hacks/aeon, which step 3 derived from this checkout's own location: it is a working checkout outside this repository, its revision changes under a run without notice, and a result measured against it would be attributable to whatever it happened to contain rather than to the code under test.

The resolver's own answer: reference-tree: /home/volence/sonic_hacks/aeon (SUITE_PATHS step 3, DERIVED from this checkout's own location, nobody named it)

Either name a provisioned tree, AEON_DIR=<aeon checkout> (scripts/provision-aeon-ref.sh), or EMPYREAN_SUITE_ROOT=<the directory holding the suite>, or declare a partial run with SIGIL_ALLOW_PARTIAL=1, in which case every reference-dependent row is left unmeasured and the run says how many. Ruled d-18 (docs/OVERSEER-REFERENCE.md, 2026-09-02): a run that only PRINTS how much it did not measure still exits 0, and a green is trusted the moment it is in the run.


failures:
    collision_data_debug_matches_reference
    collision_data_matches_reference

test result: FAILED. 0 passed; 2 failed; 0 ignored; 0 measured; 0 filtered out; finished in 0.00s

error: test failed, to rerun pass `-p sigil-cli --test collision_data_port`
     Running tests/collision_lookup_port.rs (/home/volence/sonic_hacks/.scratch/width-suffix/target-base/release/deps/collision_lookup_port-dc1e9f8deb69ab3b)

running 2 tests
test collision_lookup_debug_region_matches_reference ... FAILED
test collision_lookup_region_matches_reference ... FAILED

failures:

---- collision_lookup_debug_region_matches_reference stdout ----

thread 'collision_lookup_debug_region_matches_reference' (3904121) panicked at crates/sigil-harness/src/test_support.rs:1312:9:
NO REFERENCE TREE IS NAMED, so this run can measure nothing it could attribute, and STOPS. This run DECLINED to use /home/volence/sonic_hacks/aeon, which step 3 derived from this checkout's own location: it is a working checkout outside this repository, its revision changes under a run without notice, and a result measured against it would be attributable to whatever it happened to contain rather than to the code under test.

The resolver's own answer: reference-tree: /home/volence/sonic_hacks/aeon (SUITE_PATHS step 3, DERIVED from this checkout's own location, nobody named it)

Either name a provisioned tree, AEON_DIR=<aeon checkout> (scripts/provision-aeon-ref.sh), or EMPYREAN_SUITE_ROOT=<the directory holding the suite>, or declare a partial run with SIGIL_ALLOW_PARTIAL=1, in which case every reference-dependent row is left unmeasured and the run says how many. Ruled d-18 (docs/OVERSEER-REFERENCE.md, 2026-09-02): a run that only PRINTS how much it did not measure still exits 0, and a green is trusted the moment it is in the run.
note: run with `RUST_BACKTRACE=1` environment variable to display a backtrace

---- collision_lookup_region_matches_reference stdout ----

thread 'collision_lookup_region_matches_reference' (3904122) panicked at crates/sigil-harness/src/test_support.rs:1312:9:
NO REFERENCE TREE IS NAMED, so this run can measure nothing it could attribute, and STOPS. This run DECLINED to use /home/volence/sonic_hacks/aeon, which step 3 derived from this checkout's own location: it is a working checkout outside this repository, its revision changes under a run without notice, and a result measured against it would be attributable to whatever it happened to contain rather than to the code under test.

The resolver's own answer: reference-tree: /home/volence/sonic_hacks/aeon (SUITE_PATHS step 3, DERIVED from this checkout's own location, nobody named it)

Either name a provisioned tree, AEON_DIR=<aeon checkout> (scripts/provision-aeon-ref.sh), or EMPYREAN_SUITE_ROOT=<the directory holding the suite>, or declare a partial run with SIGIL_ALLOW_PARTIAL=1, in which case every reference-dependent row is left unmeasured and the run says how many. Ruled d-18 (docs/OVERSEER-REFERENCE.md, 2026-09-02): a run that only PRINTS how much it did not measure still exits 0, and a green is trusted the moment it is in the run.


failures:
    collision_lookup_debug_region_matches_reference
    collision_lookup_region_matches_reference

test result: FAILED. 0 passed; 2 failed; 0 ignored; 0 measured; 0 filtered out; finished in 0.00s

error: test failed, to rerun pass `-p sigil-cli --test collision_lookup_port`
     Running tests/collision_port.rs (/home/volence/sonic_hacks/.scratch/width-suffix/target-base/release/deps/collision_port-bec88daadad06df7)

running 2 tests
test collision_debug_region_matches_reference ... FAILED
test collision_region_matches_reference ... FAILED

failures:

---- collision_debug_region_matches_reference stdout ----

thread 'collision_debug_region_matches_reference' (3904125) panicked at crates/sigil-harness/src/test_support.rs:1312:9:
NO REFERENCE TREE IS NAMED, so this run can measure nothing it could attribute, and STOPS. This run DECLINED to use /home/volence/sonic_hacks/aeon, which step 3 derived from this checkout's own location: it is a working checkout outside this repository, its revision changes under a run without notice, and a result measured against it would be attributable to whatever it happened to contain rather than to the code under test.

The resolver's own answer: reference-tree: /home/volence/sonic_hacks/aeon (SUITE_PATHS step 3, DERIVED from this checkout's own location, nobody named it)

Either name a provisioned tree, AEON_DIR=<aeon checkout> (scripts/provision-aeon-ref.sh), or EMPYREAN_SUITE_ROOT=<the directory holding the suite>, or declare a partial run with SIGIL_ALLOW_PARTIAL=1, in which case every reference-dependent row is left unmeasured and the run says how many. Ruled d-18 (docs/OVERSEER-REFERENCE.md, 2026-09-02): a run that only PRINTS how much it did not measure still exits 0, and a green is trusted the moment it is in the run.
note: run with `RUST_BACKTRACE=1` environment variable to display a backtrace

---- collision_region_matches_reference stdout ----

thread 'collision_region_matches_reference' (3904126) panicked at crates/sigil-harness/src/test_support.rs:1312:9:
NO REFERENCE TREE IS NAMED, so this run can measure nothing it could attribute, and STOPS. This run DECLINED to use /home/volence/sonic_hacks/aeon, which step 3 derived from this checkout's own location: it is a working checkout outside this repository, its revision changes under a run without notice, and a result measured against it would be attributable to whatever it happened to contain rather than to the code under test.

The resolver's own answer: reference-tree: /home/volence/sonic_hacks/aeon (SUITE_PATHS step 3, DERIVED from this checkout's own location, nobody named it)

Either name a provisioned tree, AEON_DIR=<aeon checkout> (scripts/provision-aeon-ref.sh), or EMPYREAN_SUITE_ROOT=<the directory holding the suite>, or declare a partial run with SIGIL_ALLOW_PARTIAL=1, in which case every reference-dependent row is left unmeasured and the run says how many. Ruled d-18 (docs/OVERSEER-REFERENCE.md, 2026-09-02): a run that only PRINTS how much it did not measure still exits 0, and a green is trusted the moment it is in the run.


failures:
    collision_debug_region_matches_reference
    collision_region_matches_reference

test result: FAILED. 0 passed; 2 failed; 0 ignored; 0 measured; 0 filtered out; finished in 0.00s

error: test failed, to rerun pass `-p sigil-cli --test collision_port`
     Running tests/compression_selftest_port.rs (/home/volence/sonic_hacks/.scratch/width-suffix/target-base/release/deps/compression_selftest_port-ba3a73e63b152fdc)

running 4 tests
test compression_selftest_plain_region_is_empty ... ok
test retired_fit_lock_stays_silent_and_operands_width_select_past_abs_w ... FAILED
test doctored_cself_sum_diverges_from_reference ... FAILED
test compression_selftest_debug_region_matches_reference ... FAILED

failures:

---- retired_fit_lock_stays_silent_and_operands_width_select_past_abs_w stdout ----

thread 'retired_fit_lock_stays_silent_and_operands_width_select_past_abs_w' (3904132) panicked at crates/sigil-harness/src/test_support.rs:1312:9:
NO REFERENCE TREE IS NAMED, so this run can measure nothing it could attribute, and STOPS. This run DECLINED to use /home/volence/sonic_hacks/aeon, which step 3 derived from this checkout's own location: it is a working checkout outside this repository, its revision changes under a run without notice, and a result measured against it would be attributable to whatever it happened to contain rather than to the code under test.

The resolver's own answer: reference-tree: /home/volence/sonic_hacks/aeon (SUITE_PATHS step 3, DERIVED from this checkout's own location, nobody named it)

Either name a provisioned tree, AEON_DIR=<aeon checkout> (scripts/provision-aeon-ref.sh), or EMPYREAN_SUITE_ROOT=<the directory holding the suite>, or declare a partial run with SIGIL_ALLOW_PARTIAL=1, in which case every reference-dependent row is left unmeasured and the run says how many. Ruled d-18 (docs/OVERSEER-REFERENCE.md, 2026-09-02): a run that only PRINTS how much it did not measure still exits 0, and a green is trusted the moment it is in the run.

---- doctored_cself_sum_diverges_from_reference stdout ----

thread 'doctored_cself_sum_diverges_from_reference' (3904131) panicked at crates/sigil-harness/src/test_support.rs:1312:9:
NO REFERENCE TREE IS NAMED, so this run can measure nothing it could attribute, and STOPS. This run DECLINED to use /home/volence/sonic_hacks/aeon, which step 3 derived from this checkout's own location: it is a working checkout outside this repository, its revision changes under a run without notice, and a result measured against it would be attributable to whatever it happened to contain rather than to the code under test.

The resolver's own answer: reference-tree: /home/volence/sonic_hacks/aeon (SUITE_PATHS step 3, DERIVED from this checkout's own location, nobody named it)

Either name a provisioned tree, AEON_DIR=<aeon checkout> (scripts/provision-aeon-ref.sh), or EMPYREAN_SUITE_ROOT=<the directory holding the suite>, or declare a partial run with SIGIL_ALLOW_PARTIAL=1, in which case every reference-dependent row is left unmeasured and the run says how many. Ruled d-18 (docs/OVERSEER-REFERENCE.md, 2026-09-02): a run that only PRINTS how much it did not measure still exits 0, and a green is trusted the moment it is in the run.
note: run with `RUST_BACKTRACE=1` environment variable to display a backtrace

---- compression_selftest_debug_region_matches_reference stdout ----

thread 'compression_selftest_debug_region_matches_reference' (3904129) panicked at crates/sigil-harness/src/test_support.rs:1312:9:
NO REFERENCE TREE IS NAMED, so this run can measure nothing it could attribute, and STOPS. This run DECLINED to use /home/volence/sonic_hacks/aeon, which step 3 derived from this checkout's own location: it is a working checkout outside this repository, its revision changes under a run without notice, and a result measured against it would be attributable to whatever it happened to contain rather than to the code under test.

The resolver's own answer: reference-tree: /home/volence/sonic_hacks/aeon (SUITE_PATHS step 3, DERIVED from this checkout's own location, nobody named it)

Either name a provisioned tree, AEON_DIR=<aeon checkout> (scripts/provision-aeon-ref.sh), or EMPYREAN_SUITE_ROOT=<the directory holding the suite>, or declare a partial run with SIGIL_ALLOW_PARTIAL=1, in which case every reference-dependent row is left unmeasured and the run says how many. Ruled d-18 (docs/OVERSEER-REFERENCE.md, 2026-09-02): a run that only PRINTS how much it did not measure still exits 0, and a green is trusted the moment it is in the run.


failures:
    compression_selftest_debug_region_matches_reference
    doctored_cself_sum_diverges_from_reference
    retired_fit_lock_stays_silent_and_operands_width_select_past_abs_w

test result: FAILED. 1 passed; 3 failed; 0 ignored; 0 measured; 0 filtered out; finished in 0.00s

error: test failed, to rerun pass `-p sigil-cli --test compression_selftest_port`
     Running tests/const_arity_cli.rs (/home/volence/sonic_hacks/.scratch/width-suffix/target-base/release/deps/const_arity_cli-d1e90df3f49d6940)

running 2 tests
test cli_refuses_wrong_const_array_arity ... ok
test cli_accepts_correct_const_array_arity ... ok

test result: ok. 2 passed; 0 failed; 0 ignored; 0 measured; 0 filtered out; finished in 0.00s

     Running tests/contract_closure_corpus.rs (/home/volence/sonic_hacks/.scratch/width-suffix/target-base/release/deps/contract_closure_corpus-415f87ed84cdcfab)

running 31 tests
test a_hand_written_abs_call_is_a_hole_the_authored_rail_is_not ... ok
test a_synthetic_invoke_charges_the_bound_hooks_clobbers ... ok
test a_profile_that_loses_a_toggle_is_named_by_the_surface_in_every_shape ... FAILED
test a_lost_hotkeys_define_fails_the_interface_bind_in_the_sonic4_shapes ... FAILED
test a_misspelled_toggle_in_a_condition_is_named_at_zero_drops_in_every_shape ... FAILED
test corpus_context_requirements_are_satisfied_the_error_gate ... FAILED
test a_declared_fall_through_is_a_closure_edge_on_every_shape ... FAILED
test a_lost_crash_report_define_is_named_in_exactly_the_plain_shapes ... FAILED
test an_interface_gated_arm_is_walked_under_each_shapes_own_game ... FAILED
test contract_baselines_hold_for_every_shipped_shape ... FAILED
test an_env_free_walk_names_the_interface_member_it_cannot_resolve ... FAILED
test an_undeclared_clobber_in_ungated_code_fires_in_every_shape ... FAILED
test corpus_context_brackets_prove_the_error_gate ... FAILED
test a_lost_mirror_define_is_named_in_exactly_the_debug_sound_on_shapes ... FAILED
test a_clobber_undeclared_inside_a_comptime_gate_fires_in_exactly_the_debug_shapes ... FAILED
test corpus_conditional_callee_out_is_credited_edge_sensitively ... FAILED
test corpus_closure_residue_is_empty_the_error_gate ... FAILED
test corpus_comptime_conditions_all_resolve_the_error_gate ... FAILED
test corpus_discard_names_all_match_a_declared_flag_result ... FAILED
test corpus_flag_results_declared_vs_verified_credit_agree ... FAILED
test corpus_has_zero_dropped_instructions ... FAILED
test corpus_out_residue_is_the_verified_complement ... FAILED
test corpus_word_facet_preserves_all_verify_the_error_gate ... FAILED
test corpus_inout_facet_verifies_the_sprite_cursors ... FAILED
test corpus_flag_results_are_all_consumed ... FAILED
test the_assert_rails_are_excluded_by_authorship_the_revert_probe ... FAILED
test the_contracts_report_is_wired_and_carries_the_targets_defines ... FAILED
test corpus_input_undefined_is_empty_the_error_gate ... FAILED
test corpus_z80_out_residue_is_the_verified_complement ... FAILED
test the_indirect_cost_report_is_wired_and_internally_consistent ... FAILED
test the_corpus_invoke_edges_are_collected ... FAILED

failures:

---- a_profile_that_loses_a_toggle_is_named_by_the_surface_in_every_shape stdout ----

thread 'a_profile_that_loses_a_toggle_is_named_by_the_surface_in_every_shape' (3904152) panicked at crates/sigil-harness/src/test_support.rs:1312:9:
NO REFERENCE TREE IS NAMED, so this run can measure nothing it could attribute, and STOPS. This run DECLINED to use /home/volence/sonic_hacks/aeon, which step 3 derived from this checkout's own location: it is a working checkout outside this repository, its revision changes under a run without notice, and a result measured against it would be attributable to whatever it happened to contain rather than to the code under test.

The resolver's own answer: reference-tree: /home/volence/sonic_hacks/aeon (SUITE_PATHS step 3, DERIVED from this checkout's own location, nobody named it)

Either name a provisioned tree, AEON_DIR=<aeon checkout> (scripts/provision-aeon-ref.sh), or EMPYREAN_SUITE_ROOT=<the directory holding the suite>, or declare a partial run with SIGIL_ALLOW_PARTIAL=1, in which case every reference-dependent row is left unmeasured and the run says how many. Ruled d-18 (docs/OVERSEER-REFERENCE.md, 2026-09-02): a run that only PRINTS how much it did not measure still exits 0, and a green is trusted the moment it is in the run.
note: run with `RUST_BACKTRACE=1` environment variable to display a backtrace

---- a_lost_hotkeys_define_fails_the_interface_bind_in_the_sonic4_shapes stdout ----

thread 'a_lost_hotkeys_define_fails_the_interface_bind_in_the_sonic4_shapes' (3904148) panicked at crates/sigil-harness/src/test_support.rs:1312:9:
NO REFERENCE TREE IS NAMED, so this run can measure nothing it could attribute, and STOPS. This run DECLINED to use /home/volence/sonic_hacks/aeon, which step 3 derived from this checkout's own location: it is a working checkout outside this repository, its revision changes under a run without notice, and a result measured against it would be attributable to whatever it happened to contain rather than to the code under test.

The resolver's own answer: reference-tree: /home/volence/sonic_hacks/aeon (SUITE_PATHS step 3, DERIVED from this checkout's own location, nobody named it)

Either name a provisioned tree, AEON_DIR=<aeon checkout> (scripts/provision-aeon-ref.sh), or EMPYREAN_SUITE_ROOT=<the directory holding the suite>, or declare a partial run with SIGIL_ALLOW_PARTIAL=1, in which case every reference-dependent row is left unmeasured and the run says how many. Ruled d-18 (docs/OVERSEER-REFERENCE.md, 2026-09-02): a run that only PRINTS how much it did not measure still exits 0, and a green is trusted the moment it is in the run.

---- a_misspelled_toggle_in_a_condition_is_named_at_zero_drops_in_every_shape stdout ----

thread 'a_misspelled_toggle_in_a_condition_is_named_at_zero_drops_in_every_shape' (3904151) panicked at crates/sigil-harness/src/test_support.rs:1312:9:
NO REFERENCE TREE IS NAMED, so this run can measure nothing it could attribute, and STOPS. This run DECLINED to use /home/volence/sonic_hacks/aeon, which step 3 derived from this checkout's own location: it is a working checkout outside this repository, its revision changes under a run without notice, and a result measured against it would be attributable to whatever it happened to contain rather than to the code under test.

The resolver's own answer: reference-tree: /home/volence/sonic_hacks/aeon (SUITE_PATHS step 3, DERIVED from this checkout's own location, nobody named it)

Either name a provisioned tree, AEON_DIR=<aeon checkout> (scripts/provision-aeon-ref.sh), or EMPYREAN_SUITE_ROOT=<the directory holding the suite>, or declare a partial run with SIGIL_ALLOW_PARTIAL=1, in which case every reference-dependent row is left unmeasured and the run says how many. Ruled d-18 (docs/OVERSEER-REFERENCE.md, 2026-09-02): a run that only PRINTS how much it did not measure still exits 0, and a green is trusted the moment it is in the run.

---- corpus_context_requirements_are_satisfied_the_error_gate stdout ----

thread 'corpus_context_requirements_are_satisfied_the_error_gate' (3904168) panicked at crates/sigil-harness/src/test_support.rs:1312:9:
NO REFERENCE TREE IS NAMED, so this run can measure nothing it could attribute, and STOPS. This run DECLINED to use /home/volence/sonic_hacks/aeon, which step 3 derived from this checkout's own location: it is a working checkout outside this repository, its revision changes under a run without notice, and a result measured against it would be attributable to whatever it happened to contain rather than to the code under test.

The resolver's own answer: reference-tree: /home/volence/sonic_hacks/aeon (SUITE_PATHS step 3, DERIVED from this checkout's own location, nobody named it)

Either name a provisioned tree, AEON_DIR=<aeon checkout> (scripts/provision-aeon-ref.sh), or EMPYREAN_SUITE_ROOT=<the directory holding the suite>, or declare a partial run with SIGIL_ALLOW_PARTIAL=1, in which case every reference-dependent row is left unmeasured and the run says how many. Ruled d-18 (docs/OVERSEER-REFERENCE.md, 2026-09-02): a run that only PRINTS how much it did not measure still exits 0, and a green is trusted the moment it is in the run.

---- a_declared_fall_through_is_a_closure_edge_on_every_shape stdout ----

thread 'a_declared_fall_through_is_a_closure_edge_on_every_shape' (3904145) panicked at crates/sigil-harness/src/test_support.rs:1312:9:
NO REFERENCE TREE IS NAMED, so this run can measure nothing it could attribute, and STOPS. This run DECLINED to use /home/volence/sonic_hacks/aeon, which step 3 derived from this checkout's own location: it is a working checkout outside this repository, its revision changes under a run without notice, and a result measured against it would be attributable to whatever it happened to contain rather than to the code under test.

The resolver's own answer: reference-tree: /home/volence/sonic_hacks/aeon (SUITE_PATHS step 3, DERIVED from this checkout's own location, nobody named it)

Either name a provisioned tree, AEON_DIR=<aeon checkout> (scripts/provision-aeon-ref.sh), or EMPYREAN_SUITE_ROOT=<the directory holding the suite>, or declare a partial run with SIGIL_ALLOW_PARTIAL=1, in which case every reference-dependent row is left unmeasured and the run says how many. Ruled d-18 (docs/OVERSEER-REFERENCE.md, 2026-09-02): a run that only PRINTS how much it did not measure still exits 0, and a green is trusted the moment it is in the run.

---- a_lost_crash_report_define_is_named_in_exactly_the_plain_shapes stdout ----

thread 'a_lost_crash_report_define_is_named_in_exactly_the_plain_shapes' (3904147) panicked at crates/sigil-harness/src/test_support.rs:1312:9:
NO REFERENCE TREE IS NAMED, so this run can measure nothing it could attribute, and STOPS. This run DECLINED to use /home/volence/sonic_hacks/aeon, which step 3 derived from this checkout's own location: it is a working checkout outside this repository, its revision changes under a run without notice, and a result measured against it would be attributable to whatever it happened to contain rather than to the code under test.

The resolver's own answer: reference-tree: /home/volence/sonic_hacks/aeon (SUITE_PATHS step 3, DERIVED from this checkout's own location, nobody named it)

Either name a provisioned tree, AEON_DIR=<aeon checkout> (scripts/provision-aeon-ref.sh), or EMPYREAN_SUITE_ROOT=<the directory holding the suite>, or declare a partial run with SIGIL_ALLOW_PARTIAL=1, in which case every reference-dependent row is left unmeasured and the run says how many. Ruled d-18 (docs/OVERSEER-REFERENCE.md, 2026-09-02): a run that only PRINTS how much it did not measure still exits 0, and a green is trusted the moment it is in the run.

---- an_interface_gated_arm_is_walked_under_each_shapes_own_game stdout ----

thread 'an_interface_gated_arm_is_walked_under_each_shapes_own_game' (3904156) panicked at crates/sigil-harness/src/test_support.rs:1312:9:
NO REFERENCE TREE IS NAMED, so this run can measure nothing it could attribute, and STOPS. This run DECLINED to use /home/volence/sonic_hacks/aeon, which step 3 derived from this checkout's own location: it is a working checkout outside this repository, its revision changes under a run without notice, and a result measured against it would be attributable to whatever it happened to contain rather than to the code under test.

The resolver's own answer: reference-tree: /home/volence/sonic_hacks/aeon (SUITE_PATHS step 3, DERIVED from this checkout's own location, nobody named it)

Either name a provisioned tree, AEON_DIR=<aeon checkout> (scripts/provision-aeon-ref.sh), or EMPYREAN_SUITE_ROOT=<the directory holding the suite>, or declare a partial run with SIGIL_ALLOW_PARTIAL=1, in which case every reference-dependent row is left unmeasured and the run says how many. Ruled d-18 (docs/OVERSEER-REFERENCE.md, 2026-09-02): a run that only PRINTS how much it did not measure still exits 0, and a green is trusted the moment it is in the run.

---- contract_baselines_hold_for_every_shipped_shape stdout ----

thread 'contract_baselines_hold_for_every_shipped_shape' (3904158) panicked at crates/sigil-harness/src/test_support.rs:1312:9:
NO REFERENCE TREE IS NAMED, so this run can measure nothing it could attribute, and STOPS. This run DECLINED to use /home/volence/sonic_hacks/aeon, which step 3 derived from this checkout's own location: it is a working checkout outside this repository, its revision changes under a run without notice, and a result measured against it would be attributable to whatever it happened to contain rather than to the code under test.

The resolver's own answer: reference-tree: /home/volence/sonic_hacks/aeon (SUITE_PATHS step 3, DERIVED from this checkout's own location, nobody named it)

Either name a provisioned tree, AEON_DIR=<aeon checkout> (scripts/provision-aeon-ref.sh), or EMPYREAN_SUITE_ROOT=<the directory holding the suite>, or declare a partial run with SIGIL_ALLOW_PARTIAL=1, in which case every reference-dependent row is left unmeasured and the run says how many. Ruled d-18 (docs/OVERSEER-REFERENCE.md, 2026-09-02): a run that only PRINTS how much it did not measure still exits 0, and a green is trusted the moment it is in the run.

---- an_env_free_walk_names_the_interface_member_it_cannot_resolve stdout ----

thread 'an_env_free_walk_names_the_interface_member_it_cannot_resolve' (3904154) panicked at crates/sigil-harness/src/test_support.rs:1312:9:
NO REFERENCE TREE IS NAMED, so this run can measure nothing it could attribute, and STOPS. This run DECLINED to use /home/volence/sonic_hacks/aeon, which step 3 derived from this checkout's own location: it is a working checkout outside this repository, its revision changes under a run without notice, and a result measured against it would be attributable to whatever it happened to contain rather than to the code under test.

The resolver's own answer: reference-tree: /home/volence/sonic_hacks/aeon (SUITE_PATHS step 3, DERIVED from this checkout's own location, nobody named it)

Either name a provisioned tree, AEON_DIR=<aeon checkout> (scripts/provision-aeon-ref.sh), or EMPYREAN_SUITE_ROOT=<the directory holding the suite>, or declare a partial run with SIGIL_ALLOW_PARTIAL=1, in which case every reference-dependent row is left unmeasured and the run says how many. Ruled d-18 (docs/OVERSEER-REFERENCE.md, 2026-09-02): a run that only PRINTS how much it did not measure still exits 0, and a green is trusted the moment it is in the run.

---- an_undeclared_clobber_in_ungated_code_fires_in_every_shape stdout ----

thread 'an_undeclared_clobber_in_ungated_code_fires_in_every_shape' (3904157) panicked at crates/sigil-harness/src/test_support.rs:1312:9:
NO REFERENCE TREE IS NAMED, so this run can measure nothing it could attribute, and STOPS. This run DECLINED to use /home/volence/sonic_hacks/aeon, which step 3 derived from this checkout's own location: it is a working checkout outside this repository, its revision changes under a run without notice, and a result measured against it would be attributable to whatever it happened to contain rather than to the code under test.

The resolver's own answer: reference-tree: /home/volence/sonic_hacks/aeon (SUITE_PATHS step 3, DERIVED from this checkout's own location, nobody named it)

Either name a provisioned tree, AEON_DIR=<aeon checkout> (scripts/provision-aeon-ref.sh), or EMPYREAN_SUITE_ROOT=<the directory holding the suite>, or declare a partial run with SIGIL_ALLOW_PARTIAL=1, in which case every reference-dependent row is left unmeasured and the run says how many. Ruled d-18 (docs/OVERSEER-REFERENCE.md, 2026-09-02): a run that only PRINTS how much it did not measure still exits 0, and a green is trusted the moment it is in the run.

---- corpus_context_brackets_prove_the_error_gate stdout ----

thread 'corpus_context_brackets_prove_the_error_gate' (3904167) panicked at crates/sigil-harness/src/test_support.rs:1312:9:
NO REFERENCE TREE IS NAMED, so this run can measure nothing it could attribute, and STOPS. This run DECLINED to use /home/volence/sonic_hacks/aeon, which step 3 derived from this checkout's own location: it is a working checkout outside this repository, its revision changes under a run without notice, and a result measured against it would be attributable to whatever it happened to contain rather than to the code under test.

The resolver's own answer: reference-tree: /home/volence/sonic_hacks/aeon (SUITE_PATHS step 3, DERIVED from this checkout's own location, nobody named it)

Either name a provisioned tree, AEON_DIR=<aeon checkout> (scripts/provision-aeon-ref.sh), or EMPYREAN_SUITE_ROOT=<the directory holding the suite>, or declare a partial run with SIGIL_ALLOW_PARTIAL=1, in which case every reference-dependent row is left unmeasured and the run says how many. Ruled d-18 (docs/OVERSEER-REFERENCE.md, 2026-09-02): a run that only PRINTS how much it did not measure still exits 0, and a green is trusted the moment it is in the run.

---- a_lost_mirror_define_is_named_in_exactly_the_debug_sound_on_shapes stdout ----

thread 'a_lost_mirror_define_is_named_in_exactly_the_debug_sound_on_shapes' (3904149) panicked at crates/sigil-harness/src/test_support.rs:1312:9:
NO REFERENCE TREE IS NAMED, so this run can measure nothing it could attribute, and STOPS. This run DECLINED to use /home/volence/sonic_hacks/aeon, which step 3 derived from this checkout's own location: it is a working checkout outside this repository, its revision changes under a run without notice, and a result measured against it would be attributable to whatever it happened to contain rather than to the code under test.

The resolver's own answer: reference-tree: /home/volence/sonic_hacks/aeon (SUITE_PATHS step 3, DERIVED from this checkout's own location, nobody named it)

Either name a provisioned tree, AEON_DIR=<aeon checkout> (scripts/provision-aeon-ref.sh), or EMPYREAN_SUITE_ROOT=<the directory holding the suite>, or declare a partial run with SIGIL_ALLOW_PARTIAL=1, in which case every reference-dependent row is left unmeasured and the run says how many. Ruled d-18 (docs/OVERSEER-REFERENCE.md, 2026-09-02): a run that only PRINTS how much it did not measure still exits 0, and a green is trusted the moment it is in the run.

---- a_clobber_undeclared_inside_a_comptime_gate_fires_in_exactly_the_debug_shapes stdout ----

thread 'a_clobber_undeclared_inside_a_comptime_gate_fires_in_exactly_the_debug_shapes' (3904144) panicked at crates/sigil-harness/src/test_support.rs:1312:9:
NO REFERENCE TREE IS NAMED, so this run can measure nothing it could attribute, and STOPS. This run DECLINED to use /home/volence/sonic_hacks/aeon, which step 3 derived from this checkout's own location: it is a working checkout outside this repository, its revision changes under a run without notice, and a result measured against it would be attributable to whatever it happened to contain rather than to the code under test.

The resolver's own answer: reference-tree: /home/volence/sonic_hacks/aeon (SUITE_PATHS step 3, DERIVED from this checkout's own location, nobody named it)

Either name a provisioned tree, AEON_DIR=<aeon checkout> (scripts/provision-aeon-ref.sh), or EMPYREAN_SUITE_ROOT=<the directory holding the suite>, or declare a partial run with SIGIL_ALLOW_PARTIAL=1, in which case every reference-dependent row is left unmeasured and the run says how many. Ruled d-18 (docs/OVERSEER-REFERENCE.md, 2026-09-02): a run that only PRINTS how much it did not measure still exits 0, and a green is trusted the moment it is in the run.

---- corpus_conditional_callee_out_is_credited_edge_sensitively stdout ----

thread 'corpus_conditional_callee_out_is_credited_edge_sensitively' (3904161) panicked at crates/sigil-harness/src/test_support.rs:1312:9:
NO REFERENCE TREE IS NAMED, so this run can measure nothing it could attribute, and STOPS. This run DECLINED to use /home/volence/sonic_hacks/aeon, which step 3 derived from this checkout's own location: it is a working checkout outside this repository, its revision changes under a run without notice, and a result measured against it would be attributable to whatever it happened to contain rather than to the code under test.

The resolver's own answer: reference-tree: /home/volence/sonic_hacks/aeon (SUITE_PATHS step 3, DERIVED from this checkout's own location, nobody named it)

Either name a provisioned tree, AEON_DIR=<aeon checkout> (scripts/provision-aeon-ref.sh), or EMPYREAN_SUITE_ROOT=<the directory holding the suite>, or declare a partial run with SIGIL_ALLOW_PARTIAL=1, in which case every reference-dependent row is left unmeasured and the run says how many. Ruled d-18 (docs/OVERSEER-REFERENCE.md, 2026-09-02): a run that only PRINTS how much it did not measure still exits 0, and a green is trusted the moment it is in the run.

---- corpus_closure_residue_is_empty_the_error_gate stdout ----

thread 'corpus_closure_residue_is_empty_the_error_gate' (3904159) panicked at crates/sigil-harness/src/test_support.rs:1312:9:
NO REFERENCE TREE IS NAMED, so this run can measure nothing it could attribute, and STOPS. This run DECLINED to use /home/volence/sonic_hacks/aeon, which step 3 derived from this checkout's own location: it is a working checkout outside this repository, its revision changes under a run without notice, and a result measured against it would be attributable to whatever it happened to contain rather than to the code under test.

The resolver's own answer: reference-tree: /home/volence/sonic_hacks/aeon (SUITE_PATHS step 3, DERIVED from this checkout's own location, nobody named it)

Either name a provisioned tree, AEON_DIR=<aeon checkout> (scripts/provision-aeon-ref.sh), or EMPYREAN_SUITE_ROOT=<the directory holding the suite>, or declare a partial run with SIGIL_ALLOW_PARTIAL=1, in which case every reference-dependent row is left unmeasured and the run says how many. Ruled d-18 (docs/OVERSEER-REFERENCE.md, 2026-09-02): a run that only PRINTS how much it did not measure still exits 0, and a green is trusted the moment it is in the run.

---- corpus_comptime_conditions_all_resolve_the_error_gate stdout ----

thread 'corpus_comptime_conditions_all_resolve_the_error_gate' (3904160) panicked at crates/sigil-harness/src/test_support.rs:1312:9:
NO REFERENCE TREE IS NAMED, so this run can measure nothing it could attribute, and STOPS. This run DECLINED to use /home/volence/sonic_hacks/aeon, which step 3 derived from this checkout's own location: it is a working checkout outside this repository, its revision changes under a run without notice, and a result measured against it would be attributable to whatever it happened to contain rather than to the code under test.

The resolver's own answer: reference-tree: /home/volence/sonic_hacks/aeon (SUITE_PATHS step 3, DERIVED from this checkout's own location, nobody named it)

Either name a provisioned tree, AEON_DIR=<aeon checkout> (scripts/provision-aeon-ref.sh), or EMPYREAN_SUITE_ROOT=<the directory holding the suite>, or declare a partial run with SIGIL_ALLOW_PARTIAL=1, in which case every reference-dependent row is left unmeasured and the run says how many. Ruled d-18 (docs/OVERSEER-REFERENCE.md, 2026-09-02): a run that only PRINTS how much it did not measure still exits 0, and a green is trusted the moment it is in the run.

---- corpus_discard_names_all_match_a_declared_flag_result stdout ----

thread 'corpus_discard_names_all_match_a_declared_flag_result' (3904169) panicked at crates/sigil-harness/src/test_support.rs:1312:9:
NO REFERENCE TREE IS NAMED, so this run can measure nothing it could attribute, and STOPS. This run DECLINED to use /home/volence/sonic_hacks/aeon, which step 3 derived from this checkout's own location: it is a working checkout outside this repository, its revision changes under a run without notice, and a result measured against it would be attributable to whatever it happened to contain rather than to the code under test.

The resolver's own answer: reference-tree: /home/volence/sonic_hacks/aeon (SUITE_PATHS step 3, DERIVED from this checkout's own location, nobody named it)

Either name a provisioned tree, AEON_DIR=<aeon checkout> (scripts/provision-aeon-ref.sh), or EMPYREAN_SUITE_ROOT=<the directory holding the suite>, or declare a partial run with SIGIL_ALLOW_PARTIAL=1, in which case every reference-dependent row is left unmeasured and the run says how many. Ruled d-18 (docs/OVERSEER-REFERENCE.md, 2026-09-02): a run that only PRINTS how much it did not measure still exits 0, and a green is trusted the moment it is in the run.

---- corpus_flag_results_declared_vs_verified_credit_agree stdout ----

thread 'corpus_flag_results_declared_vs_verified_credit_agree' (3904171) panicked at crates/sigil-harness/src/test_support.rs:1312:9:
NO REFERENCE TREE IS NAMED, so this run can measure nothing it could attribute, and STOPS. This run DECLINED to use /home/volence/sonic_hacks/aeon, which step 3 derived from this checkout's own location: it is a working checkout outside this repository, its revision changes under a run without notice, and a result measured against it would be attributable to whatever it happened to contain rather than to the code under test.

The resolver's own answer: reference-tree: /home/volence/sonic_hacks/aeon (SUITE_PATHS step 3, DERIVED from this checkout's own location, nobody named it)

Either name a provisioned tree, AEON_DIR=<aeon checkout> (scripts/provision-aeon-ref.sh), or EMPYREAN_SUITE_ROOT=<the directory holding the suite>, or declare a partial run with SIGIL_ALLOW_PARTIAL=1, in which case every reference-dependent row is left unmeasured and the run says how many. Ruled d-18 (docs/OVERSEER-REFERENCE.md, 2026-09-02): a run that only PRINTS how much it did not measure still exits 0, and a green is trusted the moment it is in the run.

---- corpus_has_zero_dropped_instructions stdout ----

thread 'corpus_has_zero_dropped_instructions' (3904172) panicked at crates/sigil-harness/src/test_support.rs:1312:9:
NO REFERENCE TREE IS NAMED, so this run can measure nothing it could attribute, and STOPS. This run DECLINED to use /home/volence/sonic_hacks/aeon, which step 3 derived from this checkout's own location: it is a working checkout outside this repository, its revision changes under a run without notice, and a result measured against it would be attributable to whatever it happened to contain rather than to the code under test.

The resolver's own answer: reference-tree: /home/volence/sonic_hacks/aeon (SUITE_PATHS step 3, DERIVED from this checkout's own location, nobody named it)

Either name a provisioned tree, AEON_DIR=<aeon checkout> (scripts/provision-aeon-ref.sh), or EMPYREAN_SUITE_ROOT=<the directory holding the suite>, or declare a partial run with SIGIL_ALLOW_PARTIAL=1, in which case every reference-dependent row is left unmeasured and the run says how many. Ruled d-18 (docs/OVERSEER-REFERENCE.md, 2026-09-02): a run that only PRINTS how much it did not measure still exits 0, and a green is trusted the moment it is in the run.

---- corpus_out_residue_is_the_verified_complement stdout ----

thread 'corpus_out_residue_is_the_verified_complement' (3904175) panicked at crates/sigil-harness/src/test_support.rs:1312:9:
NO REFERENCE TREE IS NAMED, so this run can measure nothing it could attribute, and STOPS. This run DECLINED to use /home/volence/sonic_hacks/aeon, which step 3 derived from this checkout's own location: it is a working checkout outside this repository, its revision changes under a run without notice, and a result measured against it would be attributable to whatever it happened to contain rather than to the code under test.

The resolver's own answer: reference-tree: /home/volence/sonic_hacks/aeon (SUITE_PATHS step 3, DERIVED from this checkout's own location, nobody named it)

Either name a provisioned tree, AEON_DIR=<aeon checkout> (scripts/provision-aeon-ref.sh), or EMPYREAN_SUITE_ROOT=<the directory holding the suite>, or declare a partial run with SIGIL_ALLOW_PARTIAL=1, in which case every reference-dependent row is left unmeasured and the run says how many. Ruled d-18 (docs/OVERSEER-REFERENCE.md, 2026-09-02): a run that only PRINTS how much it did not measure still exits 0, and a green is trusted the moment it is in the run.

---- corpus_word_facet_preserves_all_verify_the_error_gate stdout ----

thread 'corpus_word_facet_preserves_all_verify_the_error_gate' (3904176) panicked at crates/sigil-harness/src/test_support.rs:1312:9:
NO REFERENCE TREE IS NAMED, so this run can measure nothing it could attribute, and STOPS. This run DECLINED to use /home/volence/sonic_hacks/aeon, which step 3 derived from this checkout's own location: it is a working checkout outside this repository, its revision changes under a run without notice, and a result measured against it would be attributable to whatever it happened to contain rather than to the code under test.

The resolver's own answer: reference-tree: /home/volence/sonic_hacks/aeon (SUITE_PATHS step 3, DERIVED from this checkout's own location, nobody named it)

Either name a provisioned tree, AEON_DIR=<aeon checkout> (scripts/provision-aeon-ref.sh), or EMPYREAN_SUITE_ROOT=<the directory holding the suite>, or declare a partial run with SIGIL_ALLOW_PARTIAL=1, in which case every reference-dependent row is left unmeasured and the run says how many. Ruled d-18 (docs/OVERSEER-REFERENCE.md, 2026-09-02): a run that only PRINTS how much it did not measure still exits 0, and a green is trusted the moment it is in the run.

---- corpus_inout_facet_verifies_the_sprite_cursors stdout ----

thread 'corpus_inout_facet_verifies_the_sprite_cursors' (3904173) panicked at crates/sigil-harness/src/test_support.rs:1312:9:
NO REFERENCE TREE IS NAMED, so this run can measure nothing it could attribute, and STOPS. This run DECLINED to use /home/volence/sonic_hacks/aeon, which step 3 derived from this checkout's own location: it is a working checkout outside this repository, its revision changes under a run without notice, and a result measured against it would be attributable to whatever it happened to contain rather than to the code under test.

The resolver's own answer: reference-tree: /home/volence/sonic_hacks/aeon (SUITE_PATHS step 3, DERIVED from this checkout's own location, nobody named it)

Either name a provisioned tree, AEON_DIR=<aeon checkout> (scripts/provision-aeon-ref.sh), or EMPYREAN_SUITE_ROOT=<the directory holding the suite>, or declare a partial run with SIGIL_ALLOW_PARTIAL=1, in which case every reference-dependent row is left unmeasured and the run says how many. Ruled d-18 (docs/OVERSEER-REFERENCE.md, 2026-09-02): a run that only PRINTS how much it did not measure still exits 0, and a green is trusted the moment it is in the run.

---- corpus_flag_results_are_all_consumed stdout ----

thread 'corpus_flag_results_are_all_consumed' (3904170) panicked at crates/sigil-harness/src/test_support.rs:1312:9:
NO REFERENCE TREE IS NAMED, so this run can measure nothing it could attribute, and STOPS. This run DECLINED to use /home/volence/sonic_hacks/aeon, which step 3 derived from this checkout's own location: it is a working checkout outside this repository, its revision changes under a run without notice, and a result measured against it would be attributable to whatever it happened to contain rather than to the code under test.

The resolver's own answer: reference-tree: /home/volence/sonic_hacks/aeon (SUITE_PATHS step 3, DERIVED from this checkout's own location, nobody named it)

Either name a provisioned tree, AEON_DIR=<aeon checkout> (scripts/provision-aeon-ref.sh), or EMPYREAN_SUITE_ROOT=<the directory holding the suite>, or declare a partial run with SIGIL_ALLOW_PARTIAL=1, in which case every reference-dependent row is left unmeasured and the run says how many. Ruled d-18 (docs/OVERSEER-REFERENCE.md, 2026-09-02): a run that only PRINTS how much it did not measure still exits 0, and a green is trusted the moment it is in the run.

---- the_assert_rails_are_excluded_by_authorship_the_revert_probe stdout ----

thread 'the_assert_rails_are_excluded_by_authorship_the_revert_probe' (3904178) panicked at crates/sigil-harness/src/test_support.rs:1312:9:
NO REFERENCE TREE IS NAMED, so this run can measure nothing it could attribute, and STOPS. This run DECLINED to use /home/volence/sonic_hacks/aeon, which step 3 derived from this checkout's own location: it is a working checkout outside this repository, its revision changes under a run without notice, and a result measured against it would be attributable to whatever it happened to contain rather than to the code under test.

The resolver's own answer: reference-tree: /home/volence/sonic_hacks/aeon (SUITE_PATHS step 3, DERIVED from this checkout's own location, nobody named it)

Either name a provisioned tree, AEON_DIR=<aeon checkout> (scripts/provision-aeon-ref.sh), or EMPYREAN_SUITE_ROOT=<the directory holding the suite>, or declare a partial run with SIGIL_ALLOW_PARTIAL=1, in which case every reference-dependent row is left unmeasured and the run says how many. Ruled d-18 (docs/OVERSEER-REFERENCE.md, 2026-09-02): a run that only PRINTS how much it did not measure still exits 0, and a green is trusted the moment it is in the run.

---- the_contracts_report_is_wired_and_carries_the_targets_defines stdout ----

thread 'the_contracts_report_is_wired_and_carries_the_targets_defines' (3904179) panicked at crates/sigil-harness/src/test_support.rs:1312:9:
NO REFERENCE TREE IS NAMED, so this run can measure nothing it could attribute, and STOPS. This run DECLINED to use /home/volence/sonic_hacks/aeon, which step 3 derived from this checkout's own location: it is a working checkout outside this repository, its revision changes under a run without notice, and a result measured against it would be attributable to whatever it happened to contain rather than to the code under test.

The resolver's own answer: reference-tree: /home/volence/sonic_hacks/aeon (SUITE_PATHS step 3, DERIVED from this checkout's own location, nobody named it)

Either name a provisioned tree, AEON_DIR=<aeon checkout> (scripts/provision-aeon-ref.sh), or EMPYREAN_SUITE_ROOT=<the directory holding the suite>, or declare a partial run with SIGIL_ALLOW_PARTIAL=1, in which case every reference-dependent row is left unmeasured and the run says how many. Ruled d-18 (docs/OVERSEER-REFERENCE.md, 2026-09-02): a run that only PRINTS how much it did not measure still exits 0, and a green is trusted the moment it is in the run.

---- corpus_input_undefined_is_empty_the_error_gate stdout ----

thread 'corpus_input_undefined_is_empty_the_error_gate' (3904174) panicked at crates/sigil-harness/src/test_support.rs:1312:9:
NO REFERENCE TREE IS NAMED, so this run can measure nothing it could attribute, and STOPS. This run DECLINED to use /home/volence/sonic_hacks/aeon, which step 3 derived from this checkout's own location: it is a working checkout outside this repository, its revision changes under a run without notice, and a result measured against it would be attributable to whatever it happened to contain rather than to the code under test.

The resolver's own answer: reference-tree: /home/volence/sonic_hacks/aeon (SUITE_PATHS step 3, DERIVED from this checkout's own location, nobody named it)

Either name a provisioned tree, AEON_DIR=<aeon checkout> (scripts/provision-aeon-ref.sh), or EMPYREAN_SUITE_ROOT=<the directory holding the suite>, or declare a partial run with SIGIL_ALLOW_PARTIAL=1, in which case every reference-dependent row is left unmeasured and the run says how many. Ruled d-18 (docs/OVERSEER-REFERENCE.md, 2026-09-02): a run that only PRINTS how much it did not measure still exits 0, and a green is trusted the moment it is in the run.

---- corpus_z80_out_residue_is_the_verified_complement stdout ----

thread 'corpus_z80_out_residue_is_the_verified_complement' (3904177) panicked at crates/sigil-harness/src/test_support.rs:1312:9:
NO REFERENCE TREE IS NAMED, so this run can measure nothing it could attribute, and STOPS. This run DECLINED to use /home/volence/sonic_hacks/aeon, which step 3 derived from this checkout's own location: it is a working checkout outside this repository, its revision changes under a run without notice, and a result measured against it would be attributable to whatever it happened to contain rather than to the code under test.

The resolver's own answer: reference-tree: /home/volence/sonic_hacks/aeon (SUITE_PATHS step 3, DERIVED from this checkout's own location, nobody named it)

Either name a provisioned tree, AEON_DIR=<aeon checkout> (scripts/provision-aeon-ref.sh), or EMPYREAN_SUITE_ROOT=<the directory holding the suite>, or declare a partial run with SIGIL_ALLOW_PARTIAL=1, in which case every reference-dependent row is left unmeasured and the run says how many. Ruled d-18 (docs/OVERSEER-REFERENCE.md, 2026-09-02): a run that only PRINTS how much it did not measure still exits 0, and a green is trusted the moment it is in the run.

---- the_indirect_cost_report_is_wired_and_internally_consistent stdout ----

thread 'the_indirect_cost_report_is_wired_and_internally_consistent' (3904181) panicked at crates/sigil-harness/src/test_support.rs:1312:9:
NO REFERENCE TREE IS NAMED, so this run can measure nothing it could attribute, and STOPS. This run DECLINED to use /home/volence/sonic_hacks/aeon, which step 3 derived from this checkout's own location: it is a working checkout outside this repository, its revision changes under a run without notice, and a result measured against it would be attributable to whatever it happened to contain rather than to the code under test.

The resolver's own answer: reference-tree: /home/volence/sonic_hacks/aeon (SUITE_PATHS step 3, DERIVED from this checkout's own location, nobody named it)

Either name a provisioned tree, AEON_DIR=<aeon checkout> (scripts/provision-aeon-ref.sh), or EMPYREAN_SUITE_ROOT=<the directory holding the suite>, or declare a partial run with SIGIL_ALLOW_PARTIAL=1, in which case every reference-dependent row is left unmeasured and the run says how many. Ruled d-18 (docs/OVERSEER-REFERENCE.md, 2026-09-02): a run that only PRINTS how much it did not measure still exits 0, and a green is trusted the moment it is in the run.

---- the_corpus_invoke_edges_are_collected stdout ----

thread 'the_corpus_invoke_edges_are_collected' (3904180) panicked at crates/sigil-harness/src/test_support.rs:1312:9:
NO REFERENCE TREE IS NAMED, so this run can measure nothing it could attribute, and STOPS. This run DECLINED to use /home/volence/sonic_hacks/aeon, which step 3 derived from this checkout's own location: it is a working checkout outside this repository, its revision changes under a run without notice, and a result measured against it would be attributable to whatever it happened to contain rather than to the code under test.

The resolver's own answer: reference-tree: /home/volence/sonic_hacks/aeon (SUITE_PATHS step 3, DERIVED from this checkout's own location, nobody named it)

Either name a provisioned tree, AEON_DIR=<aeon checkout> (scripts/provision-aeon-ref.sh), or EMPYREAN_SUITE_ROOT=<the directory holding the suite>, or declare a partial run with SIGIL_ALLOW_PARTIAL=1, in which case every reference-dependent row is left unmeasured and the run says how many. Ruled d-18 (docs/OVERSEER-REFERENCE.md, 2026-09-02): a run that only PRINTS how much it did not measure still exits 0, and a green is trusted the moment it is in the run.


failures:
    a_clobber_undeclared_inside_a_comptime_gate_fires_in_exactly_the_debug_shapes
    a_declared_fall_through_is_a_closure_edge_on_every_shape
    a_lost_crash_report_define_is_named_in_exactly_the_plain_shapes
    a_lost_hotkeys_define_fails_the_interface_bind_in_the_sonic4_shapes
    a_lost_mirror_define_is_named_in_exactly_the_debug_sound_on_shapes
    a_misspelled_toggle_in_a_condition_is_named_at_zero_drops_in_every_shape
    a_profile_that_loses_a_toggle_is_named_by_the_surface_in_every_shape
    an_env_free_walk_names_the_interface_member_it_cannot_resolve
    an_interface_gated_arm_is_walked_under_each_shapes_own_game
    an_undeclared_clobber_in_ungated_code_fires_in_every_shape
    contract_baselines_hold_for_every_shipped_shape
    corpus_closure_residue_is_empty_the_error_gate
    corpus_comptime_conditions_all_resolve_the_error_gate
    corpus_conditional_callee_out_is_credited_edge_sensitively
    corpus_context_brackets_prove_the_error_gate
    corpus_context_requirements_are_satisfied_the_error_gate
    corpus_discard_names_all_match_a_declared_flag_result
    corpus_flag_results_are_all_consumed
    corpus_flag_results_declared_vs_verified_credit_agree
    corpus_has_zero_dropped_instructions
    corpus_inout_facet_verifies_the_sprite_cursors
    corpus_input_undefined_is_empty_the_error_gate
    corpus_out_residue_is_the_verified_complement
    corpus_word_facet_preserves_all_verify_the_error_gate
    corpus_z80_out_residue_is_the_verified_complement
    the_assert_rails_are_excluded_by_authorship_the_revert_probe
    the_contracts_report_is_wired_and_carries_the_targets_defines
    the_corpus_invoke_edges_are_collected
    the_indirect_cost_report_is_wired_and_internally_consistent

test result: FAILED. 2 passed; 29 failed; 0 ignored; 0 measured; 0 filtered out; finished in 0.00s

error: test failed, to rerun pass `-p sigil-cli --test contract_closure_corpus`
     Running tests/controllers_port.rs (/home/volence/sonic_hacks/.scratch/width-suffix/target-base/release/deps/controllers_port-c51f93e8d5bc3572)

running 2 tests
test controllers_debug_region_matches_reference ... FAILED
test controllers_region_matches_reference ... FAILED

failures:

---- controllers_debug_region_matches_reference stdout ----

thread 'controllers_debug_region_matches_reference' (3904183) panicked at crates/sigil-harness/src/test_support.rs:1312:9:
NO REFERENCE TREE IS NAMED, so this run can measure nothing it could attribute, and STOPS. This run DECLINED to use /home/volence/sonic_hacks/aeon, which step 3 derived from this checkout's own location: it is a working checkout outside this repository, its revision changes under a run without notice, and a result measured against it would be attributable to whatever it happened to contain rather than to the code under test.

The resolver's own answer: reference-tree: /home/volence/sonic_hacks/aeon (SUITE_PATHS step 3, DERIVED from this checkout's own location, nobody named it)

Either name a provisioned tree, AEON_DIR=<aeon checkout> (scripts/provision-aeon-ref.sh), or EMPYREAN_SUITE_ROOT=<the directory holding the suite>, or declare a partial run with SIGIL_ALLOW_PARTIAL=1, in which case every reference-dependent row is left unmeasured and the run says how many. Ruled d-18 (docs/OVERSEER-REFERENCE.md, 2026-09-02): a run that only PRINTS how much it did not measure still exits 0, and a green is trusted the moment it is in the run.
note: run with `RUST_BACKTRACE=1` environment variable to display a backtrace

---- controllers_region_matches_reference stdout ----

thread 'controllers_region_matches_reference' (3904184) panicked at crates/sigil-harness/src/test_support.rs:1312:9:
NO REFERENCE TREE IS NAMED, so this run can measure nothing it could attribute, and STOPS. This run DECLINED to use /home/volence/sonic_hacks/aeon, which step 3 derived from this checkout's own location: it is a working checkout outside this repository, its revision changes under a run without notice, and a result measured against it would be attributable to whatever it happened to contain rather than to the code under test.

The resolver's own answer: reference-tree: /home/volence/sonic_hacks/aeon (SUITE_PATHS step 3, DERIVED from this checkout's own location, nobody named it)

Either name a provisioned tree, AEON_DIR=<aeon checkout> (scripts/provision-aeon-ref.sh), or EMPYREAN_SUITE_ROOT=<the directory holding the suite>, or declare a partial run with SIGIL_ALLOW_PARTIAL=1, in which case every reference-dependent row is left unmeasured and the run says how many. Ruled d-18 (docs/OVERSEER-REFERENCE.md, 2026-09-02): a run that only PRINTS how much it did not measure still exits 0, and a green is trusted the moment it is in the run.


failures:
    controllers_debug_region_matches_reference
    controllers_region_matches_reference

test result: FAILED. 0 passed; 2 failed; 0 ignored; 0 measured; 0 filtered out; finished in 0.00s

error: test failed, to rerun pass `-p sigil-cli --test controllers_port`
     Running tests/core_negative_probes.rs (/home/volence/sonic_hacks/.scratch/width-suffix/target-base/release/deps/core_negative_probes-c2260235d13f2337)

running 3 tests
test doctored_shift_count_produces_different_bytes_than_genuine ... FAILED
test wrong_base_map_places_the_section_at_a_different_address ... FAILED
test standalone_compile_without_cross_seam_labels_is_a_loud_missing_symbol_error ... FAILED

failures:

---- doctored_shift_count_produces_different_bytes_than_genuine stdout ----

thread 'doctored_shift_count_produces_different_bytes_than_genuine' (3904187) panicked at crates/sigil-harness/src/test_support.rs:1312:9:
NO REFERENCE TREE IS NAMED, so this run can measure nothing it could attribute, and STOPS. This run DECLINED to use /home/volence/sonic_hacks/aeon, which step 3 derived from this checkout's own location: it is a working checkout outside this repository, its revision changes under a run without notice, and a result measured against it would be attributable to whatever it happened to contain rather than to the code under test.

The resolver's own answer: reference-tree: /home/volence/sonic_hacks/aeon (SUITE_PATHS step 3, DERIVED from this checkout's own location, nobody named it)

Either name a provisioned tree, AEON_DIR=<aeon checkout> (scripts/provision-aeon-ref.sh), or EMPYREAN_SUITE_ROOT=<the directory holding the suite>, or declare a partial run with SIGIL_ALLOW_PARTIAL=1, in which case every reference-dependent row is left unmeasured and the run says how many. Ruled d-18 (docs/OVERSEER-REFERENCE.md, 2026-09-02): a run that only PRINTS how much it did not measure still exits 0, and a green is trusted the moment it is in the run.
note: run with `RUST_BACKTRACE=1` environment variable to display a backtrace

---- wrong_base_map_places_the_section_at_a_different_address stdout ----

thread 'wrong_base_map_places_the_section_at_a_different_address' (3904189) panicked at crates/sigil-harness/src/test_support.rs:1312:9:
NO REFERENCE TREE IS NAMED, so this run can measure nothing it could attribute, and STOPS. This run DECLINED to use /home/volence/sonic_hacks/aeon, which step 3 derived from this checkout's own location: it is a working checkout outside this repository, its revision changes under a run without notice, and a result measured against it would be attributable to whatever it happened to contain rather than to the code under test.

The resolver's own answer: reference-tree: /home/volence/sonic_hacks/aeon (SUITE_PATHS step 3, DERIVED from this checkout's own location, nobody named it)

Either name a provisioned tree, AEON_DIR=<aeon checkout> (scripts/provision-aeon-ref.sh), or EMPYREAN_SUITE_ROOT=<the directory holding the suite>, or declare a partial run with SIGIL_ALLOW_PARTIAL=1, in which case every reference-dependent row is left unmeasured and the run says how many. Ruled d-18 (docs/OVERSEER-REFERENCE.md, 2026-09-02): a run that only PRINTS how much it did not measure still exits 0, and a green is trusted the moment it is in the run.

---- standalone_compile_without_cross_seam_labels_is_a_loud_missing_symbol_error stdout ----

thread 'standalone_compile_without_cross_seam_labels_is_a_loud_missing_symbol_error' (3904188) panicked at crates/sigil-harness/src/test_support.rs:1312:9:
NO REFERENCE TREE IS NAMED, so this run can measure nothing it could attribute, and STOPS. This run DECLINED to use /home/volence/sonic_hacks/aeon, which step 3 derived from this checkout's own location: it is a working checkout outside this repository, its revision changes under a run without notice, and a result measured against it would be attributable to whatever it happened to contain rather than to the code under test.

The resolver's own answer: reference-tree: /home/volence/sonic_hacks/aeon (SUITE_PATHS step 3, DERIVED from this checkout's own location, nobody named it)

Either name a provisioned tree, AEON_DIR=<aeon checkout> (scripts/provision-aeon-ref.sh), or EMPYREAN_SUITE_ROOT=<the directory holding the suite>, or declare a partial run with SIGIL_ALLOW_PARTIAL=1, in which case every reference-dependent row is left unmeasured and the run says how many. Ruled d-18 (docs/OVERSEER-REFERENCE.md, 2026-09-02): a run that only PRINTS how much it did not measure still exits 0, and a green is trusted the moment it is in the run.


failures:
    doctored_shift_count_produces_different_bytes_than_genuine
    standalone_compile_without_cross_seam_labels_is_a_loud_missing_symbol_error
    wrong_base_map_places_the_section_at_a_different_address

test result: FAILED. 0 passed; 3 failed; 0 ignored; 0 measured; 0 filtered out; finished in 0.00s

error: test failed, to rerun pass `-p sigil-cli --test core_negative_probes`
     Running tests/core_port.rs (/home/volence/sonic_hacks/.scratch/width-suffix/target-base/release/deps/core_port-1afcb7f5ee3bb018)

running 3 tests
test core_debug_region_matches_reference ... FAILED
test core_region_matches_reference ... FAILED
test debug_shape_length_diverges ... FAILED

failures:

---- core_debug_region_matches_reference stdout ----

thread 'core_debug_region_matches_reference' (3904192) panicked at crates/sigil-harness/src/test_support.rs:1312:9:
NO REFERENCE TREE IS NAMED, so this run can measure nothing it could attribute, and STOPS. This run DECLINED to use /home/volence/sonic_hacks/aeon, which step 3 derived from this checkout's own location: it is a working checkout outside this repository, its revision changes under a run without notice, and a result measured against it would be attributable to whatever it happened to contain rather than to the code under test.

The resolver's own answer: reference-tree: /home/volence/sonic_hacks/aeon (SUITE_PATHS step 3, DERIVED from this checkout's own location, nobody named it)

Either name a provisioned tree, AEON_DIR=<aeon checkout> (scripts/provision-aeon-ref.sh), or EMPYREAN_SUITE_ROOT=<the directory holding the suite>, or declare a partial run with SIGIL_ALLOW_PARTIAL=1, in which case every reference-dependent row is left unmeasured and the run says how many. Ruled d-18 (docs/OVERSEER-REFERENCE.md, 2026-09-02): a run that only PRINTS how much it did not measure still exits 0, and a green is trusted the moment it is in the run.
note: run with `RUST_BACKTRACE=1` environment variable to display a backtrace

---- core_region_matches_reference stdout ----

thread 'core_region_matches_reference' (3904193) panicked at crates/sigil-harness/src/test_support.rs:1312:9:
NO REFERENCE TREE IS NAMED, so this run can measure nothing it could attribute, and STOPS. This run DECLINED to use /home/volence/sonic_hacks/aeon, which step 3 derived from this checkout's own location: it is a working checkout outside this repository, its revision changes under a run without notice, and a result measured against it would be attributable to whatever it happened to contain rather than to the code under test.

The resolver's own answer: reference-tree: /home/volence/sonic_hacks/aeon (SUITE_PATHS step 3, DERIVED from this checkout's own location, nobody named it)

Either name a provisioned tree, AEON_DIR=<aeon checkout> (scripts/provision-aeon-ref.sh), or EMPYREAN_SUITE_ROOT=<the directory holding the suite>, or declare a partial run with SIGIL_ALLOW_PARTIAL=1, in which case every reference-dependent row is left unmeasured and the run says how many. Ruled d-18 (docs/OVERSEER-REFERENCE.md, 2026-09-02): a run that only PRINTS how much it did not measure still exits 0, and a green is trusted the moment it is in the run.

---- debug_shape_length_diverges stdout ----

thread 'debug_shape_length_diverges' (3904194) panicked at crates/sigil-harness/src/test_support.rs:1312:9:
NO REFERENCE TREE IS NAMED, so this run can measure nothing it could attribute, and STOPS. This run DECLINED to use /home/volence/sonic_hacks/aeon, which step 3 derived from this checkout's own location: it is a working checkout outside this repository, its revision changes under a run without notice, and a result measured against it would be attributable to whatever it happened to contain rather than to the code under test.

The resolver's own answer: reference-tree: /home/volence/sonic_hacks/aeon (SUITE_PATHS step 3, DERIVED from this checkout's own location, nobody named it)

Either name a provisioned tree, AEON_DIR=<aeon checkout> (scripts/provision-aeon-ref.sh), or EMPYREAN_SUITE_ROOT=<the directory holding the suite>, or declare a partial run with SIGIL_ALLOW_PARTIAL=1, in which case every reference-dependent row is left unmeasured and the run says how many. Ruled d-18 (docs/OVERSEER-REFERENCE.md, 2026-09-02): a run that only PRINTS how much it did not measure still exits 0, and a green is trusted the moment it is in the run.


failures:
    core_debug_region_matches_reference
    core_region_matches_reference
    debug_shape_length_diverges

test result: FAILED. 0 passed; 3 failed; 0 ignored; 0 measured; 0 filtered out; finished in 0.00s

error: test failed, to rerun pass `-p sigil-cli --test core_port`
     Running tests/corpus_builds.rs (/home/volence/sonic_hacks/.scratch/width-suffix/target-base/release/deps/corpus_builds-240e6cac73ba9e41)

running 2 tests
test a_deleted_map_row_bricks_the_build_and_the_gate_names_it ... FAILED
test every_shipped_shape_builds_from_source ... FAILED

failures:

---- a_deleted_map_row_bricks_the_build_and_the_gate_names_it stdout ----

thread 'a_deleted_map_row_bricks_the_build_and_the_gate_names_it' (3904197) panicked at crates/sigil-harness/src/test_support.rs:1312:9:
NO REFERENCE TREE IS NAMED, so this run can measure nothing it could attribute, and STOPS. This run DECLINED to use /home/volence/sonic_hacks/aeon, which step 3 derived from this checkout's own location: it is a working checkout outside this repository, its revision changes under a run without notice, and a result measured against it would be attributable to whatever it happened to contain rather than to the code under test.

The resolver's own answer: reference-tree: /home/volence/sonic_hacks/aeon (SUITE_PATHS step 3, DERIVED from this checkout's own location, nobody named it)

Either name a provisioned tree, AEON_DIR=<aeon checkout> (scripts/provision-aeon-ref.sh), or EMPYREAN_SUITE_ROOT=<the directory holding the suite>, or declare a partial run with SIGIL_ALLOW_PARTIAL=1, in which case every reference-dependent row is left unmeasured and the run says how many. Ruled d-18 (docs/OVERSEER-REFERENCE.md, 2026-09-02): a run that only PRINTS how much it did not measure still exits 0, and a green is trusted the moment it is in the run.

---- every_shipped_shape_builds_from_source stdout ----

thread 'every_shipped_shape_builds_from_source' (3904198) panicked at crates/sigil-harness/src/test_support.rs:1312:9:
NO REFERENCE TREE IS NAMED, so this run can measure nothing it could attribute, and STOPS. This run DECLINED to use /home/volence/sonic_hacks/aeon, which step 3 derived from this checkout's own location: it is a working checkout outside this repository, its revision changes under a run without notice, and a result measured against it would be attributable to whatever it happened to contain rather than to the code under test.

The resolver's own answer: reference-tree: /home/volence/sonic_hacks/aeon (SUITE_PATHS step 3, DERIVED from this checkout's own location, nobody named it)

Either name a provisioned tree, AEON_DIR=<aeon checkout> (scripts/provision-aeon-ref.sh), or EMPYREAN_SUITE_ROOT=<the directory holding the suite>, or declare a partial run with SIGIL_ALLOW_PARTIAL=1, in which case every reference-dependent row is left unmeasured and the run says how many. Ruled d-18 (docs/OVERSEER-REFERENCE.md, 2026-09-02): a run that only PRINTS how much it did not measure still exits 0, and a green is trusted the moment it is in the run.
note: run with `RUST_BACKTRACE=1` environment variable to display a backtrace


failures:
    a_deleted_map_row_bricks_the_build_and_the_gate_names_it
    every_shipped_shape_builds_from_source

test result: FAILED. 0 passed; 2 failed; 0 ignored; 0 measured; 0 filtered out; finished in 0.00s

error: test failed, to rerun pass `-p sigil-cli --test corpus_builds`
     Running tests/cpu_spellings.rs (/home/volence/sonic_hacks/.scratch/width-suffix/target-base/release/deps/cpu_spellings-c5231350c37d8216)

running 6 tests
test the_same_source_under_an_accepted_spelling_assembles ... ok
test the_refusal_lists_every_accepted_line ... ok
test a_mid_unit_switch_to_z80undoc_assembles_both_halves ... ok
test a_numeric_spelling_sigil_does_not_encode_is_refused ... ok
test the_undocumented_forms_z80undoc_adds_are_refused_and_emit_nothing ... ok
test every_accepted_spelling_selects_the_target_the_table_names ... ok

test result: ok. 6 passed; 0 failed; 0 ignored; 0 measured; 0 filtered out; finished in 0.01s

     Running tests/cpu_undeclared.rs (/home/volence/sonic_hacks/.scratch/width-suffix/target-base/release/deps/cpu_undeclared-89e6fac2f0651b7a)

running 5 tests
test a_byteless_undeclared_unit_is_still_refused ... ok
test a_caller_setting_initial_cpu_has_declared ... ok
test the_refusal_is_reported_before_the_diagnostics_it_explains ... ok
test an_undeclared_unit_is_refused_by_the_cli ... ok
test an_included_file_beneath_a_declaring_root_does_not_trip_the_refusal ... ok

test result: ok. 5 passed; 0 failed; 0 ignored; 0 measured; 0 filtered out; finished in 0.00s

     Running tests/crate_graph.rs (/home/volence/sonic_hacks/.scratch/width-suffix/target-base/release/deps/crate_graph-2f69a3feb2175401)

running 1 test
test crate_graph_is_one_way ... ok

test result: ok. 1 passed; 0 failed; 0 ignored; 0 measured; 0 filtered out; finished in 0.02s

     Running tests/dac_bank_acceptance.rs (/home/volence/sonic_hacks/.scratch/width-suffix/target-base/release/deps/dac_bank_acceptance-6f84f8674c640f78)

running 3 tests
test oversized_bank_section_fails_over_by ... ok
test chained_bank_section_bumps_when_it_would_straddle ... ok
test dac_samples_windows_are_byte_exact ... ok

test result: ok. 3 passed; 0 failed; 0 ignored; 0 measured; 0 filtered out; finished in 0.00s

     Running tests/dac_bank_port.rs (/home/volence/sonic_hacks/.scratch/width-suffix/target-base/release/deps/dac_bank_port-bb7d00d75739abc8)

running 2 tests
test dac_banks_debug_matches_reference ... FAILED
test dac_banks_matches_reference ... FAILED

failures:

---- dac_banks_debug_matches_reference stdout ----

thread 'dac_banks_debug_matches_reference' (3904283) panicked at crates/sigil-harness/src/test_support.rs:1312:9:
NO REFERENCE TREE IS NAMED, so this run can measure nothing it could attribute, and STOPS. This run DECLINED to use /home/volence/sonic_hacks/aeon, which step 3 derived from this checkout's own location: it is a working checkout outside this repository, its revision changes under a run without notice, and a result measured against it would be attributable to whatever it happened to contain rather than to the code under test.

The resolver's own answer: reference-tree: /home/volence/sonic_hacks/aeon (SUITE_PATHS step 3, DERIVED from this checkout's own location, nobody named it)

Either name a provisioned tree, AEON_DIR=<aeon checkout> (scripts/provision-aeon-ref.sh), or EMPYREAN_SUITE_ROOT=<the directory holding the suite>, or declare a partial run with SIGIL_ALLOW_PARTIAL=1, in which case every reference-dependent row is left unmeasured and the run says how many. Ruled d-18 (docs/OVERSEER-REFERENCE.md, 2026-09-02): a run that only PRINTS how much it did not measure still exits 0, and a green is trusted the moment it is in the run.
note: run with `RUST_BACKTRACE=1` environment variable to display a backtrace

---- dac_banks_matches_reference stdout ----

thread 'dac_banks_matches_reference' (3904284) panicked at crates/sigil-cli/tests/dac_bank_port.rs:70:30:
called `Result::unwrap()` on an `Err` value: PoisonError { .. }


failures:
    dac_banks_debug_matches_reference
    dac_banks_matches_reference

test result: FAILED. 0 passed; 2 failed; 0 ignored; 0 measured; 0 filtered out; finished in 0.00s

error: test failed, to rerun pass `-p sigil-cli --test dac_bank_port`
     Running tests/dac_port.rs (/home/volence/sonic_hacks/.scratch/width-suffix/target-base/release/deps/dac_port-528940e78adb4082)

running 2 tests
test dac_bank_payloads_match_declared_blobs ... FAILED
test snd_equ_values_match_derived_layout ... FAILED

failures:

---- dac_bank_payloads_match_declared_blobs stdout ----

thread 'dac_bank_payloads_match_declared_blobs' (3904287) panicked at crates/sigil-harness/src/test_support.rs:1312:9:
NO REFERENCE TREE IS NAMED, so this run can measure nothing it could attribute, and STOPS. This run DECLINED to use /home/volence/sonic_hacks/aeon, which step 3 derived from this checkout's own location: it is a working checkout outside this repository, its revision changes under a run without notice, and a result measured against it would be attributable to whatever it happened to contain rather than to the code under test.

The resolver's own answer: reference-tree: /home/volence/sonic_hacks/aeon (SUITE_PATHS step 3, DERIVED from this checkout's own location, nobody named it)

Either name a provisioned tree, AEON_DIR=<aeon checkout> (scripts/provision-aeon-ref.sh), or EMPYREAN_SUITE_ROOT=<the directory holding the suite>, or declare a partial run with SIGIL_ALLOW_PARTIAL=1, in which case every reference-dependent row is left unmeasured and the run says how many. Ruled d-18 (docs/OVERSEER-REFERENCE.md, 2026-09-02): a run that only PRINTS how much it did not measure still exits 0, and a green is trusted the moment it is in the run.
note: run with `RUST_BACKTRACE=1` environment variable to display a backtrace

---- snd_equ_values_match_derived_layout stdout ----

thread 'snd_equ_values_match_derived_layout' (3904288) panicked at crates/sigil-harness/src/test_support.rs:1312:9:
NO REFERENCE TREE IS NAMED, so this run can measure nothing it could attribute, and STOPS. This run DECLINED to use /home/volence/sonic_hacks/aeon, which step 3 derived from this checkout's own location: it is a working checkout outside this repository, its revision changes under a run without notice, and a result measured against it would be attributable to whatever it happened to contain rather than to the code under test.

The resolver's own answer: reference-tree: /home/volence/sonic_hacks/aeon (SUITE_PATHS step 3, DERIVED from this checkout's own location, nobody named it)

Either name a provisioned tree, AEON_DIR=<aeon checkout> (scripts/provision-aeon-ref.sh), or EMPYREAN_SUITE_ROOT=<the directory holding the suite>, or declare a partial run with SIGIL_ALLOW_PARTIAL=1, in which case every reference-dependent row is left unmeasured and the run says how many. Ruled d-18 (docs/OVERSEER-REFERENCE.md, 2026-09-02): a run that only PRINTS how much it did not measure still exits 0, and a green is trusted the moment it is in the run.


failures:
    dac_bank_payloads_match_declared_blobs
    snd_equ_values_match_derived_layout

test result: FAILED. 0 passed; 2 failed; 0 ignored; 0 measured; 0 filtered out; finished in 0.00s

error: test failed, to rerun pass `-p sigil-cli --test dac_port`
     Running tests/dead_save_corpus.rs (/home/volence/sonic_hacks/.scratch/width-suffix/target-base/release/deps/dead_save_corpus-aa1bb1fb801de20a)

running 1 test
test dead_save_worklist_over_corpus ... FAILED

failures:

---- dead_save_worklist_over_corpus stdout ----

thread 'dead_save_worklist_over_corpus' (3904291) panicked at crates/sigil-harness/src/test_support.rs:1312:9:
NO REFERENCE TREE IS NAMED, so this run can measure nothing it could attribute, and STOPS. This run DECLINED to use /home/volence/sonic_hacks/aeon, which step 3 derived from this checkout's own location: it is a working checkout outside this repository, its revision changes under a run without notice, and a result measured against it would be attributable to whatever it happened to contain rather than to the code under test.

The resolver's own answer: reference-tree: /home/volence/sonic_hacks/aeon (SUITE_PATHS step 3, DERIVED from this checkout's own location, nobody named it)

Either name a provisioned tree, AEON_DIR=<aeon checkout> (scripts/provision-aeon-ref.sh), or EMPYREAN_SUITE_ROOT=<the directory holding the suite>, or declare a partial run with SIGIL_ALLOW_PARTIAL=1, in which case every reference-dependent row is left unmeasured and the run says how many. Ruled d-18 (docs/OVERSEER-REFERENCE.md, 2026-09-02): a run that only PRINTS how much it did not measure still exits 0, and a green is trusted the moment it is in the run.
note: run with `RUST_BACKTRACE=1` environment variable to display a backtrace


failures:
    dead_save_worklist_over_corpus

test result: FAILED. 0 passed; 1 failed; 0 ignored; 0 measured; 0 filtered out; finished in 0.00s

error: test failed, to rerun pass `-p sigil-cli --test dead_save_corpus`
     Running tests/demo_native_port.rs (/home/volence/sonic_hacks/.scratch/width-suffix/target-base/release/deps/demo_native_port-13a7f1608e5e5535)

running 2 tests
test demo_debug_game_modules_match_golden ... FAILED
test demo_plain_game_modules_match_golden ... FAILED

failures:

---- demo_debug_game_modules_match_golden stdout ----

thread 'demo_debug_game_modules_match_golden' (3904294) panicked at crates/sigil-harness/src/test_support.rs:1312:9:
NO REFERENCE TREE IS NAMED, so this run can measure nothing it could attribute, and STOPS. This run DECLINED to use /home/volence/sonic_hacks/aeon, which step 3 derived from this checkout's own location: it is a working checkout outside this repository, its revision changes under a run without notice, and a result measured against it would be attributable to whatever it happened to contain rather than to the code under test.

The resolver's own answer: reference-tree: /home/volence/sonic_hacks/aeon (SUITE_PATHS step 3, DERIVED from this checkout's own location, nobody named it)

Either name a provisioned tree, AEON_DIR=<aeon checkout> (scripts/provision-aeon-ref.sh), or EMPYREAN_SUITE_ROOT=<the directory holding the suite>, or declare a partial run with SIGIL_ALLOW_PARTIAL=1, in which case every reference-dependent row is left unmeasured and the run says how many. Ruled d-18 (docs/OVERSEER-REFERENCE.md, 2026-09-02): a run that only PRINTS how much it did not measure still exits 0, and a green is trusted the moment it is in the run.

---- demo_plain_game_modules_match_golden stdout ----

thread 'demo_plain_game_modules_match_golden' (3904295) panicked at crates/sigil-harness/src/test_support.rs:1312:9:
NO REFERENCE TREE IS NAMED, so this run can measure nothing it could attribute, and STOPS. This run DECLINED to use /home/volence/sonic_hacks/aeon, which step 3 derived from this checkout's own location: it is a working checkout outside this repository, its revision changes under a run without notice, and a result measured against it would be attributable to whatever it happened to contain rather than to the code under test.

The resolver's own answer: reference-tree: /home/volence/sonic_hacks/aeon (SUITE_PATHS step 3, DERIVED from this checkout's own location, nobody named it)

Either name a provisioned tree, AEON_DIR=<aeon checkout> (scripts/provision-aeon-ref.sh), or EMPYREAN_SUITE_ROOT=<the directory holding the suite>, or declare a partial run with SIGIL_ALLOW_PARTIAL=1, in which case every reference-dependent row is left unmeasured and the run says how many. Ruled d-18 (docs/OVERSEER-REFERENCE.md, 2026-09-02): a run that only PRINTS how much it did not measure still exits 0, and a green is trusted the moment it is in the run.
note: run with `RUST_BACKTRACE=1` environment variable to display a backtrace


failures:
    demo_debug_game_modules_match_golden
    demo_plain_game_modules_match_golden

test result: FAILED. 0 passed; 2 failed; 0 ignored; 0 measured; 0 filtered out; finished in 0.00s

error: test failed, to rerun pass `-p sigil-cli --test demo_native_port`
     Running tests/deny_todo.rs (/home/volence/sonic_hacks/.scratch/width-suffix/target-base/release/deps/deny_todo-f08185040c35788d)

running 3 tests
test deny_todo_leaves_unreachable_alone ... ok
test deny_todo_promotes_to_error ... ok
test todo_builds_with_warning_by_default ... ok

test result: ok. 3 passed; 0 failed; 0 ignored; 0 measured; 0 filtered out; finished in 0.00s

     Running tests/derived_layout.rs (/home/volence/sonic_hacks/.scratch/width-suffix/target-base/release/deps/derived_layout-dee866bbd6adc7b3)

running 2 tests
test s4_debug_error_handler_is_the_last_emission ... FAILED
test s4_error_handler_is_the_last_emission ... FAILED

failures:

---- s4_debug_error_handler_is_the_last_emission stdout ----

thread 's4_debug_error_handler_is_the_last_emission' (3904314) panicked at crates/sigil-harness/src/test_support.rs:1312:9:
NO REFERENCE TREE IS NAMED, so this run can measure nothing it could attribute, and STOPS. This run DECLINED to use /home/volence/sonic_hacks/aeon, which step 3 derived from this checkout's own location: it is a working checkout outside this repository, its revision changes under a run without notice, and a result measured against it would be attributable to whatever it happened to contain rather than to the code under test.

The resolver's own answer: reference-tree: /home/volence/sonic_hacks/aeon (SUITE_PATHS step 3, DERIVED from this checkout's own location, nobody named it)

Either name a provisioned tree, AEON_DIR=<aeon checkout> (scripts/provision-aeon-ref.sh), or EMPYREAN_SUITE_ROOT=<the directory holding the suite>, or declare a partial run with SIGIL_ALLOW_PARTIAL=1, in which case every reference-dependent row is left unmeasured and the run says how many. Ruled d-18 (docs/OVERSEER-REFERENCE.md, 2026-09-02): a run that only PRINTS how much it did not measure still exits 0, and a green is trusted the moment it is in the run.
note: run with `RUST_BACKTRACE=1` environment variable to display a backtrace

---- s4_error_handler_is_the_last_emission stdout ----

thread 's4_error_handler_is_the_last_emission' (3904315) panicked at crates/sigil-harness/src/test_support.rs:1312:9:
NO REFERENCE TREE IS NAMED, so this run can measure nothing it could attribute, and STOPS. This run DECLINED to use /home/volence/sonic_hacks/aeon, which step 3 derived from this checkout's own location: it is a working checkout outside this repository, its revision changes under a run without notice, and a result measured against it would be attributable to whatever it happened to contain rather than to the code under test.

The resolver's own answer: reference-tree: /home/volence/sonic_hacks/aeon (SUITE_PATHS step 3, DERIVED from this checkout's own location, nobody named it)

Either name a provisioned tree, AEON_DIR=<aeon checkout> (scripts/provision-aeon-ref.sh), or EMPYREAN_SUITE_ROOT=<the directory holding the suite>, or declare a partial run with SIGIL_ALLOW_PARTIAL=1, in which case every reference-dependent row is left unmeasured and the run says how many. Ruled d-18 (docs/OVERSEER-REFERENCE.md, 2026-09-02): a run that only PRINTS how much it did not measure still exits 0, and a green is trusted the moment it is in the run.


failures:
    s4_debug_error_handler_is_the_last_emission
    s4_error_handler_is_the_last_emission

test result: FAILED. 0 passed; 2 failed; 0 ignored; 0 measured; 0 filtered out; finished in 0.00s

error: test failed, to rerun pass `-p sigil-cli --test derived_layout`
     Running tests/diag_assert_vector.rs (/home/volence/sonic_hacks/.scratch/width-suffix/target-base/release/deps/diag_assert_vector-ab46ece7c60461e4)

running 15 tests
test negative_unknown_cond_rejected ... ok
test negative_memory_src_rejected ... ok
test negative_unknown_fstring_token_rejected ... ok
test negative_consoleprogram_second_arg_rejected ... ok
test negative_fstring_param_below_0x80_rejected ... ok
test negative_unknown_error_flag_rejected ... ok
test negative_raise_exception_consoleprogram_rejected ... ok
test raise_exception_address_error_matches_bus_error_stub ... FAILED
test assert_b_no_dest_tst_form ... FAILED
test raise_exception_opts0_matches_default_stub ... FAILED
test raise_error_frame_differs_from_exception_stub ... FAILED
test raise_error_with_byte_arg ... FAILED
test assert_w_with_dest_symbol_immediate ... FAILED
test assert_l_with_dest_odd_parity_no_pad ... FAILED
test raise_exception_address_error_matches_address_error_stub ... FAILED

failures:

---- raise_exception_address_error_matches_bus_error_stub stdout ----

thread 'raise_exception_address_error_matches_bus_error_stub' (3904335) panicked at crates/sigil-harness/src/test_support.rs:1312:9:
NO REFERENCE TREE IS NAMED, so this run can measure nothing it could attribute, and STOPS. This run DECLINED to use /home/volence/sonic_hacks/aeon, which step 3 derived from this checkout's own location: it is a working checkout outside this repository, its revision changes under a run without notice, and a result measured against it would be attributable to whatever it happened to contain rather than to the code under test.

The resolver's own answer: reference-tree: /home/volence/sonic_hacks/aeon (SUITE_PATHS step 3, DERIVED from this checkout's own location, nobody named it)

Either name a provisioned tree, AEON_DIR=<aeon checkout> (scripts/provision-aeon-ref.sh), or EMPYREAN_SUITE_ROOT=<the directory holding the suite>, or declare a partial run with SIGIL_ALLOW_PARTIAL=1, in which case every reference-dependent row is left unmeasured and the run says how many. Ruled d-18 (docs/OVERSEER-REFERENCE.md, 2026-09-02): a run that only PRINTS how much it did not measure still exits 0, and a green is trusted the moment it is in the run.

---- assert_b_no_dest_tst_form stdout ----

thread 'assert_b_no_dest_tst_form' (3904318) panicked at crates/sigil-harness/src/test_support.rs:1312:9:
NO REFERENCE TREE IS NAMED, so this run can measure nothing it could attribute, and STOPS. This run DECLINED to use /home/volence/sonic_hacks/aeon, which step 3 derived from this checkout's own location: it is a working checkout outside this repository, its revision changes under a run without notice, and a result measured against it would be attributable to whatever it happened to contain rather than to the code under test.

The resolver's own answer: reference-tree: /home/volence/sonic_hacks/aeon (SUITE_PATHS step 3, DERIVED from this checkout's own location, nobody named it)

Either name a provisioned tree, AEON_DIR=<aeon checkout> (scripts/provision-aeon-ref.sh), or EMPYREAN_SUITE_ROOT=<the directory holding the suite>, or declare a partial run with SIGIL_ALLOW_PARTIAL=1, in which case every reference-dependent row is left unmeasured and the run says how many. Ruled d-18 (docs/OVERSEER-REFERENCE.md, 2026-09-02): a run that only PRINTS how much it did not measure still exits 0, and a green is trusted the moment it is in the run.
note: run with `RUST_BACKTRACE=1` environment variable to display a backtrace

---- raise_exception_opts0_matches_default_stub stdout ----

thread 'raise_exception_opts0_matches_default_stub' (3904336) panicked at crates/sigil-harness/src/test_support.rs:1312:9:
NO REFERENCE TREE IS NAMED, so this run can measure nothing it could attribute, and STOPS. This run DECLINED to use /home/volence/sonic_hacks/aeon, which step 3 derived from this checkout's own location: it is a working checkout outside this repository, its revision changes under a run without notice, and a result measured against it would be attributable to whatever it happened to contain rather than to the code under test.

The resolver's own answer: reference-tree: /home/volence/sonic_hacks/aeon (SUITE_PATHS step 3, DERIVED from this checkout's own location, nobody named it)

Either name a provisioned tree, AEON_DIR=<aeon checkout> (scripts/provision-aeon-ref.sh), or EMPYREAN_SUITE_ROOT=<the directory holding the suite>, or declare a partial run with SIGIL_ALLOW_PARTIAL=1, in which case every reference-dependent row is left unmeasured and the run says how many. Ruled d-18 (docs/OVERSEER-REFERENCE.md, 2026-09-02): a run that only PRINTS how much it did not measure still exits 0, and a green is trusted the moment it is in the run.

---- raise_error_frame_differs_from_exception_stub stdout ----

thread 'raise_error_frame_differs_from_exception_stub' (3904329) panicked at crates/sigil-harness/src/test_support.rs:1312:9:
NO REFERENCE TREE IS NAMED, so this run can measure nothing it could attribute, and STOPS. This run DECLINED to use /home/volence/sonic_hacks/aeon, which step 3 derived from this checkout's own location: it is a working checkout outside this repository, its revision changes under a run without notice, and a result measured against it would be attributable to whatever it happened to contain rather than to the code under test.

The resolver's own answer: reference-tree: /home/volence/sonic_hacks/aeon (SUITE_PATHS step 3, DERIVED from this checkout's own location, nobody named it)

Either name a provisioned tree, AEON_DIR=<aeon checkout> (scripts/provision-aeon-ref.sh), or EMPYREAN_SUITE_ROOT=<the directory holding the suite>, or declare a partial run with SIGIL_ALLOW_PARTIAL=1, in which case every reference-dependent row is left unmeasured and the run says how many. Ruled d-18 (docs/OVERSEER-REFERENCE.md, 2026-09-02): a run that only PRINTS how much it did not measure still exits 0, and a green is trusted the moment it is in the run.

---- raise_error_with_byte_arg stdout ----

thread 'raise_error_with_byte_arg' (3904330) panicked at crates/sigil-harness/src/test_support.rs:1312:9:
NO REFERENCE TREE IS NAMED, so this run can measure nothing it could attribute, and STOPS. This run DECLINED to use /home/volence/sonic_hacks/aeon, which step 3 derived from this checkout's own location: it is a working checkout outside this repository, its revision changes under a run without notice, and a result measured against it would be attributable to whatever it happened to contain rather than to the code under test.

The resolver's own answer: reference-tree: /home/volence/sonic_hacks/aeon (SUITE_PATHS step 3, DERIVED from this checkout's own location, nobody named it)

Either name a provisioned tree, AEON_DIR=<aeon checkout> (scripts/provision-aeon-ref.sh), or EMPYREAN_SUITE_ROOT=<the directory holding the suite>, or declare a partial run with SIGIL_ALLOW_PARTIAL=1, in which case every reference-dependent row is left unmeasured and the run says how many. Ruled d-18 (docs/OVERSEER-REFERENCE.md, 2026-09-02): a run that only PRINTS how much it did not measure still exits 0, and a green is trusted the moment it is in the run.

---- assert_w_with_dest_symbol_immediate stdout ----

thread 'assert_w_with_dest_symbol_immediate' (3904320) panicked at crates/sigil-harness/src/test_support.rs:1312:9:
NO REFERENCE TREE IS NAMED, so this run can measure nothing it could attribute, and STOPS. This run DECLINED to use /home/volence/sonic_hacks/aeon, which step 3 derived from this checkout's own location: it is a working checkout outside this repository, its revision changes under a run without notice, and a result measured against it would be attributable to whatever it happened to contain rather than to the code under test.

The resolver's own answer: reference-tree: /home/volence/sonic_hacks/aeon (SUITE_PATHS step 3, DERIVED from this checkout's own location, nobody named it)

Either name a provisioned tree, AEON_DIR=<aeon checkout> (scripts/provision-aeon-ref.sh), or EMPYREAN_SUITE_ROOT=<the directory holding the suite>, or declare a partial run with SIGIL_ALLOW_PARTIAL=1, in which case every reference-dependent row is left unmeasured and the run says how many. Ruled d-18 (docs/OVERSEER-REFERENCE.md, 2026-09-02): a run that only PRINTS how much it did not measure still exits 0, and a green is trusted the moment it is in the run.

---- assert_l_with_dest_odd_parity_no_pad stdout ----

thread 'assert_l_with_dest_odd_parity_no_pad' (3904319) panicked at crates/sigil-harness/src/test_support.rs:1312:9:
NO REFERENCE TREE IS NAMED, so this run can measure nothing it could attribute, and STOPS. This run DECLINED to use /home/volence/sonic_hacks/aeon, which step 3 derived from this checkout's own location: it is a working checkout outside this repository, its revision changes under a run without notice, and a result measured against it would be attributable to whatever it happened to contain rather than to the code under test.

The resolver's own answer: reference-tree: /home/volence/sonic_hacks/aeon (SUITE_PATHS step 3, DERIVED from this checkout's own location, nobody named it)

Either name a provisioned tree, AEON_DIR=<aeon checkout> (scripts/provision-aeon-ref.sh), or EMPYREAN_SUITE_ROOT=<the directory holding the suite>, or declare a partial run with SIGIL_ALLOW_PARTIAL=1, in which case every reference-dependent row is left unmeasured and the run says how many. Ruled d-18 (docs/OVERSEER-REFERENCE.md, 2026-09-02): a run that only PRINTS how much it did not measure still exits 0, and a green is trusted the moment it is in the run.

---- raise_exception_address_error_matches_address_error_stub stdout ----

thread 'raise_exception_address_error_matches_address_error_stub' (3904331) panicked at crates/sigil-harness/src/test_support.rs:1312:9:
NO REFERENCE TREE IS NAMED, so this run can measure nothing it could attribute, and STOPS. This run DECLINED to use /home/volence/sonic_hacks/aeon, which step 3 derived from this checkout's own location: it is a working checkout outside this repository, its revision changes under a run without notice, and a result measured against it would be attributable to whatever it happened to contain rather than to the code under test.

The resolver's own answer: reference-tree: /home/volence/sonic_hacks/aeon (SUITE_PATHS step 3, DERIVED from this checkout's own location, nobody named it)

Either name a provisioned tree, AEON_DIR=<aeon checkout> (scripts/provision-aeon-ref.sh), or EMPYREAN_SUITE_ROOT=<the directory holding the suite>, or declare a partial run with SIGIL_ALLOW_PARTIAL=1, in which case every reference-dependent row is left unmeasured and the run says how many. Ruled d-18 (docs/OVERSEER-REFERENCE.md, 2026-09-02): a run that only PRINTS how much it did not measure still exits 0, and a green is trusted the moment it is in the run.


failures:
    assert_b_no_dest_tst_form
    assert_l_with_dest_odd_parity_no_pad
    assert_w_with_dest_symbol_immediate
    raise_error_frame_differs_from_exception_stub
    raise_error_with_byte_arg
    raise_exception_address_error_matches_address_error_stub
    raise_exception_address_error_matches_bus_error_stub
    raise_exception_opts0_matches_default_stub

test result: FAILED. 7 passed; 8 failed; 0 ignored; 0 measured; 0 filtered out; finished in 0.00s

error: test failed, to rerun pass `-p sigil-cli --test diag_assert_vector`
     Running tests/dma_queue_port.rs (/home/volence/sonic_hacks/.scratch/width-suffix/target-base/release/deps/dma_queue_port-da6f526f03d70a8e)

running 2 tests
test dma_queue_debug_region_matches_reference ... FAILED
test dma_queue_region_matches_reference ... FAILED

failures:

---- dma_queue_debug_region_matches_reference stdout ----

thread 'dma_queue_debug_region_matches_reference' (3904356) panicked at crates/sigil-harness/src/test_support.rs:1312:9:
NO REFERENCE TREE IS NAMED, so this run can measure nothing it could attribute, and STOPS. This run DECLINED to use /home/volence/sonic_hacks/aeon, which step 3 derived from this checkout's own location: it is a working checkout outside this repository, its revision changes under a run without notice, and a result measured against it would be attributable to whatever it happened to contain rather than to the code under test.

The resolver's own answer: reference-tree: /home/volence/sonic_hacks/aeon (SUITE_PATHS step 3, DERIVED from this checkout's own location, nobody named it)

Either name a provisioned tree, AEON_DIR=<aeon checkout> (scripts/provision-aeon-ref.sh), or EMPYREAN_SUITE_ROOT=<the directory holding the suite>, or declare a partial run with SIGIL_ALLOW_PARTIAL=1, in which case every reference-dependent row is left unmeasured and the run says how many. Ruled d-18 (docs/OVERSEER-REFERENCE.md, 2026-09-02): a run that only PRINTS how much it did not measure still exits 0, and a green is trusted the moment it is in the run.
note: run with `RUST_BACKTRACE=1` environment variable to display a backtrace

---- dma_queue_region_matches_reference stdout ----

thread 'dma_queue_region_matches_reference' (3904357) panicked at crates/sigil-harness/src/test_support.rs:1312:9:
NO REFERENCE TREE IS NAMED, so this run can measure nothing it could attribute, and STOPS. This run DECLINED to use /home/volence/sonic_hacks/aeon, which step 3 derived from this checkout's own location: it is a working checkout outside this repository, its revision changes under a run without notice, and a result measured against it would be attributable to whatever it happened to contain rather than to the code under test.

The resolver's own answer: reference-tree: /home/volence/sonic_hacks/aeon (SUITE_PATHS step 3, DERIVED from this checkout's own location, nobody named it)

Either name a provisioned tree, AEON_DIR=<aeon checkout> (scripts/provision-aeon-ref.sh), or EMPYREAN_SUITE_ROOT=<the directory holding the suite>, or declare a partial run with SIGIL_ALLOW_PARTIAL=1, in which case every reference-dependent row is left unmeasured and the run says how many. Ruled d-18 (docs/OVERSEER-REFERENCE.md, 2026-09-02): a run that only PRINTS how much it did not measure still exits 0, and a green is trusted the moment it is in the run.


failures:
    dma_queue_debug_region_matches_reference
    dma_queue_region_matches_reference

test result: FAILED. 0 passed; 2 failed; 0 ignored; 0 measured; 0 filtered out; finished in 0.00s

error: test failed, to rerun pass `-p sigil-cli --test dma_queue_port`
     Running tests/dplc_negative_probes.rs (/home/volence/sonic_hacks/.scratch/width-suffix/target-base/release/deps/dplc_negative_probes-60e86faa2f590f3f)

running 3 tests
test doctored_shift_count_produces_different_bytes_than_genuine ... FAILED
test wrong_base_map_places_the_section_at_a_different_address ... FAILED
test standalone_compile_without_cross_seam_labels_is_a_loud_missing_symbol_error ... FAILED

failures:

---- doctored_shift_count_produces_different_bytes_than_genuine stdout ----

thread 'doctored_shift_count_produces_different_bytes_than_genuine' (3904360) panicked at crates/sigil-harness/src/test_support.rs:1312:9:
NO REFERENCE TREE IS NAMED, so this run can measure nothing it could attribute, and STOPS. This run DECLINED to use /home/volence/sonic_hacks/aeon, which step 3 derived from this checkout's own location: it is a working checkout outside this repository, its revision changes under a run without notice, and a result measured against it would be attributable to whatever it happened to contain rather than to the code under test.

The resolver's own answer: reference-tree: /home/volence/sonic_hacks/aeon (SUITE_PATHS step 3, DERIVED from this checkout's own location, nobody named it)

Either name a provisioned tree, AEON_DIR=<aeon checkout> (scripts/provision-aeon-ref.sh), or EMPYREAN_SUITE_ROOT=<the directory holding the suite>, or declare a partial run with SIGIL_ALLOW_PARTIAL=1, in which case every reference-dependent row is left unmeasured and the run says how many. Ruled d-18 (docs/OVERSEER-REFERENCE.md, 2026-09-02): a run that only PRINTS how much it did not measure still exits 0, and a green is trusted the moment it is in the run.
note: run with `RUST_BACKTRACE=1` environment variable to display a backtrace

---- wrong_base_map_places_the_section_at_a_different_address stdout ----

thread 'wrong_base_map_places_the_section_at_a_different_address' (3904362) panicked at crates/sigil-harness/src/test_support.rs:1312:9:
NO REFERENCE TREE IS NAMED, so this run can measure nothing it could attribute, and STOPS. This run DECLINED to use /home/volence/sonic_hacks/aeon, which step 3 derived from this checkout's own location: it is a working checkout outside this repository, its revision changes under a run without notice, and a result measured against it would be attributable to whatever it happened to contain rather than to the code under test.

The resolver's own answer: reference-tree: /home/volence/sonic_hacks/aeon (SUITE_PATHS step 3, DERIVED from this checkout's own location, nobody named it)

Either name a provisioned tree, AEON_DIR=<aeon checkout> (scripts/provision-aeon-ref.sh), or EMPYREAN_SUITE_ROOT=<the directory holding the suite>, or declare a partial run with SIGIL_ALLOW_PARTIAL=1, in which case every reference-dependent row is left unmeasured and the run says how many. Ruled d-18 (docs/OVERSEER-REFERENCE.md, 2026-09-02): a run that only PRINTS how much it did not measure still exits 0, and a green is trusted the moment it is in the run.

---- standalone_compile_without_cross_seam_labels_is_a_loud_missing_symbol_error stdout ----

thread 'standalone_compile_without_cross_seam_labels_is_a_loud_missing_symbol_error' (3904361) panicked at crates/sigil-harness/src/test_support.rs:1312:9:
NO REFERENCE TREE IS NAMED, so this run can measure nothing it could attribute, and STOPS. This run DECLINED to use /home/volence/sonic_hacks/aeon, which step 3 derived from this checkout's own location: it is a working checkout outside this repository, its revision changes under a run without notice, and a result measured against it would be attributable to whatever it happened to contain rather than to the code under test.

The resolver's own answer: reference-tree: /home/volence/sonic_hacks/aeon (SUITE_PATHS step 3, DERIVED from this checkout's own location, nobody named it)

Either name a provisioned tree, AEON_DIR=<aeon checkout> (scripts/provision-aeon-ref.sh), or EMPYREAN_SUITE_ROOT=<the directory holding the suite>, or declare a partial run with SIGIL_ALLOW_PARTIAL=1, in which case every reference-dependent row is left unmeasured and the run says how many. Ruled d-18 (docs/OVERSEER-REFERENCE.md, 2026-09-02): a run that only PRINTS how much it did not measure still exits 0, and a green is trusted the moment it is in the run.


failures:
    doctored_shift_count_produces_different_bytes_than_genuine
    standalone_compile_without_cross_seam_labels_is_a_loud_missing_symbol_error
    wrong_base_map_places_the_section_at_a_different_address

test result: FAILED. 0 passed; 3 failed; 0 ignored; 0 measured; 0 filtered out; finished in 0.00s

error: test failed, to rerun pass `-p sigil-cli --test dplc_negative_probes`
     Running tests/dplc_port.rs (/home/volence/sonic_hacks/.scratch/width-suffix/target-base/release/deps/dplc_port-1bd1ce7798f66723)

running 4 tests
test dplc_region_matches_reference ... FAILED
test dplc_debug_region_matches_reference ... FAILED
test two_module_ownership_flip_plain ... FAILED
test two_module_ownership_flip_debug ... FAILED

failures:

---- dplc_region_matches_reference stdout ----

thread 'dplc_region_matches_reference' (3904366) panicked at crates/sigil-harness/src/test_support.rs:1312:9:
NO REFERENCE TREE IS NAMED, so this run can measure nothing it could attribute, and STOPS. This run DECLINED to use /home/volence/sonic_hacks/aeon, which step 3 derived from this checkout's own location: it is a working checkout outside this repository, its revision changes under a run without notice, and a result measured against it would be attributable to whatever it happened to contain rather than to the code under test.

The resolver's own answer: reference-tree: /home/volence/sonic_hacks/aeon (SUITE_PATHS step 3, DERIVED from this checkout's own location, nobody named it)

Either name a provisioned tree, AEON_DIR=<aeon checkout> (scripts/provision-aeon-ref.sh), or EMPYREAN_SUITE_ROOT=<the directory holding the suite>, or declare a partial run with SIGIL_ALLOW_PARTIAL=1, in which case every reference-dependent row is left unmeasured and the run says how many. Ruled d-18 (docs/OVERSEER-REFERENCE.md, 2026-09-02): a run that only PRINTS how much it did not measure still exits 0, and a green is trusted the moment it is in the run.

---- dplc_debug_region_matches_reference stdout ----

thread 'dplc_debug_region_matches_reference' (3904365) panicked at crates/sigil-harness/src/test_support.rs:1312:9:
NO REFERENCE TREE IS NAMED, so this run can measure nothing it could attribute, and STOPS. This run DECLINED to use /home/volence/sonic_hacks/aeon, which step 3 derived from this checkout's own location: it is a working checkout outside this repository, its revision changes under a run without notice, and a result measured against it would be attributable to whatever it happened to contain rather than to the code under test.

The resolver's own answer: reference-tree: /home/volence/sonic_hacks/aeon (SUITE_PATHS step 3, DERIVED from this checkout's own location, nobody named it)

Either name a provisioned tree, AEON_DIR=<aeon checkout> (scripts/provision-aeon-ref.sh), or EMPYREAN_SUITE_ROOT=<the directory holding the suite>, or declare a partial run with SIGIL_ALLOW_PARTIAL=1, in which case every reference-dependent row is left unmeasured and the run says how many. Ruled d-18 (docs/OVERSEER-REFERENCE.md, 2026-09-02): a run that only PRINTS how much it did not measure still exits 0, and a green is trusted the moment it is in the run.
note: run with `RUST_BACKTRACE=1` environment variable to display a backtrace

---- two_module_ownership_flip_plain stdout ----

thread 'two_module_ownership_flip_plain' (3904368) panicked at crates/sigil-harness/src/test_support.rs:1312:9:
NO REFERENCE TREE IS NAMED, so this run can measure nothing it could attribute, and STOPS. This run DECLINED to use /home/volence/sonic_hacks/aeon, which step 3 derived from this checkout's own location: it is a working checkout outside this repository, its revision changes under a run without notice, and a result measured against it would be attributable to whatever it happened to contain rather than to the code under test.

The resolver's own answer: reference-tree: /home/volence/sonic_hacks/aeon (SUITE_PATHS step 3, DERIVED from this checkout's own location, nobody named it)

Either name a provisioned tree, AEON_DIR=<aeon checkout> (scripts/provision-aeon-ref.sh), or EMPYREAN_SUITE_ROOT=<the directory holding the suite>, or declare a partial run with SIGIL_ALLOW_PARTIAL=1, in which case every reference-dependent row is left unmeasured and the run says how many. Ruled d-18 (docs/OVERSEER-REFERENCE.md, 2026-09-02): a run that only PRINTS how much it did not measure still exits 0, and a green is trusted the moment it is in the run.

---- two_module_ownership_flip_debug stdout ----

thread 'two_module_ownership_flip_debug' (3904367) panicked at crates/sigil-harness/src/test_support.rs:1312:9:
NO REFERENCE TREE IS NAMED, so this run can measure nothing it could attribute, and STOPS. This run DECLINED to use /home/volence/sonic_hacks/aeon, which step 3 derived from this checkout's own location: it is a working checkout outside this repository, its revision changes under a run without notice, and a result measured against it would be attributable to whatever it happened to contain rather than to the code under test.

The resolver's own answer: reference-tree: /home/volence/sonic_hacks/aeon (SUITE_PATHS step 3, DERIVED from this checkout's own location, nobody named it)

Either name a provisioned tree, AEON_DIR=<aeon checkout> (scripts/provision-aeon-ref.sh), or EMPYREAN_SUITE_ROOT=<the directory holding the suite>, or declare a partial run with SIGIL_ALLOW_PARTIAL=1, in which case every reference-dependent row is left unmeasured and the run says how many. Ruled d-18 (docs/OVERSEER-REFERENCE.md, 2026-09-02): a run that only PRINTS how much it did not measure still exits 0, and a green is trusted the moment it is in the run.


failures:
    dplc_debug_region_matches_reference
    dplc_region_matches_reference
    two_module_ownership_flip_debug
    two_module_ownership_flip_plain

test result: FAILED. 0 passed; 4 failed; 0 ignored; 0 measured; 0 filtered out; finished in 0.00s

error: test failed, to rerun pass `-p sigil-cli --test dplc_port`
     Running tests/drift_nightly_harness.rs (/home/volence/sonic_hacks/.scratch/width-suffix/target-base/release/deps/drift_nightly_harness-613a46c545e34c6a)

running 7 tests
test the_lane_is_wired_to_files_that_exist ... ok
test the_seam_verdict_separates_absent_from_broken ... ok
test no_landing_path_invokes_the_drift_job ... ok
test the_reference_path_sweep_proves_itself ... ok
test n_lives_in_config_and_the_tool_refuses_to_default_it ... ok
test the_record_seam_is_empty_and_absence_is_not_a_pass ... ok
test the_drift_report_state_machine_proves_itself ... ok

test result: ok. 7 passed; 0 failed; 0 ignored; 0 measured; 0 filtered out; finished in 0.08s

     Running tests/emp_cpu_attr_spelling.rs (/home/volence/sonic_hacks/.scratch/width-suffix/target-base/release/deps/emp_cpu_attr_spelling-57bd8d87aae56af9)

running 19 tests
test each_processor_has_exactly_one_accepted_spelling ... ok
test every_refused_alias_names_a_replacement_the_attribute_accepts ... ok
test every_cpu_spelling_written_in_the_aeon_tree_is_accepted ... FAILED
test a_bare_numeric_processor_name_is_refused_and_named ... ok
test an_unrecognized_spelling_at_a_module_head_is_refused_by_name ... ok
test a_diagnostic_that_names_a_processor_names_an_acceptable_spelling ... ok
test the_refusal_points_at_the_offending_value ... ok
test the_shipped_command_refuses_and_writes_nothing ... ok
test the_same_fixture_under_an_accepted_spelling_assembles ... ok
test a_dotted_path_is_not_a_processor_name ... ok
test the_alias_refusal_points_at_the_offending_value ... ok
test the_shipped_command_refuses_m68k_and_prints_the_line_to_write ... ok
test the_spellings_aeon_writes_today_are_accepted ... ok
test the_first_contact_examples_processor_declarations_all_resolve ... ok
test every_accepted_spelling_works_at_the_module_head ... ok
test a_near_miss_of_an_alias_is_refused_as_unrecognized ... ok
test every_accepted_spelling_selects_the_target_the_table_names ... ok
test an_unrecognized_spelling_at_a_section_head_is_refused_by_name ... ok
test m68k_is_refused_by_name_with_the_line_to_write ... ok

failures:

---- every_cpu_spelling_written_in_the_aeon_tree_is_accepted stdout ----

thread 'every_cpu_spelling_written_in_the_aeon_tree_is_accepted' (3904420) panicked at crates/sigil-harness/src/test_support.rs:1312:9:
NO REFERENCE TREE IS NAMED, so this run can measure nothing it could attribute, and STOPS. This run DECLINED to use /home/volence/sonic_hacks/aeon, which step 3 derived from this checkout's own location: it is a working checkout outside this repository, its revision changes under a run without notice, and a result measured against it would be attributable to whatever it happened to contain rather than to the code under test.

The resolver's own answer: reference-tree: /home/volence/sonic_hacks/aeon (SUITE_PATHS step 3, DERIVED from this checkout's own location, nobody named it)

Either name a provisioned tree, AEON_DIR=<aeon checkout> (scripts/provision-aeon-ref.sh), or EMPYREAN_SUITE_ROOT=<the directory holding the suite>, or declare a partial run with SIGIL_ALLOW_PARTIAL=1, in which case every reference-dependent row is left unmeasured and the run says how many. Ruled d-18 (docs/OVERSEER-REFERENCE.md, 2026-09-02): a run that only PRINTS how much it did not measure still exits 0, and a green is trusted the moment it is in the run.
note: run with `RUST_BACKTRACE=1` environment variable to display a backtrace


failures:
    every_cpu_spelling_written_in_the_aeon_tree_is_accepted

test result: FAILED. 18 passed; 1 failed; 0 ignored; 0 measured; 0 filtered out; finished in 0.00s

error: test failed, to rerun pass `-p sigil-cli --test emp_cpu_attr_spelling`
     Running tests/emp_output_disposition.rs (/home/volence/sonic_hacks/.scratch/width-suffix/target-base/release/deps/emp_output_disposition-cdceb6eab9f68be7)

running 6 tests
test prelude_without_root_is_refused_by_name ... ok
test discarding_the_image_is_not_an_error ... ok
test built_line_names_the_path_on_the_root_path ... ok
test prelude_with_root_still_builds ... ok
test map_and_prelude_refuse_at_the_same_exit_code ... ok
test built_line_distinguishes_written_from_discarded ... ok

test result: ok. 6 passed; 0 failed; 0 ignored; 0 measured; 0 filtered out; finished in 0.00s

     Running tests/end_to_end.rs (/home/volence/sonic_hacks/.scratch/width-suffix/target-base/release/deps/end_to_end-4fdc261ae48815cf)

running 1 test
test golden_sample_end_to_end ... ok

test result: ok. 1 passed; 0 failed; 0 ignored; 0 measured; 0 filtered out; finished in 0.00s

     Running tests/entity_window_port.rs (/home/volence/sonic_hacks/.scratch/width-suffix/target-base/release/deps/entity_window_port-2d0443985841f47d)

running 4 tests
test entity_window_debug_region_matches_reference ... FAILED
test two_module_ownership_flip_debug ... FAILED
test entity_window_region_matches_reference ... FAILED
test two_module_ownership_flip_plain ... FAILED

failures:

---- entity_window_debug_region_matches_reference stdout ----

thread 'entity_window_debug_region_matches_reference' (3904623) panicked at crates/sigil-harness/src/test_support.rs:1312:9:
NO REFERENCE TREE IS NAMED, so this run can measure nothing it could attribute, and STOPS. This run DECLINED to use /home/volence/sonic_hacks/aeon, which step 3 derived from this checkout's own location: it is a working checkout outside this repository, its revision changes under a run without notice, and a result measured against it would be attributable to whatever it happened to contain rather than to the code under test.

The resolver's own answer: reference-tree: /home/volence/sonic_hacks/aeon (SUITE_PATHS step 3, DERIVED from this checkout's own location, nobody named it)

Either name a provisioned tree, AEON_DIR=<aeon checkout> (scripts/provision-aeon-ref.sh), or EMPYREAN_SUITE_ROOT=<the directory holding the suite>, or declare a partial run with SIGIL_ALLOW_PARTIAL=1, in which case every reference-dependent row is left unmeasured and the run says how many. Ruled d-18 (docs/OVERSEER-REFERENCE.md, 2026-09-02): a run that only PRINTS how much it did not measure still exits 0, and a green is trusted the moment it is in the run.
note: run with `RUST_BACKTRACE=1` environment variable to display a backtrace

---- two_module_ownership_flip_debug stdout ----

thread 'two_module_ownership_flip_debug' (3904625) panicked at crates/sigil-harness/src/test_support.rs:1312:9:
NO REFERENCE TREE IS NAMED, so this run can measure nothing it could attribute, and STOPS. This run DECLINED to use /home/volence/sonic_hacks/aeon, which step 3 derived from this checkout's own location: it is a working checkout outside this repository, its revision changes under a run without notice, and a result measured against it would be attributable to whatever it happened to contain rather than to the code under test.

The resolver's own answer: reference-tree: /home/volence/sonic_hacks/aeon (SUITE_PATHS step 3, DERIVED from this checkout's own location, nobody named it)

Either name a provisioned tree, AEON_DIR=<aeon checkout> (scripts/provision-aeon-ref.sh), or EMPYREAN_SUITE_ROOT=<the directory holding the suite>, or declare a partial run with SIGIL_ALLOW_PARTIAL=1, in which case every reference-dependent row is left unmeasured and the run says how many. Ruled d-18 (docs/OVERSEER-REFERENCE.md, 2026-09-02): a run that only PRINTS how much it did not measure still exits 0, and a green is trusted the moment it is in the run.

---- entity_window_region_matches_reference stdout ----

thread 'entity_window_region_matches_reference' (3904624) panicked at crates/sigil-harness/src/test_support.rs:1312:9:
NO REFERENCE TREE IS NAMED, so this run can measure nothing it could attribute, and STOPS. This run DECLINED to use /home/volence/sonic_hacks/aeon, which step 3 derived from this checkout's own location: it is a working checkout outside this repository, its revision changes under a run without notice, and a result measured against it would be attributable to whatever it happened to contain rather than to the code under test.

The resolver's own answer: reference-tree: /home/volence/sonic_hacks/aeon (SUITE_PATHS step 3, DERIVED from this checkout's own location, nobody named it)

Either name a provisioned tree, AEON_DIR=<aeon checkout> (scripts/provision-aeon-ref.sh), or EMPYREAN_SUITE_ROOT=<the directory holding the suite>, or declare a partial run with SIGIL_ALLOW_PARTIAL=1, in which case every reference-dependent row is left unmeasured and the run says how many. Ruled d-18 (docs/OVERSEER-REFERENCE.md, 2026-09-02): a run that only PRINTS how much it did not measure still exits 0, and a green is trusted the moment it is in the run.

---- two_module_ownership_flip_plain stdout ----

thread 'two_module_ownership_flip_plain' (3904626) panicked at crates/sigil-harness/src/test_support.rs:1312:9:
NO REFERENCE TREE IS NAMED, so this run can measure nothing it could attribute, and STOPS. This run DECLINED to use /home/volence/sonic_hacks/aeon, which step 3 derived from this checkout's own location: it is a working checkout outside this repository, its revision changes under a run without notice, and a result measured against it would be attributable to whatever it happened to contain rather than to the code under test.

The resolver's own answer: reference-tree: /home/volence/sonic_hacks/aeon (SUITE_PATHS step 3, DERIVED from this checkout's own location, nobody named it)

Either name a provisioned tree, AEON_DIR=<aeon checkout> (scripts/provision-aeon-ref.sh), or EMPYREAN_SUITE_ROOT=<the directory holding the suite>, or declare a partial run with SIGIL_ALLOW_PARTIAL=1, in which case every reference-dependent row is left unmeasured and the run says how many. Ruled d-18 (docs/OVERSEER-REFERENCE.md, 2026-09-02): a run that only PRINTS how much it did not measure still exits 0, and a green is trusted the moment it is in the run.


failures:
    entity_window_debug_region_matches_reference
    entity_window_region_matches_reference
    two_module_ownership_flip_debug
    two_module_ownership_flip_plain

test result: FAILED. 0 passed; 4 failed; 0 ignored; 0 measured; 0 filtered out; finished in 0.00s

error: test failed, to rerun pass `-p sigil-cli --test entity_window_port`
     Running tests/error_handler_port.rs (/home/volence/sonic_hacks/.scratch/width-suffix/target-base/release/deps/error_handler_port-e4ec5ddd6b90c207)

running 4 tests
test derived_equ_off_external_base_resolves ... ok
test vector_labels_resolve_to_emp_ownership ... FAILED
test error_handler_region_matches_reference ... FAILED
test error_handler_debug_region_matches_reference ... FAILED

failures:

---- vector_labels_resolve_to_emp_ownership stdout ----

thread 'vector_labels_resolve_to_emp_ownership' (3904632) panicked at crates/sigil-harness/src/test_support.rs:1312:9:
NO REFERENCE TREE IS NAMED, so this run can measure nothing it could attribute, and STOPS. This run DECLINED to use /home/volence/sonic_hacks/aeon, which step 3 derived from this checkout's own location: it is a working checkout outside this repository, its revision changes under a run without notice, and a result measured against it would be attributable to whatever it happened to contain rather than to the code under test.

The resolver's own answer: reference-tree: /home/volence/sonic_hacks/aeon (SUITE_PATHS step 3, DERIVED from this checkout's own location, nobody named it)

Either name a provisioned tree, AEON_DIR=<aeon checkout> (scripts/provision-aeon-ref.sh), or EMPYREAN_SUITE_ROOT=<the directory holding the suite>, or declare a partial run with SIGIL_ALLOW_PARTIAL=1, in which case every reference-dependent row is left unmeasured and the run says how many. Ruled d-18 (docs/OVERSEER-REFERENCE.md, 2026-09-02): a run that only PRINTS how much it did not measure still exits 0, and a green is trusted the moment it is in the run.

---- error_handler_region_matches_reference stdout ----

thread 'error_handler_region_matches_reference' (3904631) panicked at crates/sigil-harness/src/test_support.rs:1312:9:
NO REFERENCE TREE IS NAMED, so this run can measure nothing it could attribute, and STOPS. This run DECLINED to use /home/volence/sonic_hacks/aeon, which step 3 derived from this checkout's own location: it is a working checkout outside this repository, its revision changes under a run without notice, and a result measured against it would be attributable to whatever it happened to contain rather than to the code under test.

The resolver's own answer: reference-tree: /home/volence/sonic_hacks/aeon (SUITE_PATHS step 3, DERIVED from this checkout's own location, nobody named it)

Either name a provisioned tree, AEON_DIR=<aeon checkout> (scripts/provision-aeon-ref.sh), or EMPYREAN_SUITE_ROOT=<the directory holding the suite>, or declare a partial run with SIGIL_ALLOW_PARTIAL=1, in which case every reference-dependent row is left unmeasured and the run says how many. Ruled d-18 (docs/OVERSEER-REFERENCE.md, 2026-09-02): a run that only PRINTS how much it did not measure still exits 0, and a green is trusted the moment it is in the run.

---- error_handler_debug_region_matches_reference stdout ----

thread 'error_handler_debug_region_matches_reference' (3904630) panicked at crates/sigil-harness/src/test_support.rs:1312:9:
NO REFERENCE TREE IS NAMED, so this run can measure nothing it could attribute, and STOPS. This run DECLINED to use /home/volence/sonic_hacks/aeon, which step 3 derived from this checkout's own location: it is a working checkout outside this repository, its revision changes under a run without notice, and a result measured against it would be attributable to whatever it happened to contain rather than to the code under test.

The resolver's own answer: reference-tree: /home/volence/sonic_hacks/aeon (SUITE_PATHS step 3, DERIVED from this checkout's own location, nobody named it)

Either name a provisioned tree, AEON_DIR=<aeon checkout> (scripts/provision-aeon-ref.sh), or EMPYREAN_SUITE_ROOT=<the directory holding the suite>, or declare a partial run with SIGIL_ALLOW_PARTIAL=1, in which case every reference-dependent row is left unmeasured and the run says how many. Ruled d-18 (docs/OVERSEER-REFERENCE.md, 2026-09-02): a run that only PRINTS how much it did not measure still exits 0, and a green is trusted the moment it is in the run.
note: run with `RUST_BACKTRACE=1` environment variable to display a backtrace


failures:
    error_handler_debug_region_matches_reference
    error_handler_region_matches_reference
    vector_labels_resolve_to_emp_ownership

test result: FAILED. 1 passed; 3 failed; 0 ignored; 0 measured; 0 filtered out; finished in 0.00s

error: test failed, to rerun pass `-p sigil-cli --test error_handler_port`
     Running tests/extra_entry.rs (/home/volence/sonic_hacks/.scratch/width-suffix/target-base/release/deps/extra_entry-24fe57852fd37561)

running 8 tests
test a_contributing_extra_entry_is_refused ... FAILED
test a_failing_extra_entry_fails_the_build_with_its_message ... FAILED
test the_cli_writes_the_same_rom_with_a_passing_extra_entry ... FAILED
test a_missing_extra_entry_errors_loudly ... FAILED
test every_aeon_fixture_this_file_names_still_resolves ... FAILED
test a_passing_extra_entry_moves_no_bytes ... FAILED
test an_off_canonical_target_honours_the_flag ... FAILED
test two_extra_entries_compose ... FAILED

failures:

---- a_contributing_extra_entry_is_refused stdout ----

thread 'a_contributing_extra_entry_is_refused' (3904635) panicked at crates/sigil-harness/src/test_support.rs:1312:9:
NO REFERENCE TREE IS NAMED, so this run can measure nothing it could attribute, and STOPS. This run DECLINED to use /home/volence/sonic_hacks/aeon, which step 3 derived from this checkout's own location: it is a working checkout outside this repository, its revision changes under a run without notice, and a result measured against it would be attributable to whatever it happened to contain rather than to the code under test.

The resolver's own answer: reference-tree: /home/volence/sonic_hacks/aeon (SUITE_PATHS step 3, DERIVED from this checkout's own location, nobody named it)

Either name a provisioned tree, AEON_DIR=<aeon checkout> (scripts/provision-aeon-ref.sh), or EMPYREAN_SUITE_ROOT=<the directory holding the suite>, or declare a partial run with SIGIL_ALLOW_PARTIAL=1, in which case every reference-dependent row is left unmeasured and the run says how many. Ruled d-18 (docs/OVERSEER-REFERENCE.md, 2026-09-02): a run that only PRINTS how much it did not measure still exits 0, and a green is trusted the moment it is in the run.
note: run with `RUST_BACKTRACE=1` environment variable to display a backtrace

---- a_failing_extra_entry_fails_the_build_with_its_message stdout ----

thread 'a_failing_extra_entry_fails_the_build_with_its_message' (3904636) panicked at crates/sigil-harness/src/test_support.rs:1312:9:
NO REFERENCE TREE IS NAMED, so this run can measure nothing it could attribute, and STOPS. This run DECLINED to use /home/volence/sonic_hacks/aeon, which step 3 derived from this checkout's own location: it is a working checkout outside this repository, its revision changes under a run without notice, and a result measured against it would be attributable to whatever it happened to contain rather than to the code under test.

The resolver's own answer: reference-tree: /home/volence/sonic_hacks/aeon (SUITE_PATHS step 3, DERIVED from this checkout's own location, nobody named it)

Either name a provisioned tree, AEON_DIR=<aeon checkout> (scripts/provision-aeon-ref.sh), or EMPYREAN_SUITE_ROOT=<the directory holding the suite>, or declare a partial run with SIGIL_ALLOW_PARTIAL=1, in which case every reference-dependent row is left unmeasured and the run says how many. Ruled d-18 (docs/OVERSEER-REFERENCE.md, 2026-09-02): a run that only PRINTS how much it did not measure still exits 0, and a green is trusted the moment it is in the run.

---- the_cli_writes_the_same_rom_with_a_passing_extra_entry stdout ----

thread 'the_cli_writes_the_same_rom_with_a_passing_extra_entry' (3904641) panicked at crates/sigil-harness/src/test_support.rs:1312:9:
NO REFERENCE TREE IS NAMED, so this run can measure nothing it could attribute, and STOPS. This run DECLINED to use /home/volence/sonic_hacks/aeon, which step 3 derived from this checkout's own location: it is a working checkout outside this repository, its revision changes under a run without notice, and a result measured against it would be attributable to whatever it happened to contain rather than to the code under test.

The resolver's own answer: reference-tree: /home/volence/sonic_hacks/aeon (SUITE_PATHS step 3, DERIVED from this checkout's own location, nobody named it)

Either name a provisioned tree, AEON_DIR=<aeon checkout> (scripts/provision-aeon-ref.sh), or EMPYREAN_SUITE_ROOT=<the directory holding the suite>, or declare a partial run with SIGIL_ALLOW_PARTIAL=1, in which case every reference-dependent row is left unmeasured and the run says how many. Ruled d-18 (docs/OVERSEER-REFERENCE.md, 2026-09-02): a run that only PRINTS how much it did not measure still exits 0, and a green is trusted the moment it is in the run.

---- a_missing_extra_entry_errors_loudly stdout ----

thread 'a_missing_extra_entry_errors_loudly' (3904637) panicked at crates/sigil-harness/src/test_support.rs:1312:9:
NO REFERENCE TREE IS NAMED, so this run can measure nothing it could attribute, and STOPS. This run DECLINED to use /home/volence/sonic_hacks/aeon, which step 3 derived from this checkout's own location: it is a working checkout outside this repository, its revision changes under a run without notice, and a result measured against it would be attributable to whatever it happened to contain rather than to the code under test.

The resolver's own answer: reference-tree: /home/volence/sonic_hacks/aeon (SUITE_PATHS step 3, DERIVED from this checkout's own location, nobody named it)

Either name a provisioned tree, AEON_DIR=<aeon checkout> (scripts/provision-aeon-ref.sh), or EMPYREAN_SUITE_ROOT=<the directory holding the suite>, or declare a partial run with SIGIL_ALLOW_PARTIAL=1, in which case every reference-dependent row is left unmeasured and the run says how many. Ruled d-18 (docs/OVERSEER-REFERENCE.md, 2026-09-02): a run that only PRINTS how much it did not measure still exits 0, and a green is trusted the moment it is in the run.

---- every_aeon_fixture_this_file_names_still_resolves stdout ----

thread 'every_aeon_fixture_this_file_names_still_resolves' (3904640) panicked at crates/sigil-harness/src/test_support.rs:1312:9:
NO REFERENCE TREE IS NAMED, so this run can measure nothing it could attribute, and STOPS. This run DECLINED to use /home/volence/sonic_hacks/aeon, which step 3 derived from this checkout's own location: it is a working checkout outside this repository, its revision changes under a run without notice, and a result measured against it would be attributable to whatever it happened to contain rather than to the code under test.

The resolver's own answer: reference-tree: /home/volence/sonic_hacks/aeon (SUITE_PATHS step 3, DERIVED from this checkout's own location, nobody named it)

Either name a provisioned tree, AEON_DIR=<aeon checkout> (scripts/provision-aeon-ref.sh), or EMPYREAN_SUITE_ROOT=<the directory holding the suite>, or declare a partial run with SIGIL_ALLOW_PARTIAL=1, in which case every reference-dependent row is left unmeasured and the run says how many. Ruled d-18 (docs/OVERSEER-REFERENCE.md, 2026-09-02): a run that only PRINTS how much it did not measure still exits 0, and a green is trusted the moment it is in the run.

---- a_passing_extra_entry_moves_no_bytes stdout ----

thread 'a_passing_extra_entry_moves_no_bytes' (3904638) panicked at crates/sigil-harness/src/test_support.rs:1312:9:
NO REFERENCE TREE IS NAMED, so this run can measure nothing it could attribute, and STOPS. This run DECLINED to use /home/volence/sonic_hacks/aeon, which step 3 derived from this checkout's own location: it is a working checkout outside this repository, its revision changes under a run without notice, and a result measured against it would be attributable to whatever it happened to contain rather than to the code under test.

The resolver's own answer: reference-tree: /home/volence/sonic_hacks/aeon (SUITE_PATHS step 3, DERIVED from this checkout's own location, nobody named it)

Either name a provisioned tree, AEON_DIR=<aeon checkout> (scripts/provision-aeon-ref.sh), or EMPYREAN_SUITE_ROOT=<the directory holding the suite>, or declare a partial run with SIGIL_ALLOW_PARTIAL=1, in which case every reference-dependent row is left unmeasured and the run says how many. Ruled d-18 (docs/OVERSEER-REFERENCE.md, 2026-09-02): a run that only PRINTS how much it did not measure still exits 0, and a green is trusted the moment it is in the run.

---- an_off_canonical_target_honours_the_flag stdout ----

thread 'an_off_canonical_target_honours_the_flag' (3904639) panicked at crates/sigil-harness/src/test_support.rs:1312:9:
NO REFERENCE TREE IS NAMED, so this run can measure nothing it could attribute, and STOPS. This run DECLINED to use /home/volence/sonic_hacks/aeon, which step 3 derived from this checkout's own location: it is a working checkout outside this repository, its revision changes under a run without notice, and a result measured against it would be attributable to whatever it happened to contain rather than to the code under test.

The resolver's own answer: reference-tree: /home/volence/sonic_hacks/aeon (SUITE_PATHS step 3, DERIVED from this checkout's own location, nobody named it)

Either name a provisioned tree, AEON_DIR=<aeon checkout> (scripts/provision-aeon-ref.sh), or EMPYREAN_SUITE_ROOT=<the directory holding the suite>, or declare a partial run with SIGIL_ALLOW_PARTIAL=1, in which case every reference-dependent row is left unmeasured and the run says how many. Ruled d-18 (docs/OVERSEER-REFERENCE.md, 2026-09-02): a run that only PRINTS how much it did not measure still exits 0, and a green is trusted the moment it is in the run.

---- two_extra_entries_compose stdout ----

thread 'two_extra_entries_compose' (3904643) panicked at crates/sigil-harness/src/test_support.rs:1312:9:
NO REFERENCE TREE IS NAMED, so this run can measure nothing it could attribute, and STOPS. This run DECLINED to use /home/volence/sonic_hacks/aeon, which step 3 derived from this checkout's own location: it is a working checkout outside this repository, its revision changes under a run without notice, and a result measured against it would be attributable to whatever it happened to contain rather than to the code under test.

The resolver's own answer: reference-tree: /home/volence/sonic_hacks/aeon (SUITE_PATHS step 3, DERIVED from this checkout's own location, nobody named it)

Either name a provisioned tree, AEON_DIR=<aeon checkout> (scripts/provision-aeon-ref.sh), or EMPYREAN_SUITE_ROOT=<the directory holding the suite>, or declare a partial run with SIGIL_ALLOW_PARTIAL=1, in which case every reference-dependent row is left unmeasured and the run says how many. Ruled d-18 (docs/OVERSEER-REFERENCE.md, 2026-09-02): a run that only PRINTS how much it did not measure still exits 0, and a green is trusted the moment it is in the run.


failures:
    a_contributing_extra_entry_is_refused
    a_failing_extra_entry_fails_the_build_with_its_message
    a_missing_extra_entry_errors_loudly
    a_passing_extra_entry_moves_no_bytes
    an_off_canonical_target_honours_the_flag
    every_aeon_fixture_this_file_names_still_resolves
    the_cli_writes_the_same_rom_with_a_passing_extra_entry
    two_extra_entries_compose

test result: FAILED. 0 passed; 8 failed; 0 ignored; 0 measured; 0 filtered out; finished in 0.00s

error: test failed, to rerun pass `-p sigil-cli --test extra_entry`
     Running tests/flag_result_gate.rs (/home/volence/sonic_hacks/.scratch/width-suffix/target-base/release/deps/flag_result_gate-e04357a93f0bddaa)

running 3 tests
test sigil_contracts_0_still_skips_the_flag_family ... ok
test correct_flag_result_calls_draw_no_flag_refusal ... ok
test the_build_gate_refuses_every_flag_result_firing_with_its_location ... ok

test result: ok. 3 passed; 0 failed; 0 ignored; 0 measured; 0 filtered out; finished in 0.00s

     Running tests/game_contract_env_coverage.rs (/home/volence/sonic_hacks/.scratch/width-suffix/target-base/release/deps/game_contract_env_coverage-23ba913fb1de77ea)

running 3 tests
test a_member_filtered_out_of_the_env_is_reported_by_name ... FAILED
test derived_env_covers_every_declared_member ... FAILED
test every_shipped_manifest_is_where_the_profile_says ... FAILED

failures:

---- a_member_filtered_out_of_the_env_is_reported_by_name stdout ----

thread 'a_member_filtered_out_of_the_env_is_reported_by_name' (3904669) panicked at crates/sigil-harness/src/test_support.rs:1312:9:
NO REFERENCE TREE IS NAMED, so this run can measure nothing it could attribute, and STOPS. This run DECLINED to use /home/volence/sonic_hacks/aeon, which step 3 derived from this checkout's own location: it is a working checkout outside this repository, its revision changes under a run without notice, and a result measured against it would be attributable to whatever it happened to contain rather than to the code under test.

The resolver's own answer: reference-tree: /home/volence/sonic_hacks/aeon (SUITE_PATHS step 3, DERIVED from this checkout's own location, nobody named it)

Either name a provisioned tree, AEON_DIR=<aeon checkout> (scripts/provision-aeon-ref.sh), or EMPYREAN_SUITE_ROOT=<the directory holding the suite>, or declare a partial run with SIGIL_ALLOW_PARTIAL=1, in which case every reference-dependent row is left unmeasured and the run says how many. Ruled d-18 (docs/OVERSEER-REFERENCE.md, 2026-09-02): a run that only PRINTS how much it did not measure still exits 0, and a green is trusted the moment it is in the run.
note: run with `RUST_BACKTRACE=1` environment variable to display a backtrace

---- derived_env_covers_every_declared_member stdout ----

thread 'derived_env_covers_every_declared_member' (3904670) panicked at crates/sigil-harness/src/test_support.rs:1312:9:
NO REFERENCE TREE IS NAMED, so this run can measure nothing it could attribute, and STOPS. This run DECLINED to use /home/volence/sonic_hacks/aeon, which step 3 derived from this checkout's own location: it is a working checkout outside this repository, its revision changes under a run without notice, and a result measured against it would be attributable to whatever it happened to contain rather than to the code under test.

The resolver's own answer: reference-tree: /home/volence/sonic_hacks/aeon (SUITE_PATHS step 3, DERIVED from this checkout's own location, nobody named it)

Either name a provisioned tree, AEON_DIR=<aeon checkout> (scripts/provision-aeon-ref.sh), or EMPYREAN_SUITE_ROOT=<the directory holding the suite>, or declare a partial run with SIGIL_ALLOW_PARTIAL=1, in which case every reference-dependent row is left unmeasured and the run says how many. Ruled d-18 (docs/OVERSEER-REFERENCE.md, 2026-09-02): a run that only PRINTS how much it did not measure still exits 0, and a green is trusted the moment it is in the run.

---- every_shipped_manifest_is_where_the_profile_says stdout ----

thread 'every_shipped_manifest_is_where_the_profile_says' (3904671) panicked at crates/sigil-harness/src/test_support.rs:1312:9:
NO REFERENCE TREE IS NAMED, so this run can measure nothing it could attribute, and STOPS. This run DECLINED to use /home/volence/sonic_hacks/aeon, which step 3 derived from this checkout's own location: it is a working checkout outside this repository, its revision changes under a run without notice, and a result measured against it would be attributable to whatever it happened to contain rather than to the code under test.

The resolver's own answer: reference-tree: /home/volence/sonic_hacks/aeon (SUITE_PATHS step 3, DERIVED from this checkout's own location, nobody named it)

Either name a provisioned tree, AEON_DIR=<aeon checkout> (scripts/provision-aeon-ref.sh), or EMPYREAN_SUITE_ROOT=<the directory holding the suite>, or declare a partial run with SIGIL_ALLOW_PARTIAL=1, in which case every reference-dependent row is left unmeasured and the run says how many. Ruled d-18 (docs/OVERSEER-REFERENCE.md, 2026-09-02): a run that only PRINTS how much it did not measure still exits 0, and a green is trusted the moment it is in the run.


failures:
    a_member_filtered_out_of_the_env_is_reported_by_name
    derived_env_covers_every_declared_member
    every_shipped_manifest_is_where_the_profile_says

test result: FAILED. 0 passed; 3 failed; 0 ignored; 0 measured; 0 filtered out; finished in 0.00s

error: test failed, to rerun pass `-p sigil-cli --test game_contract_env_coverage`
     Running tests/game_debug_port.rs (/home/volence/sonic_hacks/.scratch/width-suffix/target-base/release/deps/game_debug_port-82b085e328e5ada1)

running 2 tests
test game_debug_emp_compiles_and_guards_pass_at_hotkeys ... FAILED
test two_module_flip_resolves_debug_music_toggle ... FAILED

failures:

---- game_debug_emp_compiles_and_guards_pass_at_hotkeys stdout ----

thread 'game_debug_emp_compiles_and_guards_pass_at_hotkeys' (3904674) panicked at crates/sigil-harness/src/test_support.rs:1312:9:
NO REFERENCE TREE IS NAMED, so this run can measure nothing it could attribute, and STOPS. This run DECLINED to use /home/volence/sonic_hacks/aeon, which step 3 derived from this checkout's own location: it is a working checkout outside this repository, its revision changes under a run without notice, and a result measured against it would be attributable to whatever it happened to contain rather than to the code under test.

The resolver's own answer: reference-tree: /home/volence/sonic_hacks/aeon (SUITE_PATHS step 3, DERIVED from this checkout's own location, nobody named it)

Either name a provisioned tree, AEON_DIR=<aeon checkout> (scripts/provision-aeon-ref.sh), or EMPYREAN_SUITE_ROOT=<the directory holding the suite>, or declare a partial run with SIGIL_ALLOW_PARTIAL=1, in which case every reference-dependent row is left unmeasured and the run says how many. Ruled d-18 (docs/OVERSEER-REFERENCE.md, 2026-09-02): a run that only PRINTS how much it did not measure still exits 0, and a green is trusted the moment it is in the run.
note: run with `RUST_BACKTRACE=1` environment variable to display a backtrace

---- two_module_flip_resolves_debug_music_toggle stdout ----

thread 'two_module_flip_resolves_debug_music_toggle' (3904675) panicked at crates/sigil-harness/src/test_support.rs:1312:9:
NO REFERENCE TREE IS NAMED, so this run can measure nothing it could attribute, and STOPS. This run DECLINED to use /home/volence/sonic_hacks/aeon, which step 3 derived from this checkout's own location: it is a working checkout outside this repository, its revision changes under a run without notice, and a result measured against it would be attributable to whatever it happened to contain rather than to the code under test.

The resolver's own answer: reference-tree: /home/volence/sonic_hacks/aeon (SUITE_PATHS step 3, DERIVED from this checkout's own location, nobody named it)

Either name a provisioned tree, AEON_DIR=<aeon checkout> (scripts/provision-aeon-ref.sh), or EMPYREAN_SUITE_ROOT=<the directory holding the suite>, or declare a partial run with SIGIL_ALLOW_PARTIAL=1, in which case every reference-dependent row is left unmeasured and the run says how many. Ruled d-18 (docs/OVERSEER-REFERENCE.md, 2026-09-02): a run that only PRINTS how much it did not measure still exits 0, and a green is trusted the moment it is in the run.


failures:
    game_debug_emp_compiles_and_guards_pass_at_hotkeys
    two_module_flip_resolves_debug_music_toggle

test result: FAILED. 0 passed; 2 failed; 0 ignored; 0 measured; 0 filtered out; finished in 0.00s

error: test failed, to rerun pass `-p sigil-cli --test game_debug_port`
     Running tests/game_loop_port.rs (/home/volence/sonic_hacks/.scratch/width-suffix/target-base/release/deps/game_loop_port-65b82c4b110e00e9)

running 4 tests
test game_loop_debug_region_matches_reference ... FAILED
test game_loop_region_matches_reference ... FAILED
test two_module_ownership_flip_plain ... FAILED
test two_module_ownership_flip_debug ... FAILED

failures:

---- game_loop_debug_region_matches_reference stdout ----

thread 'game_loop_debug_region_matches_reference' (3904678) panicked at crates/sigil-harness/src/test_support.rs:1312:9:
NO REFERENCE TREE IS NAMED, so this run can measure nothing it could attribute, and STOPS. This run DECLINED to use /home/volence/sonic_hacks/aeon, which step 3 derived from this checkout's own location: it is a working checkout outside this repository, its revision changes under a run without notice, and a result measured against it would be attributable to whatever it happened to contain rather than to the code under test.

The resolver's own answer: reference-tree: /home/volence/sonic_hacks/aeon (SUITE_PATHS step 3, DERIVED from this checkout's own location, nobody named it)

Either name a provisioned tree, AEON_DIR=<aeon checkout> (scripts/provision-aeon-ref.sh), or EMPYREAN_SUITE_ROOT=<the directory holding the suite>, or declare a partial run with SIGIL_ALLOW_PARTIAL=1, in which case every reference-dependent row is left unmeasured and the run says how many. Ruled d-18 (docs/OVERSEER-REFERENCE.md, 2026-09-02): a run that only PRINTS how much it did not measure still exits 0, and a green is trusted the moment it is in the run.
note: run with `RUST_BACKTRACE=1` environment variable to display a backtrace

---- game_loop_region_matches_reference stdout ----

thread 'game_loop_region_matches_reference' (3904679) panicked at crates/sigil-harness/src/test_support.rs:1312:9:
NO REFERENCE TREE IS NAMED, so this run can measure nothing it could attribute, and STOPS. This run DECLINED to use /home/volence/sonic_hacks/aeon, which step 3 derived from this checkout's own location: it is a working checkout outside this repository, its revision changes under a run without notice, and a result measured against it would be attributable to whatever it happened to contain rather than to the code under test.

The resolver's own answer: reference-tree: /home/volence/sonic_hacks/aeon (SUITE_PATHS step 3, DERIVED from this checkout's own location, nobody named it)

Either name a provisioned tree, AEON_DIR=<aeon checkout> (scripts/provision-aeon-ref.sh), or EMPYREAN_SUITE_ROOT=<the directory holding the suite>, or declare a partial run with SIGIL_ALLOW_PARTIAL=1, in which case every reference-dependent row is left unmeasured and the run says how many. Ruled d-18 (docs/OVERSEER-REFERENCE.md, 2026-09-02): a run that only PRINTS how much it did not measure still exits 0, and a green is trusted the moment it is in the run.

---- two_module_ownership_flip_plain stdout ----

thread 'two_module_ownership_flip_plain' (3904681) panicked at crates/sigil-harness/src/test_support.rs:1312:9:
NO REFERENCE TREE IS NAMED, so this run can measure nothing it could attribute, and STOPS. This run DECLINED to use /home/volence/sonic_hacks/aeon, which step 3 derived from this checkout's own location: it is a working checkout outside this repository, its revision changes under a run without notice, and a result measured against it would be attributable to whatever it happened to contain rather than to the code under test.

The resolver's own answer: reference-tree: /home/volence/sonic_hacks/aeon (SUITE_PATHS step 3, DERIVED from this checkout's own location, nobody named it)

Either name a provisioned tree, AEON_DIR=<aeon checkout> (scripts/provision-aeon-ref.sh), or EMPYREAN_SUITE_ROOT=<the directory holding the suite>, or declare a partial run with SIGIL_ALLOW_PARTIAL=1, in which case every reference-dependent row is left unmeasured and the run says how many. Ruled d-18 (docs/OVERSEER-REFERENCE.md, 2026-09-02): a run that only PRINTS how much it did not measure still exits 0, and a green is trusted the moment it is in the run.

---- two_module_ownership_flip_debug stdout ----

thread 'two_module_ownership_flip_debug' (3904680) panicked at crates/sigil-harness/src/test_support.rs:1312:9:
NO REFERENCE TREE IS NAMED, so this run can measure nothing it could attribute, and STOPS. This run DECLINED to use /home/volence/sonic_hacks/aeon, which step 3 derived from this checkout's own location: it is a working checkout outside this repository, its revision changes under a run without notice, and a result measured against it would be attributable to whatever it happened to contain rather than to the code under test.

The resolver's own answer: reference-tree: /home/volence/sonic_hacks/aeon (SUITE_PATHS step 3, DERIVED from this checkout's own location, nobody named it)

Either name a provisioned tree, AEON_DIR=<aeon checkout> (scripts/provision-aeon-ref.sh), or EMPYREAN_SUITE_ROOT=<the directory holding the suite>, or declare a partial run with SIGIL_ALLOW_PARTIAL=1, in which case every reference-dependent row is left unmeasured and the run says how many. Ruled d-18 (docs/OVERSEER-REFERENCE.md, 2026-09-02): a run that only PRINTS how much it did not measure still exits 0, and a green is trusted the moment it is in the run.


failures:
    game_loop_debug_region_matches_reference
    game_loop_region_matches_reference
    two_module_ownership_flip_debug
    two_module_ownership_flip_plain

test result: FAILED. 0 passed; 4 failed; 0 ignored; 0 measured; 0 filtered out; finished in 0.00s

error: test failed, to rerun pass `-p sigil-cli --test game_loop_port`
     Running tests/hblank_negative_probes.rs (/home/volence/sonic_hacks/.scratch/width-suffix/target-base/release/deps/hblank_negative_probes-efb1280862af532b)

running 3 tests
test doctored_jsr_register_produces_different_bytes_than_genuine ... FAILED
test wrong_base_map_places_the_section_at_a_different_address ... FAILED
test standalone_compile_without_cross_seam_label_is_a_loud_missing_symbol_error ... FAILED

failures:

---- doctored_jsr_register_produces_different_bytes_than_genuine stdout ----

thread 'doctored_jsr_register_produces_different_bytes_than_genuine' (3904684) panicked at crates/sigil-harness/src/test_support.rs:1312:9:
NO REFERENCE TREE IS NAMED, so this run can measure nothing it could attribute, and STOPS. This run DECLINED to use /home/volence/sonic_hacks/aeon, which step 3 derived from this checkout's own location: it is a working checkout outside this repository, its revision changes under a run without notice, and a result measured against it would be attributable to whatever it happened to contain rather than to the code under test.

The resolver's own answer: reference-tree: /home/volence/sonic_hacks/aeon (SUITE_PATHS step 3, DERIVED from this checkout's own location, nobody named it)

Either name a provisioned tree, AEON_DIR=<aeon checkout> (scripts/provision-aeon-ref.sh), or EMPYREAN_SUITE_ROOT=<the directory holding the suite>, or declare a partial run with SIGIL_ALLOW_PARTIAL=1, in which case every reference-dependent row is left unmeasured and the run says how many. Ruled d-18 (docs/OVERSEER-REFERENCE.md, 2026-09-02): a run that only PRINTS how much it did not measure still exits 0, and a green is trusted the moment it is in the run.
note: run with `RUST_BACKTRACE=1` environment variable to display a backtrace

---- wrong_base_map_places_the_section_at_a_different_address stdout ----

thread 'wrong_base_map_places_the_section_at_a_different_address' (3904686) panicked at crates/sigil-harness/src/test_support.rs:1312:9:
NO REFERENCE TREE IS NAMED, so this run can measure nothing it could attribute, and STOPS. This run DECLINED to use /home/volence/sonic_hacks/aeon, which step 3 derived from this checkout's own location: it is a working checkout outside this repository, its revision changes under a run without notice, and a result measured against it would be attributable to whatever it happened to contain rather than to the code under test.

The resolver's own answer: reference-tree: /home/volence/sonic_hacks/aeon (SUITE_PATHS step 3, DERIVED from this checkout's own location, nobody named it)

Either name a provisioned tree, AEON_DIR=<aeon checkout> (scripts/provision-aeon-ref.sh), or EMPYREAN_SUITE_ROOT=<the directory holding the suite>, or declare a partial run with SIGIL_ALLOW_PARTIAL=1, in which case every reference-dependent row is left unmeasured and the run says how many. Ruled d-18 (docs/OVERSEER-REFERENCE.md, 2026-09-02): a run that only PRINTS how much it did not measure still exits 0, and a green is trusted the moment it is in the run.

---- standalone_compile_without_cross_seam_label_is_a_loud_missing_symbol_error stdout ----

thread 'standalone_compile_without_cross_seam_label_is_a_loud_missing_symbol_error' (3904685) panicked at crates/sigil-harness/src/test_support.rs:1312:9:
NO REFERENCE TREE IS NAMED, so this run can measure nothing it could attribute, and STOPS. This run DECLINED to use /home/volence/sonic_hacks/aeon, which step 3 derived from this checkout's own location: it is a working checkout outside this repository, its revision changes under a run without notice, and a result measured against it would be attributable to whatever it happened to contain rather than to the code under test.

The resolver's own answer: reference-tree: /home/volence/sonic_hacks/aeon (SUITE_PATHS step 3, DERIVED from this checkout's own location, nobody named it)

Either name a provisioned tree, AEON_DIR=<aeon checkout> (scripts/provision-aeon-ref.sh), or EMPYREAN_SUITE_ROOT=<the directory holding the suite>, or declare a partial run with SIGIL_ALLOW_PARTIAL=1, in which case every reference-dependent row is left unmeasured and the run says how many. Ruled d-18 (docs/OVERSEER-REFERENCE.md, 2026-09-02): a run that only PRINTS how much it did not measure still exits 0, and a green is trusted the moment it is in the run.


failures:
    doctored_jsr_register_produces_different_bytes_than_genuine
    standalone_compile_without_cross_seam_label_is_a_loud_missing_symbol_error
    wrong_base_map_places_the_section_at_a_different_address

test result: FAILED. 0 passed; 3 failed; 0 ignored; 0 measured; 0 filtered out; finished in 0.00s

error: test failed, to rerun pass `-p sigil-cli --test hblank_negative_probes`
     Running tests/hblank_port.rs (/home/volence/sonic_hacks/.scratch/width-suffix/target-base/release/deps/hblank_port-46fda968e20b2c21)

running 2 tests
test hblank_debug_region_matches_reference ... FAILED
test hblank_region_matches_reference ... FAILED

failures:

---- hblank_debug_region_matches_reference stdout ----

thread 'hblank_debug_region_matches_reference' (3904689) panicked at crates/sigil-harness/src/test_support.rs:1312:9:
NO REFERENCE TREE IS NAMED, so this run can measure nothing it could attribute, and STOPS. This run DECLINED to use /home/volence/sonic_hacks/aeon, which step 3 derived from this checkout's own location: it is a working checkout outside this repository, its revision changes under a run without notice, and a result measured against it would be attributable to whatever it happened to contain rather than to the code under test.

The resolver's own answer: reference-tree: /home/volence/sonic_hacks/aeon (SUITE_PATHS step 3, DERIVED from this checkout's own location, nobody named it)

Either name a provisioned tree, AEON_DIR=<aeon checkout> (scripts/provision-aeon-ref.sh), or EMPYREAN_SUITE_ROOT=<the directory holding the suite>, or declare a partial run with SIGIL_ALLOW_PARTIAL=1, in which case every reference-dependent row is left unmeasured and the run says how many. Ruled d-18 (docs/OVERSEER-REFERENCE.md, 2026-09-02): a run that only PRINTS how much it did not measure still exits 0, and a green is trusted the moment it is in the run.
note: run with `RUST_BACKTRACE=1` environment variable to display a backtrace

---- hblank_region_matches_reference stdout ----

thread 'hblank_region_matches_reference' (3904690) panicked at crates/sigil-harness/src/test_support.rs:1312:9:
NO REFERENCE TREE IS NAMED, so this run can measure nothing it could attribute, and STOPS. This run DECLINED to use /home/volence/sonic_hacks/aeon, which step 3 derived from this checkout's own location: it is a working checkout outside this repository, its revision changes under a run without notice, and a result measured against it would be attributable to whatever it happened to contain rather than to the code under test.

The resolver's own answer: reference-tree: /home/volence/sonic_hacks/aeon (SUITE_PATHS step 3, DERIVED from this checkout's own location, nobody named it)

Either name a provisioned tree, AEON_DIR=<aeon checkout> (scripts/provision-aeon-ref.sh), or EMPYREAN_SUITE_ROOT=<the directory holding the suite>, or declare a partial run with SIGIL_ALLOW_PARTIAL=1, in which case every reference-dependent row is left unmeasured and the run says how many. Ruled d-18 (docs/OVERSEER-REFERENCE.md, 2026-09-02): a run that only PRINTS how much it did not measure still exits 0, and a green is trusted the moment it is in the run.


failures:
    hblank_debug_region_matches_reference
    hblank_region_matches_reference

test result: FAILED. 0 passed; 2 failed; 0 ignored; 0 measured; 0 filtered out; finished in 0.00s

error: test failed, to rerun pass `-p sigil-cli --test hblank_port`
     Running tests/header_port.rs (/home/volence/sonic_hacks/.scratch/width-suffix/target-base/release/deps/header_port-55880ff826a42617)

running 2 tests
test demo_header_matches_reference ... FAILED
test sonic4_header_matches_reference ... FAILED

failures:

---- demo_header_matches_reference stdout ----

thread 'demo_header_matches_reference' (3904693) panicked at crates/sigil-harness/src/test_support.rs:1312:9:
NO REFERENCE TREE IS NAMED, so this run can measure nothing it could attribute, and STOPS. This run DECLINED to use /home/volence/sonic_hacks/aeon, which step 3 derived from this checkout's own location: it is a working checkout outside this repository, its revision changes under a run without notice, and a result measured against it would be attributable to whatever it happened to contain rather than to the code under test.

The resolver's own answer: reference-tree: /home/volence/sonic_hacks/aeon (SUITE_PATHS step 3, DERIVED from this checkout's own location, nobody named it)

Either name a provisioned tree, AEON_DIR=<aeon checkout> (scripts/provision-aeon-ref.sh), or EMPYREAN_SUITE_ROOT=<the directory holding the suite>, or declare a partial run with SIGIL_ALLOW_PARTIAL=1, in which case every reference-dependent row is left unmeasured and the run says how many. Ruled d-18 (docs/OVERSEER-REFERENCE.md, 2026-09-02): a run that only PRINTS how much it did not measure still exits 0, and a green is trusted the moment it is in the run.
note: run with `RUST_BACKTRACE=1` environment variable to display a backtrace

---- sonic4_header_matches_reference stdout ----

thread 'sonic4_header_matches_reference' (3904694) panicked at crates/sigil-harness/src/test_support.rs:1312:9:
NO REFERENCE TREE IS NAMED, so this run can measure nothing it could attribute, and STOPS. This run DECLINED to use /home/volence/sonic_hacks/aeon, which step 3 derived from this checkout's own location: it is a working checkout outside this repository, its revision changes under a run without notice, and a result measured against it would be attributable to whatever it happened to contain rather than to the code under test.

The resolver's own answer: reference-tree: /home/volence/sonic_hacks/aeon (SUITE_PATHS step 3, DERIVED from this checkout's own location, nobody named it)

Either name a provisioned tree, AEON_DIR=<aeon checkout> (scripts/provision-aeon-ref.sh), or EMPYREAN_SUITE_ROOT=<the directory holding the suite>, or declare a partial run with SIGIL_ALLOW_PARTIAL=1, in which case every reference-dependent row is left unmeasured and the run says how many. Ruled d-18 (docs/OVERSEER-REFERENCE.md, 2026-09-02): a run that only PRINTS how much it did not measure still exits 0, and a green is trusted the moment it is in the run.


failures:
    demo_header_matches_reference
    sonic4_header_matches_reference

test result: FAILED. 0 passed; 2 failed; 0 ignored; 0 measured; 0 filtered out; finished in 0.00s

error: test failed, to rerun pass `-p sigil-cli --test header_port`
     Running tests/here_relaxation_fix.rs (/home/volence/sonic_hacks/.scratch/width-suffix/target-base/release/deps/here_relaxation_fix-0c81b4cc36cb4028)

running 9 tests
test deferred_fatal_does_not_suppress_later_items ... ok
test cross_seam_ensure_compiled_standalone_names_both_missing_symbols ... ok
test budget_guard_passes_when_met_after_growth ... ok
test deferred_ensure_and_ensure_fatal_both_fail_and_all_collect ... ok
test budget_guard_fails_at_link_after_growth ... ok
test budget_guard_fails_via_cli_binary ... ok
test example_guards_compiles_via_cli_binary_with_zero_diagnostics ... ok
test deferred_message_mixes_frozen_text_and_final_address ... ok
test two_modules_deferring_guards_do_not_collide ... ok

test result: ok. 9 passed; 0 failed; 0 ignored; 0 measured; 0 filtered out; finished in 0.00s

     Running tests/hole_interior_reserved.rs (/home/volence/sonic_hacks/.scratch/width-suffix/target-base/release/deps/hole_interior_reserved-3309a8b2b8fd1c3f)

running 3 tests
test some_shipped_shape_declares_a_live_hole ... FAILED
test a_right_edge_past_the_post_hole_data_is_refused ... FAILED
test every_live_hole_holds_only_its_filler ... FAILED

failures:

---- some_shipped_shape_declares_a_live_hole stdout ----

thread 'some_shipped_shape_declares_a_live_hole' (3904782) panicked at crates/sigil-harness/src/test_support.rs:1312:9:
NO REFERENCE TREE IS NAMED, so this run can measure nothing it could attribute, and STOPS. This run DECLINED to use /home/volence/sonic_hacks/aeon, which step 3 derived from this checkout's own location: it is a working checkout outside this repository, its revision changes under a run without notice, and a result measured against it would be attributable to whatever it happened to contain rather than to the code under test.

The resolver's own answer: reference-tree: /home/volence/sonic_hacks/aeon (SUITE_PATHS step 3, DERIVED from this checkout's own location, nobody named it)

Either name a provisioned tree, AEON_DIR=<aeon checkout> (scripts/provision-aeon-ref.sh), or EMPYREAN_SUITE_ROOT=<the directory holding the suite>, or declare a partial run with SIGIL_ALLOW_PARTIAL=1, in which case every reference-dependent row is left unmeasured and the run says how many. Ruled d-18 (docs/OVERSEER-REFERENCE.md, 2026-09-02): a run that only PRINTS how much it did not measure still exits 0, and a green is trusted the moment it is in the run.

---- a_right_edge_past_the_post_hole_data_is_refused stdout ----

thread 'a_right_edge_past_the_post_hole_data_is_refused' (3904780) panicked at crates/sigil-harness/src/test_support.rs:1312:9:
NO REFERENCE TREE IS NAMED, so this run can measure nothing it could attribute, and STOPS. This run DECLINED to use /home/volence/sonic_hacks/aeon, which step 3 derived from this checkout's own location: it is a working checkout outside this repository, its revision changes under a run without notice, and a result measured against it would be attributable to whatever it happened to contain rather than to the code under test.

The resolver's own answer: reference-tree: /home/volence/sonic_hacks/aeon (SUITE_PATHS step 3, DERIVED from this checkout's own location, nobody named it)

Either name a provisioned tree, AEON_DIR=<aeon checkout> (scripts/provision-aeon-ref.sh), or EMPYREAN_SUITE_ROOT=<the directory holding the suite>, or declare a partial run with SIGIL_ALLOW_PARTIAL=1, in which case every reference-dependent row is left unmeasured and the run says how many. Ruled d-18 (docs/OVERSEER-REFERENCE.md, 2026-09-02): a run that only PRINTS how much it did not measure still exits 0, and a green is trusted the moment it is in the run.

---- every_live_hole_holds_only_its_filler stdout ----

thread 'every_live_hole_holds_only_its_filler' (3904781) panicked at crates/sigil-harness/src/test_support.rs:1312:9:
NO REFERENCE TREE IS NAMED, so this run can measure nothing it could attribute, and STOPS. This run DECLINED to use /home/volence/sonic_hacks/aeon, which step 3 derived from this checkout's own location: it is a working checkout outside this repository, its revision changes under a run without notice, and a result measured against it would be attributable to whatever it happened to contain rather than to the code under test.

The resolver's own answer: reference-tree: /home/volence/sonic_hacks/aeon (SUITE_PATHS step 3, DERIVED from this checkout's own location, nobody named it)

Either name a provisioned tree, AEON_DIR=<aeon checkout> (scripts/provision-aeon-ref.sh), or EMPYREAN_SUITE_ROOT=<the directory holding the suite>, or declare a partial run with SIGIL_ALLOW_PARTIAL=1, in which case every reference-dependent row is left unmeasured and the run says how many. Ruled d-18 (docs/OVERSEER-REFERENCE.md, 2026-09-02): a run that only PRINTS how much it did not measure still exits 0, and a green is trusted the moment it is in the run.
note: run with `RUST_BACKTRACE=1` environment variable to display a backtrace


failures:
    a_right_edge_past_the_post_hole_data_is_refused
    every_live_hole_holds_only_its_filler
    some_shipped_shape_declares_a_live_hole

test result: FAILED. 0 passed; 3 failed; 0 ignored; 0 measured; 0 filtered out; finished in 0.00s

error: test failed, to rerun pass `-p sigil-cli --test hole_interior_reserved`
     Running tests/image_bounds.rs (/home/volence/sonic_hacks/.scratch/width-suffix/target-base/release/deps/image_bounds-b84cda40ce694879)

running 6 tests
test a_byte_just_past_the_cartridge_is_refused ... ok
test a_byte_in_work_ram_is_refused_by_region_name ... ok
test org_minus_one_is_refused_not_a_four_gib_allocation ... ok
test org_minus_one_with_hex_is_refused_before_rendering ... ok
test two_bytes_straddling_the_cartridge_end_are_refused_with_the_overshoot ... ok
test the_last_cartridge_byte_is_still_accepted ... ok

test result: ok. 6 passed; 0 failed; 0 ignored; 0 measured; 0 filtered out; finished in 0.00s

     Running tests/jbra_relaxation.rs (/home/volence/sonic_hacks/.scratch/width-suffix/target-base/release/deps/jbra_relaxation-dceb4383e92f8b95)

running 8 tests
test jbra_backward_lands_bra_s_negative ... ok
test jbra_near_forward_lands_bra_s ... ok
test jbsr_near_lands_bsr_s ... ok
test jbra_high_far_lands_jmp_abs_l ... ok
test jbsr_low_far_lands_jsr_abs_w ... ok
test jbra_low_far_lands_jmp_abs_w ... ok
test jbra_far_intramodule_lands_bra_w ... ok
built: 8 bytes, wrote /tmp/.tmpGjYKEr/out.bin
test jbra_cross_module_links_via_use ... ok

test result: ok. 8 passed; 0 failed; 0 ignored; 0 measured; 0 filtered out; finished in 0.00s

     Running tests/keystone_flip_relocation.rs (/home/volence/sonic_hacks/.scratch/width-suffix/target-base/release/deps/keystone_flip_relocation-ca2d731c94379e17)

running 3 tests
test doctored_golden_at_deform_pointer_is_caught ... FAILED
test flipped_config_a_anchor_matches_golden ... FAILED
test deform_pointer_equals_placed_label_vma ... FAILED

failures:

---- doctored_golden_at_deform_pointer_is_caught stdout ----

thread 'doctored_golden_at_deform_pointer_is_caught' (3904847) panicked at crates/sigil-harness/src/test_support.rs:1312:9:
NO REFERENCE TREE IS NAMED, so this run can measure nothing it could attribute, and STOPS. This run DECLINED to use /home/volence/sonic_hacks/aeon, which step 3 derived from this checkout's own location: it is a working checkout outside this repository, its revision changes under a run without notice, and a result measured against it would be attributable to whatever it happened to contain rather than to the code under test.

The resolver's own answer: reference-tree: /home/volence/sonic_hacks/aeon (SUITE_PATHS step 3, DERIVED from this checkout's own location, nobody named it)

Either name a provisioned tree, AEON_DIR=<aeon checkout> (scripts/provision-aeon-ref.sh), or EMPYREAN_SUITE_ROOT=<the directory holding the suite>, or declare a partial run with SIGIL_ALLOW_PARTIAL=1, in which case every reference-dependent row is left unmeasured and the run says how many. Ruled d-18 (docs/OVERSEER-REFERENCE.md, 2026-09-02): a run that only PRINTS how much it did not measure still exits 0, and a green is trusted the moment it is in the run.
note: run with `RUST_BACKTRACE=1` environment variable to display a backtrace

---- flipped_config_a_anchor_matches_golden stdout ----

thread 'flipped_config_a_anchor_matches_golden' (3904848) panicked at crates/sigil-harness/src/test_support.rs:1312:9:
NO REFERENCE TREE IS NAMED, so this run can measure nothing it could attribute, and STOPS. This run DECLINED to use /home/volence/sonic_hacks/aeon, which step 3 derived from this checkout's own location: it is a working checkout outside this repository, its revision changes under a run without notice, and a result measured against it would be attributable to whatever it happened to contain rather than to the code under test.

The resolver's own answer: reference-tree: /home/volence/sonic_hacks/aeon (SUITE_PATHS step 3, DERIVED from this checkout's own location, nobody named it)

Either name a provisioned tree, AEON_DIR=<aeon checkout> (scripts/provision-aeon-ref.sh), or EMPYREAN_SUITE_ROOT=<the directory holding the suite>, or declare a partial run with SIGIL_ALLOW_PARTIAL=1, in which case every reference-dependent row is left unmeasured and the run says how many. Ruled d-18 (docs/OVERSEER-REFERENCE.md, 2026-09-02): a run that only PRINTS how much it did not measure still exits 0, and a green is trusted the moment it is in the run.

---- deform_pointer_equals_placed_label_vma stdout ----

thread 'deform_pointer_equals_placed_label_vma' (3904846) panicked at crates/sigil-harness/src/test_support.rs:1312:9:
NO REFERENCE TREE IS NAMED, so this run can measure nothing it could attribute, and STOPS. This run DECLINED to use /home/volence/sonic_hacks/aeon, which step 3 derived from this checkout's own location: it is a working checkout outside this repository, its revision changes under a run without notice, and a result measured against it would be attributable to whatever it happened to contain rather than to the code under test.

The resolver's own answer: reference-tree: /home/volence/sonic_hacks/aeon (SUITE_PATHS step 3, DERIVED from this checkout's own location, nobody named it)

Either name a provisioned tree, AEON_DIR=<aeon checkout> (scripts/provision-aeon-ref.sh), or EMPYREAN_SUITE_ROOT=<the directory holding the suite>, or declare a partial run with SIGIL_ALLOW_PARTIAL=1, in which case every reference-dependent row is left unmeasured and the run says how many. Ruled d-18 (docs/OVERSEER-REFERENCE.md, 2026-09-02): a run that only PRINTS how much it did not measure still exits 0, and a green is trusted the moment it is in the run.


failures:
    deform_pointer_equals_placed_label_vma
    doctored_golden_at_deform_pointer_is_caught
    flipped_config_a_anchor_matches_golden

test result: FAILED. 0 passed; 3 failed; 0 ignored; 0 measured; 0 filtered out; finished in 0.00s

error: test failed, to rerun pass `-p sigil-cli --test keystone_flip_relocation`
     Running tests/load_art_port.rs (/home/volence/sonic_hacks/.scratch/width-suffix/target-base/release/deps/load_art_port-77832b2a5f2bbe6e)

running 4 tests
test load_art_region_matches_reference ... FAILED
test load_art_debug_region_matches_reference ... FAILED
test two_module_ownership_flip_plain ... FAILED
test two_module_ownership_flip_debug ... FAILED

failures:

---- load_art_region_matches_reference stdout ----

thread 'load_art_region_matches_reference' (3904852) panicked at crates/sigil-harness/src/test_support.rs:1312:9:
NO REFERENCE TREE IS NAMED, so this run can measure nothing it could attribute, and STOPS. This run DECLINED to use /home/volence/sonic_hacks/aeon, which step 3 derived from this checkout's own location: it is a working checkout outside this repository, its revision changes under a run without notice, and a result measured against it would be attributable to whatever it happened to contain rather than to the code under test.

The resolver's own answer: reference-tree: /home/volence/sonic_hacks/aeon (SUITE_PATHS step 3, DERIVED from this checkout's own location, nobody named it)

Either name a provisioned tree, AEON_DIR=<aeon checkout> (scripts/provision-aeon-ref.sh), or EMPYREAN_SUITE_ROOT=<the directory holding the suite>, or declare a partial run with SIGIL_ALLOW_PARTIAL=1, in which case every reference-dependent row is left unmeasured and the run says how many. Ruled d-18 (docs/OVERSEER-REFERENCE.md, 2026-09-02): a run that only PRINTS how much it did not measure still exits 0, and a green is trusted the moment it is in the run.
note: run with `RUST_BACKTRACE=1` environment variable to display a backtrace

---- load_art_debug_region_matches_reference stdout ----

thread 'load_art_debug_region_matches_reference' (3904851) panicked at crates/sigil-harness/src/test_support.rs:1312:9:
NO REFERENCE TREE IS NAMED, so this run can measure nothing it could attribute, and STOPS. This run DECLINED to use /home/volence/sonic_hacks/aeon, which step 3 derived from this checkout's own location: it is a working checkout outside this repository, its revision changes under a run without notice, and a result measured against it would be attributable to whatever it happened to contain rather than to the code under test.

The resolver's own answer: reference-tree: /home/volence/sonic_hacks/aeon (SUITE_PATHS step 3, DERIVED from this checkout's own location, nobody named it)

Either name a provisioned tree, AEON_DIR=<aeon checkout> (scripts/provision-aeon-ref.sh), or EMPYREAN_SUITE_ROOT=<the directory holding the suite>, or declare a partial run with SIGIL_ALLOW_PARTIAL=1, in which case every reference-dependent row is left unmeasured and the run says how many. Ruled d-18 (docs/OVERSEER-REFERENCE.md, 2026-09-02): a run that only PRINTS how much it did not measure still exits 0, and a green is trusted the moment it is in the run.

---- two_module_ownership_flip_plain stdout ----

thread 'two_module_ownership_flip_plain' (3904854) panicked at crates/sigil-harness/src/test_support.rs:1312:9:
NO REFERENCE TREE IS NAMED, so this run can measure nothing it could attribute, and STOPS. This run DECLINED to use /home/volence/sonic_hacks/aeon, which step 3 derived from this checkout's own location: it is a working checkout outside this repository, its revision changes under a run without notice, and a result measured against it would be attributable to whatever it happened to contain rather than to the code under test.

The resolver's own answer: reference-tree: /home/volence/sonic_hacks/aeon (SUITE_PATHS step 3, DERIVED from this checkout's own location, nobody named it)

Either name a provisioned tree, AEON_DIR=<aeon checkout> (scripts/provision-aeon-ref.sh), or EMPYREAN_SUITE_ROOT=<the directory holding the suite>, or declare a partial run with SIGIL_ALLOW_PARTIAL=1, in which case every reference-dependent row is left unmeasured and the run says how many. Ruled d-18 (docs/OVERSEER-REFERENCE.md, 2026-09-02): a run that only PRINTS how much it did not measure still exits 0, and a green is trusted the moment it is in the run.

---- two_module_ownership_flip_debug stdout ----

thread 'two_module_ownership_flip_debug' (3904853) panicked at crates/sigil-harness/src/test_support.rs:1312:9:
NO REFERENCE TREE IS NAMED, so this run can measure nothing it could attribute, and STOPS. This run DECLINED to use /home/volence/sonic_hacks/aeon, which step 3 derived from this checkout's own location: it is a working checkout outside this repository, its revision changes under a run without notice, and a result measured against it would be attributable to whatever it happened to contain rather than to the code under test.

The resolver's own answer: reference-tree: /home/volence/sonic_hacks/aeon (SUITE_PATHS step 3, DERIVED from this checkout's own location, nobody named it)

Either name a provisioned tree, AEON_DIR=<aeon checkout> (scripts/provision-aeon-ref.sh), or EMPYREAN_SUITE_ROOT=<the directory holding the suite>, or declare a partial run with SIGIL_ALLOW_PARTIAL=1, in which case every reference-dependent row is left unmeasured and the run says how many. Ruled d-18 (docs/OVERSEER-REFERENCE.md, 2026-09-02): a run that only PRINTS how much it did not measure still exits 0, and a green is trusted the moment it is in the run.


failures:
    load_art_debug_region_matches_reference
    load_art_region_matches_reference
    two_module_ownership_flip_debug
    two_module_ownership_flip_plain

test result: FAILED. 0 passed; 4 failed; 0 ignored; 0 measured; 0 filtered out; finished in 0.00s

error: test failed, to rerun pass `-p sigil-cli --test load_art_port`
     Running tests/load_object_port.rs (/home/volence/sonic_hacks/.scratch/width-suffix/target-base/release/deps/load_object_port-82254a0b11b27e15)

running 2 tests
test load_object_debug_region_matches_reference ... FAILED
test load_object_region_matches_reference ... FAILED

failures:

---- load_object_debug_region_matches_reference stdout ----

thread 'load_object_debug_region_matches_reference' (3904857) panicked at crates/sigil-harness/src/test_support.rs:1312:9:
NO REFERENCE TREE IS NAMED, so this run can measure nothing it could attribute, and STOPS. This run DECLINED to use /home/volence/sonic_hacks/aeon, which step 3 derived from this checkout's own location: it is a working checkout outside this repository, its revision changes under a run without notice, and a result measured against it would be attributable to whatever it happened to contain rather than to the code under test.

The resolver's own answer: reference-tree: /home/volence/sonic_hacks/aeon (SUITE_PATHS step 3, DERIVED from this checkout's own location, nobody named it)

Either name a provisioned tree, AEON_DIR=<aeon checkout> (scripts/provision-aeon-ref.sh), or EMPYREAN_SUITE_ROOT=<the directory holding the suite>, or declare a partial run with SIGIL_ALLOW_PARTIAL=1, in which case every reference-dependent row is left unmeasured and the run says how many. Ruled d-18 (docs/OVERSEER-REFERENCE.md, 2026-09-02): a run that only PRINTS how much it did not measure still exits 0, and a green is trusted the moment it is in the run.
note: run with `RUST_BACKTRACE=1` environment variable to display a backtrace

---- load_object_region_matches_reference stdout ----

thread 'load_object_region_matches_reference' (3904858) panicked at crates/sigil-harness/src/test_support.rs:1312:9:
NO REFERENCE TREE IS NAMED, so this run can measure nothing it could attribute, and STOPS. This run DECLINED to use /home/volence/sonic_hacks/aeon, which step 3 derived from this checkout's own location: it is a working checkout outside this repository, its revision changes under a run without notice, and a result measured against it would be attributable to whatever it happened to contain rather than to the code under test.

The resolver's own answer: reference-tree: /home/volence/sonic_hacks/aeon (SUITE_PATHS step 3, DERIVED from this checkout's own location, nobody named it)

Either name a provisioned tree, AEON_DIR=<aeon checkout> (scripts/provision-aeon-ref.sh), or EMPYREAN_SUITE_ROOT=<the directory holding the suite>, or declare a partial run with SIGIL_ALLOW_PARTIAL=1, in which case every reference-dependent row is left unmeasured and the run says how many. Ruled d-18 (docs/OVERSEER-REFERENCE.md, 2026-09-02): a run that only PRINTS how much it did not measure still exits 0, and a green is trusted the moment it is in the run.


failures:
    load_object_debug_region_matches_reference
    load_object_region_matches_reference

test result: FAILED. 0 passed; 2 failed; 0 ignored; 0 measured; 0 filtered out; finished in 0.00s

error: test failed, to rerun pass `-p sigil-cli --test load_object_port`
     Running tests/lst_source_digest.rs (/home/volence/sonic_hacks/.scratch/width-suffix/target-base/release/deps/lst_source_digest-3a3c1599abe1f9ad)

running 2 tests
test every_file_a_build_opens_is_a_digest_row_and_every_row_was_opened ... FAILED
test the_digest_moves_with_content_and_never_with_time ... FAILED

failures:

---- every_file_a_build_opens_is_a_digest_row_and_every_row_was_opened stdout ----

thread 'every_file_a_build_opens_is_a_digest_row_and_every_row_was_opened' (3904861) panicked at crates/sigil-harness/src/test_support.rs:1312:9:
NO REFERENCE TREE IS NAMED, so this run can measure nothing it could attribute, and STOPS. This run DECLINED to use /home/volence/sonic_hacks/aeon, which step 3 derived from this checkout's own location: it is a working checkout outside this repository, its revision changes under a run without notice, and a result measured against it would be attributable to whatever it happened to contain rather than to the code under test.

The resolver's own answer: reference-tree: /home/volence/sonic_hacks/aeon (SUITE_PATHS step 3, DERIVED from this checkout's own location, nobody named it)

Either name a provisioned tree, AEON_DIR=<aeon checkout> (scripts/provision-aeon-ref.sh), or EMPYREAN_SUITE_ROOT=<the directory holding the suite>, or declare a partial run with SIGIL_ALLOW_PARTIAL=1, in which case every reference-dependent row is left unmeasured and the run says how many. Ruled d-18 (docs/OVERSEER-REFERENCE.md, 2026-09-02): a run that only PRINTS how much it did not measure still exits 0, and a green is trusted the moment it is in the run.
note: run with `RUST_BACKTRACE=1` environment variable to display a backtrace

---- the_digest_moves_with_content_and_never_with_time stdout ----

thread 'the_digest_moves_with_content_and_never_with_time' (3904862) panicked at crates/sigil-harness/src/test_support.rs:1312:9:
NO REFERENCE TREE IS NAMED, so this run can measure nothing it could attribute, and STOPS. This run DECLINED to use /home/volence/sonic_hacks/aeon, which step 3 derived from this checkout's own location: it is a working checkout outside this repository, its revision changes under a run without notice, and a result measured against it would be attributable to whatever it happened to contain rather than to the code under test.

The resolver's own answer: reference-tree: /home/volence/sonic_hacks/aeon (SUITE_PATHS step 3, DERIVED from this checkout's own location, nobody named it)

Either name a provisioned tree, AEON_DIR=<aeon checkout> (scripts/provision-aeon-ref.sh), or EMPYREAN_SUITE_ROOT=<the directory holding the suite>, or declare a partial run with SIGIL_ALLOW_PARTIAL=1, in which case every reference-dependent row is left unmeasured and the run says how many. Ruled d-18 (docs/OVERSEER-REFERENCE.md, 2026-09-02): a run that only PRINTS how much it did not measure still exits 0, and a green is trusted the moment it is in the run.


failures:
    every_file_a_build_opens_is_a_digest_row_and_every_row_was_opened
    the_digest_moves_with_content_and_never_with_time

test result: FAILED. 0 passed; 2 failed; 0 ignored; 0 measured; 0 filtered out; finished in 0.00s

error: test failed, to rerun pass `-p sigil-cli --test lst_source_digest`
     Running tests/m68k_cond_parity.rs (/home/volence/sonic_hacks/.scratch/width-suffix/target-base/release/deps/m68k_cond_parity-3ed4777af6a0646f)

running 6 tests
test hs_lo_are_exact_aliases_of_cc_cs_in_both_front_ends ... ok
test a_non_condition_suffix_is_refused_by_both_front_ends ... ok
test bcc_short_parity_over_the_sixteen_branch_spellings ... ok
test bcc_word_parity_over_the_sixteen_branch_spellings ... ok
test scc_parity_over_all_eighteen_spellings ... ok
test dbcc_parity_over_all_eighteen_spellings ... ok

test result: ok. 6 passed; 0 failed; 0 ignored; 0 measured; 0 filtered out; finished in 0.00s

     Running tests/math_port.rs (/home/volence/sonic_hacks/.scratch/width-suffix/target-base/release/deps/math_port-be6d80c92455880a)

running 2 tests
test math_region_matches_reference ... FAILED
test math_debug_region_matches_reference ... FAILED

failures:

---- math_region_matches_reference stdout ----

thread 'math_region_matches_reference' (3905101) panicked at crates/sigil-harness/src/test_support.rs:1312:9:
NO REFERENCE TREE IS NAMED, so this run can measure nothing it could attribute, and STOPS. This run DECLINED to use /home/volence/sonic_hacks/aeon, which step 3 derived from this checkout's own location: it is a working checkout outside this repository, its revision changes under a run without notice, and a result measured against it would be attributable to whatever it happened to contain rather than to the code under test.

The resolver's own answer: reference-tree: /home/volence/sonic_hacks/aeon (SUITE_PATHS step 3, DERIVED from this checkout's own location, nobody named it)

Either name a provisioned tree, AEON_DIR=<aeon checkout> (scripts/provision-aeon-ref.sh), or EMPYREAN_SUITE_ROOT=<the directory holding the suite>, or declare a partial run with SIGIL_ALLOW_PARTIAL=1, in which case every reference-dependent row is left unmeasured and the run says how many. Ruled d-18 (docs/OVERSEER-REFERENCE.md, 2026-09-02): a run that only PRINTS how much it did not measure still exits 0, and a green is trusted the moment it is in the run.
note: run with `RUST_BACKTRACE=1` environment variable to display a backtrace

---- math_debug_region_matches_reference stdout ----

thread 'math_debug_region_matches_reference' (3905100) panicked at crates/sigil-harness/src/test_support.rs:1312:9:
NO REFERENCE TREE IS NAMED, so this run can measure nothing it could attribute, and STOPS. This run DECLINED to use /home/volence/sonic_hacks/aeon, which step 3 derived from this checkout's own location: it is a working checkout outside this repository, its revision changes under a run without notice, and a result measured against it would be attributable to whatever it happened to contain rather than to the code under test.

The resolver's own answer: reference-tree: /home/volence/sonic_hacks/aeon (SUITE_PATHS step 3, DERIVED from this checkout's own location, nobody named it)

Either name a provisioned tree, AEON_DIR=<aeon checkout> (scripts/provision-aeon-ref.sh), or EMPYREAN_SUITE_ROOT=<the directory holding the suite>, or declare a partial run with SIGIL_ALLOW_PARTIAL=1, in which case every reference-dependent row is left unmeasured and the run says how many. Ruled d-18 (docs/OVERSEER-REFERENCE.md, 2026-09-02): a run that only PRINTS how much it did not measure still exits 0, and a green is trusted the moment it is in the run.


failures:
    math_debug_region_matches_reference
    math_region_matches_reference

test result: FAILED. 0 passed; 2 failed; 0 ignored; 0 measured; 0 filtered out; finished in 0.00s

error: test failed, to rerun pass `-p sigil-cli --test math_port`
     Running tests/measure_at_packed_base.rs (/home/volence/sonic_hacks/.scratch/width-suffix/target-base/release/deps/measure_at_packed_base-380d9130fba2299a)

running 2 tests
test fourteen_bytes_of_upstream_code_growth_still_builds ... FAILED
test parcel_scale_growth_packs_downstream_and_reports_the_drift ... FAILED

failures:

---- fourteen_bytes_of_upstream_code_growth_still_builds stdout ----

thread 'fourteen_bytes_of_upstream_code_growth_still_builds' (3905104) panicked at crates/sigil-harness/src/test_support.rs:1312:9:
NO REFERENCE TREE IS NAMED, so this run can measure nothing it could attribute, and STOPS. This run DECLINED to use /home/volence/sonic_hacks/aeon, which step 3 derived from this checkout's own location: it is a working checkout outside this repository, its revision changes under a run without notice, and a result measured against it would be attributable to whatever it happened to contain rather than to the code under test.

The resolver's own answer: reference-tree: /home/volence/sonic_hacks/aeon (SUITE_PATHS step 3, DERIVED from this checkout's own location, nobody named it)

Either name a provisioned tree, AEON_DIR=<aeon checkout> (scripts/provision-aeon-ref.sh), or EMPYREAN_SUITE_ROOT=<the directory holding the suite>, or declare a partial run with SIGIL_ALLOW_PARTIAL=1, in which case every reference-dependent row is left unmeasured and the run says how many. Ruled d-18 (docs/OVERSEER-REFERENCE.md, 2026-09-02): a run that only PRINTS how much it did not measure still exits 0, and a green is trusted the moment it is in the run.
note: run with `RUST_BACKTRACE=1` environment variable to display a backtrace

---- parcel_scale_growth_packs_downstream_and_reports_the_drift stdout ----

thread 'parcel_scale_growth_packs_downstream_and_reports_the_drift' (3905105) panicked at crates/sigil-harness/src/test_support.rs:1312:9:
NO REFERENCE TREE IS NAMED, so this run can measure nothing it could attribute, and STOPS. This run DECLINED to use /home/volence/sonic_hacks/aeon, which step 3 derived from this checkout's own location: it is a working checkout outside this repository, its revision changes under a run without notice, and a result measured against it would be attributable to whatever it happened to contain rather than to the code under test.

The resolver's own answer: reference-tree: /home/volence/sonic_hacks/aeon (SUITE_PATHS step 3, DERIVED from this checkout's own location, nobody named it)

Either name a provisioned tree, AEON_DIR=<aeon checkout> (scripts/provision-aeon-ref.sh), or EMPYREAN_SUITE_ROOT=<the directory holding the suite>, or declare a partial run with SIGIL_ALLOW_PARTIAL=1, in which case every reference-dependent row is left unmeasured and the run says how many. Ruled d-18 (docs/OVERSEER-REFERENCE.md, 2026-09-02): a run that only PRINTS how much it did not measure still exits 0, and a green is trusted the moment it is in the run.


failures:
    fourteen_bytes_of_upstream_code_growth_still_builds
    parcel_scale_growth_packs_downstream_and_reports_the_drift

test result: FAILED. 0 passed; 2 failed; 0 ignored; 0 measured; 0 filtered out; finished in 0.00s

error: test failed, to rerun pass `-p sigil-cli --test measure_at_packed_base`
     Running tests/module_resolution.rs (/home/volence/sonic_hacks/.scratch/width-suffix/target-base/release/deps/module_resolution-568abd9bd5cab3ee)

running 44 tests
test map_placement_on_code_module_does_not_panic ... ok
test dotted_overlay_window_stays_immune_cross_module ... ok
test item_guard_sees_prelude_const_across_modules ... ok
test bare_overlay_bare_field_access_binds_at_definition_site ... ok
test cross_module_pub_overlay_bare_field_access ... ok
test exported_dotted_label_resolves_under_root ... ok
test cross_module_long_ptrs_dispatch_table_bytes_are_exact ... ok
test cross_module_offsets_table_bytes_are_exact ... ok
test imported_overlay_not_broken_by_colliding_consumer_struct ... ok
test cross_module_pub_script_resolves_via_use ... ok
test bare_overlay_window_binds_at_definition_site_not_consumer ... ok
test cross_module_pub_overlay_qualified_field_access ... ok
test missing_use_reports_add_use_fixit ... ok
test cross_module_exported_dotted_label_reference_links ... ok
test module_lands_in_named_section_and_budget_overflow_errors ... ok
test definition_site_ambiguous_bare_window_reports_once_at_lib ... ok
test cross_module_dispatch_table_bytes_are_exact ... ok
test no_map_multi_module_places_at_distinct_lmas ... ok
test overlay_odd_field_warning_reports_once_across_modules ... ok
test module_placed_in_region_builds_when_it_fits ... ok
test cross_module_offsets_target_section_nested_bytes_are_exact ... ok
test pub_equ_is_importable_and_keeps_its_bare_link_name ... ok
built: 6 bytes, wrote /tmp/.tmpVHbeGN/out.bin
test prelude_absent_fails_with_unknown_type ... ok
test section_nested_use_of_proc_resolves_via_rename_map ... ok
test section_nested_prelude_const_is_injected_cross_module ... ok
test prelude_types_resolve_without_use ... ok
test section_nested_proc_cross_reference_resolves_under_root ... ok
test section_nested_use_of_const_is_honored ... ok
test private_equ_is_not_importable ... ok
test struct_size_mismatch_reports_once_across_modules ... ok
test script_compiles_unreferenced_under_program_path ... ok
test section_nested_use_struct_is_injected_cross_module ... ok
test section_nested_items_resolve_under_root ... ok
test section_with_no_matching_region_errors ... ok
built: 8 bytes, wrote /tmp/.tmpuvkRzP/out.bin
test two_modules_cross_reference_and_link ... ok
test two_modules_asm_splice_local_label_do_not_collide ... ok
built: 6 bytes, wrote /tmp/.tmpngr2xT/out.bin
built: 14 bytes, wrote /tmp/.tmproN8m5/out.bin
test two_modules_same_region_pack_cumulatively ... ok
test three_module_corpus_compiles_end_to_end ... ok
test unknown_module_id_reports_diagnostic ... ok
test use_imported_type_resolves_without_prelude ... ok
test two_modules_same_exported_dotted_label_do_not_collide ... ok
test transitive_chain_discovers_third_module ... ok
test two_modules_same_proc_local_label_do_not_collide ... ok
test whole_module_use_warns_it_imports_nothing ... ok

test result: ok. 44 passed; 0 failed; 0 ignored; 0 measured; 0 filtered out; finished in 0.01s

     Running tests/movem_restore_guard_corpus.rs (/home/volence/sonic_hacks/.scratch/width-suffix/target-base/release/deps/movem_restore_guard_corpus-f4b910fd245ce0d4)

running 1 test
test every_stack_movem_restore_has_a_matching_save ... FAILED

failures:

---- every_stack_movem_restore_has_a_matching_save stdout ----

thread 'every_stack_movem_restore_has_a_matching_save' (3905484) panicked at crates/sigil-harness/src/test_support.rs:1312:9:
NO REFERENCE TREE IS NAMED, so this run can measure nothing it could attribute, and STOPS. This run DECLINED to use /home/volence/sonic_hacks/aeon, which step 3 derived from this checkout's own location: it is a working checkout outside this repository, its revision changes under a run without notice, and a result measured against it would be attributable to whatever it happened to contain rather than to the code under test.

The resolver's own answer: reference-tree: /home/volence/sonic_hacks/aeon (SUITE_PATHS step 3, DERIVED from this checkout's own location, nobody named it)

Either name a provisioned tree, AEON_DIR=<aeon checkout> (scripts/provision-aeon-ref.sh), or EMPYREAN_SUITE_ROOT=<the directory holding the suite>, or declare a partial run with SIGIL_ALLOW_PARTIAL=1, in which case every reference-dependent row is left unmeasured and the run says how many. Ruled d-18 (docs/OVERSEER-REFERENCE.md, 2026-09-02): a run that only PRINTS how much it did not measure still exits 0, and a green is trusted the moment it is in the run.
note: run with `RUST_BACKTRACE=1` environment variable to display a backtrace


failures:
    every_stack_movem_restore_has_a_matching_save

test result: FAILED. 0 passed; 1 failed; 0 ignored; 0 measured; 0 filtered out; finished in 0.00s

error: test failed, to rerun pass `-p sigil-cli --test movem_restore_guard_corpus`
     Running tests/mt_bank_port.rs (/home/volence/sonic_hacks/.scratch/width-suffix/target-base/release/deps/mt_bank_port-774b391c7dbf1d9a)

running 4 tests
test split_artifacts_reassemble_to_unsplit_blob_debug ... FAILED
test split_artifacts_reassemble_to_unsplit_blob_plain ... FAILED
test mt_bank_debug_matches_reference ... FAILED
test mt_bank_matches_reference ... FAILED

failures:

---- split_artifacts_reassemble_to_unsplit_blob_debug stdout ----

thread 'split_artifacts_reassemble_to_unsplit_blob_debug' (3905489) panicked at crates/sigil-harness/src/test_support.rs:1312:9:
NO REFERENCE TREE IS NAMED, so this run can measure nothing it could attribute, and STOPS. This run DECLINED to use /home/volence/sonic_hacks/aeon, which step 3 derived from this checkout's own location: it is a working checkout outside this repository, its revision changes under a run without notice, and a result measured against it would be attributable to whatever it happened to contain rather than to the code under test.

The resolver's own answer: reference-tree: /home/volence/sonic_hacks/aeon (SUITE_PATHS step 3, DERIVED from this checkout's own location, nobody named it)

Either name a provisioned tree, AEON_DIR=<aeon checkout> (scripts/provision-aeon-ref.sh), or EMPYREAN_SUITE_ROOT=<the directory holding the suite>, or declare a partial run with SIGIL_ALLOW_PARTIAL=1, in which case every reference-dependent row is left unmeasured and the run says how many. Ruled d-18 (docs/OVERSEER-REFERENCE.md, 2026-09-02): a run that only PRINTS how much it did not measure still exits 0, and a green is trusted the moment it is in the run.

---- split_artifacts_reassemble_to_unsplit_blob_plain stdout ----

thread 'split_artifacts_reassemble_to_unsplit_blob_plain' (3905490) panicked at crates/sigil-harness/src/test_support.rs:1312:9:
NO REFERENCE TREE IS NAMED, so this run can measure nothing it could attribute, and STOPS. This run DECLINED to use /home/volence/sonic_hacks/aeon, which step 3 derived from this checkout's own location: it is a working checkout outside this repository, its revision changes under a run without notice, and a result measured against it would be attributable to whatever it happened to contain rather than to the code under test.

The resolver's own answer: reference-tree: /home/volence/sonic_hacks/aeon (SUITE_PATHS step 3, DERIVED from this checkout's own location, nobody named it)

Either name a provisioned tree, AEON_DIR=<aeon checkout> (scripts/provision-aeon-ref.sh), or EMPYREAN_SUITE_ROOT=<the directory holding the suite>, or declare a partial run with SIGIL_ALLOW_PARTIAL=1, in which case every reference-dependent row is left unmeasured and the run says how many. Ruled d-18 (docs/OVERSEER-REFERENCE.md, 2026-09-02): a run that only PRINTS how much it did not measure still exits 0, and a green is trusted the moment it is in the run.

---- mt_bank_debug_matches_reference stdout ----

thread 'mt_bank_debug_matches_reference' (3905487) panicked at crates/sigil-harness/src/test_support.rs:1312:9:
NO REFERENCE TREE IS NAMED, so this run can measure nothing it could attribute, and STOPS. This run DECLINED to use /home/volence/sonic_hacks/aeon, which step 3 derived from this checkout's own location: it is a working checkout outside this repository, its revision changes under a run without notice, and a result measured against it would be attributable to whatever it happened to contain rather than to the code under test.

The resolver's own answer: reference-tree: /home/volence/sonic_hacks/aeon (SUITE_PATHS step 3, DERIVED from this checkout's own location, nobody named it)

Either name a provisioned tree, AEON_DIR=<aeon checkout> (scripts/provision-aeon-ref.sh), or EMPYREAN_SUITE_ROOT=<the directory holding the suite>, or declare a partial run with SIGIL_ALLOW_PARTIAL=1, in which case every reference-dependent row is left unmeasured and the run says how many. Ruled d-18 (docs/OVERSEER-REFERENCE.md, 2026-09-02): a run that only PRINTS how much it did not measure still exits 0, and a green is trusted the moment it is in the run.
note: run with `RUST_BACKTRACE=1` environment variable to display a backtrace

---- mt_bank_matches_reference stdout ----

thread 'mt_bank_matches_reference' (3905488) panicked at crates/sigil-cli/tests/mt_bank_port.rs:85:30:
called `Result::unwrap()` on an `Err` value: PoisonError { .. }


failures:
    mt_bank_debug_matches_reference
    mt_bank_matches_reference
    split_artifacts_reassemble_to_unsplit_blob_debug
    split_artifacts_reassemble_to_unsplit_blob_plain

test result: FAILED. 0 passed; 4 failed; 0 ignored; 0 measured; 0 filtered out; finished in 0.00s

error: test failed, to rerun pass `-p sigil-cli --test mt_bank_port`
     Running tests/mt_dual_carrier.rs (/home/volence/sonic_hacks/.scratch/width-suffix/target-base/release/deps/mt_dual_carrier-3bd8418f965fa8dc)

running 2 tests
test two_modules_with_harness_renamed_carriers_also_work ... ok
test two_modules_sharing_the_same_text_carrier_name_place_and_link_cleanly ... ok

test result: ok. 2 passed; 0 failed; 0 ignored; 0 measured; 0 filtered out; finished in 0.00s

     Running tests/mt_negative_probes.rs (/home/volence/sonic_hacks/.scratch/width-suffix/target-base/release/deps/mt_negative_probes-ad010fbabb42fd0e)

running 4 tests
test table_length_mismatch_in_mt_style_dual_table_composition_is_clean_error ... ok
test missing_debug_define_is_a_clean_unknown_name_error_not_a_panic ... FAILED
test wrong_bank_cross_seam_label_fires_all_five_co_residency_ensures ... FAILED
test straddle_doctored_map_base_is_a_loud_bank_boundary_error ... FAILED

failures:

---- missing_debug_define_is_a_clean_unknown_name_error_not_a_panic stdout ----

thread 'missing_debug_define_is_a_clean_unknown_name_error_not_a_panic' (3905516) panicked at crates/sigil-harness/src/test_support.rs:1312:9:
NO REFERENCE TREE IS NAMED, so this run can measure nothing it could attribute, and STOPS. This run DECLINED to use /home/volence/sonic_hacks/aeon, which step 3 derived from this checkout's own location: it is a working checkout outside this repository, its revision changes under a run without notice, and a result measured against it would be attributable to whatever it happened to contain rather than to the code under test.

The resolver's own answer: reference-tree: /home/volence/sonic_hacks/aeon (SUITE_PATHS step 3, DERIVED from this checkout's own location, nobody named it)

Either name a provisioned tree, AEON_DIR=<aeon checkout> (scripts/provision-aeon-ref.sh), or EMPYREAN_SUITE_ROOT=<the directory holding the suite>, or declare a partial run with SIGIL_ALLOW_PARTIAL=1, in which case every reference-dependent row is left unmeasured and the run says how many. Ruled d-18 (docs/OVERSEER-REFERENCE.md, 2026-09-02): a run that only PRINTS how much it did not measure still exits 0, and a green is trusted the moment it is in the run.
note: run with `RUST_BACKTRACE=1` environment variable to display a backtrace

---- wrong_bank_cross_seam_label_fires_all_five_co_residency_ensures stdout ----

thread 'wrong_bank_cross_seam_label_fires_all_five_co_residency_ensures' (3905519) panicked at crates/sigil-harness/src/test_support.rs:1312:9:
NO REFERENCE TREE IS NAMED, so this run can measure nothing it could attribute, and STOPS. This run DECLINED to use /home/volence/sonic_hacks/aeon, which step 3 derived from this checkout's own location: it is a working checkout outside this repository, its revision changes under a run without notice, and a result measured against it would be attributable to whatever it happened to contain rather than to the code under test.

The resolver's own answer: reference-tree: /home/volence/sonic_hacks/aeon (SUITE_PATHS step 3, DERIVED from this checkout's own location, nobody named it)

Either name a provisioned tree, AEON_DIR=<aeon checkout> (scripts/provision-aeon-ref.sh), or EMPYREAN_SUITE_ROOT=<the directory holding the suite>, or declare a partial run with SIGIL_ALLOW_PARTIAL=1, in which case every reference-dependent row is left unmeasured and the run says how many. Ruled d-18 (docs/OVERSEER-REFERENCE.md, 2026-09-02): a run that only PRINTS how much it did not measure still exits 0, and a green is trusted the moment it is in the run.

---- straddle_doctored_map_base_is_a_loud_bank_boundary_error stdout ----

thread 'straddle_doctored_map_base_is_a_loud_bank_boundary_error' (3905517) panicked at crates/sigil-harness/src/test_support.rs:1312:9:
NO REFERENCE TREE IS NAMED, so this run can measure nothing it could attribute, and STOPS. This run DECLINED to use /home/volence/sonic_hacks/aeon, which step 3 derived from this checkout's own location: it is a working checkout outside this repository, its revision changes under a run without notice, and a result measured against it would be attributable to whatever it happened to contain rather than to the code under test.

The resolver's own answer: reference-tree: /home/volence/sonic_hacks/aeon (SUITE_PATHS step 3, DERIVED from this checkout's own location, nobody named it)

Either name a provisioned tree, AEON_DIR=<aeon checkout> (scripts/provision-aeon-ref.sh), or EMPYREAN_SUITE_ROOT=<the directory holding the suite>, or declare a partial run with SIGIL_ALLOW_PARTIAL=1, in which case every reference-dependent row is left unmeasured and the run says how many. Ruled d-18 (docs/OVERSEER-REFERENCE.md, 2026-09-02): a run that only PRINTS how much it did not measure still exits 0, and a green is trusted the moment it is in the run.


failures:
    missing_debug_define_is_a_clean_unknown_name_error_not_a_panic
    straddle_doctored_map_base_is_a_loud_bank_boundary_error
    wrong_bank_cross_seam_label_fires_all_five_co_residency_ensures

test result: FAILED. 1 passed; 3 failed; 0 ignored; 0 measured; 0 filtered out; finished in 0.00s

error: test failed, to rerun pass `-p sigil-cli --test mt_negative_probes`
     Running tests/mt_port.rs (/home/volence/sonic_hacks/.scratch/width-suffix/target-base/release/deps/mt_port-628bb8d85865f0b1)

running 2 tests
test mt_bank_debug_region_matches_reference ... FAILED
test mt_bank_region_matches_reference ... FAILED

failures:

---- mt_bank_debug_region_matches_reference stdout ----

thread 'mt_bank_debug_region_matches_reference' (3905531) panicked at crates/sigil-harness/src/test_support.rs:1312:9:
NO REFERENCE TREE IS NAMED, so this run can measure nothing it could attribute, and STOPS. This run DECLINED to use /home/volence/sonic_hacks/aeon, which step 3 derived from this checkout's own location: it is a working checkout outside this repository, its revision changes under a run without notice, and a result measured against it would be attributable to whatever it happened to contain rather than to the code under test.

The resolver's own answer: reference-tree: /home/volence/sonic_hacks/aeon (SUITE_PATHS step 3, DERIVED from this checkout's own location, nobody named it)

Either name a provisioned tree, AEON_DIR=<aeon checkout> (scripts/provision-aeon-ref.sh), or EMPYREAN_SUITE_ROOT=<the directory holding the suite>, or declare a partial run with SIGIL_ALLOW_PARTIAL=1, in which case every reference-dependent row is left unmeasured and the run says how many. Ruled d-18 (docs/OVERSEER-REFERENCE.md, 2026-09-02): a run that only PRINTS how much it did not measure still exits 0, and a green is trusted the moment it is in the run.
note: run with `RUST_BACKTRACE=1` environment variable to display a backtrace

---- mt_bank_region_matches_reference stdout ----

thread 'mt_bank_region_matches_reference' (3905532) panicked at crates/sigil-harness/src/test_support.rs:1312:9:
NO REFERENCE TREE IS NAMED, so this run can measure nothing it could attribute, and STOPS. This run DECLINED to use /home/volence/sonic_hacks/aeon, which step 3 derived from this checkout's own location: it is a working checkout outside this repository, its revision changes under a run without notice, and a result measured against it would be attributable to whatever it happened to contain rather than to the code under test.

The resolver's own answer: reference-tree: /home/volence/sonic_hacks/aeon (SUITE_PATHS step 3, DERIVED from this checkout's own location, nobody named it)

Either name a provisioned tree, AEON_DIR=<aeon checkout> (scripts/provision-aeon-ref.sh), or EMPYREAN_SUITE_ROOT=<the directory holding the suite>, or declare a partial run with SIGIL_ALLOW_PARTIAL=1, in which case every reference-dependent row is left unmeasured and the run says how many. Ruled d-18 (docs/OVERSEER-REFERENCE.md, 2026-09-02): a run that only PRINTS how much it did not measure still exits 0, and a green is trusted the moment it is in the run.


failures:
    mt_bank_debug_region_matches_reference
    mt_bank_region_matches_reference

test result: FAILED. 0 passed; 2 failed; 0 ignored; 0 measured; 0 filtered out; finished in 0.00s

error: test failed, to rerun pass `-p sigil-cli --test mt_port`
     Running tests/native_declared_chain.rs (/home/volence/sonic_hacks/.scratch/width-suffix/target-base/release/deps/native_declared_chain-d8747e416f70d361)

running 2 tests
test declared_chain_plain ... FAILED
test declared_chain_debug ... FAILED

failures:

---- declared_chain_plain stdout ----

thread 'declared_chain_plain' (3905536) panicked at crates/sigil-harness/src/test_support.rs:1312:9:
NO REFERENCE TREE IS NAMED, so this run can measure nothing it could attribute, and STOPS. This run DECLINED to use /home/volence/sonic_hacks/aeon, which step 3 derived from this checkout's own location: it is a working checkout outside this repository, its revision changes under a run without notice, and a result measured against it would be attributable to whatever it happened to contain rather than to the code under test.

The resolver's own answer: reference-tree: /home/volence/sonic_hacks/aeon (SUITE_PATHS step 3, DERIVED from this checkout's own location, nobody named it)

Either name a provisioned tree, AEON_DIR=<aeon checkout> (scripts/provision-aeon-ref.sh), or EMPYREAN_SUITE_ROOT=<the directory holding the suite>, or declare a partial run with SIGIL_ALLOW_PARTIAL=1, in which case every reference-dependent row is left unmeasured and the run says how many. Ruled d-18 (docs/OVERSEER-REFERENCE.md, 2026-09-02): a run that only PRINTS how much it did not measure still exits 0, and a green is trusted the moment it is in the run.

---- declared_chain_debug stdout ----

thread 'declared_chain_debug' (3905535) panicked at crates/sigil-harness/src/test_support.rs:1312:9:
NO REFERENCE TREE IS NAMED, so this run can measure nothing it could attribute, and STOPS. This run DECLINED to use /home/volence/sonic_hacks/aeon, which step 3 derived from this checkout's own location: it is a working checkout outside this repository, its revision changes under a run without notice, and a result measured against it would be attributable to whatever it happened to contain rather than to the code under test.

The resolver's own answer: reference-tree: /home/volence/sonic_hacks/aeon (SUITE_PATHS step 3, DERIVED from this checkout's own location, nobody named it)

Either name a provisioned tree, AEON_DIR=<aeon checkout> (scripts/provision-aeon-ref.sh), or EMPYREAN_SUITE_ROOT=<the directory holding the suite>, or declare a partial run with SIGIL_ALLOW_PARTIAL=1, in which case every reference-dependent row is left unmeasured and the run says how many. Ruled d-18 (docs/OVERSEER-REFERENCE.md, 2026-09-02): a run that only PRINTS how much it did not measure still exits 0, and a green is trusted the moment it is in the run.
note: run with `RUST_BACKTRACE=1` environment variable to display a backtrace


failures:
    declared_chain_debug
    declared_chain_plain

test result: FAILED. 0 passed; 2 failed; 0 ignored; 0 measured; 0 filtered out; finished in 0.00s

error: test failed, to rerun pass `-p sigil-cli --test native_declared_chain`
     Running tests/native_full_rom.rs (/home/volence/sonic_hacks/.scratch/width-suffix/target-base/release/deps/native_full_rom-e51d365e8b3f272b)

running 3 tests
test deb2_appendix_negative_controls ... FAILED
test native_full_sonic4_debug ... FAILED
test native_full_sonic4_plain ... FAILED

failures:

---- deb2_appendix_negative_controls stdout ----

thread 'deb2_appendix_negative_controls' (3905539) panicked at crates/sigil-harness/src/test_support.rs:1312:9:
NO REFERENCE TREE IS NAMED, so this run can measure nothing it could attribute, and STOPS. This run DECLINED to use /home/volence/sonic_hacks/aeon, which step 3 derived from this checkout's own location: it is a working checkout outside this repository, its revision changes under a run without notice, and a result measured against it would be attributable to whatever it happened to contain rather than to the code under test.

The resolver's own answer: reference-tree: /home/volence/sonic_hacks/aeon (SUITE_PATHS step 3, DERIVED from this checkout's own location, nobody named it)

Either name a provisioned tree, AEON_DIR=<aeon checkout> (scripts/provision-aeon-ref.sh), or EMPYREAN_SUITE_ROOT=<the directory holding the suite>, or declare a partial run with SIGIL_ALLOW_PARTIAL=1, in which case every reference-dependent row is left unmeasured and the run says how many. Ruled d-18 (docs/OVERSEER-REFERENCE.md, 2026-09-02): a run that only PRINTS how much it did not measure still exits 0, and a green is trusted the moment it is in the run.
note: run with `RUST_BACKTRACE=1` environment variable to display a backtrace

---- native_full_sonic4_debug stdout ----

thread 'native_full_sonic4_debug' (3905540) panicked at crates/sigil-harness/src/test_support.rs:1312:9:
NO REFERENCE TREE IS NAMED, so this run can measure nothing it could attribute, and STOPS. This run DECLINED to use /home/volence/sonic_hacks/aeon, which step 3 derived from this checkout's own location: it is a working checkout outside this repository, its revision changes under a run without notice, and a result measured against it would be attributable to whatever it happened to contain rather than to the code under test.

The resolver's own answer: reference-tree: /home/volence/sonic_hacks/aeon (SUITE_PATHS step 3, DERIVED from this checkout's own location, nobody named it)

Either name a provisioned tree, AEON_DIR=<aeon checkout> (scripts/provision-aeon-ref.sh), or EMPYREAN_SUITE_ROOT=<the directory holding the suite>, or declare a partial run with SIGIL_ALLOW_PARTIAL=1, in which case every reference-dependent row is left unmeasured and the run says how many. Ruled d-18 (docs/OVERSEER-REFERENCE.md, 2026-09-02): a run that only PRINTS how much it did not measure still exits 0, and a green is trusted the moment it is in the run.

---- native_full_sonic4_plain stdout ----

thread 'native_full_sonic4_plain' (3905541) panicked at crates/sigil-harness/src/test_support.rs:1312:9:
NO REFERENCE TREE IS NAMED, so this run can measure nothing it could attribute, and STOPS. This run DECLINED to use /home/volence/sonic_hacks/aeon, which step 3 derived from this checkout's own location: it is a working checkout outside this repository, its revision changes under a run without notice, and a result measured against it would be attributable to whatever it happened to contain rather than to the code under test.

The resolver's own answer: reference-tree: /home/volence/sonic_hacks/aeon (SUITE_PATHS step 3, DERIVED from this checkout's own location, nobody named it)

Either name a provisioned tree, AEON_DIR=<aeon checkout> (scripts/provision-aeon-ref.sh), or EMPYREAN_SUITE_ROOT=<the directory holding the suite>, or declare a partial run with SIGIL_ALLOW_PARTIAL=1, in which case every reference-dependent row is left unmeasured and the run says how many. Ruled d-18 (docs/OVERSEER-REFERENCE.md, 2026-09-02): a run that only PRINTS how much it did not measure still exits 0, and a green is trusted the moment it is in the run.


failures:
    deb2_appendix_negative_controls
    native_full_sonic4_debug
    native_full_sonic4_plain

test result: FAILED. 0 passed; 3 failed; 0 ignored; 0 measured; 0 filtered out; finished in 0.01s

error: test failed, to rerun pass `-p sigil-cli --test native_full_rom`
     Running tests/native_object_bank_budget.rs (/home/volence/sonic_hacks/.scratch/width-suffix/target-base/release/deps/native_object_bank_budget-7c776bf34881c86e)

running 2 tests
test canonical_object_bank_within_budget ... FAILED
test doctored_tiny_budget_fails_the_check ... FAILED

failures:

---- canonical_object_bank_within_budget stdout ----

thread 'canonical_object_bank_within_budget' (3905544) panicked at crates/sigil-harness/src/test_support.rs:1312:9:
NO REFERENCE TREE IS NAMED, so this run can measure nothing it could attribute, and STOPS. This run DECLINED to use /home/volence/sonic_hacks/aeon, which step 3 derived from this checkout's own location: it is a working checkout outside this repository, its revision changes under a run without notice, and a result measured against it would be attributable to whatever it happened to contain rather than to the code under test.

The resolver's own answer: reference-tree: /home/volence/sonic_hacks/aeon (SUITE_PATHS step 3, DERIVED from this checkout's own location, nobody named it)

Either name a provisioned tree, AEON_DIR=<aeon checkout> (scripts/provision-aeon-ref.sh), or EMPYREAN_SUITE_ROOT=<the directory holding the suite>, or declare a partial run with SIGIL_ALLOW_PARTIAL=1, in which case every reference-dependent row is left unmeasured and the run says how many. Ruled d-18 (docs/OVERSEER-REFERENCE.md, 2026-09-02): a run that only PRINTS how much it did not measure still exits 0, and a green is trusted the moment it is in the run.
note: run with `RUST_BACKTRACE=1` environment variable to display a backtrace

---- doctored_tiny_budget_fails_the_check stdout ----

thread 'doctored_tiny_budget_fails_the_check' (3905545) panicked at crates/sigil-harness/src/test_support.rs:1312:9:
NO REFERENCE TREE IS NAMED, so this run can measure nothing it could attribute, and STOPS. This run DECLINED to use /home/volence/sonic_hacks/aeon, which step 3 derived from this checkout's own location: it is a working checkout outside this repository, its revision changes under a run without notice, and a result measured against it would be attributable to whatever it happened to contain rather than to the code under test.

The resolver's own answer: reference-tree: /home/volence/sonic_hacks/aeon (SUITE_PATHS step 3, DERIVED from this checkout's own location, nobody named it)

Either name a provisioned tree, AEON_DIR=<aeon checkout> (scripts/provision-aeon-ref.sh), or EMPYREAN_SUITE_ROOT=<the directory holding the suite>, or declare a partial run with SIGIL_ALLOW_PARTIAL=1, in which case every reference-dependent row is left unmeasured and the run says how many. Ruled d-18 (docs/OVERSEER-REFERENCE.md, 2026-09-02): a run that only PRINTS how much it did not measure still exits 0, and a green is trusted the moment it is in the run.


failures:
    canonical_object_bank_within_budget
    doctored_tiny_budget_fails_the_check

test result: FAILED. 0 passed; 2 failed; 0 ignored; 0 measured; 0 filtered out; finished in 0.00s

error: test failed, to rerun pass `-p sigil-cli --test native_object_bank_budget`
     Running tests/native_offcanonical_full.rs (/home/volence/sonic_hacks/.scratch/width-suffix/target-base/release/deps/native_offcanonical_full-00fa09ab20fe453b)

running 9 tests
test demo_doctored_control ... FAILED
test config_a_full_file ... FAILED
test config_b_full_file ... FAILED
test config_a_doctored_control ... FAILED
test lean_doctored_control ... FAILED
test demo_plain_full_file ... FAILED
test config_b_doctored_control ... FAILED
test lean_full_file ... FAILED
test demo_debug_full_file ... FAILED

failures:

---- demo_doctored_control stdout ----

thread 'demo_doctored_control' (3905553) panicked at crates/sigil-harness/src/test_support.rs:1312:9:
NO REFERENCE TREE IS NAMED, so this run can measure nothing it could attribute, and STOPS. This run DECLINED to use /home/volence/sonic_hacks/aeon, which step 3 derived from this checkout's own location: it is a working checkout outside this repository, its revision changes under a run without notice, and a result measured against it would be attributable to whatever it happened to contain rather than to the code under test.

The resolver's own answer: reference-tree: /home/volence/sonic_hacks/aeon (SUITE_PATHS step 3, DERIVED from this checkout's own location, nobody named it)

Either name a provisioned tree, AEON_DIR=<aeon checkout> (scripts/provision-aeon-ref.sh), or EMPYREAN_SUITE_ROOT=<the directory holding the suite>, or declare a partial run with SIGIL_ALLOW_PARTIAL=1, in which case every reference-dependent row is left unmeasured and the run says how many. Ruled d-18 (docs/OVERSEER-REFERENCE.md, 2026-09-02): a run that only PRINTS how much it did not measure still exits 0, and a green is trusted the moment it is in the run.

---- config_a_full_file stdout ----

thread 'config_a_full_file' (3905549) panicked at crates/sigil-harness/src/test_support.rs:1312:9:
NO REFERENCE TREE IS NAMED, so this run can measure nothing it could attribute, and STOPS. This run DECLINED to use /home/volence/sonic_hacks/aeon, which step 3 derived from this checkout's own location: it is a working checkout outside this repository, its revision changes under a run without notice, and a result measured against it would be attributable to whatever it happened to contain rather than to the code under test.

The resolver's own answer: reference-tree: /home/volence/sonic_hacks/aeon (SUITE_PATHS step 3, DERIVED from this checkout's own location, nobody named it)

Either name a provisioned tree, AEON_DIR=<aeon checkout> (scripts/provision-aeon-ref.sh), or EMPYREAN_SUITE_ROOT=<the directory holding the suite>, or declare a partial run with SIGIL_ALLOW_PARTIAL=1, in which case every reference-dependent row is left unmeasured and the run says how many. Ruled d-18 (docs/OVERSEER-REFERENCE.md, 2026-09-02): a run that only PRINTS how much it did not measure still exits 0, and a green is trusted the moment it is in the run.
note: run with `RUST_BACKTRACE=1` environment variable to display a backtrace

---- config_b_full_file stdout ----

thread 'config_b_full_file' (3905551) panicked at crates/sigil-harness/src/test_support.rs:1312:9:
NO REFERENCE TREE IS NAMED, so this run can measure nothing it could attribute, and STOPS. This run DECLINED to use /home/volence/sonic_hacks/aeon, which step 3 derived from this checkout's own location: it is a working checkout outside this repository, its revision changes under a run without notice, and a result measured against it would be attributable to whatever it happened to contain rather than to the code under test.

The resolver's own answer: reference-tree: /home/volence/sonic_hacks/aeon (SUITE_PATHS step 3, DERIVED from this checkout's own location, nobody named it)

Either name a provisioned tree, AEON_DIR=<aeon checkout> (scripts/provision-aeon-ref.sh), or EMPYREAN_SUITE_ROOT=<the directory holding the suite>, or declare a partial run with SIGIL_ALLOW_PARTIAL=1, in which case every reference-dependent row is left unmeasured and the run says how many. Ruled d-18 (docs/OVERSEER-REFERENCE.md, 2026-09-02): a run that only PRINTS how much it did not measure still exits 0, and a green is trusted the moment it is in the run.

---- config_a_doctored_control stdout ----

thread 'config_a_doctored_control' (3905548) panicked at crates/sigil-harness/src/test_support.rs:1312:9:
NO REFERENCE TREE IS NAMED, so this run can measure nothing it could attribute, and STOPS. This run DECLINED to use /home/volence/sonic_hacks/aeon, which step 3 derived from this checkout's own location: it is a working checkout outside this repository, its revision changes under a run without notice, and a result measured against it would be attributable to whatever it happened to contain rather than to the code under test.

The resolver's own answer: reference-tree: /home/volence/sonic_hacks/aeon (SUITE_PATHS step 3, DERIVED from this checkout's own location, nobody named it)

Either name a provisioned tree, AEON_DIR=<aeon checkout> (scripts/provision-aeon-ref.sh), or EMPYREAN_SUITE_ROOT=<the directory holding the suite>, or declare a partial run with SIGIL_ALLOW_PARTIAL=1, in which case every reference-dependent row is left unmeasured and the run says how many. Ruled d-18 (docs/OVERSEER-REFERENCE.md, 2026-09-02): a run that only PRINTS how much it did not measure still exits 0, and a green is trusted the moment it is in the run.

---- lean_doctored_control stdout ----

thread 'lean_doctored_control' (3905555) panicked at crates/sigil-harness/src/test_support.rs:1312:9:
NO REFERENCE TREE IS NAMED, so this run can measure nothing it could attribute, and STOPS. This run DECLINED to use /home/volence/sonic_hacks/aeon, which step 3 derived from this checkout's own location: it is a working checkout outside this repository, its revision changes under a run without notice, and a result measured against it would be attributable to whatever it happened to contain rather than to the code under test.

The resolver's own answer: reference-tree: /home/volence/sonic_hacks/aeon (SUITE_PATHS step 3, DERIVED from this checkout's own location, nobody named it)

Either name a provisioned tree, AEON_DIR=<aeon checkout> (scripts/provision-aeon-ref.sh), or EMPYREAN_SUITE_ROOT=<the directory holding the suite>, or declare a partial run with SIGIL_ALLOW_PARTIAL=1, in which case every reference-dependent row is left unmeasured and the run says how many. Ruled d-18 (docs/OVERSEER-REFERENCE.md, 2026-09-02): a run that only PRINTS how much it did not measure still exits 0, and a green is trusted the moment it is in the run.

---- demo_plain_full_file stdout ----

thread 'demo_plain_full_file' (3905554) panicked at crates/sigil-harness/src/test_support.rs:1312:9:
NO REFERENCE TREE IS NAMED, so this run can measure nothing it could attribute, and STOPS. This run DECLINED to use /home/volence/sonic_hacks/aeon, which step 3 derived from this checkout's own location: it is a working checkout outside this repository, its revision changes under a run without notice, and a result measured against it would be attributable to whatever it happened to contain rather than to the code under test.

The resolver's own answer: reference-tree: /home/volence/sonic_hacks/aeon (SUITE_PATHS step 3, DERIVED from this checkout's own location, nobody named it)

Either name a provisioned tree, AEON_DIR=<aeon checkout> (scripts/provision-aeon-ref.sh), or EMPYREAN_SUITE_ROOT=<the directory holding the suite>, or declare a partial run with SIGIL_ALLOW_PARTIAL=1, in which case every reference-dependent row is left unmeasured and the run says how many. Ruled d-18 (docs/OVERSEER-REFERENCE.md, 2026-09-02): a run that only PRINTS how much it did not measure still exits 0, and a green is trusted the moment it is in the run.

---- config_b_doctored_control stdout ----

thread 'config_b_doctored_control' (3905550) panicked at crates/sigil-harness/src/test_support.rs:1312:9:
NO REFERENCE TREE IS NAMED, so this run can measure nothing it could attribute, and STOPS. This run DECLINED to use /home/volence/sonic_hacks/aeon, which step 3 derived from this checkout's own location: it is a working checkout outside this repository, its revision changes under a run without notice, and a result measured against it would be attributable to whatever it happened to contain rather than to the code under test.

The resolver's own answer: reference-tree: /home/volence/sonic_hacks/aeon (SUITE_PATHS step 3, DERIVED from this checkout's own location, nobody named it)

Either name a provisioned tree, AEON_DIR=<aeon checkout> (scripts/provision-aeon-ref.sh), or EMPYREAN_SUITE_ROOT=<the directory holding the suite>, or declare a partial run with SIGIL_ALLOW_PARTIAL=1, in which case every reference-dependent row is left unmeasured and the run says how many. Ruled d-18 (docs/OVERSEER-REFERENCE.md, 2026-09-02): a run that only PRINTS how much it did not measure still exits 0, and a green is trusted the moment it is in the run.

---- lean_full_file stdout ----

thread 'lean_full_file' (3905556) panicked at crates/sigil-harness/src/test_support.rs:1312:9:
NO REFERENCE TREE IS NAMED, so this run can measure nothing it could attribute, and STOPS. This run DECLINED to use /home/volence/sonic_hacks/aeon, which step 3 derived from this checkout's own location: it is a working checkout outside this repository, its revision changes under a run without notice, and a result measured against it would be attributable to whatever it happened to contain rather than to the code under test.

The resolver's own answer: reference-tree: /home/volence/sonic_hacks/aeon (SUITE_PATHS step 3, DERIVED from this checkout's own location, nobody named it)

Either name a provisioned tree, AEON_DIR=<aeon checkout> (scripts/provision-aeon-ref.sh), or EMPYREAN_SUITE_ROOT=<the directory holding the suite>, or declare a partial run with SIGIL_ALLOW_PARTIAL=1, in which case every reference-dependent row is left unmeasured and the run says how many. Ruled d-18 (docs/OVERSEER-REFERENCE.md, 2026-09-02): a run that only PRINTS how much it did not measure still exits 0, and a green is trusted the moment it is in the run.

---- demo_debug_full_file stdout ----

thread 'demo_debug_full_file' (3905552) panicked at crates/sigil-harness/src/test_support.rs:1312:9:
NO REFERENCE TREE IS NAMED, so this run can measure nothing it could attribute, and STOPS. This run DECLINED to use /home/volence/sonic_hacks/aeon, which step 3 derived from this checkout's own location: it is a working checkout outside this repository, its revision changes under a run without notice, and a result measured against it would be attributable to whatever it happened to contain rather than to the code under test.

The resolver's own answer: reference-tree: /home/volence/sonic_hacks/aeon (SUITE_PATHS step 3, DERIVED from this checkout's own location, nobody named it)

Either name a provisioned tree, AEON_DIR=<aeon checkout> (scripts/provision-aeon-ref.sh), or EMPYREAN_SUITE_ROOT=<the directory holding the suite>, or declare a partial run with SIGIL_ALLOW_PARTIAL=1, in which case every reference-dependent row is left unmeasured and the run says how many. Ruled d-18 (docs/OVERSEER-REFERENCE.md, 2026-09-02): a run that only PRINTS how much it did not measure still exits 0, and a green is trusted the moment it is in the run.


failures:
    config_a_doctored_control
    config_a_full_file
    config_b_doctored_control
    config_b_full_file
    demo_debug_full_file
    demo_doctored_control
    demo_plain_full_file
    lean_doctored_control
    lean_full_file

test result: FAILED. 0 passed; 9 failed; 0 ignored; 0 measured; 0 filtered out; finished in 0.00s

error: test failed, to rerun pass `-p sigil-cli --test native_offcanonical_full`
     Running tests/native_offcanonical_placement.rs (/home/volence/sonic_hacks/.scratch/width-suffix/target-base/release/deps/native_offcanonical_placement-20a4cd25353f8564)

running 9 tests
test config_a_size_table_rederives_native ... FAILED
test ram_packing_invariants_debug ... FAILED
test config_b_frozen_placement_exact ... FAILED
test config_b_doctored_size_table_moves_no_bytes ... FAILED
test lean_size_table_rederives_native ... FAILED
test demo_debug_size_table_rederives_native ... FAILED
test ram_packing_invariants_plain ... FAILED
test config_b_size_table_rederives_native ... FAILED
test demo_size_table_rederives_native ... FAILED

failures:

---- config_a_size_table_rederives_native stdout ----

thread 'config_a_size_table_rederives_native' (3905559) panicked at crates/sigil-harness/src/test_support.rs:1312:9:
NO REFERENCE TREE IS NAMED, so this run can measure nothing it could attribute, and STOPS. This run DECLINED to use /home/volence/sonic_hacks/aeon, which step 3 derived from this checkout's own location: it is a working checkout outside this repository, its revision changes under a run without notice, and a result measured against it would be attributable to whatever it happened to contain rather than to the code under test.

The resolver's own answer: reference-tree: /home/volence/sonic_hacks/aeon (SUITE_PATHS step 3, DERIVED from this checkout's own location, nobody named it)

Either name a provisioned tree, AEON_DIR=<aeon checkout> (scripts/provision-aeon-ref.sh), or EMPYREAN_SUITE_ROOT=<the directory holding the suite>, or declare a partial run with SIGIL_ALLOW_PARTIAL=1, in which case every reference-dependent row is left unmeasured and the run says how many. Ruled d-18 (docs/OVERSEER-REFERENCE.md, 2026-09-02): a run that only PRINTS how much it did not measure still exits 0, and a green is trusted the moment it is in the run.
note: run with `RUST_BACKTRACE=1` environment variable to display a backtrace

---- ram_packing_invariants_debug stdout ----

thread 'ram_packing_invariants_debug' (3905566) panicked at crates/sigil-harness/src/test_support.rs:1312:9:
NO REFERENCE TREE IS NAMED, so this run can measure nothing it could attribute, and STOPS. This run DECLINED to use /home/volence/sonic_hacks/aeon, which step 3 derived from this checkout's own location: it is a working checkout outside this repository, its revision changes under a run without notice, and a result measured against it would be attributable to whatever it happened to contain rather than to the code under test.

The resolver's own answer: reference-tree: /home/volence/sonic_hacks/aeon (SUITE_PATHS step 3, DERIVED from this checkout's own location, nobody named it)

Either name a provisioned tree, AEON_DIR=<aeon checkout> (scripts/provision-aeon-ref.sh), or EMPYREAN_SUITE_ROOT=<the directory holding the suite>, or declare a partial run with SIGIL_ALLOW_PARTIAL=1, in which case every reference-dependent row is left unmeasured and the run says how many. Ruled d-18 (docs/OVERSEER-REFERENCE.md, 2026-09-02): a run that only PRINTS how much it did not measure still exits 0, and a green is trusted the moment it is in the run.

---- config_b_frozen_placement_exact stdout ----

thread 'config_b_frozen_placement_exact' (3905561) panicked at crates/sigil-harness/src/test_support.rs:1312:9:
NO REFERENCE TREE IS NAMED, so this run can measure nothing it could attribute, and STOPS. This run DECLINED to use /home/volence/sonic_hacks/aeon, which step 3 derived from this checkout's own location: it is a working checkout outside this repository, its revision changes under a run without notice, and a result measured against it would be attributable to whatever it happened to contain rather than to the code under test.

The resolver's own answer: reference-tree: /home/volence/sonic_hacks/aeon (SUITE_PATHS step 3, DERIVED from this checkout's own location, nobody named it)

Either name a provisioned tree, AEON_DIR=<aeon checkout> (scripts/provision-aeon-ref.sh), or EMPYREAN_SUITE_ROOT=<the directory holding the suite>, or declare a partial run with SIGIL_ALLOW_PARTIAL=1, in which case every reference-dependent row is left unmeasured and the run says how many. Ruled d-18 (docs/OVERSEER-REFERENCE.md, 2026-09-02): a run that only PRINTS how much it did not measure still exits 0, and a green is trusted the moment it is in the run.

---- config_b_doctored_size_table_moves_no_bytes stdout ----

thread 'config_b_doctored_size_table_moves_no_bytes' (3905560) panicked at crates/sigil-harness/src/test_support.rs:1312:9:
NO REFERENCE TREE IS NAMED, so this run can measure nothing it could attribute, and STOPS. This run DECLINED to use /home/volence/sonic_hacks/aeon, which step 3 derived from this checkout's own location: it is a working checkout outside this repository, its revision changes under a run without notice, and a result measured against it would be attributable to whatever it happened to contain rather than to the code under test.

The resolver's own answer: reference-tree: /home/volence/sonic_hacks/aeon (SUITE_PATHS step 3, DERIVED from this checkout's own location, nobody named it)

Either name a provisioned tree, AEON_DIR=<aeon checkout> (scripts/provision-aeon-ref.sh), or EMPYREAN_SUITE_ROOT=<the directory holding the suite>, or declare a partial run with SIGIL_ALLOW_PARTIAL=1, in which case every reference-dependent row is left unmeasured and the run says how many. Ruled d-18 (docs/OVERSEER-REFERENCE.md, 2026-09-02): a run that only PRINTS how much it did not measure still exits 0, and a green is trusted the moment it is in the run.

---- lean_size_table_rederives_native stdout ----

thread 'lean_size_table_rederives_native' (3905565) panicked at crates/sigil-harness/src/test_support.rs:1312:9:
NO REFERENCE TREE IS NAMED, so this run can measure nothing it could attribute, and STOPS. This run DECLINED to use /home/volence/sonic_hacks/aeon, which step 3 derived from this checkout's own location: it is a working checkout outside this repository, its revision changes under a run without notice, and a result measured against it would be attributable to whatever it happened to contain rather than to the code under test.

The resolver's own answer: reference-tree: /home/volence/sonic_hacks/aeon (SUITE_PATHS step 3, DERIVED from this checkout's own location, nobody named it)

Either name a provisioned tree, AEON_DIR=<aeon checkout> (scripts/provision-aeon-ref.sh), or EMPYREAN_SUITE_ROOT=<the directory holding the suite>, or declare a partial run with SIGIL_ALLOW_PARTIAL=1, in which case every reference-dependent row is left unmeasured and the run says how many. Ruled d-18 (docs/OVERSEER-REFERENCE.md, 2026-09-02): a run that only PRINTS how much it did not measure still exits 0, and a green is trusted the moment it is in the run.

---- demo_debug_size_table_rederives_native stdout ----

thread 'demo_debug_size_table_rederives_native' (3905563) panicked at crates/sigil-harness/src/test_support.rs:1312:9:
NO REFERENCE TREE IS NAMED, so this run can measure nothing it could attribute, and STOPS. This run DECLINED to use /home/volence/sonic_hacks/aeon, which step 3 derived from this checkout's own location: it is a working checkout outside this repository, its revision changes under a run without notice, and a result measured against it would be attributable to whatever it happened to contain rather than to the code under test.

The resolver's own answer: reference-tree: /home/volence/sonic_hacks/aeon (SUITE_PATHS step 3, DERIVED from this checkout's own location, nobody named it)

Either name a provisioned tree, AEON_DIR=<aeon checkout> (scripts/provision-aeon-ref.sh), or EMPYREAN_SUITE_ROOT=<the directory holding the suite>, or declare a partial run with SIGIL_ALLOW_PARTIAL=1, in which case every reference-dependent row is left unmeasured and the run says how many. Ruled d-18 (docs/OVERSEER-REFERENCE.md, 2026-09-02): a run that only PRINTS how much it did not measure still exits 0, and a green is trusted the moment it is in the run.

---- ram_packing_invariants_plain stdout ----

thread 'ram_packing_invariants_plain' (3905567) panicked at crates/sigil-harness/src/test_support.rs:1312:9:
NO REFERENCE TREE IS NAMED, so this run can measure nothing it could attribute, and STOPS. This run DECLINED to use /home/volence/sonic_hacks/aeon, which step 3 derived from this checkout's own location: it is a working checkout outside this repository, its revision changes under a run without notice, and a result measured against it would be attributable to whatever it happened to contain rather than to the code under test.

The resolver's own answer: reference-tree: /home/volence/sonic_hacks/aeon (SUITE_PATHS step 3, DERIVED from this checkout's own location, nobody named it)

Either name a provisioned tree, AEON_DIR=<aeon checkout> (scripts/provision-aeon-ref.sh), or EMPYREAN_SUITE_ROOT=<the directory holding the suite>, or declare a partial run with SIGIL_ALLOW_PARTIAL=1, in which case every reference-dependent row is left unmeasured and the run says how many. Ruled d-18 (docs/OVERSEER-REFERENCE.md, 2026-09-02): a run that only PRINTS how much it did not measure still exits 0, and a green is trusted the moment it is in the run.

---- config_b_size_table_rederives_native stdout ----

thread 'config_b_size_table_rederives_native' (3905562) panicked at crates/sigil-harness/src/test_support.rs:1312:9:
NO REFERENCE TREE IS NAMED, so this run can measure nothing it could attribute, and STOPS. This run DECLINED to use /home/volence/sonic_hacks/aeon, which step 3 derived from this checkout's own location: it is a working checkout outside this repository, its revision changes under a run without notice, and a result measured against it would be attributable to whatever it happened to contain rather than to the code under test.

The resolver's own answer: reference-tree: /home/volence/sonic_hacks/aeon (SUITE_PATHS step 3, DERIVED from this checkout's own location, nobody named it)

Either name a provisioned tree, AEON_DIR=<aeon checkout> (scripts/provision-aeon-ref.sh), or EMPYREAN_SUITE_ROOT=<the directory holding the suite>, or declare a partial run with SIGIL_ALLOW_PARTIAL=1, in which case every reference-dependent row is left unmeasured and the run says how many. Ruled d-18 (docs/OVERSEER-REFERENCE.md, 2026-09-02): a run that only PRINTS how much it did not measure still exits 0, and a green is trusted the moment it is in the run.

---- demo_size_table_rederives_native stdout ----

thread 'demo_size_table_rederives_native' (3905564) panicked at crates/sigil-harness/src/test_support.rs:1312:9:
NO REFERENCE TREE IS NAMED, so this run can measure nothing it could attribute, and STOPS. This run DECLINED to use /home/volence/sonic_hacks/aeon, which step 3 derived from this checkout's own location: it is a working checkout outside this repository, its revision changes under a run without notice, and a result measured against it would be attributable to whatever it happened to contain rather than to the code under test.

The resolver's own answer: reference-tree: /home/volence/sonic_hacks/aeon (SUITE_PATHS step 3, DERIVED from this checkout's own location, nobody named it)

Either name a provisioned tree, AEON_DIR=<aeon checkout> (scripts/provision-aeon-ref.sh), or EMPYREAN_SUITE_ROOT=<the directory holding the suite>, or declare a partial run with SIGIL_ALLOW_PARTIAL=1, in which case every reference-dependent row is left unmeasured and the run says how many. Ruled d-18 (docs/OVERSEER-REFERENCE.md, 2026-09-02): a run that only PRINTS how much it did not measure still exits 0, and a green is trusted the moment it is in the run.


failures:
    config_a_size_table_rederives_native
    config_b_doctored_size_table_moves_no_bytes
    config_b_frozen_placement_exact
    config_b_size_table_rederives_native
    demo_debug_size_table_rederives_native
    demo_size_table_rederives_native
    lean_size_table_rederives_native
    ram_packing_invariants_debug
    ram_packing_invariants_plain

test result: FAILED. 0 passed; 9 failed; 0 ignored; 0 measured; 0 filtered out; finished in 0.00s

error: test failed, to rerun pass `-p sigil-cli --test native_offcanonical_placement`
     Running tests/native_offcanonical_rom.rs (/home/volence/sonic_hacks/.scratch/width-suffix/target-base/release/deps/native_offcanonical_rom-c16eda460d0a9612)

running 5 tests
test demo_plain_anchor_matches_golden ... FAILED
test demo_debug_anchor_matches_golden ... FAILED
test config_b_anchor_matches_golden ... FAILED
test config_a_anchor_matches_golden ... FAILED
test lean_anchor_matches_golden ... FAILED

failures:

---- demo_plain_anchor_matches_golden stdout ----

thread 'demo_plain_anchor_matches_golden' (3905573) panicked at crates/sigil-harness/src/test_support.rs:1312:9:
NO REFERENCE TREE IS NAMED, so this run can measure nothing it could attribute, and STOPS. This run DECLINED to use /home/volence/sonic_hacks/aeon, which step 3 derived from this checkout's own location: it is a working checkout outside this repository, its revision changes under a run without notice, and a result measured against it would be attributable to whatever it happened to contain rather than to the code under test.

The resolver's own answer: reference-tree: /home/volence/sonic_hacks/aeon (SUITE_PATHS step 3, DERIVED from this checkout's own location, nobody named it)

Either name a provisioned tree, AEON_DIR=<aeon checkout> (scripts/provision-aeon-ref.sh), or EMPYREAN_SUITE_ROOT=<the directory holding the suite>, or declare a partial run with SIGIL_ALLOW_PARTIAL=1, in which case every reference-dependent row is left unmeasured and the run says how many. Ruled d-18 (docs/OVERSEER-REFERENCE.md, 2026-09-02): a run that only PRINTS how much it did not measure still exits 0, and a green is trusted the moment it is in the run.

---- demo_debug_anchor_matches_golden stdout ----

thread 'demo_debug_anchor_matches_golden' (3905572) panicked at crates/sigil-harness/src/test_support.rs:1312:9:
NO REFERENCE TREE IS NAMED, so this run can measure nothing it could attribute, and STOPS. This run DECLINED to use /home/volence/sonic_hacks/aeon, which step 3 derived from this checkout's own location: it is a working checkout outside this repository, its revision changes under a run without notice, and a result measured against it would be attributable to whatever it happened to contain rather than to the code under test.

The resolver's own answer: reference-tree: /home/volence/sonic_hacks/aeon (SUITE_PATHS step 3, DERIVED from this checkout's own location, nobody named it)

Either name a provisioned tree, AEON_DIR=<aeon checkout> (scripts/provision-aeon-ref.sh), or EMPYREAN_SUITE_ROOT=<the directory holding the suite>, or declare a partial run with SIGIL_ALLOW_PARTIAL=1, in which case every reference-dependent row is left unmeasured and the run says how many. Ruled d-18 (docs/OVERSEER-REFERENCE.md, 2026-09-02): a run that only PRINTS how much it did not measure still exits 0, and a green is trusted the moment it is in the run.

---- config_b_anchor_matches_golden stdout ----

thread 'config_b_anchor_matches_golden' (3905571) panicked at crates/sigil-harness/src/test_support.rs:1312:9:
NO REFERENCE TREE IS NAMED, so this run can measure nothing it could attribute, and STOPS. This run DECLINED to use /home/volence/sonic_hacks/aeon, which step 3 derived from this checkout's own location: it is a working checkout outside this repository, its revision changes under a run without notice, and a result measured against it would be attributable to whatever it happened to contain rather than to the code under test.

The resolver's own answer: reference-tree: /home/volence/sonic_hacks/aeon (SUITE_PATHS step 3, DERIVED from this checkout's own location, nobody named it)

Either name a provisioned tree, AEON_DIR=<aeon checkout> (scripts/provision-aeon-ref.sh), or EMPYREAN_SUITE_ROOT=<the directory holding the suite>, or declare a partial run with SIGIL_ALLOW_PARTIAL=1, in which case every reference-dependent row is left unmeasured and the run says how many. Ruled d-18 (docs/OVERSEER-REFERENCE.md, 2026-09-02): a run that only PRINTS how much it did not measure still exits 0, and a green is trusted the moment it is in the run.
note: run with `RUST_BACKTRACE=1` environment variable to display a backtrace

---- config_a_anchor_matches_golden stdout ----

thread 'config_a_anchor_matches_golden' (3905570) panicked at crates/sigil-harness/src/test_support.rs:1312:9:
NO REFERENCE TREE IS NAMED, so this run can measure nothing it could attribute, and STOPS. This run DECLINED to use /home/volence/sonic_hacks/aeon, which step 3 derived from this checkout's own location: it is a working checkout outside this repository, its revision changes under a run without notice, and a result measured against it would be attributable to whatever it happened to contain rather than to the code under test.

The resolver's own answer: reference-tree: /home/volence/sonic_hacks/aeon (SUITE_PATHS step 3, DERIVED from this checkout's own location, nobody named it)

Either name a provisioned tree, AEON_DIR=<aeon checkout> (scripts/provision-aeon-ref.sh), or EMPYREAN_SUITE_ROOT=<the directory holding the suite>, or declare a partial run with SIGIL_ALLOW_PARTIAL=1, in which case every reference-dependent row is left unmeasured and the run says how many. Ruled d-18 (docs/OVERSEER-REFERENCE.md, 2026-09-02): a run that only PRINTS how much it did not measure still exits 0, and a green is trusted the moment it is in the run.

---- lean_anchor_matches_golden stdout ----

thread 'lean_anchor_matches_golden' (3905574) panicked at crates/sigil-harness/src/test_support.rs:1312:9:
NO REFERENCE TREE IS NAMED, so this run can measure nothing it could attribute, and STOPS. This run DECLINED to use /home/volence/sonic_hacks/aeon, which step 3 derived from this checkout's own location: it is a working checkout outside this repository, its revision changes under a run without notice, and a result measured against it would be attributable to whatever it happened to contain rather than to the code under test.

The resolver's own answer: reference-tree: /home/volence/sonic_hacks/aeon (SUITE_PATHS step 3, DERIVED from this checkout's own location, nobody named it)

Either name a provisioned tree, AEON_DIR=<aeon checkout> (scripts/provision-aeon-ref.sh), or EMPYREAN_SUITE_ROOT=<the directory holding the suite>, or declare a partial run with SIGIL_ALLOW_PARTIAL=1, in which case every reference-dependent row is left unmeasured and the run says how many. Ruled d-18 (docs/OVERSEER-REFERENCE.md, 2026-09-02): a run that only PRINTS how much it did not measure still exits 0, and a green is trusted the moment it is in the run.


failures:
    config_a_anchor_matches_golden
    config_b_anchor_matches_golden
    demo_debug_anchor_matches_golden
    demo_plain_anchor_matches_golden
    lean_anchor_matches_golden

test result: FAILED. 0 passed; 5 failed; 0 ignored; 0 measured; 0 filtered out; finished in 0.00s

error: test failed, to rerun pass `-p sigil-cli --test native_offcanonical_rom`
     Running tests/native_rom.rs (/home/volence/sonic_hacks/.scratch/width-suffix/target-base/release/deps/native_rom-cd993aa1b370b861)

running 2 tests
test native_rom_debug ... FAILED
test native_rom_plain ... FAILED

failures:

---- native_rom_debug stdout ----

thread 'native_rom_debug' (3905577) panicked at crates/sigil-harness/src/test_support.rs:1312:9:
NO REFERENCE TREE IS NAMED, so this run can measure nothing it could attribute, and STOPS. This run DECLINED to use /home/volence/sonic_hacks/aeon, which step 3 derived from this checkout's own location: it is a working checkout outside this repository, its revision changes under a run without notice, and a result measured against it would be attributable to whatever it happened to contain rather than to the code under test.

The resolver's own answer: reference-tree: /home/volence/sonic_hacks/aeon (SUITE_PATHS step 3, DERIVED from this checkout's own location, nobody named it)

Either name a provisioned tree, AEON_DIR=<aeon checkout> (scripts/provision-aeon-ref.sh), or EMPYREAN_SUITE_ROOT=<the directory holding the suite>, or declare a partial run with SIGIL_ALLOW_PARTIAL=1, in which case every reference-dependent row is left unmeasured and the run says how many. Ruled d-18 (docs/OVERSEER-REFERENCE.md, 2026-09-02): a run that only PRINTS how much it did not measure still exits 0, and a green is trusted the moment it is in the run.

---- native_rom_plain stdout ----

thread 'native_rom_plain' (3905578) panicked at crates/sigil-harness/src/test_support.rs:1312:9:
NO REFERENCE TREE IS NAMED, so this run can measure nothing it could attribute, and STOPS. This run DECLINED to use /home/volence/sonic_hacks/aeon, which step 3 derived from this checkout's own location: it is a working checkout outside this repository, its revision changes under a run without notice, and a result measured against it would be attributable to whatever it happened to contain rather than to the code under test.

The resolver's own answer: reference-tree: /home/volence/sonic_hacks/aeon (SUITE_PATHS step 3, DERIVED from this checkout's own location, nobody named it)

Either name a provisioned tree, AEON_DIR=<aeon checkout> (scripts/provision-aeon-ref.sh), or EMPYREAN_SUITE_ROOT=<the directory holding the suite>, or declare a partial run with SIGIL_ALLOW_PARTIAL=1, in which case every reference-dependent row is left unmeasured and the run says how many. Ruled d-18 (docs/OVERSEER-REFERENCE.md, 2026-09-02): a run that only PRINTS how much it did not measure still exits 0, and a green is trusted the moment it is in the run.
note: run with `RUST_BACKTRACE=1` environment variable to display a backtrace


failures:
    native_rom_debug
    native_rom_plain

test result: FAILED. 0 passed; 2 failed; 0 ignored; 0 measured; 0 filtered out; finished in 0.00s

error: test failed, to rerun pass `-p sigil-cli --test native_rom`
     Running tests/objdef_port.rs (/home/volence/sonic_hacks/.scratch/width-suffix/target-base/release/deps/objdef_port-871252aeac419adc)

running 8 tests
test struct_data_item_routes_symbol_and_difference_fields_to_fixups ... ok
test objdef_burst_copy_ensure_chain_passes ... FAILED
test objdef_priority_over_7_is_a_compile_error ... FAILED
test vram_art_pal_over_3_is_a_compile_error ... FAILED
test objdefs_match_reference_debug ... FAILED
test objdef_solid_record_bytes_and_fixups ... FAILED
test objdef_compact_layout_offsets ... FAILED
test objdefs_match_reference_plain ... FAILED

failures:

---- objdef_burst_copy_ensure_chain_passes stdout ----

thread 'objdef_burst_copy_ensure_chain_passes' (3905581) panicked at crates/sigil-harness/src/test_support.rs:1312:9:
NO REFERENCE TREE IS NAMED, so this run can measure nothing it could attribute, and STOPS. This run DECLINED to use /home/volence/sonic_hacks/aeon, which step 3 derived from this checkout's own location: it is a working checkout outside this repository, its revision changes under a run without notice, and a result measured against it would be attributable to whatever it happened to contain rather than to the code under test.

The resolver's own answer: reference-tree: /home/volence/sonic_hacks/aeon (SUITE_PATHS step 3, DERIVED from this checkout's own location, nobody named it)

Either name a provisioned tree, AEON_DIR=<aeon checkout> (scripts/provision-aeon-ref.sh), or EMPYREAN_SUITE_ROOT=<the directory holding the suite>, or declare a partial run with SIGIL_ALLOW_PARTIAL=1, in which case every reference-dependent row is left unmeasured and the run says how many. Ruled d-18 (docs/OVERSEER-REFERENCE.md, 2026-09-02): a run that only PRINTS how much it did not measure still exits 0, and a green is trusted the moment it is in the run.
note: run with `RUST_BACKTRACE=1` environment variable to display a backtrace

---- objdef_priority_over_7_is_a_compile_error stdout ----

thread 'objdef_priority_over_7_is_a_compile_error' (3905583) panicked at crates/sigil-harness/src/test_support.rs:1312:9:
NO REFERENCE TREE IS NAMED, so this run can measure nothing it could attribute, and STOPS. This run DECLINED to use /home/volence/sonic_hacks/aeon, which step 3 derived from this checkout's own location: it is a working checkout outside this repository, its revision changes under a run without notice, and a result measured against it would be attributable to whatever it happened to contain rather than to the code under test.

The resolver's own answer: reference-tree: /home/volence/sonic_hacks/aeon (SUITE_PATHS step 3, DERIVED from this checkout's own location, nobody named it)

Either name a provisioned tree, AEON_DIR=<aeon checkout> (scripts/provision-aeon-ref.sh), or EMPYREAN_SUITE_ROOT=<the directory holding the suite>, or declare a partial run with SIGIL_ALLOW_PARTIAL=1, in which case every reference-dependent row is left unmeasured and the run says how many. Ruled d-18 (docs/OVERSEER-REFERENCE.md, 2026-09-02): a run that only PRINTS how much it did not measure still exits 0, and a green is trusted the moment it is in the run.

---- vram_art_pal_over_3_is_a_compile_error stdout ----

thread 'vram_art_pal_over_3_is_a_compile_error' (3905588) panicked at crates/sigil-harness/src/test_support.rs:1312:9:
NO REFERENCE TREE IS NAMED, so this run can measure nothing it could attribute, and STOPS. This run DECLINED to use /home/volence/sonic_hacks/aeon, which step 3 derived from this checkout's own location: it is a working checkout outside this repository, its revision changes under a run without notice, and a result measured against it would be attributable to whatever it happened to contain rather than to the code under test.

The resolver's own answer: reference-tree: /home/volence/sonic_hacks/aeon (SUITE_PATHS step 3, DERIVED from this checkout's own location, nobody named it)

Either name a provisioned tree, AEON_DIR=<aeon checkout> (scripts/provision-aeon-ref.sh), or EMPYREAN_SUITE_ROOT=<the directory holding the suite>, or declare a partial run with SIGIL_ALLOW_PARTIAL=1, in which case every reference-dependent row is left unmeasured and the run says how many. Ruled d-18 (docs/OVERSEER-REFERENCE.md, 2026-09-02): a run that only PRINTS how much it did not measure still exits 0, and a green is trusted the moment it is in the run.

---- objdefs_match_reference_debug stdout ----

thread 'objdefs_match_reference_debug' (3905585) panicked at crates/sigil-harness/src/test_support.rs:1312:9:
NO REFERENCE TREE IS NAMED, so this run can measure nothing it could attribute, and STOPS. This run DECLINED to use /home/volence/sonic_hacks/aeon, which step 3 derived from this checkout's own location: it is a working checkout outside this repository, its revision changes under a run without notice, and a result measured against it would be attributable to whatever it happened to contain rather than to the code under test.

The resolver's own answer: reference-tree: /home/volence/sonic_hacks/aeon (SUITE_PATHS step 3, DERIVED from this checkout's own location, nobody named it)

Either name a provisioned tree, AEON_DIR=<aeon checkout> (scripts/provision-aeon-ref.sh), or EMPYREAN_SUITE_ROOT=<the directory holding the suite>, or declare a partial run with SIGIL_ALLOW_PARTIAL=1, in which case every reference-dependent row is left unmeasured and the run says how many. Ruled d-18 (docs/OVERSEER-REFERENCE.md, 2026-09-02): a run that only PRINTS how much it did not measure still exits 0, and a green is trusted the moment it is in the run.

---- objdef_solid_record_bytes_and_fixups stdout ----

thread 'objdef_solid_record_bytes_and_fixups' (3905584) panicked at crates/sigil-harness/src/test_support.rs:1312:9:
NO REFERENCE TREE IS NAMED, so this run can measure nothing it could attribute, and STOPS. This run DECLINED to use /home/volence/sonic_hacks/aeon, which step 3 derived from this checkout's own location: it is a working checkout outside this repository, its revision changes under a run without notice, and a result measured against it would be attributable to whatever it happened to contain rather than to the code under test.

The resolver's own answer: reference-tree: /home/volence/sonic_hacks/aeon (SUITE_PATHS step 3, DERIVED from this checkout's own location, nobody named it)

Either name a provisioned tree, AEON_DIR=<aeon checkout> (scripts/provision-aeon-ref.sh), or EMPYREAN_SUITE_ROOT=<the directory holding the suite>, or declare a partial run with SIGIL_ALLOW_PARTIAL=1, in which case every reference-dependent row is left unmeasured and the run says how many. Ruled d-18 (docs/OVERSEER-REFERENCE.md, 2026-09-02): a run that only PRINTS how much it did not measure still exits 0, and a green is trusted the moment it is in the run.

---- objdef_compact_layout_offsets stdout ----

thread 'objdef_compact_layout_offsets' (3905582) panicked at crates/sigil-harness/src/test_support.rs:1312:9:
NO REFERENCE TREE IS NAMED, so this run can measure nothing it could attribute, and STOPS. This run DECLINED to use /home/volence/sonic_hacks/aeon, which step 3 derived from this checkout's own location: it is a working checkout outside this repository, its revision changes under a run without notice, and a result measured against it would be attributable to whatever it happened to contain rather than to the code under test.

The resolver's own answer: reference-tree: /home/volence/sonic_hacks/aeon (SUITE_PATHS step 3, DERIVED from this checkout's own location, nobody named it)

Either name a provisioned tree, AEON_DIR=<aeon checkout> (scripts/provision-aeon-ref.sh), or EMPYREAN_SUITE_ROOT=<the directory holding the suite>, or declare a partial run with SIGIL_ALLOW_PARTIAL=1, in which case every reference-dependent row is left unmeasured and the run says how many. Ruled d-18 (docs/OVERSEER-REFERENCE.md, 2026-09-02): a run that only PRINTS how much it did not measure still exits 0, and a green is trusted the moment it is in the run.

---- objdefs_match_reference_plain stdout ----

thread 'objdefs_match_reference_plain' (3905586) panicked at crates/sigil-harness/src/test_support.rs:1312:9:
NO REFERENCE TREE IS NAMED, so this run can measure nothing it could attribute, and STOPS. This run DECLINED to use /home/volence/sonic_hacks/aeon, which step 3 derived from this checkout's own location: it is a working checkout outside this repository, its revision changes under a run without notice, and a result measured against it would be attributable to whatever it happened to contain rather than to the code under test.

The resolver's own answer: reference-tree: /home/volence/sonic_hacks/aeon (SUITE_PATHS step 3, DERIVED from this checkout's own location, nobody named it)

Either name a provisioned tree, AEON_DIR=<aeon checkout> (scripts/provision-aeon-ref.sh), or EMPYREAN_SUITE_ROOT=<the directory holding the suite>, or declare a partial run with SIGIL_ALLOW_PARTIAL=1, in which case every reference-dependent row is left unmeasured and the run says how many. Ruled d-18 (docs/OVERSEER-REFERENCE.md, 2026-09-02): a run that only PRINTS how much it did not measure still exits 0, and a green is trusted the moment it is in the run.


failures:
    objdef_burst_copy_ensure_chain_passes
    objdef_compact_layout_offsets
    objdef_priority_over_7_is_a_compile_error
    objdef_solid_record_bytes_and_fixups
    objdefs_match_reference_debug
    objdefs_match_reference_plain
    vram_art_pal_over_3_is_a_compile_error

test result: FAILED. 1 passed; 7 failed; 0 ignored; 0 measured; 0 filtered out; finished in 0.00s

error: test failed, to rerun pass `-p sigil-cli --test objdef_port`
     Running tests/ojz_run_a_port.rs (/home/volence/sonic_hacks/.scratch/width-suffix/target-base/release/deps/ojz_run_a_port-7d386114864f782c)

running 2 tests
test ojz_run_a_debug_regions_match_reference ... FAILED
test ojz_run_a_regions_match_reference ... FAILED

failures:

---- ojz_run_a_debug_regions_match_reference stdout ----

thread 'ojz_run_a_debug_regions_match_reference' (3905594) panicked at crates/sigil-harness/src/test_support.rs:1312:9:
NO REFERENCE TREE IS NAMED, so this run can measure nothing it could attribute, and STOPS. This run DECLINED to use /home/volence/sonic_hacks/aeon, which step 3 derived from this checkout's own location: it is a working checkout outside this repository, its revision changes under a run without notice, and a result measured against it would be attributable to whatever it happened to contain rather than to the code under test.

The resolver's own answer: reference-tree: /home/volence/sonic_hacks/aeon (SUITE_PATHS step 3, DERIVED from this checkout's own location, nobody named it)

Either name a provisioned tree, AEON_DIR=<aeon checkout> (scripts/provision-aeon-ref.sh), or EMPYREAN_SUITE_ROOT=<the directory holding the suite>, or declare a partial run with SIGIL_ALLOW_PARTIAL=1, in which case every reference-dependent row is left unmeasured and the run says how many. Ruled d-18 (docs/OVERSEER-REFERENCE.md, 2026-09-02): a run that only PRINTS how much it did not measure still exits 0, and a green is trusted the moment it is in the run.
note: run with `RUST_BACKTRACE=1` environment variable to display a backtrace

---- ojz_run_a_regions_match_reference stdout ----

thread 'ojz_run_a_regions_match_reference' (3905595) panicked at crates/sigil-harness/src/test_support.rs:1312:9:
NO REFERENCE TREE IS NAMED, so this run can measure nothing it could attribute, and STOPS. This run DECLINED to use /home/volence/sonic_hacks/aeon, which step 3 derived from this checkout's own location: it is a working checkout outside this repository, its revision changes under a run without notice, and a result measured against it would be attributable to whatever it happened to contain rather than to the code under test.

The resolver's own answer: reference-tree: /home/volence/sonic_hacks/aeon (SUITE_PATHS step 3, DERIVED from this checkout's own location, nobody named it)

Either name a provisioned tree, AEON_DIR=<aeon checkout> (scripts/provision-aeon-ref.sh), or EMPYREAN_SUITE_ROOT=<the directory holding the suite>, or declare a partial run with SIGIL_ALLOW_PARTIAL=1, in which case every reference-dependent row is left unmeasured and the run says how many. Ruled d-18 (docs/OVERSEER-REFERENCE.md, 2026-09-02): a run that only PRINTS how much it did not measure still exits 0, and a green is trusted the moment it is in the run.


failures:
    ojz_run_a_debug_regions_match_reference
    ojz_run_a_regions_match_reference

test result: FAILED. 0 passed; 2 failed; 0 ignored; 0 measured; 0 filtered out; finished in 0.00s

error: test failed, to rerun pass `-p sigil-cli --test ojz_run_a_port`
     Running tests/ojz_run_b_port.rs (/home/volence/sonic_hacks/.scratch/width-suffix/target-base/release/deps/ojz_run_b_port-d89044f46a9eead9)

running 2 tests
test ojz_run_b_debug_regions_match_reference ... FAILED
test ojz_run_b_regions_match_reference ... FAILED

failures:

---- ojz_run_b_debug_regions_match_reference stdout ----

thread 'ojz_run_b_debug_regions_match_reference' (3905598) panicked at crates/sigil-harness/src/test_support.rs:1312:9:
NO REFERENCE TREE IS NAMED, so this run can measure nothing it could attribute, and STOPS. This run DECLINED to use /home/volence/sonic_hacks/aeon, which step 3 derived from this checkout's own location: it is a working checkout outside this repository, its revision changes under a run without notice, and a result measured against it would be attributable to whatever it happened to contain rather than to the code under test.

The resolver's own answer: reference-tree: /home/volence/sonic_hacks/aeon (SUITE_PATHS step 3, DERIVED from this checkout's own location, nobody named it)

Either name a provisioned tree, AEON_DIR=<aeon checkout> (scripts/provision-aeon-ref.sh), or EMPYREAN_SUITE_ROOT=<the directory holding the suite>, or declare a partial run with SIGIL_ALLOW_PARTIAL=1, in which case every reference-dependent row is left unmeasured and the run says how many. Ruled d-18 (docs/OVERSEER-REFERENCE.md, 2026-09-02): a run that only PRINTS how much it did not measure still exits 0, and a green is trusted the moment it is in the run.
note: run with `RUST_BACKTRACE=1` environment variable to display a backtrace

---- ojz_run_b_regions_match_reference stdout ----

thread 'ojz_run_b_regions_match_reference' (3905599) panicked at crates/sigil-harness/src/test_support.rs:1312:9:
NO REFERENCE TREE IS NAMED, so this run can measure nothing it could attribute, and STOPS. This run DECLINED to use /home/volence/sonic_hacks/aeon, which step 3 derived from this checkout's own location: it is a working checkout outside this repository, its revision changes under a run without notice, and a result measured against it would be attributable to whatever it happened to contain rather than to the code under test.

The resolver's own answer: reference-tree: /home/volence/sonic_hacks/aeon (SUITE_PATHS step 3, DERIVED from this checkout's own location, nobody named it)

Either name a provisioned tree, AEON_DIR=<aeon checkout> (scripts/provision-aeon-ref.sh), or EMPYREAN_SUITE_ROOT=<the directory holding the suite>, or declare a partial run with SIGIL_ALLOW_PARTIAL=1, in which case every reference-dependent row is left unmeasured and the run says how many. Ruled d-18 (docs/OVERSEER-REFERENCE.md, 2026-09-02): a run that only PRINTS how much it did not measure still exits 0, and a green is trusted the moment it is in the run.


failures:
    ojz_run_b_debug_regions_match_reference
    ojz_run_b_regions_match_reference

test result: FAILED. 0 passed; 2 failed; 0 ignored; 0 measured; 0 filtered out; finished in 0.00s

error: test failed, to rerun pass `-p sigil-cli --test ojz_run_b_port`
     Running tests/out_verify_corpus.rs (/home/volence/sonic_hacks/.scratch/width-suffix/target-base/release/deps/out_verify_corpus-f4bad08f3f4dbdd8)

running 4 tests
test cond_out_survives_claims_all_prove ... FAILED
test dump_out_unverified_residue ... FAILED
test no_corpus_out_type_is_unresolvable ... FAILED
test typed_out_slots_of_a_fixed_input ... ok

failures:

---- cond_out_survives_claims_all_prove stdout ----

thread 'cond_out_survives_claims_all_prove' (3905602) panicked at crates/sigil-harness/src/test_support.rs:1312:9:
NO REFERENCE TREE IS NAMED, so this run can measure nothing it could attribute, and STOPS. This run DECLINED to use /home/volence/sonic_hacks/aeon, which step 3 derived from this checkout's own location: it is a working checkout outside this repository, its revision changes under a run without notice, and a result measured against it would be attributable to whatever it happened to contain rather than to the code under test.

The resolver's own answer: reference-tree: /home/volence/sonic_hacks/aeon (SUITE_PATHS step 3, DERIVED from this checkout's own location, nobody named it)

Either name a provisioned tree, AEON_DIR=<aeon checkout> (scripts/provision-aeon-ref.sh), or EMPYREAN_SUITE_ROOT=<the directory holding the suite>, or declare a partial run with SIGIL_ALLOW_PARTIAL=1, in which case every reference-dependent row is left unmeasured and the run says how many. Ruled d-18 (docs/OVERSEER-REFERENCE.md, 2026-09-02): a run that only PRINTS how much it did not measure still exits 0, and a green is trusted the moment it is in the run.
note: run with `RUST_BACKTRACE=1` environment variable to display a backtrace

---- dump_out_unverified_residue stdout ----

thread 'dump_out_unverified_residue' (3905603) panicked at crates/sigil-harness/src/test_support.rs:1312:9:
NO REFERENCE TREE IS NAMED, so this run can measure nothing it could attribute, and STOPS. This run DECLINED to use /home/volence/sonic_hacks/aeon, which step 3 derived from this checkout's own location: it is a working checkout outside this repository, its revision changes under a run without notice, and a result measured against it would be attributable to whatever it happened to contain rather than to the code under test.

The resolver's own answer: reference-tree: /home/volence/sonic_hacks/aeon (SUITE_PATHS step 3, DERIVED from this checkout's own location, nobody named it)

Either name a provisioned tree, AEON_DIR=<aeon checkout> (scripts/provision-aeon-ref.sh), or EMPYREAN_SUITE_ROOT=<the directory holding the suite>, or declare a partial run with SIGIL_ALLOW_PARTIAL=1, in which case every reference-dependent row is left unmeasured and the run says how many. Ruled d-18 (docs/OVERSEER-REFERENCE.md, 2026-09-02): a run that only PRINTS how much it did not measure still exits 0, and a green is trusted the moment it is in the run.

---- no_corpus_out_type_is_unresolvable stdout ----

thread 'no_corpus_out_type_is_unresolvable' (3905604) panicked at crates/sigil-harness/src/test_support.rs:1312:9:
NO REFERENCE TREE IS NAMED, so this run can measure nothing it could attribute, and STOPS. This run DECLINED to use /home/volence/sonic_hacks/aeon, which step 3 derived from this checkout's own location: it is a working checkout outside this repository, its revision changes under a run without notice, and a result measured against it would be attributable to whatever it happened to contain rather than to the code under test.

The resolver's own answer: reference-tree: /home/volence/sonic_hacks/aeon (SUITE_PATHS step 3, DERIVED from this checkout's own location, nobody named it)

Either name a provisioned tree, AEON_DIR=<aeon checkout> (scripts/provision-aeon-ref.sh), or EMPYREAN_SUITE_ROOT=<the directory holding the suite>, or declare a partial run with SIGIL_ALLOW_PARTIAL=1, in which case every reference-dependent row is left unmeasured and the run says how many. Ruled d-18 (docs/OVERSEER-REFERENCE.md, 2026-09-02): a run that only PRINTS how much it did not measure still exits 0, and a green is trusted the moment it is in the run.


failures:
    cond_out_survives_claims_all_prove
    dump_out_unverified_residue
    no_corpus_out_type_is_unresolvable

test result: FAILED. 1 passed; 3 failed; 0 ignored; 0 measured; 0 filtered out; finished in 0.00s

error: test failed, to rerun pass `-p sigil-cli --test out_verify_corpus`
     Running tests/p5_constants_flip.rs (/home/volence/sonic_hacks/.scratch/width-suffix/target-base/release/deps/p5_constants_flip-95c0887b7378b09a)

running 2 tests
test reintroducing_an_in_file_definition_is_a_hard_collision ... FAILED
test the_real_harvest_owns_the_flipped_constants ... FAILED

failures:

---- reintroducing_an_in_file_definition_is_a_hard_collision stdout ----

thread 'reintroducing_an_in_file_definition_is_a_hard_collision' (3905615) panicked at crates/sigil-harness/src/test_support.rs:1312:9:
NO REFERENCE TREE IS NAMED, so this run can measure nothing it could attribute, and STOPS. This run DECLINED to use /home/volence/sonic_hacks/aeon, which step 3 derived from this checkout's own location: it is a working checkout outside this repository, its revision changes under a run without notice, and a result measured against it would be attributable to whatever it happened to contain rather than to the code under test.

The resolver's own answer: reference-tree: /home/volence/sonic_hacks/aeon (SUITE_PATHS step 3, DERIVED from this checkout's own location, nobody named it)

Either name a provisioned tree, AEON_DIR=<aeon checkout> (scripts/provision-aeon-ref.sh), or EMPYREAN_SUITE_ROOT=<the directory holding the suite>, or declare a partial run with SIGIL_ALLOW_PARTIAL=1, in which case every reference-dependent row is left unmeasured and the run says how many. Ruled d-18 (docs/OVERSEER-REFERENCE.md, 2026-09-02): a run that only PRINTS how much it did not measure still exits 0, and a green is trusted the moment it is in the run.
note: run with `RUST_BACKTRACE=1` environment variable to display a backtrace

---- the_real_harvest_owns_the_flipped_constants stdout ----

thread 'the_real_harvest_owns_the_flipped_constants' (3905616) panicked at crates/sigil-harness/src/test_support.rs:1312:9:
NO REFERENCE TREE IS NAMED, so this run can measure nothing it could attribute, and STOPS. This run DECLINED to use /home/volence/sonic_hacks/aeon, which step 3 derived from this checkout's own location: it is a working checkout outside this repository, its revision changes under a run without notice, and a result measured against it would be attributable to whatever it happened to contain rather than to the code under test.

The resolver's own answer: reference-tree: /home/volence/sonic_hacks/aeon (SUITE_PATHS step 3, DERIVED from this checkout's own location, nobody named it)

Either name a provisioned tree, AEON_DIR=<aeon checkout> (scripts/provision-aeon-ref.sh), or EMPYREAN_SUITE_ROOT=<the directory holding the suite>, or declare a partial run with SIGIL_ALLOW_PARTIAL=1, in which case every reference-dependent row is left unmeasured and the run says how many. Ruled d-18 (docs/OVERSEER-REFERENCE.md, 2026-09-02): a run that only PRINTS how much it did not measure still exits 0, and a green is trusted the moment it is in the run.


failures:
    reintroducing_an_in_file_definition_is_a_hard_collision
    the_real_harvest_owns_the_flipped_constants

test result: FAILED. 0 passed; 2 failed; 0 ignored; 0 measured; 0 filtered out; finished in 0.00s

error: test failed, to rerun pass `-p sigil-cli --test p5_constants_flip`
     Running tests/parallax_port.rs (/home/volence/sonic_hacks/.scratch/width-suffix/target-base/release/deps/parallax_port-411881fc09e8944e)

running 2 tests
test parallax_debug_region_matches_reference ... FAILED
test parallax_region_matches_reference ... FAILED

failures:

---- parallax_debug_region_matches_reference stdout ----

thread 'parallax_debug_region_matches_reference' (3905619) panicked at crates/sigil-harness/src/test_support.rs:1312:9:
NO REFERENCE TREE IS NAMED, so this run can measure nothing it could attribute, and STOPS. This run DECLINED to use /home/volence/sonic_hacks/aeon, which step 3 derived from this checkout's own location: it is a working checkout outside this repository, its revision changes under a run without notice, and a result measured against it would be attributable to whatever it happened to contain rather than to the code under test.

The resolver's own answer: reference-tree: /home/volence/sonic_hacks/aeon (SUITE_PATHS step 3, DERIVED from this checkout's own location, nobody named it)

Either name a provisioned tree, AEON_DIR=<aeon checkout> (scripts/provision-aeon-ref.sh), or EMPYREAN_SUITE_ROOT=<the directory holding the suite>, or declare a partial run with SIGIL_ALLOW_PARTIAL=1, in which case every reference-dependent row is left unmeasured and the run says how many. Ruled d-18 (docs/OVERSEER-REFERENCE.md, 2026-09-02): a run that only PRINTS how much it did not measure still exits 0, and a green is trusted the moment it is in the run.
note: run with `RUST_BACKTRACE=1` environment variable to display a backtrace

---- parallax_region_matches_reference stdout ----

thread 'parallax_region_matches_reference' (3905620) panicked at crates/sigil-harness/src/test_support.rs:1312:9:
NO REFERENCE TREE IS NAMED, so this run can measure nothing it could attribute, and STOPS. This run DECLINED to use /home/volence/sonic_hacks/aeon, which step 3 derived from this checkout's own location: it is a working checkout outside this repository, its revision changes under a run without notice, and a result measured against it would be attributable to whatever it happened to contain rather than to the code under test.

The resolver's own answer: reference-tree: /home/volence/sonic_hacks/aeon (SUITE_PATHS step 3, DERIVED from this checkout's own location, nobody named it)

Either name a provisioned tree, AEON_DIR=<aeon checkout> (scripts/provision-aeon-ref.sh), or EMPYREAN_SUITE_ROOT=<the directory holding the suite>, or declare a partial run with SIGIL_ALLOW_PARTIAL=1, in which case every reference-dependent row is left unmeasured and the run says how many. Ruled d-18 (docs/OVERSEER-REFERENCE.md, 2026-09-02): a run that only PRINTS how much it did not measure still exits 0, and a green is trusted the moment it is in the run.


failures:
    parallax_debug_region_matches_reference
    parallax_region_matches_reference

test result: FAILED. 0 passed; 2 failed; 0 ignored; 0 measured; 0 filtered out; finished in 0.00s

error: test failed, to rerun pass `-p sigil-cli --test parallax_port`
     Running tests/parcel_8b_stage_gen_touchers.rs (/home/volence/sonic_hacks/.scratch/width-suffix/target-base/release/deps/parcel_8b_stage_gen_touchers-595ef33b65218b3b)

running 1 test
test block_stage_keys_has_exactly_three_touchers ... FAILED

failures:

---- block_stage_keys_has_exactly_three_touchers stdout ----

thread 'block_stage_keys_has_exactly_three_touchers' (3905623) panicked at crates/sigil-harness/src/test_support.rs:1312:9:
NO REFERENCE TREE IS NAMED, so this run can measure nothing it could attribute, and STOPS. This run DECLINED to use /home/volence/sonic_hacks/aeon, which step 3 derived from this checkout's own location: it is a working checkout outside this repository, its revision changes under a run without notice, and a result measured against it would be attributable to whatever it happened to contain rather than to the code under test.

The resolver's own answer: reference-tree: /home/volence/sonic_hacks/aeon (SUITE_PATHS step 3, DERIVED from this checkout's own location, nobody named it)

Either name a provisioned tree, AEON_DIR=<aeon checkout> (scripts/provision-aeon-ref.sh), or EMPYREAN_SUITE_ROOT=<the directory holding the suite>, or declare a partial run with SIGIL_ALLOW_PARTIAL=1, in which case every reference-dependent row is left unmeasured and the run says how many. Ruled d-18 (docs/OVERSEER-REFERENCE.md, 2026-09-02): a run that only PRINTS how much it did not measure still exits 0, and a green is trusted the moment it is in the run.
note: run with `RUST_BACKTRACE=1` environment variable to display a backtrace


failures:
    block_stage_keys_has_exactly_three_touchers

test result: FAILED. 0 passed; 1 failed; 0 ignored; 0 measured; 0 filtered out; finished in 0.00s

error: test failed, to rerun pass `-p sigil-cli --test parcel_8b_stage_gen_touchers`
     Running tests/partial_error_list_stage_note.rs (/home/volence/sonic_hacks/.scratch/width-suffix/target-base/release/deps/partial_error_list_stage_note-45cb9955b28d12f4)

running 8 tests
test every_stage_but_the_last_names_what_it_skipped ... ok
test run_asm_reaches_its_stages_in_the_order_the_enum_declares_them ... ok
test the_boundary_d28_fixed_reports_both_errors_in_one_run ... ok
test a_succeeding_run_says_nothing_about_withheld_errors ... ok
test a_failure_at_the_output_stage_claims_nothing_is_withheld ... ok
test the_failure_line_is_still_the_last_line_of_stdout ... ok
test the_seven_five_two_repro_still_measures_seven_five_two ... ok
test a_layout_failure_says_link_did_not_run ... ok

test result: ok. 8 passed; 0 failed; 0 ignored; 0 measured; 0 filtered out; finished in 0.00s

     Running tests/particle_anims_port.rs (/home/volence/sonic_hacks/.scratch/width-suffix/target-base/release/deps/particle_anims_port-3e31b0a9d2892167)

running 2 tests
test particle_anims_debug_region_matches_reference ... FAILED
test particle_anims_region_matches_reference ... FAILED

failures:

---- particle_anims_debug_region_matches_reference stdout ----

thread 'particle_anims_debug_region_matches_reference' (3905643) panicked at crates/sigil-harness/src/test_support.rs:1312:9:
NO REFERENCE TREE IS NAMED, so this run can measure nothing it could attribute, and STOPS. This run DECLINED to use /home/volence/sonic_hacks/aeon, which step 3 derived from this checkout's own location: it is a working checkout outside this repository, its revision changes under a run without notice, and a result measured against it would be attributable to whatever it happened to contain rather than to the code under test.

The resolver's own answer: reference-tree: /home/volence/sonic_hacks/aeon (SUITE_PATHS step 3, DERIVED from this checkout's own location, nobody named it)

Either name a provisioned tree, AEON_DIR=<aeon checkout> (scripts/provision-aeon-ref.sh), or EMPYREAN_SUITE_ROOT=<the directory holding the suite>, or declare a partial run with SIGIL_ALLOW_PARTIAL=1, in which case every reference-dependent row is left unmeasured and the run says how many. Ruled d-18 (docs/OVERSEER-REFERENCE.md, 2026-09-02): a run that only PRINTS how much it did not measure still exits 0, and a green is trusted the moment it is in the run.
note: run with `RUST_BACKTRACE=1` environment variable to display a backtrace

---- particle_anims_region_matches_reference stdout ----

thread 'particle_anims_region_matches_reference' (3905644) panicked at crates/sigil-harness/src/test_support.rs:1312:9:
NO REFERENCE TREE IS NAMED, so this run can measure nothing it could attribute, and STOPS. This run DECLINED to use /home/volence/sonic_hacks/aeon, which step 3 derived from this checkout's own location: it is a working checkout outside this repository, its revision changes under a run without notice, and a result measured against it would be attributable to whatever it happened to contain rather than to the code under test.

The resolver's own answer: reference-tree: /home/volence/sonic_hacks/aeon (SUITE_PATHS step 3, DERIVED from this checkout's own location, nobody named it)

Either name a provisioned tree, AEON_DIR=<aeon checkout> (scripts/provision-aeon-ref.sh), or EMPYREAN_SUITE_ROOT=<the directory holding the suite>, or declare a partial run with SIGIL_ALLOW_PARTIAL=1, in which case every reference-dependent row is left unmeasured and the run says how many. Ruled d-18 (docs/OVERSEER-REFERENCE.md, 2026-09-02): a run that only PRINTS how much it did not measure still exits 0, and a green is trusted the moment it is in the run.


failures:
    particle_anims_debug_region_matches_reference
    particle_anims_region_matches_reference

test result: FAILED. 0 passed; 2 failed; 0 ignored; 0 measured; 0 filtered out; finished in 0.00s

error: test failed, to rerun pass `-p sigil-cli --test particle_anims_port`
     Running tests/pcrel_port.rs (/home/volence/sonic_hacks/.scratch/width-suffix/target-base/release/deps/pcrel_port-093f38dac6f8182b)

running 18 tests
test btst_indexed_pcrel_as_frontend_matches_asl ... ok
test btst_static_pcrel_as_frontend_matches_asl ... ok
test as_reference_math_asm_matches_hand_derived_listing_bytes ... ok
test comptime_call_in_operand_position_unaffected_by_pcrel_carveout ... ok
test pcrel_non_register_index_is_loud ... ok
test indexed_pcrel_backward_target ... ok
test emp_port_matches_as_reference_math_asm ... ok
test pcrel_unknown_symbol_is_loud_and_names_it ... ok
test btst_static_pcrel_emp_frontend_matches_asl ... ok
test btst_indexed_pcrel_emp_frontend_matches_asl ... ok
test indexed_pcrel_forward_target ... ok
test indexed_pcrel_long_index_matches_as_reference ... ok
test indexed_pcrel_disp8_overflow_is_loud ... ok
test owner_label_pcrel_target_resolves ... ok
test plain_pcrel_form_matches_as_reference ... ok
test relax_abs_sym_seam_still_works_after_pcrel_addition ... ok
test pcrel_cross_section_target_resolves ... ok
test plain_pcrel_disp16_overflow_is_loud ... ok

test result: ok. 18 passed; 0 failed; 0 ignored; 0 measured; 0 filtered out; finished in 0.01s

     Running tests/pitcher_plant_acceptance.rs (/home/volence/sonic_hacks/.scratch/width-suffix/target-base/release/deps/pitcher_plant_acceptance-c0be0753dd47997f)

running 2 tests
test pitcher_plant_full_image_is_byte_exact ... ok
test corrupting_prelude_wait_time_changes_the_image ... ok

test result: ok. 2 passed; 0 failed; 0 ignored; 0 measured; 0 filtered out; finished in 0.00s

     Running tests/pitcher_plant_script_acceptance.rs (/home/volence/sonic_hacks/.scratch/width-suffix/target-base/release/deps/pitcher_plant_script_acceptance-7ed4c1092c39e4ec)

running 1 test
test script_exhibit_builds_clean_and_pins_hidden_table ... ok

test result: ok. 1 passed; 0 failed; 0 ignored; 0 measured; 0 filtered out; finished in 0.00s

     Running tests/placement_fix.rs (/home/volence/sonic_hacks/.scratch/width-suffix/target-base/release/deps/placement_fix-2694f2002c01f263)

running 2 tests
test single_file_growth_overlap_is_fixed ... ok
test named_section_labels_follow_placed_lma ... ok

test result: ok. 2 passed; 0 failed; 0 ignored; 0 measured; 0 filtered out; finished in 0.00s

     Running tests/plane_buffer_port.rs (/home/volence/sonic_hacks/.scratch/width-suffix/target-base/release/deps/plane_buffer_port-2a27015a9234d13a)

running 4 tests
test plane_buffer_region_matches_reference ... FAILED
test two_module_ownership_flip_plain ... FAILED
test two_module_ownership_flip_debug ... FAILED
test plane_buffer_debug_region_matches_reference ... FAILED

failures:

---- plane_buffer_region_matches_reference stdout ----

thread 'plane_buffer_region_matches_reference' (3905837) panicked at crates/sigil-harness/src/test_support.rs:1312:9:
NO REFERENCE TREE IS NAMED, so this run can measure nothing it could attribute, and STOPS. This run DECLINED to use /home/volence/sonic_hacks/aeon, which step 3 derived from this checkout's own location: it is a working checkout outside this repository, its revision changes under a run without notice, and a result measured against it would be attributable to whatever it happened to contain rather than to the code under test.

The resolver's own answer: reference-tree: /home/volence/sonic_hacks/aeon (SUITE_PATHS step 3, DERIVED from this checkout's own location, nobody named it)

Either name a provisioned tree, AEON_DIR=<aeon checkout> (scripts/provision-aeon-ref.sh), or EMPYREAN_SUITE_ROOT=<the directory holding the suite>, or declare a partial run with SIGIL_ALLOW_PARTIAL=1, in which case every reference-dependent row is left unmeasured and the run says how many. Ruled d-18 (docs/OVERSEER-REFERENCE.md, 2026-09-02): a run that only PRINTS how much it did not measure still exits 0, and a green is trusted the moment it is in the run.
note: run with `RUST_BACKTRACE=1` environment variable to display a backtrace

---- two_module_ownership_flip_plain stdout ----

thread 'two_module_ownership_flip_plain' (3905839) panicked at crates/sigil-harness/src/test_support.rs:1312:9:
NO REFERENCE TREE IS NAMED, so this run can measure nothing it could attribute, and STOPS. This run DECLINED to use /home/volence/sonic_hacks/aeon, which step 3 derived from this checkout's own location: it is a working checkout outside this repository, its revision changes under a run without notice, and a result measured against it would be attributable to whatever it happened to contain rather than to the code under test.

The resolver's own answer: reference-tree: /home/volence/sonic_hacks/aeon (SUITE_PATHS step 3, DERIVED from this checkout's own location, nobody named it)

Either name a provisioned tree, AEON_DIR=<aeon checkout> (scripts/provision-aeon-ref.sh), or EMPYREAN_SUITE_ROOT=<the directory holding the suite>, or declare a partial run with SIGIL_ALLOW_PARTIAL=1, in which case every reference-dependent row is left unmeasured and the run says how many. Ruled d-18 (docs/OVERSEER-REFERENCE.md, 2026-09-02): a run that only PRINTS how much it did not measure still exits 0, and a green is trusted the moment it is in the run.

---- two_module_ownership_flip_debug stdout ----

thread 'two_module_ownership_flip_debug' (3905838) panicked at crates/sigil-harness/src/test_support.rs:1312:9:
NO REFERENCE TREE IS NAMED, so this run can measure nothing it could attribute, and STOPS. This run DECLINED to use /home/volence/sonic_hacks/aeon, which step 3 derived from this checkout's own location: it is a working checkout outside this repository, its revision changes under a run without notice, and a result measured against it would be attributable to whatever it happened to contain rather than to the code under test.

The resolver's own answer: reference-tree: /home/volence/sonic_hacks/aeon (SUITE_PATHS step 3, DERIVED from this checkout's own location, nobody named it)

Either name a provisioned tree, AEON_DIR=<aeon checkout> (scripts/provision-aeon-ref.sh), or EMPYREAN_SUITE_ROOT=<the directory holding the suite>, or declare a partial run with SIGIL_ALLOW_PARTIAL=1, in which case every reference-dependent row is left unmeasured and the run says how many. Ruled d-18 (docs/OVERSEER-REFERENCE.md, 2026-09-02): a run that only PRINTS how much it did not measure still exits 0, and a green is trusted the moment it is in the run.

---- plane_buffer_debug_region_matches_reference stdout ----

thread 'plane_buffer_debug_region_matches_reference' (3905836) panicked at crates/sigil-harness/src/test_support.rs:1312:9:
NO REFERENCE TREE IS NAMED, so this run can measure nothing it could attribute, and STOPS. This run DECLINED to use /home/volence/sonic_hacks/aeon, which step 3 derived from this checkout's own location: it is a working checkout outside this repository, its revision changes under a run without notice, and a result measured against it would be attributable to whatever it happened to contain rather than to the code under test.

The resolver's own answer: reference-tree: /home/volence/sonic_hacks/aeon (SUITE_PATHS step 3, DERIVED from this checkout's own location, nobody named it)

Either name a provisioned tree, AEON_DIR=<aeon checkout> (scripts/provision-aeon-ref.sh), or EMPYREAN_SUITE_ROOT=<the directory holding the suite>, or declare a partial run with SIGIL_ALLOW_PARTIAL=1, in which case every reference-dependent row is left unmeasured and the run says how many. Ruled d-18 (docs/OVERSEER-REFERENCE.md, 2026-09-02): a run that only PRINTS how much it did not measure still exits 0, and a green is trusted the moment it is in the run.


failures:
    plane_buffer_debug_region_matches_reference
    plane_buffer_region_matches_reference
    two_module_ownership_flip_debug
    two_module_ownership_flip_plain

test result: FAILED. 0 passed; 4 failed; 0 ignored; 0 measured; 0 filtered out; finished in 0.00s

error: test failed, to rerun pass `-p sigil-cli --test plane_buffer_port`
     Running tests/ports.rs (/home/volence/sonic_hacks/.scratch/width-suffix/target-base/release/deps/ports-6a293fd928f21398)

running 26 tests
test nested_section_with_guards_and_capacity_is_rejected_at_parse_not_silently_dropped ... ok
test as_reference_assembles_drumtest_standalone ... ok
test harness_pipeline_roundtrips_inline_bytes ... ok
test emp_port_matches_as_reference ... ok
test mixed_build_cross_seam_name_collision_errors ... ok
test mixed_build_cross_seam_symbol_resolves ... ok
test aeon_shaped_guard_ports ... ok
test offsets_negative_forward_offset_byte_identical_to_as_reference ... ok
test example_sst_overlay_compiles ... ok
test as_compat_is_byte_neutral_on_data ... ok
test probe_b::label_in_bank_b_link_succeeds ... ok
test probe_b::label_in_wrong_bank_link_fails_with_ensure_message ... ok
test offsets_byte_identical_to_as_reference ... ok
test offsets_forward_emits_word_offsets ... ok
test example_offset_table_compiles ... ok
test probe_extern_data_cell_emits_the_as_equ_value_bytes ... ok
test example_dispatch_compiles ... ok
test offsets_ordinal_usable_as_byte ... ok
test probe_extern_of_missing_symbol_is_a_loud_link_error ... ok
test probe_extern_reads_as_equ_value_ensure_fires_with_its_own_message ... ok
test probe_a_emp_equ_consumed_by_as_db_dw ... ok
test example_guards_compiles ... ok
test guards_are_byte_neutral_end_to_end ... ok
test probe_extern_reads_as_equ_value_ensure_holds ... ok
test example_reach_branches_compiles_byte_exact ... ok
test offsets_overflow_is_a_compile_error ... ok

test result: ok. 26 passed; 0 failed; 0 ignored; 0 measured; 0 filtered out; finished in 0.01s

     Running tests/preserves_corpus.rs (/home/volence/sonic_hacks/.scratch/width-suffix/target-base/release/deps/preserves_corpus-8c7a49e96bfb673d)

running 1 test
test residue_procs_verify_as_predicted ... FAILED

failures:

---- residue_procs_verify_as_predicted stdout ----

thread 'residue_procs_verify_as_predicted' (3906038) panicked at crates/sigil-harness/src/test_support.rs:1312:9:
NO REFERENCE TREE IS NAMED, so this run can measure nothing it could attribute, and STOPS. This run DECLINED to use /home/volence/sonic_hacks/aeon, which step 3 derived from this checkout's own location: it is a working checkout outside this repository, its revision changes under a run without notice, and a result measured against it would be attributable to whatever it happened to contain rather than to the code under test.

The resolver's own answer: reference-tree: /home/volence/sonic_hacks/aeon (SUITE_PATHS step 3, DERIVED from this checkout's own location, nobody named it)

Either name a provisioned tree, AEON_DIR=<aeon checkout> (scripts/provision-aeon-ref.sh), or EMPYREAN_SUITE_ROOT=<the directory holding the suite>, or declare a partial run with SIGIL_ALLOW_PARTIAL=1, in which case every reference-dependent row is left unmeasured and the run says how many. Ruled d-18 (docs/OVERSEER-REFERENCE.md, 2026-09-02): a run that only PRINTS how much it did not measure still exits 0, and a green is trusted the moment it is in the run.
note: run with `RUST_BACKTRACE=1` environment variable to display a backtrace


failures:
    residue_procs_verify_as_predicted

test result: FAILED. 0 passed; 1 failed; 0 ignored; 0 measured; 0 filtered out; finished in 0.00s

error: test failed, to rerun pass `-p sigil-cli --test preserves_corpus`
     Running tests/probe_base_hygiene.rs (/home/volence/sonic_hacks/.scratch/width-suffix/target-base/release/deps/probe_base_hygiene-09e9883bd9b1635f)

running 1 test
test real_region_map_bases_are_derived_never_hand_typed ... ok

test result: ok. 1 passed; 0 failed; 0 ignored; 0 measured; 0 filtered out; finished in 0.02s

     Running tests/raster_negative_probes.rs (/home/volence/sonic_hacks/.scratch/width-suffix/target-base/release/deps/raster_negative_probes-e71d57dd1dede71e)

running 3 tests
test b_missing_cross_seam_carriers_fail_loud ... FAILED
test a_doctored_indexed_mode_changes_the_bytes ... FAILED
test c_wrong_base_stops_matching ... FAILED

failures:

---- b_missing_cross_seam_carriers_fail_loud stdout ----

thread 'b_missing_cross_seam_carriers_fail_loud' (3906048) panicked at crates/sigil-harness/src/test_support.rs:1312:9:
NO REFERENCE TREE IS NAMED, so this run can measure nothing it could attribute, and STOPS. This run DECLINED to use /home/volence/sonic_hacks/aeon, which step 3 derived from this checkout's own location: it is a working checkout outside this repository, its revision changes under a run without notice, and a result measured against it would be attributable to whatever it happened to contain rather than to the code under test.

The resolver's own answer: reference-tree: /home/volence/sonic_hacks/aeon (SUITE_PATHS step 3, DERIVED from this checkout's own location, nobody named it)

Either name a provisioned tree, AEON_DIR=<aeon checkout> (scripts/provision-aeon-ref.sh), or EMPYREAN_SUITE_ROOT=<the directory holding the suite>, or declare a partial run with SIGIL_ALLOW_PARTIAL=1, in which case every reference-dependent row is left unmeasured and the run says how many. Ruled d-18 (docs/OVERSEER-REFERENCE.md, 2026-09-02): a run that only PRINTS how much it did not measure still exits 0, and a green is trusted the moment it is in the run.
note: run with `RUST_BACKTRACE=1` environment variable to display a backtrace

---- a_doctored_indexed_mode_changes_the_bytes stdout ----

thread 'a_doctored_indexed_mode_changes_the_bytes' (3906047) panicked at crates/sigil-harness/src/test_support.rs:1312:9:
NO REFERENCE TREE IS NAMED, so this run can measure nothing it could attribute, and STOPS. This run DECLINED to use /home/volence/sonic_hacks/aeon, which step 3 derived from this checkout's own location: it is a working checkout outside this repository, its revision changes under a run without notice, and a result measured against it would be attributable to whatever it happened to contain rather than to the code under test.

The resolver's own answer: reference-tree: /home/volence/sonic_hacks/aeon (SUITE_PATHS step 3, DERIVED from this checkout's own location, nobody named it)

Either name a provisioned tree, AEON_DIR=<aeon checkout> (scripts/provision-aeon-ref.sh), or EMPYREAN_SUITE_ROOT=<the directory holding the suite>, or declare a partial run with SIGIL_ALLOW_PARTIAL=1, in which case every reference-dependent row is left unmeasured and the run says how many. Ruled d-18 (docs/OVERSEER-REFERENCE.md, 2026-09-02): a run that only PRINTS how much it did not measure still exits 0, and a green is trusted the moment it is in the run.

---- c_wrong_base_stops_matching stdout ----

thread 'c_wrong_base_stops_matching' (3906049) panicked at crates/sigil-harness/src/test_support.rs:1312:9:
NO REFERENCE TREE IS NAMED, so this run can measure nothing it could attribute, and STOPS. This run DECLINED to use /home/volence/sonic_hacks/aeon, which step 3 derived from this checkout's own location: it is a working checkout outside this repository, its revision changes under a run without notice, and a result measured against it would be attributable to whatever it happened to contain rather than to the code under test.

The resolver's own answer: reference-tree: /home/volence/sonic_hacks/aeon (SUITE_PATHS step 3, DERIVED from this checkout's own location, nobody named it)

Either name a provisioned tree, AEON_DIR=<aeon checkout> (scripts/provision-aeon-ref.sh), or EMPYREAN_SUITE_ROOT=<the directory holding the suite>, or declare a partial run with SIGIL_ALLOW_PARTIAL=1, in which case every reference-dependent row is left unmeasured and the run says how many. Ruled d-18 (docs/OVERSEER-REFERENCE.md, 2026-09-02): a run that only PRINTS how much it did not measure still exits 0, and a green is trusted the moment it is in the run.


failures:
    a_doctored_indexed_mode_changes_the_bytes
    b_missing_cross_seam_carriers_fail_loud
    c_wrong_base_stops_matching

test result: FAILED. 0 passed; 3 failed; 0 ignored; 0 measured; 0 filtered out; finished in 0.00s

error: test failed, to rerun pass `-p sigil-cli --test raster_negative_probes`
     Running tests/raster_port.rs (/home/volence/sonic_hacks/.scratch/width-suffix/target-base/release/deps/raster_port-8acd2683c87002fb)

running 2 tests
test raster_region_matches_reference ... FAILED
test raster_debug_region_matches_reference ... FAILED

failures:

---- raster_region_matches_reference stdout ----

thread 'raster_region_matches_reference' (3906054) panicked at crates/sigil-harness/src/test_support.rs:1312:9:
NO REFERENCE TREE IS NAMED, so this run can measure nothing it could attribute, and STOPS. This run DECLINED to use /home/volence/sonic_hacks/aeon, which step 3 derived from this checkout's own location: it is a working checkout outside this repository, its revision changes under a run without notice, and a result measured against it would be attributable to whatever it happened to contain rather than to the code under test.

The resolver's own answer: reference-tree: /home/volence/sonic_hacks/aeon (SUITE_PATHS step 3, DERIVED from this checkout's own location, nobody named it)

Either name a provisioned tree, AEON_DIR=<aeon checkout> (scripts/provision-aeon-ref.sh), or EMPYREAN_SUITE_ROOT=<the directory holding the suite>, or declare a partial run with SIGIL_ALLOW_PARTIAL=1, in which case every reference-dependent row is left unmeasured and the run says how many. Ruled d-18 (docs/OVERSEER-REFERENCE.md, 2026-09-02): a run that only PRINTS how much it did not measure still exits 0, and a green is trusted the moment it is in the run.
note: run with `RUST_BACKTRACE=1` environment variable to display a backtrace

---- raster_debug_region_matches_reference stdout ----

thread 'raster_debug_region_matches_reference' (3906053) panicked at crates/sigil-harness/src/test_support.rs:1312:9:
NO REFERENCE TREE IS NAMED, so this run can measure nothing it could attribute, and STOPS. This run DECLINED to use /home/volence/sonic_hacks/aeon, which step 3 derived from this checkout's own location: it is a working checkout outside this repository, its revision changes under a run without notice, and a result measured against it would be attributable to whatever it happened to contain rather than to the code under test.

The resolver's own answer: reference-tree: /home/volence/sonic_hacks/aeon (SUITE_PATHS step 3, DERIVED from this checkout's own location, nobody named it)

Either name a provisioned tree, AEON_DIR=<aeon checkout> (scripts/provision-aeon-ref.sh), or EMPYREAN_SUITE_ROOT=<the directory holding the suite>, or declare a partial run with SIGIL_ALLOW_PARTIAL=1, in which case every reference-dependent row is left unmeasured and the run says how many. Ruled d-18 (docs/OVERSEER-REFERENCE.md, 2026-09-02): a run that only PRINTS how much it did not measure still exits 0, and a green is trusted the moment it is in the run.


failures:
    raster_debug_region_matches_reference
    raster_region_matches_reference

test result: FAILED. 0 passed; 2 failed; 0 ignored; 0 measured; 0 filtered out; finished in 0.00s

error: test failed, to rerun pass `-p sigil-cli --test raster_port`
     Running tests/reference_dependence_is_named.rs (/home/volence/sonic_hacks/.scratch/width-suffix/target-base/release/deps/reference_dependence_is_named-9c5d375cf7ab9cda)

running 1 test
test the_suite_names_the_measurement_it_did_not_take ... ok

test result: ok. 1 passed; 0 failed; 0 ignored; 0 measured; 0 filtered out; finished in 0.00s

     Running tests/reverse_seam_ordinals.rs (/home/volence/sonic_hacks/.scratch/width-suffix/target-base/release/deps/reverse_seam_ordinals-1ae1100062172c4c)

running 1 test
test emp_offsets_ordinals_export_as_equs_the_as_side_reads ... ok

test result: ok. 1 passed; 0 failed; 0 ignored; 0 measured; 0 filtered out; finished in 0.00s

     Running tests/rings_port.rs (/home/volence/sonic_hacks/.scratch/width-suffix/target-base/release/deps/rings_port-d04644e26a7b044d)

running 3 tests
test rings_region_matches_reference ... FAILED
test zero_disp_collapse_probe ... FAILED
test rings_debug_region_matches_reference ... FAILED

failures:

---- rings_region_matches_reference stdout ----

thread 'rings_region_matches_reference' (3906070) panicked at crates/sigil-harness/src/test_support.rs:1312:9:
NO REFERENCE TREE IS NAMED, so this run can measure nothing it could attribute, and STOPS. This run DECLINED to use /home/volence/sonic_hacks/aeon, which step 3 derived from this checkout's own location: it is a working checkout outside this repository, its revision changes under a run without notice, and a result measured against it would be attributable to whatever it happened to contain rather than to the code under test.

The resolver's own answer: reference-tree: /home/volence/sonic_hacks/aeon (SUITE_PATHS step 3, DERIVED from this checkout's own location, nobody named it)

Either name a provisioned tree, AEON_DIR=<aeon checkout> (scripts/provision-aeon-ref.sh), or EMPYREAN_SUITE_ROOT=<the directory holding the suite>, or declare a partial run with SIGIL_ALLOW_PARTIAL=1, in which case every reference-dependent row is left unmeasured and the run says how many. Ruled d-18 (docs/OVERSEER-REFERENCE.md, 2026-09-02): a run that only PRINTS how much it did not measure still exits 0, and a green is trusted the moment it is in the run.
note: run with `RUST_BACKTRACE=1` environment variable to display a backtrace

---- zero_disp_collapse_probe stdout ----

thread 'zero_disp_collapse_probe' (3906071) panicked at crates/sigil-harness/src/test_support.rs:1312:9:
NO REFERENCE TREE IS NAMED, so this run can measure nothing it could attribute, and STOPS. This run DECLINED to use /home/volence/sonic_hacks/aeon, which step 3 derived from this checkout's own location: it is a working checkout outside this repository, its revision changes under a run without notice, and a result measured against it would be attributable to whatever it happened to contain rather than to the code under test.

The resolver's own answer: reference-tree: /home/volence/sonic_hacks/aeon (SUITE_PATHS step 3, DERIVED from this checkout's own location, nobody named it)

Either name a provisioned tree, AEON_DIR=<aeon checkout> (scripts/provision-aeon-ref.sh), or EMPYREAN_SUITE_ROOT=<the directory holding the suite>, or declare a partial run with SIGIL_ALLOW_PARTIAL=1, in which case every reference-dependent row is left unmeasured and the run says how many. Ruled d-18 (docs/OVERSEER-REFERENCE.md, 2026-09-02): a run that only PRINTS how much it did not measure still exits 0, and a green is trusted the moment it is in the run.

---- rings_debug_region_matches_reference stdout ----

thread 'rings_debug_region_matches_reference' (3906069) panicked at crates/sigil-harness/src/test_support.rs:1312:9:
NO REFERENCE TREE IS NAMED, so this run can measure nothing it could attribute, and STOPS. This run DECLINED to use /home/volence/sonic_hacks/aeon, which step 3 derived from this checkout's own location: it is a working checkout outside this repository, its revision changes under a run without notice, and a result measured against it would be attributable to whatever it happened to contain rather than to the code under test.

The resolver's own answer: reference-tree: /home/volence/sonic_hacks/aeon (SUITE_PATHS step 3, DERIVED from this checkout's own location, nobody named it)

Either name a provisioned tree, AEON_DIR=<aeon checkout> (scripts/provision-aeon-ref.sh), or EMPYREAN_SUITE_ROOT=<the directory holding the suite>, or declare a partial run with SIGIL_ALLOW_PARTIAL=1, in which case every reference-dependent row is left unmeasured and the run says how many. Ruled d-18 (docs/OVERSEER-REFERENCE.md, 2026-09-02): a run that only PRINTS how much it did not measure still exits 0, and a green is trusted the moment it is in the run.


failures:
    rings_debug_region_matches_reference
    rings_region_matches_reference
    zero_disp_collapse_probe

test result: FAILED. 0 passed; 3 failed; 0 ignored; 0 measured; 0 filtered out; finished in 0.00s

error: test failed, to rerun pass `-p sigil-cli --test rings_port`
     Running tests/s4lz_port.rs (/home/volence/sonic_hacks/.scratch/width-suffix/target-base/release/deps/s4lz_port-c94891d377f62517)

running 2 tests
test s4lz_debug_region_matches_reference ... FAILED
test s4lz_region_matches_reference ... FAILED

failures:

---- s4lz_debug_region_matches_reference stdout ----

thread 's4lz_debug_region_matches_reference' (3906074) panicked at crates/sigil-harness/src/test_support.rs:1312:9:
NO REFERENCE TREE IS NAMED, so this run can measure nothing it could attribute, and STOPS. This run DECLINED to use /home/volence/sonic_hacks/aeon, which step 3 derived from this checkout's own location: it is a working checkout outside this repository, its revision changes under a run without notice, and a result measured against it would be attributable to whatever it happened to contain rather than to the code under test.

The resolver's own answer: reference-tree: /home/volence/sonic_hacks/aeon (SUITE_PATHS step 3, DERIVED from this checkout's own location, nobody named it)

Either name a provisioned tree, AEON_DIR=<aeon checkout> (scripts/provision-aeon-ref.sh), or EMPYREAN_SUITE_ROOT=<the directory holding the suite>, or declare a partial run with SIGIL_ALLOW_PARTIAL=1, in which case every reference-dependent row is left unmeasured and the run says how many. Ruled d-18 (docs/OVERSEER-REFERENCE.md, 2026-09-02): a run that only PRINTS how much it did not measure still exits 0, and a green is trusted the moment it is in the run.
note: run with `RUST_BACKTRACE=1` environment variable to display a backtrace

---- s4lz_region_matches_reference stdout ----

thread 's4lz_region_matches_reference' (3906075) panicked at crates/sigil-harness/src/test_support.rs:1312:9:
NO REFERENCE TREE IS NAMED, so this run can measure nothing it could attribute, and STOPS. This run DECLINED to use /home/volence/sonic_hacks/aeon, which step 3 derived from this checkout's own location: it is a working checkout outside this repository, its revision changes under a run without notice, and a result measured against it would be attributable to whatever it happened to contain rather than to the code under test.

The resolver's own answer: reference-tree: /home/volence/sonic_hacks/aeon (SUITE_PATHS step 3, DERIVED from this checkout's own location, nobody named it)

Either name a provisioned tree, AEON_DIR=<aeon checkout> (scripts/provision-aeon-ref.sh), or EMPYREAN_SUITE_ROOT=<the directory holding the suite>, or declare a partial run with SIGIL_ALLOW_PARTIAL=1, in which case every reference-dependent row is left unmeasured and the run says how many. Ruled d-18 (docs/OVERSEER-REFERENCE.md, 2026-09-02): a run that only PRINTS how much it did not measure still exits 0, and a green is trusted the moment it is in the run.


failures:
    s4lz_debug_region_matches_reference
    s4lz_region_matches_reference

test result: FAILED. 0 passed; 2 failed; 0 ignored; 0 measured; 0 filtered out; finished in 0.00s

error: test failed, to rerun pass `-p sigil-cli --test s4lz_port`
     Running tests/scene_registry_port.rs (/home/volence/sonic_hacks/.scratch/width-suffix/target-base/release/deps/scene_registry_port-a23f32a425003490)

running 2 tests
test parallax_block_plain_matches_reference ... FAILED
test parallax_block_debug_matches_reference ... FAILED

failures:

---- parallax_block_plain_matches_reference stdout ----

thread 'parallax_block_plain_matches_reference' (3906079) panicked at crates/sigil-harness/src/test_support.rs:1312:9:
NO REFERENCE TREE IS NAMED, so this run can measure nothing it could attribute, and STOPS. This run DECLINED to use /home/volence/sonic_hacks/aeon, which step 3 derived from this checkout's own location: it is a working checkout outside this repository, its revision changes under a run without notice, and a result measured against it would be attributable to whatever it happened to contain rather than to the code under test.

The resolver's own answer: reference-tree: /home/volence/sonic_hacks/aeon (SUITE_PATHS step 3, DERIVED from this checkout's own location, nobody named it)

Either name a provisioned tree, AEON_DIR=<aeon checkout> (scripts/provision-aeon-ref.sh), or EMPYREAN_SUITE_ROOT=<the directory holding the suite>, or declare a partial run with SIGIL_ALLOW_PARTIAL=1, in which case every reference-dependent row is left unmeasured and the run says how many. Ruled d-18 (docs/OVERSEER-REFERENCE.md, 2026-09-02): a run that only PRINTS how much it did not measure still exits 0, and a green is trusted the moment it is in the run.

---- parallax_block_debug_matches_reference stdout ----

thread 'parallax_block_debug_matches_reference' (3906078) panicked at crates/sigil-harness/src/test_support.rs:1312:9:
NO REFERENCE TREE IS NAMED, so this run can measure nothing it could attribute, and STOPS. This run DECLINED to use /home/volence/sonic_hacks/aeon, which step 3 derived from this checkout's own location: it is a working checkout outside this repository, its revision changes under a run without notice, and a result measured against it would be attributable to whatever it happened to contain rather than to the code under test.

The resolver's own answer: reference-tree: /home/volence/sonic_hacks/aeon (SUITE_PATHS step 3, DERIVED from this checkout's own location, nobody named it)

Either name a provisioned tree, AEON_DIR=<aeon checkout> (scripts/provision-aeon-ref.sh), or EMPYREAN_SUITE_ROOT=<the directory holding the suite>, or declare a partial run with SIGIL_ALLOW_PARTIAL=1, in which case every reference-dependent row is left unmeasured and the run says how many. Ruled d-18 (docs/OVERSEER-REFERENCE.md, 2026-09-02): a run that only PRINTS how much it did not measure still exits 0, and a green is trusted the moment it is in the run.
note: run with `RUST_BACKTRACE=1` environment variable to display a backtrace


failures:
    parallax_block_debug_matches_reference
    parallax_block_plain_matches_reference

test result: FAILED. 0 passed; 2 failed; 0 ignored; 0 measured; 0 filtered out; finished in 0.00s

error: test failed, to rerun pass `-p sigil-cli --test scene_registry_port`
     Running tests/seam1_native_link.rs (/home/volence/sonic_hacks/.scratch/width-suffix/target-base/release/deps/seam1_native_link-2e9a579ea6498128)

running 7 tests
test blob_lengths_are_canonical ... ok
test module_bases_are_a_gapless_cursor ... FAILED
test blob_diverges_when_banked_carrier_doctored ... FAILED
test native_blob_matches_reference_debug ... FAILED
test handler_symbol_contract_complete ... FAILED
test blob_diverges_when_const_doctored ... FAILED
test native_blob_matches_reference_plain ... FAILED

failures:

---- module_bases_are_a_gapless_cursor stdout ----

thread 'module_bases_are_a_gapless_cursor' (3906086) panicked at crates/sigil-harness/src/test_support.rs:1312:9:
NO REFERENCE TREE IS NAMED, so this run can measure nothing it could attribute, and STOPS. This run DECLINED to use /home/volence/sonic_hacks/aeon, which step 3 derived from this checkout's own location: it is a working checkout outside this repository, its revision changes under a run without notice, and a result measured against it would be attributable to whatever it happened to contain rather than to the code under test.

The resolver's own answer: reference-tree: /home/volence/sonic_hacks/aeon (SUITE_PATHS step 3, DERIVED from this checkout's own location, nobody named it)

Either name a provisioned tree, AEON_DIR=<aeon checkout> (scripts/provision-aeon-ref.sh), or EMPYREAN_SUITE_ROOT=<the directory holding the suite>, or declare a partial run with SIGIL_ALLOW_PARTIAL=1, in which case every reference-dependent row is left unmeasured and the run says how many. Ruled d-18 (docs/OVERSEER-REFERENCE.md, 2026-09-02): a run that only PRINTS how much it did not measure still exits 0, and a green is trusted the moment it is in the run.

---- blob_diverges_when_banked_carrier_doctored stdout ----

thread 'blob_diverges_when_banked_carrier_doctored' (3906082) panicked at crates/sigil-harness/src/test_support.rs:1312:9:
NO REFERENCE TREE IS NAMED, so this run can measure nothing it could attribute, and STOPS. This run DECLINED to use /home/volence/sonic_hacks/aeon, which step 3 derived from this checkout's own location: it is a working checkout outside this repository, its revision changes under a run without notice, and a result measured against it would be attributable to whatever it happened to contain rather than to the code under test.

The resolver's own answer: reference-tree: /home/volence/sonic_hacks/aeon (SUITE_PATHS step 3, DERIVED from this checkout's own location, nobody named it)

Either name a provisioned tree, AEON_DIR=<aeon checkout> (scripts/provision-aeon-ref.sh), or EMPYREAN_SUITE_ROOT=<the directory holding the suite>, or declare a partial run with SIGIL_ALLOW_PARTIAL=1, in which case every reference-dependent row is left unmeasured and the run says how many. Ruled d-18 (docs/OVERSEER-REFERENCE.md, 2026-09-02): a run that only PRINTS how much it did not measure still exits 0, and a green is trusted the moment it is in the run.
note: run with `RUST_BACKTRACE=1` environment variable to display a backtrace

---- native_blob_matches_reference_debug stdout ----

thread 'native_blob_matches_reference_debug' (3906087) panicked at crates/sigil-harness/src/test_support.rs:1312:9:
NO REFERENCE TREE IS NAMED, so this run can measure nothing it could attribute, and STOPS. This run DECLINED to use /home/volence/sonic_hacks/aeon, which step 3 derived from this checkout's own location: it is a working checkout outside this repository, its revision changes under a run without notice, and a result measured against it would be attributable to whatever it happened to contain rather than to the code under test.

The resolver's own answer: reference-tree: /home/volence/sonic_hacks/aeon (SUITE_PATHS step 3, DERIVED from this checkout's own location, nobody named it)

Either name a provisioned tree, AEON_DIR=<aeon checkout> (scripts/provision-aeon-ref.sh), or EMPYREAN_SUITE_ROOT=<the directory holding the suite>, or declare a partial run with SIGIL_ALLOW_PARTIAL=1, in which case every reference-dependent row is left unmeasured and the run says how many. Ruled d-18 (docs/OVERSEER-REFERENCE.md, 2026-09-02): a run that only PRINTS how much it did not measure still exits 0, and a green is trusted the moment it is in the run.

---- handler_symbol_contract_complete stdout ----

thread 'handler_symbol_contract_complete' (3906085) panicked at crates/sigil-harness/src/test_support.rs:1312:9:
NO REFERENCE TREE IS NAMED, so this run can measure nothing it could attribute, and STOPS. This run DECLINED to use /home/volence/sonic_hacks/aeon, which step 3 derived from this checkout's own location: it is a working checkout outside this repository, its revision changes under a run without notice, and a result measured against it would be attributable to whatever it happened to contain rather than to the code under test.

The resolver's own answer: reference-tree: /home/volence/sonic_hacks/aeon (SUITE_PATHS step 3, DERIVED from this checkout's own location, nobody named it)

Either name a provisioned tree, AEON_DIR=<aeon checkout> (scripts/provision-aeon-ref.sh), or EMPYREAN_SUITE_ROOT=<the directory holding the suite>, or declare a partial run with SIGIL_ALLOW_PARTIAL=1, in which case every reference-dependent row is left unmeasured and the run says how many. Ruled d-18 (docs/OVERSEER-REFERENCE.md, 2026-09-02): a run that only PRINTS how much it did not measure still exits 0, and a green is trusted the moment it is in the run.

---- blob_diverges_when_const_doctored stdout ----

thread 'blob_diverges_when_const_doctored' (3906083) panicked at crates/sigil-harness/src/test_support.rs:1312:9:
NO REFERENCE TREE IS NAMED, so this run can measure nothing it could attribute, and STOPS. This run DECLINED to use /home/volence/sonic_hacks/aeon, which step 3 derived from this checkout's own location: it is a working checkout outside this repository, its revision changes under a run without notice, and a result measured against it would be attributable to whatever it happened to contain rather than to the code under test.

The resolver's own answer: reference-tree: /home/volence/sonic_hacks/aeon (SUITE_PATHS step 3, DERIVED from this checkout's own location, nobody named it)

Either name a provisioned tree, AEON_DIR=<aeon checkout> (scripts/provision-aeon-ref.sh), or EMPYREAN_SUITE_ROOT=<the directory holding the suite>, or declare a partial run with SIGIL_ALLOW_PARTIAL=1, in which case every reference-dependent row is left unmeasured and the run says how many. Ruled d-18 (docs/OVERSEER-REFERENCE.md, 2026-09-02): a run that only PRINTS how much it did not measure still exits 0, and a green is trusted the moment it is in the run.

---- native_blob_matches_reference_plain stdout ----

thread 'native_blob_matches_reference_plain' (3906089) panicked at crates/sigil-harness/src/test_support.rs:1312:9:
NO REFERENCE TREE IS NAMED, so this run can measure nothing it could attribute, and STOPS. This run DECLINED to use /home/volence/sonic_hacks/aeon, which step 3 derived from this checkout's own location: it is a working checkout outside this repository, its revision changes under a run without notice, and a result measured against it would be attributable to whatever it happened to contain rather than to the code under test.

The resolver's own answer: reference-tree: /home/volence/sonic_hacks/aeon (SUITE_PATHS step 3, DERIVED from this checkout's own location, nobody named it)

Either name a provisioned tree, AEON_DIR=<aeon checkout> (scripts/provision-aeon-ref.sh), or EMPYREAN_SUITE_ROOT=<the directory holding the suite>, or declare a partial run with SIGIL_ALLOW_PARTIAL=1, in which case every reference-dependent row is left unmeasured and the run says how many. Ruled d-18 (docs/OVERSEER-REFERENCE.md, 2026-09-02): a run that only PRINTS how much it did not measure still exits 0, and a green is trusted the moment it is in the run.


failures:
    blob_diverges_when_banked_carrier_doctored
    blob_diverges_when_const_doctored
    handler_symbol_contract_complete
    module_bases_are_a_gapless_cursor
    native_blob_matches_reference_debug
    native_blob_matches_reference_plain

test result: FAILED. 1 passed; 6 failed; 0 ignored; 0 measured; 0 filtered out; finished in 0.00s

error: test failed, to rerun pass `-p sigil-cli --test seam1_native_link`
     Running tests/seam2_colink_probe.rs (/home/volence/sonic_hacks/.scratch/width-suffix/target-base/release/deps/seam2_colink_probe-80f1977c461d9b4d)

running 2 tests
test colink_snd_equs_resolve_cross_module_in_dc_cells ... ok
test colink_cross_module_dot_len_is_unavailable ... ok

test result: ok. 2 passed; 0 failed; 0 ignored; 0 measured; 0 filtered out; finished in 0.00s

     Running tests/seam2_dac_emit.rs (/home/volence/sonic_hacks/.scratch/width-suffix/target-base/release/deps/seam2_dac_emit-41ccc742fc6c093b)

running 2 tests
test emit_dac_banks_is_deterministic ... ok
test emitted_dac_banks_match_the_reference_rom_slices ... ok

test result: ok. 2 passed; 0 failed; 0 ignored; 0 measured; 0 filtered out; finished in 0.00s

     Running tests/seam2_dac_head_colink.rs (/home/volence/sonic_hacks/.scratch/width-suffix/target-base/release/deps/seam2_dac_head_colink-0d08d03337f6fda1)

running 5 tests
test colink_banks_still_match_reference ... ok
test colinked_dac_head_matches_the_reference_rom_slice_both_shapes ... ok
test colink_is_deterministic ... ok
test emit_dac_artifacts_writes_reference_bins ... ok
test dac_head_diverges_when_blip_bank_moved ... ok

test result: ok. 5 passed; 0 failed; 0 ignored; 0 measured; 0 filtered out; finished in 0.00s

     Running tests/seam2_layout_derivation.rs (/home/volence/sonic_hacks/.scratch/width-suffix/target-base/release/deps/seam2_layout_derivation-7c7964cb1cef721f)

running 3 tests
test moved_dac_anchor_moves_the_derivation ... ok
test sound_layout_derives_the_frozen_addresses ... ok
test reordered_map_order_fails_the_emit_loudly ... ok

test result: ok. 3 passed; 0 failed; 0 ignored; 0 measured; 0 filtered out; finished in 0.00s

     Running tests/seam2_phased_head.rs (/home/volence/sonic_hacks/.scratch/width-suffix/target-base/release/deps/seam2_phased_head-17dd1d38bd63767b)

running 2 tests
test phased_head_cells_resolve_to_resident_vmas_bytes_at_bank_lma ... ok
test phased_head_emits_identical_bytes_to_the_windowed_oracle ... ok

test result: ok. 2 passed; 0 failed; 0 ignored; 0 measured; 0 filtered out; finished in 0.00s

     Running tests/seam2_pitchtable.rs (/home/volence/sonic_hacks/.scratch/width-suffix/target-base/release/deps/seam2_pitchtable-31580c67650865b3)

running 3 tests
test pitchtable_diverges_when_source_cell_doctored ... ok
test emit_pitchtable_artifacts_writes_reference_bin ... ok
test pitchtable_matches_the_reference_rom_slice_both_shapes ... ok

test result: ok. 3 passed; 0 failed; 0 ignored; 0 measured; 0 filtered out; finished in 0.00s

     Running tests/seam2_seq_colink.rs (/home/volence/sonic_hacks/.scratch/width-suffix/target-base/release/deps/seam2_seq_colink-bdd5f400b9b882e2)

running 4 tests
test colinked_seq_opcode_tab_matches_the_reference_rom_slice_both_shapes ... ok
test plain_and_debug_tables_differ ... ok
test emit_seq_artifacts_writes_reference_bins ... ok
test seq_tab_diverges_when_handler_moved ... ok

test result: ok. 4 passed; 0 failed; 0 ignored; 0 measured; 0 filtered out; finished in 0.00s

     Running tests/seam2_sfx_head_colink.rs (/home/volence/sonic_hacks/.scratch/width-suffix/target-base/release/deps/seam2_sfx_head_colink-e6083c79de5231ac)

running 4 tests
test colink_is_deterministic ... ok
test emit_sfx_artifacts_writes_reference_bins ... ok
test colinked_sfx_head_matches_the_reference_rom_slice_both_shapes ... ok
test sfx_head_diverges_when_block_moved ... ok

test result: ok. 4 passed; 0 failed; 0 ignored; 0 measured; 0 filtered out; finished in 0.00s

     Running tests/seam2_soundtables_colink.rs (/home/volence/sonic_hacks/.scratch/width-suffix/target-base/release/deps/seam2_soundtables_colink-19f1b9946a58a9e1)

running 3 tests
test sound_tables_z80_matches_the_reference_rom_slice_both_shapes ... ok
test sound_tables_diverge_when_window_moved ... ok
test emit_sound_tables_artifacts_writes_reference_bin ... ok

test result: ok. 3 passed; 0 failed; 0 ignored; 0 measured; 0 filtered out; finished in 0.00s

     Running tests/section_alignment_declared.rs (/home/volence/sonic_hacks/.scratch/width-suffix/target-base/release/deps/section_alignment_declared-6f3597ed3e484f3a)

running 3 tests
test the_requirements_above_16_are_declared_for_the_anchored_sections ... ok
test a_doctored_pin_residue_does_not_move_a_packed_section ... FAILED
test every_shipped_shape_satisfies_its_declared_alignment ... FAILED

failures:

---- a_doctored_pin_residue_does_not_move_a_packed_section stdout ----

thread 'a_doctored_pin_residue_does_not_move_a_packed_section' (3906129) panicked at crates/sigil-harness/src/test_support.rs:1312:9:
NO REFERENCE TREE IS NAMED, so this run can measure nothing it could attribute, and STOPS. This run DECLINED to use /home/volence/sonic_hacks/aeon, which step 3 derived from this checkout's own location: it is a working checkout outside this repository, its revision changes under a run without notice, and a result measured against it would be attributable to whatever it happened to contain rather than to the code under test.

The resolver's own answer: reference-tree: /home/volence/sonic_hacks/aeon (SUITE_PATHS step 3, DERIVED from this checkout's own location, nobody named it)

Either name a provisioned tree, AEON_DIR=<aeon checkout> (scripts/provision-aeon-ref.sh), or EMPYREAN_SUITE_ROOT=<the directory holding the suite>, or declare a partial run with SIGIL_ALLOW_PARTIAL=1, in which case every reference-dependent row is left unmeasured and the run says how many. Ruled d-18 (docs/OVERSEER-REFERENCE.md, 2026-09-02): a run that only PRINTS how much it did not measure still exits 0, and a green is trusted the moment it is in the run.
note: run with `RUST_BACKTRACE=1` environment variable to display a backtrace

---- every_shipped_shape_satisfies_its_declared_alignment stdout ----

thread 'every_shipped_shape_satisfies_its_declared_alignment' (3906130) panicked at crates/sigil-harness/src/test_support.rs:1312:9:
NO REFERENCE TREE IS NAMED, so this run can measure nothing it could attribute, and STOPS. This run DECLINED to use /home/volence/sonic_hacks/aeon, which step 3 derived from this checkout's own location: it is a working checkout outside this repository, its revision changes under a run without notice, and a result measured against it would be attributable to whatever it happened to contain rather than to the code under test.

The resolver's own answer: reference-tree: /home/volence/sonic_hacks/aeon (SUITE_PATHS step 3, DERIVED from this checkout's own location, nobody named it)

Either name a provisioned tree, AEON_DIR=<aeon checkout> (scripts/provision-aeon-ref.sh), or EMPYREAN_SUITE_ROOT=<the directory holding the suite>, or declare a partial run with SIGIL_ALLOW_PARTIAL=1, in which case every reference-dependent row is left unmeasured and the run says how many. Ruled d-18 (docs/OVERSEER-REFERENCE.md, 2026-09-02): a run that only PRINTS how much it did not measure still exits 0, and a green is trusted the moment it is in the run.


failures:
    a_doctored_pin_residue_does_not_move_a_packed_section
    every_shipped_shape_satisfies_its_declared_alignment

test result: FAILED. 1 passed; 2 failed; 0 ignored; 0 measured; 0 filtered out; finished in 0.00s

error: test failed, to rerun pass `-p sigil-cli --test section_alignment_declared`
     Running tests/section_port.rs (/home/volence/sonic_hacks/.scratch/width-suffix/target-base/release/deps/section_port-3e7905da9212d677)

running 2 tests
test section_debug_region_matches_reference ... FAILED
test section_region_matches_reference ... FAILED

failures:

---- section_debug_region_matches_reference stdout ----

thread 'section_debug_region_matches_reference' (3906134) panicked at crates/sigil-harness/src/test_support.rs:1312:9:
NO REFERENCE TREE IS NAMED, so this run can measure nothing it could attribute, and STOPS. This run DECLINED to use /home/volence/sonic_hacks/aeon, which step 3 derived from this checkout's own location: it is a working checkout outside this repository, its revision changes under a run without notice, and a result measured against it would be attributable to whatever it happened to contain rather than to the code under test.

The resolver's own answer: reference-tree: /home/volence/sonic_hacks/aeon (SUITE_PATHS step 3, DERIVED from this checkout's own location, nobody named it)

Either name a provisioned tree, AEON_DIR=<aeon checkout> (scripts/provision-aeon-ref.sh), or EMPYREAN_SUITE_ROOT=<the directory holding the suite>, or declare a partial run with SIGIL_ALLOW_PARTIAL=1, in which case every reference-dependent row is left unmeasured and the run says how many. Ruled d-18 (docs/OVERSEER-REFERENCE.md, 2026-09-02): a run that only PRINTS how much it did not measure still exits 0, and a green is trusted the moment it is in the run.

---- section_region_matches_reference stdout ----

thread 'section_region_matches_reference' (3906135) panicked at crates/sigil-harness/src/test_support.rs:1312:9:
NO REFERENCE TREE IS NAMED, so this run can measure nothing it could attribute, and STOPS. This run DECLINED to use /home/volence/sonic_hacks/aeon, which step 3 derived from this checkout's own location: it is a working checkout outside this repository, its revision changes under a run without notice, and a result measured against it would be attributable to whatever it happened to contain rather than to the code under test.

The resolver's own answer: reference-tree: /home/volence/sonic_hacks/aeon (SUITE_PATHS step 3, DERIVED from this checkout's own location, nobody named it)

Either name a provisioned tree, AEON_DIR=<aeon checkout> (scripts/provision-aeon-ref.sh), or EMPYREAN_SUITE_ROOT=<the directory holding the suite>, or declare a partial run with SIGIL_ALLOW_PARTIAL=1, in which case every reference-dependent row is left unmeasured and the run says how many. Ruled d-18 (docs/OVERSEER-REFERENCE.md, 2026-09-02): a run that only PRINTS how much it did not measure still exits 0, and a green is trusted the moment it is in the run.
note: run with `RUST_BACKTRACE=1` environment variable to display a backtrace


failures:
    section_debug_region_matches_reference
    section_region_matches_reference

test result: FAILED. 0 passed; 2 failed; 0 ignored; 0 measured; 0 filtered out; finished in 0.00s

error: test failed, to rerun pass `-p sigil-cli --test section_port`
     Running tests/section_row_fixture.rs (/home/volence/sonic_hacks/.scratch/width-suffix/target-base/release/deps/section_row_fixture-6d349fe2cb0b101e)

running 3 tests
test both_spellings_of_the_section_row_build_the_same_rom ... ok
test misspelled_section_row_fails_the_build_loudly ... ok
test section_row_and_label_for_one_section_fail_the_build_loudly ... ok

test result: ok. 3 passed; 0 failed; 0 ignored; 0 measured; 0 filtered out; finished in 0.00s

     Running tests/sfx_bank_port.rs (/home/volence/sonic_hacks/.scratch/width-suffix/target-base/release/deps/sfx_bank_port-6a9153955f8e5df9)

running 2 tests
test sfx_bank_debug_matches_reference ... FAILED
test sfx_bank_matches_reference ... FAILED

failures:

---- sfx_bank_debug_matches_reference stdout ----

thread 'sfx_bank_debug_matches_reference' (3906142) panicked at crates/sigil-harness/src/test_support.rs:1312:9:
NO REFERENCE TREE IS NAMED, so this run can measure nothing it could attribute, and STOPS. This run DECLINED to use /home/volence/sonic_hacks/aeon, which step 3 derived from this checkout's own location: it is a working checkout outside this repository, its revision changes under a run without notice, and a result measured against it would be attributable to whatever it happened to contain rather than to the code under test.

The resolver's own answer: reference-tree: /home/volence/sonic_hacks/aeon (SUITE_PATHS step 3, DERIVED from this checkout's own location, nobody named it)

Either name a provisioned tree, AEON_DIR=<aeon checkout> (scripts/provision-aeon-ref.sh), or EMPYREAN_SUITE_ROOT=<the directory holding the suite>, or declare a partial run with SIGIL_ALLOW_PARTIAL=1, in which case every reference-dependent row is left unmeasured and the run says how many. Ruled d-18 (docs/OVERSEER-REFERENCE.md, 2026-09-02): a run that only PRINTS how much it did not measure still exits 0, and a green is trusted the moment it is in the run.
note: run with `RUST_BACKTRACE=1` environment variable to display a backtrace

---- sfx_bank_matches_reference stdout ----

thread 'sfx_bank_matches_reference' (3906143) panicked at crates/sigil-cli/tests/sfx_bank_port.rs:67:30:
called `Result::unwrap()` on an `Err` value: PoisonError { .. }


failures:
    sfx_bank_debug_matches_reference
    sfx_bank_matches_reference

test result: FAILED. 0 passed; 2 failed; 0 ignored; 0 measured; 0 filtered out; finished in 0.00s

error: test failed, to rerun pass `-p sigil-cli --test sfx_bank_port`
     Running tests/sfx_negative_probes.rs (/home/volence/sonic_hacks/.scratch/width-suffix/target-base/release/deps/sfx_negative_probes-c9a5761fbaaa35c8)

running 5 tests
test table_length_mismatch_against_sfx_table_len_is_a_clean_error ... ok
test wrong_sym_where_null_belongs_lowers_clean_but_emits_different_bytes ... ok
test grown_mt_section_past_the_sfx_base_is_a_loud_overlap_error ... FAILED
test straddle_doctored_map_base_is_a_loud_bank_boundary_error ... FAILED
test wrong_bank_cross_seam_label_fires_the_co_residency_ensure ... FAILED

failures:

---- grown_mt_section_past_the_sfx_base_is_a_loud_overlap_error stdout ----

thread 'grown_mt_section_past_the_sfx_base_is_a_loud_overlap_error' (3906146) panicked at crates/sigil-harness/src/test_support.rs:1312:9:
NO REFERENCE TREE IS NAMED, so this run can measure nothing it could attribute, and STOPS. This run DECLINED to use /home/volence/sonic_hacks/aeon, which step 3 derived from this checkout's own location: it is a working checkout outside this repository, its revision changes under a run without notice, and a result measured against it would be attributable to whatever it happened to contain rather than to the code under test.

The resolver's own answer: reference-tree: /home/volence/sonic_hacks/aeon (SUITE_PATHS step 3, DERIVED from this checkout's own location, nobody named it)

Either name a provisioned tree, AEON_DIR=<aeon checkout> (scripts/provision-aeon-ref.sh), or EMPYREAN_SUITE_ROOT=<the directory holding the suite>, or declare a partial run with SIGIL_ALLOW_PARTIAL=1, in which case every reference-dependent row is left unmeasured and the run says how many. Ruled d-18 (docs/OVERSEER-REFERENCE.md, 2026-09-02): a run that only PRINTS how much it did not measure still exits 0, and a green is trusted the moment it is in the run.
note: run with `RUST_BACKTRACE=1` environment variable to display a backtrace

---- straddle_doctored_map_base_is_a_loud_bank_boundary_error stdout ----

thread 'straddle_doctored_map_base_is_a_loud_bank_boundary_error' (3906147) panicked at crates/sigil-harness/src/test_support.rs:1312:9:
NO REFERENCE TREE IS NAMED, so this run can measure nothing it could attribute, and STOPS. This run DECLINED to use /home/volence/sonic_hacks/aeon, which step 3 derived from this checkout's own location: it is a working checkout outside this repository, its revision changes under a run without notice, and a result measured against it would be attributable to whatever it happened to contain rather than to the code under test.

The resolver's own answer: reference-tree: /home/volence/sonic_hacks/aeon (SUITE_PATHS step 3, DERIVED from this checkout's own location, nobody named it)

Either name a provisioned tree, AEON_DIR=<aeon checkout> (scripts/provision-aeon-ref.sh), or EMPYREAN_SUITE_ROOT=<the directory holding the suite>, or declare a partial run with SIGIL_ALLOW_PARTIAL=1, in which case every reference-dependent row is left unmeasured and the run says how many. Ruled d-18 (docs/OVERSEER-REFERENCE.md, 2026-09-02): a run that only PRINTS how much it did not measure still exits 0, and a green is trusted the moment it is in the run.

---- wrong_bank_cross_seam_label_fires_the_co_residency_ensure stdout ----

thread 'wrong_bank_cross_seam_label_fires_the_co_residency_ensure' (3906149) panicked at crates/sigil-harness/src/test_support.rs:1312:9:
NO REFERENCE TREE IS NAMED, so this run can measure nothing it could attribute, and STOPS. This run DECLINED to use /home/volence/sonic_hacks/aeon, which step 3 derived from this checkout's own location: it is a working checkout outside this repository, its revision changes under a run without notice, and a result measured against it would be attributable to whatever it happened to contain rather than to the code under test.

The resolver's own answer: reference-tree: /home/volence/sonic_hacks/aeon (SUITE_PATHS step 3, DERIVED from this checkout's own location, nobody named it)

Either name a provisioned tree, AEON_DIR=<aeon checkout> (scripts/provision-aeon-ref.sh), or EMPYREAN_SUITE_ROOT=<the directory holding the suite>, or declare a partial run with SIGIL_ALLOW_PARTIAL=1, in which case every reference-dependent row is left unmeasured and the run says how many. Ruled d-18 (docs/OVERSEER-REFERENCE.md, 2026-09-02): a run that only PRINTS how much it did not measure still exits 0, and a green is trusted the moment it is in the run.


failures:
    grown_mt_section_past_the_sfx_base_is_a_loud_overlap_error
    straddle_doctored_map_base_is_a_loud_bank_boundary_error
    wrong_bank_cross_seam_label_fires_the_co_residency_ensure

test result: FAILED. 2 passed; 3 failed; 0 ignored; 0 measured; 0 filtered out; finished in 0.00s

error: test failed, to rerun pass `-p sigil-cli --test sfx_negative_probes`
     Running tests/sfx_port.rs (/home/volence/sonic_hacks/.scratch/width-suffix/target-base/release/deps/sfx_port-62ab110cdd65da30)

running 2 tests
test sfx_bank_debug_region_matches_reference ... FAILED
test sfx_bank_region_matches_reference ... FAILED

failures:

---- sfx_bank_debug_region_matches_reference stdout ----

thread 'sfx_bank_debug_region_matches_reference' (3906165) panicked at crates/sigil-harness/src/test_support.rs:1312:9:
NO REFERENCE TREE IS NAMED, so this run can measure nothing it could attribute, and STOPS. This run DECLINED to use /home/volence/sonic_hacks/aeon, which step 3 derived from this checkout's own location: it is a working checkout outside this repository, its revision changes under a run without notice, and a result measured against it would be attributable to whatever it happened to contain rather than to the code under test.

The resolver's own answer: reference-tree: /home/volence/sonic_hacks/aeon (SUITE_PATHS step 3, DERIVED from this checkout's own location, nobody named it)

Either name a provisioned tree, AEON_DIR=<aeon checkout> (scripts/provision-aeon-ref.sh), or EMPYREAN_SUITE_ROOT=<the directory holding the suite>, or declare a partial run with SIGIL_ALLOW_PARTIAL=1, in which case every reference-dependent row is left unmeasured and the run says how many. Ruled d-18 (docs/OVERSEER-REFERENCE.md, 2026-09-02): a run that only PRINTS how much it did not measure still exits 0, and a green is trusted the moment it is in the run.

---- sfx_bank_region_matches_reference stdout ----

thread 'sfx_bank_region_matches_reference' (3906166) panicked at crates/sigil-harness/src/test_support.rs:1312:9:
NO REFERENCE TREE IS NAMED, so this run can measure nothing it could attribute, and STOPS. This run DECLINED to use /home/volence/sonic_hacks/aeon, which step 3 derived from this checkout's own location: it is a working checkout outside this repository, its revision changes under a run without notice, and a result measured against it would be attributable to whatever it happened to contain rather than to the code under test.

The resolver's own answer: reference-tree: /home/volence/sonic_hacks/aeon (SUITE_PATHS step 3, DERIVED from this checkout's own location, nobody named it)

Either name a provisioned tree, AEON_DIR=<aeon checkout> (scripts/provision-aeon-ref.sh), or EMPYREAN_SUITE_ROOT=<the directory holding the suite>, or declare a partial run with SIGIL_ALLOW_PARTIAL=1, in which case every reference-dependent row is left unmeasured and the run says how many. Ruled d-18 (docs/OVERSEER-REFERENCE.md, 2026-09-02): a run that only PRINTS how much it did not measure still exits 0, and a green is trusted the moment it is in the run.
note: run with `RUST_BACKTRACE=1` environment variable to display a backtrace


failures:
    sfx_bank_debug_region_matches_reference
    sfx_bank_region_matches_reference

test result: FAILED. 0 passed; 2 failed; 0 ignored; 0 measured; 0 filtered out; finished in 0.00s

error: test failed, to rerun pass `-p sigil-cli --test sfx_port`
     Running tests/sigil_test_runner.rs (/home/volence/sonic_hacks/.scratch/width-suffix/target-base/release/deps/sigil_test_runner-a7d2ed95e2b84d5a)

running 5 tests
test file_plus_root_is_refused ... ok
test a_failing_test_exits_nonzero_and_names_itself ... ok
test a_broken_module_does_not_abort_the_sweep ... ok
test all_passing_exits_zero ... ok
test root_sweeps_every_module ... ok

test result: ok. 5 passed; 0 failed; 0 ignored; 0 measured; 0 filtered out; finished in 0.00s

     Running tests/single_file_imports.rs (/home/volence/sonic_hacks/.scratch/width-suffix/target-base/release/deps/single_file_imports-c7843b4890835588)

running 4 tests
test a_blank_import_of_another_module_is_refused ... ok
test an_own_module_import_of_a_missing_name_is_refused ... ok
test an_unread_import_of_another_module_is_refused_at_the_use ... ok
test an_import_free_file_and_a_valid_own_import_both_build ... ok

test result: ok. 4 passed; 0 failed; 0 ignored; 0 measured; 0 filtered out; finished in 0.00s

     Running tests/slot_type_corpus.rs (/home/volence/sonic_hacks/.scratch/width-suffix/target-base/release/deps/slot_type_corpus-344044d80e463999)

running 4 tests
test a_bless_stripped_inside_a_comptime_gate_fires_in_exactly_the_sound_on_shapes ... FAILED
test swapped_axis_bless_fires_naming_the_site ... FAILED
test retrofitted_corpus_has_zero_slot_mismatches ... FAILED
test sound_id_swap_fires_naming_the_site ... FAILED

failures:

---- a_bless_stripped_inside_a_comptime_gate_fires_in_exactly_the_sound_on_shapes stdout ----

thread 'a_bless_stripped_inside_a_comptime_gate_fires_in_exactly_the_sound_on_shapes' (3906211) panicked at crates/sigil-harness/src/test_support.rs:1312:9:
NO REFERENCE TREE IS NAMED, so this run can measure nothing it could attribute, and STOPS. This run DECLINED to use /home/volence/sonic_hacks/aeon, which step 3 derived from this checkout's own location: it is a working checkout outside this repository, its revision changes under a run without notice, and a result measured against it would be attributable to whatever it happened to contain rather than to the code under test.

The resolver's own answer: reference-tree: /home/volence/sonic_hacks/aeon (SUITE_PATHS step 3, DERIVED from this checkout's own location, nobody named it)

Either name a provisioned tree, AEON_DIR=<aeon checkout> (scripts/provision-aeon-ref.sh), or EMPYREAN_SUITE_ROOT=<the directory holding the suite>, or declare a partial run with SIGIL_ALLOW_PARTIAL=1, in which case every reference-dependent row is left unmeasured and the run says how many. Ruled d-18 (docs/OVERSEER-REFERENCE.md, 2026-09-02): a run that only PRINTS how much it did not measure still exits 0, and a green is trusted the moment it is in the run.
note: run with `RUST_BACKTRACE=1` environment variable to display a backtrace

---- swapped_axis_bless_fires_naming_the_site stdout ----

thread 'swapped_axis_bless_fires_naming_the_site' (3906214) panicked at crates/sigil-harness/src/test_support.rs:1312:9:
NO REFERENCE TREE IS NAMED, so this run can measure nothing it could attribute, and STOPS. This run DECLINED to use /home/volence/sonic_hacks/aeon, which step 3 derived from this checkout's own location: it is a working checkout outside this repository, its revision changes under a run without notice, and a result measured against it would be attributable to whatever it happened to contain rather than to the code under test.

The resolver's own answer: reference-tree: /home/volence/sonic_hacks/aeon (SUITE_PATHS step 3, DERIVED from this checkout's own location, nobody named it)

Either name a provisioned tree, AEON_DIR=<aeon checkout> (scripts/provision-aeon-ref.sh), or EMPYREAN_SUITE_ROOT=<the directory holding the suite>, or declare a partial run with SIGIL_ALLOW_PARTIAL=1, in which case every reference-dependent row is left unmeasured and the run says how many. Ruled d-18 (docs/OVERSEER-REFERENCE.md, 2026-09-02): a run that only PRINTS how much it did not measure still exits 0, and a green is trusted the moment it is in the run.

---- retrofitted_corpus_has_zero_slot_mismatches stdout ----

thread 'retrofitted_corpus_has_zero_slot_mismatches' (3906212) panicked at crates/sigil-harness/src/test_support.rs:1312:9:
NO REFERENCE TREE IS NAMED, so this run can measure nothing it could attribute, and STOPS. This run DECLINED to use /home/volence/sonic_hacks/aeon, which step 3 derived from this checkout's own location: it is a working checkout outside this repository, its revision changes under a run without notice, and a result measured against it would be attributable to whatever it happened to contain rather than to the code under test.

The resolver's own answer: reference-tree: /home/volence/sonic_hacks/aeon (SUITE_PATHS step 3, DERIVED from this checkout's own location, nobody named it)

Either name a provisioned tree, AEON_DIR=<aeon checkout> (scripts/provision-aeon-ref.sh), or EMPYREAN_SUITE_ROOT=<the directory holding the suite>, or declare a partial run with SIGIL_ALLOW_PARTIAL=1, in which case every reference-dependent row is left unmeasured and the run says how many. Ruled d-18 (docs/OVERSEER-REFERENCE.md, 2026-09-02): a run that only PRINTS how much it did not measure still exits 0, and a green is trusted the moment it is in the run.

---- sound_id_swap_fires_naming_the_site stdout ----

thread 'sound_id_swap_fires_naming_the_site' (3906213) panicked at crates/sigil-harness/src/test_support.rs:1312:9:
NO REFERENCE TREE IS NAMED, so this run can measure nothing it could attribute, and STOPS. This run DECLINED to use /home/volence/sonic_hacks/aeon, which step 3 derived from this checkout's own location: it is a working checkout outside this repository, its revision changes under a run without notice, and a result measured against it would be attributable to whatever it happened to contain rather than to the code under test.

The resolver's own answer: reference-tree: /home/volence/sonic_hacks/aeon (SUITE_PATHS step 3, DERIVED from this checkout's own location, nobody named it)

Either name a provisioned tree, AEON_DIR=<aeon checkout> (scripts/provision-aeon-ref.sh), or EMPYREAN_SUITE_ROOT=<the directory holding the suite>, or declare a partial run with SIGIL_ALLOW_PARTIAL=1, in which case every reference-dependent row is left unmeasured and the run says how many. Ruled d-18 (docs/OVERSEER-REFERENCE.md, 2026-09-02): a run that only PRINTS how much it did not measure still exits 0, and a green is trusted the moment it is in the run.


failures:
    a_bless_stripped_inside_a_comptime_gate_fires_in_exactly_the_sound_on_shapes
    retrofitted_corpus_has_zero_slot_mismatches
    sound_id_swap_fires_naming_the_site
    swapped_axis_bless_fires_naming_the_site

test result: FAILED. 0 passed; 4 failed; 0 ignored; 0 measured; 0 filtered out; finished in 0.00s

error: test failed, to rerun pass `-p sigil-cli --test slot_type_corpus`
     Running tests/sonic_anims_port.rs (/home/volence/sonic_hacks/.scratch/width-suffix/target-base/release/deps/sonic_anims_port-e8b76d43f040818e)

running 3 tests
test rep_helper_compiles_and_repeats ... FAILED
test sonic_anims_region_matches_reference ... FAILED
test sonic_anims_debug_region_matches_reference ... FAILED

failures:

---- rep_helper_compiles_and_repeats stdout ----

thread 'rep_helper_compiles_and_repeats' (3906217) panicked at crates/sigil-harness/src/test_support.rs:1312:9:
NO REFERENCE TREE IS NAMED, so this run can measure nothing it could attribute, and STOPS. This run DECLINED to use /home/volence/sonic_hacks/aeon, which step 3 derived from this checkout's own location: it is a working checkout outside this repository, its revision changes under a run without notice, and a result measured against it would be attributable to whatever it happened to contain rather than to the code under test.

The resolver's own answer: reference-tree: /home/volence/sonic_hacks/aeon (SUITE_PATHS step 3, DERIVED from this checkout's own location, nobody named it)

Either name a provisioned tree, AEON_DIR=<aeon checkout> (scripts/provision-aeon-ref.sh), or EMPYREAN_SUITE_ROOT=<the directory holding the suite>, or declare a partial run with SIGIL_ALLOW_PARTIAL=1, in which case every reference-dependent row is left unmeasured and the run says how many. Ruled d-18 (docs/OVERSEER-REFERENCE.md, 2026-09-02): a run that only PRINTS how much it did not measure still exits 0, and a green is trusted the moment it is in the run.
note: run with `RUST_BACKTRACE=1` environment variable to display a backtrace

---- sonic_anims_region_matches_reference stdout ----

thread 'sonic_anims_region_matches_reference' (3906219) panicked at crates/sigil-harness/src/test_support.rs:1312:9:
NO REFERENCE TREE IS NAMED, so this run can measure nothing it could attribute, and STOPS. This run DECLINED to use /home/volence/sonic_hacks/aeon, which step 3 derived from this checkout's own location: it is a working checkout outside this repository, its revision changes under a run without notice, and a result measured against it would be attributable to whatever it happened to contain rather than to the code under test.

The resolver's own answer: reference-tree: /home/volence/sonic_hacks/aeon (SUITE_PATHS step 3, DERIVED from this checkout's own location, nobody named it)

Either name a provisioned tree, AEON_DIR=<aeon checkout> (scripts/provision-aeon-ref.sh), or EMPYREAN_SUITE_ROOT=<the directory holding the suite>, or declare a partial run with SIGIL_ALLOW_PARTIAL=1, in which case every reference-dependent row is left unmeasured and the run says how many. Ruled d-18 (docs/OVERSEER-REFERENCE.md, 2026-09-02): a run that only PRINTS how much it did not measure still exits 0, and a green is trusted the moment it is in the run.

---- sonic_anims_debug_region_matches_reference stdout ----

thread 'sonic_anims_debug_region_matches_reference' (3906218) panicked at crates/sigil-harness/src/test_support.rs:1312:9:
NO REFERENCE TREE IS NAMED, so this run can measure nothing it could attribute, and STOPS. This run DECLINED to use /home/volence/sonic_hacks/aeon, which step 3 derived from this checkout's own location: it is a working checkout outside this repository, its revision changes under a run without notice, and a result measured against it would be attributable to whatever it happened to contain rather than to the code under test.

The resolver's own answer: reference-tree: /home/volence/sonic_hacks/aeon (SUITE_PATHS step 3, DERIVED from this checkout's own location, nobody named it)

Either name a provisioned tree, AEON_DIR=<aeon checkout> (scripts/provision-aeon-ref.sh), or EMPYREAN_SUITE_ROOT=<the directory holding the suite>, or declare a partial run with SIGIL_ALLOW_PARTIAL=1, in which case every reference-dependent row is left unmeasured and the run says how many. Ruled d-18 (docs/OVERSEER-REFERENCE.md, 2026-09-02): a run that only PRINTS how much it did not measure still exits 0, and a green is trusted the moment it is in the run.


failures:
    rep_helper_compiles_and_repeats
    sonic_anims_debug_region_matches_reference
    sonic_anims_region_matches_reference

test result: FAILED. 0 passed; 3 failed; 0 ignored; 0 measured; 0 filtered out; finished in 0.00s

error: test failed, to rerun pass `-p sigil-cli --test sonic_anims_port`
     Running tests/sound_api_port.rs (/home/volence/sonic_hacks/.scratch/width-suffix/target-base/release/deps/sound_api_port-c58a7394807885ec)

running 2 tests
test sound_api_debug_region_matches_reference ... FAILED
test sound_api_region_matches_reference ... FAILED

failures:

---- sound_api_debug_region_matches_reference stdout ----

thread 'sound_api_debug_region_matches_reference' (3906222) panicked at crates/sigil-harness/src/test_support.rs:1312:9:
NO REFERENCE TREE IS NAMED, so this run can measure nothing it could attribute, and STOPS. This run DECLINED to use /home/volence/sonic_hacks/aeon, which step 3 derived from this checkout's own location: it is a working checkout outside this repository, its revision changes under a run without notice, and a result measured against it would be attributable to whatever it happened to contain rather than to the code under test.

The resolver's own answer: reference-tree: /home/volence/sonic_hacks/aeon (SUITE_PATHS step 3, DERIVED from this checkout's own location, nobody named it)

Either name a provisioned tree, AEON_DIR=<aeon checkout> (scripts/provision-aeon-ref.sh), or EMPYREAN_SUITE_ROOT=<the directory holding the suite>, or declare a partial run with SIGIL_ALLOW_PARTIAL=1, in which case every reference-dependent row is left unmeasured and the run says how many. Ruled d-18 (docs/OVERSEER-REFERENCE.md, 2026-09-02): a run that only PRINTS how much it did not measure still exits 0, and a green is trusted the moment it is in the run.
note: run with `RUST_BACKTRACE=1` environment variable to display a backtrace

---- sound_api_region_matches_reference stdout ----

thread 'sound_api_region_matches_reference' (3906223) panicked at crates/sigil-harness/src/test_support.rs:1312:9:
NO REFERENCE TREE IS NAMED, so this run can measure nothing it could attribute, and STOPS. This run DECLINED to use /home/volence/sonic_hacks/aeon, which step 3 derived from this checkout's own location: it is a working checkout outside this repository, its revision changes under a run without notice, and a result measured against it would be attributable to whatever it happened to contain rather than to the code under test.

The resolver's own answer: reference-tree: /home/volence/sonic_hacks/aeon (SUITE_PATHS step 3, DERIVED from this checkout's own location, nobody named it)

Either name a provisioned tree, AEON_DIR=<aeon checkout> (scripts/provision-aeon-ref.sh), or EMPYREAN_SUITE_ROOT=<the directory holding the suite>, or declare a partial run with SIGIL_ALLOW_PARTIAL=1, in which case every reference-dependent row is left unmeasured and the run says how many. Ruled d-18 (docs/OVERSEER-REFERENCE.md, 2026-09-02): a run that only PRINTS how much it did not measure still exits 0, and a green is trusted the moment it is in the run.


failures:
    sound_api_debug_region_matches_reference
    sound_api_region_matches_reference

test result: FAILED. 0 passed; 2 failed; 0 ignored; 0 measured; 0 filtered out; finished in 0.00s

error: test failed, to rerun pass `-p sigil-cli --test sound_api_port`
     Running tests/sound_migration_negative_probes.rs (/home/volence/sonic_hacks/.scratch/width-suffix/target-base/release/deps/sound_migration_negative_probes-48da2e6ca7717d5e)

running 5 tests
test length_guard_nonzero_length_blob_is_silent ... ok
test length_guard_zero_length_blob_fires_at_comptime ... ok
test overlap_as_org_pin_collides_with_emp_bank_region_pin_is_loud ... ok
test dup_equ_cross_seam_emp_equ_vs_as_label_is_a_loud_link_error ... ok
test port_shaped_pinned_region_straddle_is_a_loud_link_error ... ok

test result: ok. 5 passed; 0 failed; 0 ignored; 0 measured; 0 filtered out; finished in 0.00s

     Running tests/soundbankhead_port.rs (/home/volence/sonic_hacks/.scratch/width-suffix/target-base/release/deps/soundbankhead_port-d31704204055987b)

running 3 tests
test soundbankhead_debug_matches_reference ... FAILED
test soundbankhead_pin_is_the_lma_not_the_vma ... FAILED
test soundbankhead_matches_reference ... FAILED

failures:

---- soundbankhead_debug_matches_reference stdout ----

thread 'soundbankhead_debug_matches_reference' (3906251) panicked at crates/sigil-harness/src/test_support.rs:1312:9:
NO REFERENCE TREE IS NAMED, so this run can measure nothing it could attribute, and STOPS. This run DECLINED to use /home/volence/sonic_hacks/aeon, which step 3 derived from this checkout's own location: it is a working checkout outside this repository, its revision changes under a run without notice, and a result measured against it would be attributable to whatever it happened to contain rather than to the code under test.

The resolver's own answer: reference-tree: /home/volence/sonic_hacks/aeon (SUITE_PATHS step 3, DERIVED from this checkout's own location, nobody named it)

Either name a provisioned tree, AEON_DIR=<aeon checkout> (scripts/provision-aeon-ref.sh), or EMPYREAN_SUITE_ROOT=<the directory holding the suite>, or declare a partial run with SIGIL_ALLOW_PARTIAL=1, in which case every reference-dependent row is left unmeasured and the run says how many. Ruled d-18 (docs/OVERSEER-REFERENCE.md, 2026-09-02): a run that only PRINTS how much it did not measure still exits 0, and a green is trusted the moment it is in the run.
note: run with `RUST_BACKTRACE=1` environment variable to display a backtrace

---- soundbankhead_pin_is_the_lma_not_the_vma stdout ----

thread 'soundbankhead_pin_is_the_lma_not_the_vma' (3906253) panicked at crates/sigil-harness/src/test_support.rs:1312:9:
NO REFERENCE TREE IS NAMED, so this run can measure nothing it could attribute, and STOPS. This run DECLINED to use /home/volence/sonic_hacks/aeon, which step 3 derived from this checkout's own location: it is a working checkout outside this repository, its revision changes under a run without notice, and a result measured against it would be attributable to whatever it happened to contain rather than to the code under test.

The resolver's own answer: reference-tree: /home/volence/sonic_hacks/aeon (SUITE_PATHS step 3, DERIVED from this checkout's own location, nobody named it)

Either name a provisioned tree, AEON_DIR=<aeon checkout> (scripts/provision-aeon-ref.sh), or EMPYREAN_SUITE_ROOT=<the directory holding the suite>, or declare a partial run with SIGIL_ALLOW_PARTIAL=1, in which case every reference-dependent row is left unmeasured and the run says how many. Ruled d-18 (docs/OVERSEER-REFERENCE.md, 2026-09-02): a run that only PRINTS how much it did not measure still exits 0, and a green is trusted the moment it is in the run.

---- soundbankhead_matches_reference stdout ----

thread 'soundbankhead_matches_reference' (3906252) panicked at crates/sigil-harness/src/test_support.rs:1312:9:
NO REFERENCE TREE IS NAMED, so this run can measure nothing it could attribute, and STOPS. This run DECLINED to use /home/volence/sonic_hacks/aeon, which step 3 derived from this checkout's own location: it is a working checkout outside this repository, its revision changes under a run without notice, and a result measured against it would be attributable to whatever it happened to contain rather than to the code under test.

The resolver's own answer: reference-tree: /home/volence/sonic_hacks/aeon (SUITE_PATHS step 3, DERIVED from this checkout's own location, nobody named it)

Either name a provisioned tree, AEON_DIR=<aeon checkout> (scripts/provision-aeon-ref.sh), or EMPYREAN_SUITE_ROOT=<the directory holding the suite>, or declare a partial run with SIGIL_ALLOW_PARTIAL=1, in which case every reference-dependent row is left unmeasured and the run says how many. Ruled d-18 (docs/OVERSEER-REFERENCE.md, 2026-09-02): a run that only PRINTS how much it did not measure still exits 0, and a green is trusted the moment it is in the run.


failures:
    soundbankhead_debug_matches_reference
    soundbankhead_matches_reference
    soundbankhead_pin_is_the_lma_not_the_vma

test result: FAILED. 0 passed; 3 failed; 0 ignored; 0 measured; 0 filtered out; finished in 0.00s

error: test failed, to rerun pass `-p sigil-cli --test soundbankhead_port`
     Running tests/sprites_port.rs (/home/volence/sonic_hacks/.scratch/width-suffix/target-base/release/deps/sprites_port-32ed852527389397)

running 2 tests
test sprites_region_matches_reference ... FAILED
test sprites_debug_region_matches_reference ... FAILED

failures:

---- sprites_region_matches_reference stdout ----

thread 'sprites_region_matches_reference' (3906257) panicked at crates/sigil-harness/src/test_support.rs:1312:9:
NO REFERENCE TREE IS NAMED, so this run can measure nothing it could attribute, and STOPS. This run DECLINED to use /home/volence/sonic_hacks/aeon, which step 3 derived from this checkout's own location: it is a working checkout outside this repository, its revision changes under a run without notice, and a result measured against it would be attributable to whatever it happened to contain rather than to the code under test.

The resolver's own answer: reference-tree: /home/volence/sonic_hacks/aeon (SUITE_PATHS step 3, DERIVED from this checkout's own location, nobody named it)

Either name a provisioned tree, AEON_DIR=<aeon checkout> (scripts/provision-aeon-ref.sh), or EMPYREAN_SUITE_ROOT=<the directory holding the suite>, or declare a partial run with SIGIL_ALLOW_PARTIAL=1, in which case every reference-dependent row is left unmeasured and the run says how many. Ruled d-18 (docs/OVERSEER-REFERENCE.md, 2026-09-02): a run that only PRINTS how much it did not measure still exits 0, and a green is trusted the moment it is in the run.

---- sprites_debug_region_matches_reference stdout ----

thread 'sprites_debug_region_matches_reference' (3906256) panicked at crates/sigil-harness/src/test_support.rs:1312:9:
NO REFERENCE TREE IS NAMED, so this run can measure nothing it could attribute, and STOPS. This run DECLINED to use /home/volence/sonic_hacks/aeon, which step 3 derived from this checkout's own location: it is a working checkout outside this repository, its revision changes under a run without notice, and a result measured against it would be attributable to whatever it happened to contain rather than to the code under test.

The resolver's own answer: reference-tree: /home/volence/sonic_hacks/aeon (SUITE_PATHS step 3, DERIVED from this checkout's own location, nobody named it)

Either name a provisioned tree, AEON_DIR=<aeon checkout> (scripts/provision-aeon-ref.sh), or EMPYREAN_SUITE_ROOT=<the directory holding the suite>, or declare a partial run with SIGIL_ALLOW_PARTIAL=1, in which case every reference-dependent row is left unmeasured and the run says how many. Ruled d-18 (docs/OVERSEER-REFERENCE.md, 2026-09-02): a run that only PRINTS how much it did not measure still exits 0, and a green is trusted the moment it is in the run.
note: run with `RUST_BACKTRACE=1` environment variable to display a backtrace


failures:
    sprites_debug_region_matches_reference
    sprites_region_matches_reference

test result: FAILED. 0 passed; 2 failed; 0 ignored; 0 measured; 0 filtered out; finished in 0.00s

error: test failed, to rerun pass `-p sigil-cli --test sprites_port`
     Running tests/stdout_broken_pipe.rs (/home/volence/sonic_hacks/.scratch/width-suffix/target-base/release/deps/stdout_broken_pipe-6423b6621acacaa7)

running 7 tests
test a_full_device_on_stdout_still_fails_the_run ... ok
test version_into_a_closed_pipe_exits_zero_and_says_nothing ... ok
test a_failing_run_keeps_its_status_when_stdout_is_closed ... ok
test emp_census_into_a_closed_pipe_ends_as_it_would_have ... ok
test a_succeeding_multi_line_run_into_a_closed_pipe_ends_as_it_would_have ... ok
test a_reader_that_leaves_mid_stream_ends_the_run_as_it_would_have ... ok
test a_live_reader_gets_every_byte ... ok

test result: ok. 7 passed; 0 failed; 0 ignored; 0 measured; 0 filtered out; finished in 0.61s

     Running tests/structs_module.rs (/home/volence/sonic_hacks/.scratch/width-suffix/target-base/release/deps/structs_module-7c449cf262bdd1b7)

running 3 tests
test harvest_shapes_a_fixed_struct_set_exactly ... ok
test sst_interact_is_the_record_tail_word ... FAILED
test harvest_emits_the_as_field_offsets_and_sizes ... FAILED

failures:

---- sst_interact_is_the_record_tail_word stdout ----

thread 'sst_interact_is_the_record_tail_word' (3906386) panicked at crates/sigil-harness/src/test_support.rs:1312:9:
NO REFERENCE TREE IS NAMED, so this run can measure nothing it could attribute, and STOPS. This run DECLINED to use /home/volence/sonic_hacks/aeon, which step 3 derived from this checkout's own location: it is a working checkout outside this repository, its revision changes under a run without notice, and a result measured against it would be attributable to whatever it happened to contain rather than to the code under test.

The resolver's own answer: reference-tree: /home/volence/sonic_hacks/aeon (SUITE_PATHS step 3, DERIVED from this checkout's own location, nobody named it)

Either name a provisioned tree, AEON_DIR=<aeon checkout> (scripts/provision-aeon-ref.sh), or EMPYREAN_SUITE_ROOT=<the directory holding the suite>, or declare a partial run with SIGIL_ALLOW_PARTIAL=1, in which case every reference-dependent row is left unmeasured and the run says how many. Ruled d-18 (docs/OVERSEER-REFERENCE.md, 2026-09-02): a run that only PRINTS how much it did not measure still exits 0, and a green is trusted the moment it is in the run.

---- harvest_emits_the_as_field_offsets_and_sizes stdout ----

thread 'harvest_emits_the_as_field_offsets_and_sizes' (3906384) panicked at crates/sigil-harness/src/test_support.rs:1312:9:
NO REFERENCE TREE IS NAMED, so this run can measure nothing it could attribute, and STOPS. This run DECLINED to use /home/volence/sonic_hacks/aeon, which step 3 derived from this checkout's own location: it is a working checkout outside this repository, its revision changes under a run without notice, and a result measured against it would be attributable to whatever it happened to contain rather than to the code under test.

The resolver's own answer: reference-tree: /home/volence/sonic_hacks/aeon (SUITE_PATHS step 3, DERIVED from this checkout's own location, nobody named it)

Either name a provisioned tree, AEON_DIR=<aeon checkout> (scripts/provision-aeon-ref.sh), or EMPYREAN_SUITE_ROOT=<the directory holding the suite>, or declare a partial run with SIGIL_ALLOW_PARTIAL=1, in which case every reference-dependent row is left unmeasured and the run says how many. Ruled d-18 (docs/OVERSEER-REFERENCE.md, 2026-09-02): a run that only PRINTS how much it did not measure still exits 0, and a green is trusted the moment it is in the run.
note: run with `RUST_BACKTRACE=1` environment variable to display a backtrace


failures:
    harvest_emits_the_as_field_offsets_and_sizes
    sst_interact_is_the_record_tail_word

test result: FAILED. 1 passed; 2 failed; 0 ignored; 0 measured; 0 filtered out; finished in 0.00s

error: test failed, to rerun pass `-p sigil-cli --test structs_module`
     Running tests/subcommands.rs (/home/volence/sonic_hacks/.scratch/width-suffix/target-base/release/deps/subcommands-d03a887eb60b7756)

running 4 tests
test sigil_diff_reports_byte_identity ... ignored, reads the aeon source tree; run with --ignored
test sigil_emp_dash_d_selects_debug_branch ... ok
test sigil_emp_error_exits_nonzero ... ok
test sigil_emp_derives_include_root_from_relative_source_path ... ok

test result: ok. 3 passed; 0 failed; 1 ignored; 0 measured; 0 filtered out; finished in 0.00s

     Running tests/symbolic_operands.rs (/home/volence/sonic_hacks/.scratch/width-suffix/target-base/release/deps/symbolic_operands-fdefc6336bc4a33a)

running 7 tests
test as_side_int_equ_resolves_an_emp_relax_abs_sym_operand_in_a_mixed_link ... ok
test abs_w_forward_ref_whole_image_matches_as ... ok
test abs_l_high_address_matches_as ... ok
test abs_w_low_address_matches_as ... ok
test mixed_program_with_forward_refs_matches_as ... ok
test abs_w_ram_address_matches_as ... ok
test instruction_shapes_match_as_at_low_address ... ok

test result: ok. 7 passed; 0 failed; 0 ignored; 0 measured; 0 filtered out; finished in 0.00s

     Running tests/table_plc_vector.rs (/home/volence/sonic_hacks/.scratch/width-suffix/target-base/release/deps/table_plc_vector-13311f7f269b4bd9)

running 1 test
test plc_record_list_matches_as_macro ... ok

test result: ok. 1 passed; 0 failed; 0 ignored; 0 measured; 0 filtered out; finished in 0.00s

     Running tests/test_g1_objects_port.rs (/home/volence/sonic_hacks/.scratch/width-suffix/target-base/release/deps/test_g1_objects_port-b5833ac2cc136a3f)

running 4 tests
test g1_doctored_reference_diverges ... FAILED
test g1_objects_debug_regions_match_reference ... FAILED
test g1_undoctored_compile_equals_the_reference_window ... FAILED
test g1_objects_regions_match_reference ... FAILED

failures:

---- g1_doctored_reference_diverges stdout ----

thread 'g1_doctored_reference_diverges' (3906495) panicked at crates/sigil-harness/src/test_support.rs:1312:9:
NO REFERENCE TREE IS NAMED, so this run can measure nothing it could attribute, and STOPS. This run DECLINED to use /home/volence/sonic_hacks/aeon, which step 3 derived from this checkout's own location: it is a working checkout outside this repository, its revision changes under a run without notice, and a result measured against it would be attributable to whatever it happened to contain rather than to the code under test.

The resolver's own answer: reference-tree: /home/volence/sonic_hacks/aeon (SUITE_PATHS step 3, DERIVED from this checkout's own location, nobody named it)

Either name a provisioned tree, AEON_DIR=<aeon checkout> (scripts/provision-aeon-ref.sh), or EMPYREAN_SUITE_ROOT=<the directory holding the suite>, or declare a partial run with SIGIL_ALLOW_PARTIAL=1, in which case every reference-dependent row is left unmeasured and the run says how many. Ruled d-18 (docs/OVERSEER-REFERENCE.md, 2026-09-02): a run that only PRINTS how much it did not measure still exits 0, and a green is trusted the moment it is in the run.
note: run with `RUST_BACKTRACE=1` environment variable to display a backtrace

---- g1_objects_debug_regions_match_reference stdout ----

thread 'g1_objects_debug_regions_match_reference' (3906496) panicked at crates/sigil-harness/src/test_support.rs:1312:9:
NO REFERENCE TREE IS NAMED, so this run can measure nothing it could attribute, and STOPS. This run DECLINED to use /home/volence/sonic_hacks/aeon, which step 3 derived from this checkout's own location: it is a working checkout outside this repository, its revision changes under a run without notice, and a result measured against it would be attributable to whatever it happened to contain rather than to the code under test.

The resolver's own answer: reference-tree: /home/volence/sonic_hacks/aeon (SUITE_PATHS step 3, DERIVED from this checkout's own location, nobody named it)

Either name a provisioned tree, AEON_DIR=<aeon checkout> (scripts/provision-aeon-ref.sh), or EMPYREAN_SUITE_ROOT=<the directory holding the suite>, or declare a partial run with SIGIL_ALLOW_PARTIAL=1, in which case every reference-dependent row is left unmeasured and the run says how many. Ruled d-18 (docs/OVERSEER-REFERENCE.md, 2026-09-02): a run that only PRINTS how much it did not measure still exits 0, and a green is trusted the moment it is in the run.

---- g1_undoctored_compile_equals_the_reference_window stdout ----

thread 'g1_undoctored_compile_equals_the_reference_window' (3906498) panicked at crates/sigil-harness/src/test_support.rs:1312:9:
NO REFERENCE TREE IS NAMED, so this run can measure nothing it could attribute, and STOPS. This run DECLINED to use /home/volence/sonic_hacks/aeon, which step 3 derived from this checkout's own location: it is a working checkout outside this repository, its revision changes under a run without notice, and a result measured against it would be attributable to whatever it happened to contain rather than to the code under test.

The resolver's own answer: reference-tree: /home/volence/sonic_hacks/aeon (SUITE_PATHS step 3, DERIVED from this checkout's own location, nobody named it)

Either name a provisioned tree, AEON_DIR=<aeon checkout> (scripts/provision-aeon-ref.sh), or EMPYREAN_SUITE_ROOT=<the directory holding the suite>, or declare a partial run with SIGIL_ALLOW_PARTIAL=1, in which case every reference-dependent row is left unmeasured and the run says how many. Ruled d-18 (docs/OVERSEER-REFERENCE.md, 2026-09-02): a run that only PRINTS how much it did not measure still exits 0, and a green is trusted the moment it is in the run.

---- g1_objects_regions_match_reference stdout ----

thread 'g1_objects_regions_match_reference' (3906497) panicked at crates/sigil-harness/src/test_support.rs:1312:9:
NO REFERENCE TREE IS NAMED, so this run can measure nothing it could attribute, and STOPS. This run DECLINED to use /home/volence/sonic_hacks/aeon, which step 3 derived from this checkout's own location: it is a working checkout outside this repository, its revision changes under a run without notice, and a result measured against it would be attributable to whatever it happened to contain rather than to the code under test.

The resolver's own answer: reference-tree: /home/volence/sonic_hacks/aeon (SUITE_PATHS step 3, DERIVED from this checkout's own location, nobody named it)

Either name a provisioned tree, AEON_DIR=<aeon checkout> (scripts/provision-aeon-ref.sh), or EMPYREAN_SUITE_ROOT=<the directory holding the suite>, or declare a partial run with SIGIL_ALLOW_PARTIAL=1, in which case every reference-dependent row is left unmeasured and the run says how many. Ruled d-18 (docs/OVERSEER-REFERENCE.md, 2026-09-02): a run that only PRINTS how much it did not measure still exits 0, and a green is trusted the moment it is in the run.


failures:
    g1_doctored_reference_diverges
    g1_objects_debug_regions_match_reference
    g1_objects_regions_match_reference
    g1_undoctored_compile_equals_the_reference_window

test result: FAILED. 0 passed; 4 failed; 0 ignored; 0 measured; 0 filtered out; finished in 0.00s

error: test failed, to rerun pass `-p sigil-cli --test test_g1_objects_port`
     Running tests/test_g2_objects_port.rs (/home/volence/sonic_hacks/.scratch/width-suffix/target-base/release/deps/test_g2_objects_port-5454f2a9ff98c3f1)

running 4 tests
test g2_doctored_reference_diverges ... FAILED
test g2_objects_debug_regions_match_reference ... FAILED
test g2_undoctored_compile_equals_the_reference_window ... FAILED
test g2_objects_regions_match_reference ... FAILED

failures:

---- g2_doctored_reference_diverges stdout ----

thread 'g2_doctored_reference_diverges' (3906501) panicked at crates/sigil-harness/src/test_support.rs:1312:9:
NO REFERENCE TREE IS NAMED, so this run can measure nothing it could attribute, and STOPS. This run DECLINED to use /home/volence/sonic_hacks/aeon, which step 3 derived from this checkout's own location: it is a working checkout outside this repository, its revision changes under a run without notice, and a result measured against it would be attributable to whatever it happened to contain rather than to the code under test.

The resolver's own answer: reference-tree: /home/volence/sonic_hacks/aeon (SUITE_PATHS step 3, DERIVED from this checkout's own location, nobody named it)

Either name a provisioned tree, AEON_DIR=<aeon checkout> (scripts/provision-aeon-ref.sh), or EMPYREAN_SUITE_ROOT=<the directory holding the suite>, or declare a partial run with SIGIL_ALLOW_PARTIAL=1, in which case every reference-dependent row is left unmeasured and the run says how many. Ruled d-18 (docs/OVERSEER-REFERENCE.md, 2026-09-02): a run that only PRINTS how much it did not measure still exits 0, and a green is trusted the moment it is in the run.
note: run with `RUST_BACKTRACE=1` environment variable to display a backtrace

---- g2_objects_debug_regions_match_reference stdout ----

thread 'g2_objects_debug_regions_match_reference' (3906502) panicked at crates/sigil-harness/src/test_support.rs:1312:9:
NO REFERENCE TREE IS NAMED, so this run can measure nothing it could attribute, and STOPS. This run DECLINED to use /home/volence/sonic_hacks/aeon, which step 3 derived from this checkout's own location: it is a working checkout outside this repository, its revision changes under a run without notice, and a result measured against it would be attributable to whatever it happened to contain rather than to the code under test.

The resolver's own answer: reference-tree: /home/volence/sonic_hacks/aeon (SUITE_PATHS step 3, DERIVED from this checkout's own location, nobody named it)

Either name a provisioned tree, AEON_DIR=<aeon checkout> (scripts/provision-aeon-ref.sh), or EMPYREAN_SUITE_ROOT=<the directory holding the suite>, or declare a partial run with SIGIL_ALLOW_PARTIAL=1, in which case every reference-dependent row is left unmeasured and the run says how many. Ruled d-18 (docs/OVERSEER-REFERENCE.md, 2026-09-02): a run that only PRINTS how much it did not measure still exits 0, and a green is trusted the moment it is in the run.

---- g2_undoctored_compile_equals_the_reference_window stdout ----

thread 'g2_undoctored_compile_equals_the_reference_window' (3906504) panicked at crates/sigil-harness/src/test_support.rs:1312:9:
NO REFERENCE TREE IS NAMED, so this run can measure nothing it could attribute, and STOPS. This run DECLINED to use /home/volence/sonic_hacks/aeon, which step 3 derived from this checkout's own location: it is a working checkout outside this repository, its revision changes under a run without notice, and a result measured against it would be attributable to whatever it happened to contain rather than to the code under test.

The resolver's own answer: reference-tree: /home/volence/sonic_hacks/aeon (SUITE_PATHS step 3, DERIVED from this checkout's own location, nobody named it)

Either name a provisioned tree, AEON_DIR=<aeon checkout> (scripts/provision-aeon-ref.sh), or EMPYREAN_SUITE_ROOT=<the directory holding the suite>, or declare a partial run with SIGIL_ALLOW_PARTIAL=1, in which case every reference-dependent row is left unmeasured and the run says how many. Ruled d-18 (docs/OVERSEER-REFERENCE.md, 2026-09-02): a run that only PRINTS how much it did not measure still exits 0, and a green is trusted the moment it is in the run.

---- g2_objects_regions_match_reference stdout ----

thread 'g2_objects_regions_match_reference' (3906503) panicked at crates/sigil-harness/src/test_support.rs:1312:9:
NO REFERENCE TREE IS NAMED, so this run can measure nothing it could attribute, and STOPS. This run DECLINED to use /home/volence/sonic_hacks/aeon, which step 3 derived from this checkout's own location: it is a working checkout outside this repository, its revision changes under a run without notice, and a result measured against it would be attributable to whatever it happened to contain rather than to the code under test.

The resolver's own answer: reference-tree: /home/volence/sonic_hacks/aeon (SUITE_PATHS step 3, DERIVED from this checkout's own location, nobody named it)

Either name a provisioned tree, AEON_DIR=<aeon checkout> (scripts/provision-aeon-ref.sh), or EMPYREAN_SUITE_ROOT=<the directory holding the suite>, or declare a partial run with SIGIL_ALLOW_PARTIAL=1, in which case every reference-dependent row is left unmeasured and the run says how many. Ruled d-18 (docs/OVERSEER-REFERENCE.md, 2026-09-02): a run that only PRINTS how much it did not measure still exits 0, and a green is trusted the moment it is in the run.


failures:
    g2_doctored_reference_diverges
    g2_objects_debug_regions_match_reference
    g2_objects_regions_match_reference
    g2_undoctored_compile_equals_the_reference_window

test result: FAILED. 0 passed; 4 failed; 0 ignored; 0 measured; 0 filtered out; finished in 0.00s

error: test failed, to rerun pass `-p sigil-cli --test test_g2_objects_port`
     Running tests/test_g3_objects_port.rs (/home/volence/sonic_hacks/.scratch/width-suffix/target-base/release/deps/test_g3_objects_port-19903d3a843510e4)

running 4 tests
test g3_objects_debug_regions_match_reference ... FAILED
test g3_objects_regions_match_reference ... FAILED
test g3_undoctored_compile_equals_the_reference_window ... FAILED
test g3_doctored_reference_diverges ... FAILED

failures:

---- g3_objects_debug_regions_match_reference stdout ----

thread 'g3_objects_debug_regions_match_reference' (3906508) panicked at crates/sigil-harness/src/test_support.rs:1312:9:
NO REFERENCE TREE IS NAMED, so this run can measure nothing it could attribute, and STOPS. This run DECLINED to use /home/volence/sonic_hacks/aeon, which step 3 derived from this checkout's own location: it is a working checkout outside this repository, its revision changes under a run without notice, and a result measured against it would be attributable to whatever it happened to contain rather than to the code under test.

The resolver's own answer: reference-tree: /home/volence/sonic_hacks/aeon (SUITE_PATHS step 3, DERIVED from this checkout's own location, nobody named it)

Either name a provisioned tree, AEON_DIR=<aeon checkout> (scripts/provision-aeon-ref.sh), or EMPYREAN_SUITE_ROOT=<the directory holding the suite>, or declare a partial run with SIGIL_ALLOW_PARTIAL=1, in which case every reference-dependent row is left unmeasured and the run says how many. Ruled d-18 (docs/OVERSEER-REFERENCE.md, 2026-09-02): a run that only PRINTS how much it did not measure still exits 0, and a green is trusted the moment it is in the run.
note: run with `RUST_BACKTRACE=1` environment variable to display a backtrace

---- g3_objects_regions_match_reference stdout ----

thread 'g3_objects_regions_match_reference' (3906509) panicked at crates/sigil-harness/src/test_support.rs:1312:9:
NO REFERENCE TREE IS NAMED, so this run can measure nothing it could attribute, and STOPS. This run DECLINED to use /home/volence/sonic_hacks/aeon, which step 3 derived from this checkout's own location: it is a working checkout outside this repository, its revision changes under a run without notice, and a result measured against it would be attributable to whatever it happened to contain rather than to the code under test.

The resolver's own answer: reference-tree: /home/volence/sonic_hacks/aeon (SUITE_PATHS step 3, DERIVED from this checkout's own location, nobody named it)

Either name a provisioned tree, AEON_DIR=<aeon checkout> (scripts/provision-aeon-ref.sh), or EMPYREAN_SUITE_ROOT=<the directory holding the suite>, or declare a partial run with SIGIL_ALLOW_PARTIAL=1, in which case every reference-dependent row is left unmeasured and the run says how many. Ruled d-18 (docs/OVERSEER-REFERENCE.md, 2026-09-02): a run that only PRINTS how much it did not measure still exits 0, and a green is trusted the moment it is in the run.

---- g3_undoctored_compile_equals_the_reference_window stdout ----

thread 'g3_undoctored_compile_equals_the_reference_window' (3906510) panicked at crates/sigil-harness/src/test_support.rs:1312:9:
NO REFERENCE TREE IS NAMED, so this run can measure nothing it could attribute, and STOPS. This run DECLINED to use /home/volence/sonic_hacks/aeon, which step 3 derived from this checkout's own location: it is a working checkout outside this repository, its revision changes under a run without notice, and a result measured against it would be attributable to whatever it happened to contain rather than to the code under test.

The resolver's own answer: reference-tree: /home/volence/sonic_hacks/aeon (SUITE_PATHS step 3, DERIVED from this checkout's own location, nobody named it)

Either name a provisioned tree, AEON_DIR=<aeon checkout> (scripts/provision-aeon-ref.sh), or EMPYREAN_SUITE_ROOT=<the directory holding the suite>, or declare a partial run with SIGIL_ALLOW_PARTIAL=1, in which case every reference-dependent row is left unmeasured and the run says how many. Ruled d-18 (docs/OVERSEER-REFERENCE.md, 2026-09-02): a run that only PRINTS how much it did not measure still exits 0, and a green is trusted the moment it is in the run.

---- g3_doctored_reference_diverges stdout ----

thread 'g3_doctored_reference_diverges' (3906507) panicked at crates/sigil-harness/src/test_support.rs:1312:9:
NO REFERENCE TREE IS NAMED, so this run can measure nothing it could attribute, and STOPS. This run DECLINED to use /home/volence/sonic_hacks/aeon, which step 3 derived from this checkout's own location: it is a working checkout outside this repository, its revision changes under a run without notice, and a result measured against it would be attributable to whatever it happened to contain rather than to the code under test.

The resolver's own answer: reference-tree: /home/volence/sonic_hacks/aeon (SUITE_PATHS step 3, DERIVED from this checkout's own location, nobody named it)

Either name a provisioned tree, AEON_DIR=<aeon checkout> (scripts/provision-aeon-ref.sh), or EMPYREAN_SUITE_ROOT=<the directory holding the suite>, or declare a partial run with SIGIL_ALLOW_PARTIAL=1, in which case every reference-dependent row is left unmeasured and the run says how many. Ruled d-18 (docs/OVERSEER-REFERENCE.md, 2026-09-02): a run that only PRINTS how much it did not measure still exits 0, and a green is trusted the moment it is in the run.


failures:
    g3_doctored_reference_diverges
    g3_objects_debug_regions_match_reference
    g3_objects_regions_match_reference
    g3_undoctored_compile_equals_the_reference_window

test result: FAILED. 0 passed; 4 failed; 0 ignored; 0 measured; 0 filtered out; finished in 0.00s

error: test failed, to rerun pass `-p sigil-cli --test test_g3_objects_port`
     Running tests/test_g4_final_objects_port.rs (/home/volence/sonic_hacks/.scratch/width-suffix/target-base/release/deps/test_g4_final_objects_port-eeb2d5efb86be066)

running 4 tests
test g4_objects_debug_regions_match_reference ... FAILED
test g4_objects_regions_match_reference ... FAILED
test g4_doctored_reference_diverges ... FAILED
test g4_undoctored_compile_equals_the_reference_window ... FAILED

failures:

---- g4_objects_debug_regions_match_reference stdout ----

thread 'g4_objects_debug_regions_match_reference' (3906514) panicked at crates/sigil-harness/src/test_support.rs:1312:9:
NO REFERENCE TREE IS NAMED, so this run can measure nothing it could attribute, and STOPS. This run DECLINED to use /home/volence/sonic_hacks/aeon, which step 3 derived from this checkout's own location: it is a working checkout outside this repository, its revision changes under a run without notice, and a result measured against it would be attributable to whatever it happened to contain rather than to the code under test.

The resolver's own answer: reference-tree: /home/volence/sonic_hacks/aeon (SUITE_PATHS step 3, DERIVED from this checkout's own location, nobody named it)

Either name a provisioned tree, AEON_DIR=<aeon checkout> (scripts/provision-aeon-ref.sh), or EMPYREAN_SUITE_ROOT=<the directory holding the suite>, or declare a partial run with SIGIL_ALLOW_PARTIAL=1, in which case every reference-dependent row is left unmeasured and the run says how many. Ruled d-18 (docs/OVERSEER-REFERENCE.md, 2026-09-02): a run that only PRINTS how much it did not measure still exits 0, and a green is trusted the moment it is in the run.
note: run with `RUST_BACKTRACE=1` environment variable to display a backtrace

---- g4_objects_regions_match_reference stdout ----

thread 'g4_objects_regions_match_reference' (3906515) panicked at crates/sigil-harness/src/test_support.rs:1312:9:
NO REFERENCE TREE IS NAMED, so this run can measure nothing it could attribute, and STOPS. This run DECLINED to use /home/volence/sonic_hacks/aeon, which step 3 derived from this checkout's own location: it is a working checkout outside this repository, its revision changes under a run without notice, and a result measured against it would be attributable to whatever it happened to contain rather than to the code under test.

The resolver's own answer: reference-tree: /home/volence/sonic_hacks/aeon (SUITE_PATHS step 3, DERIVED from this checkout's own location, nobody named it)

Either name a provisioned tree, AEON_DIR=<aeon checkout> (scripts/provision-aeon-ref.sh), or EMPYREAN_SUITE_ROOT=<the directory holding the suite>, or declare a partial run with SIGIL_ALLOW_PARTIAL=1, in which case every reference-dependent row is left unmeasured and the run says how many. Ruled d-18 (docs/OVERSEER-REFERENCE.md, 2026-09-02): a run that only PRINTS how much it did not measure still exits 0, and a green is trusted the moment it is in the run.

---- g4_doctored_reference_diverges stdout ----

thread 'g4_doctored_reference_diverges' (3906513) panicked at crates/sigil-harness/src/test_support.rs:1312:9:
NO REFERENCE TREE IS NAMED, so this run can measure nothing it could attribute, and STOPS. This run DECLINED to use /home/volence/sonic_hacks/aeon, which step 3 derived from this checkout's own location: it is a working checkout outside this repository, its revision changes under a run without notice, and a result measured against it would be attributable to whatever it happened to contain rather than to the code under test.

The resolver's own answer: reference-tree: /home/volence/sonic_hacks/aeon (SUITE_PATHS step 3, DERIVED from this checkout's own location, nobody named it)

Either name a provisioned tree, AEON_DIR=<aeon checkout> (scripts/provision-aeon-ref.sh), or EMPYREAN_SUITE_ROOT=<the directory holding the suite>, or declare a partial run with SIGIL_ALLOW_PARTIAL=1, in which case every reference-dependent row is left unmeasured and the run says how many. Ruled d-18 (docs/OVERSEER-REFERENCE.md, 2026-09-02): a run that only PRINTS how much it did not measure still exits 0, and a green is trusted the moment it is in the run.

---- g4_undoctored_compile_equals_the_reference_window stdout ----

thread 'g4_undoctored_compile_equals_the_reference_window' (3906516) panicked at crates/sigil-harness/src/test_support.rs:1312:9:
NO REFERENCE TREE IS NAMED, so this run can measure nothing it could attribute, and STOPS. This run DECLINED to use /home/volence/sonic_hacks/aeon, which step 3 derived from this checkout's own location: it is a working checkout outside this repository, its revision changes under a run without notice, and a result measured against it would be attributable to whatever it happened to contain rather than to the code under test.

The resolver's own answer: reference-tree: /home/volence/sonic_hacks/aeon (SUITE_PATHS step 3, DERIVED from this checkout's own location, nobody named it)

Either name a provisioned tree, AEON_DIR=<aeon checkout> (scripts/provision-aeon-ref.sh), or EMPYREAN_SUITE_ROOT=<the directory holding the suite>, or declare a partial run with SIGIL_ALLOW_PARTIAL=1, in which case every reference-dependent row is left unmeasured and the run says how many. Ruled d-18 (docs/OVERSEER-REFERENCE.md, 2026-09-02): a run that only PRINTS how much it did not measure still exits 0, and a green is trusted the moment it is in the run.


failures:
    g4_doctored_reference_diverges
    g4_objects_debug_regions_match_reference
    g4_objects_regions_match_reference
    g4_undoctored_compile_equals_the_reference_window

test result: FAILED. 0 passed; 4 failed; 0 ignored; 0 measured; 0 filtered out; finished in 0.00s

error: test failed, to rerun pass `-p sigil-cli --test test_g4_final_objects_port`
     Running tests/test_mappings_port.rs (/home/volence/sonic_hacks/.scratch/width-suffix/target-base/release/deps/test_mappings_port-3fc6a19e9dc9b26d)

running 2 tests
test test_mappings_debug_region_matches_reference ... FAILED
test test_mappings_region_matches_reference ... FAILED

failures:

---- test_mappings_debug_region_matches_reference stdout ----

thread 'test_mappings_debug_region_matches_reference' (3906519) panicked at crates/sigil-harness/src/test_support.rs:1312:9:
NO REFERENCE TREE IS NAMED, so this run can measure nothing it could attribute, and STOPS. This run DECLINED to use /home/volence/sonic_hacks/aeon, which step 3 derived from this checkout's own location: it is a working checkout outside this repository, its revision changes under a run without notice, and a result measured against it would be attributable to whatever it happened to contain rather than to the code under test.

The resolver's own answer: reference-tree: /home/volence/sonic_hacks/aeon (SUITE_PATHS step 3, DERIVED from this checkout's own location, nobody named it)

Either name a provisioned tree, AEON_DIR=<aeon checkout> (scripts/provision-aeon-ref.sh), or EMPYREAN_SUITE_ROOT=<the directory holding the suite>, or declare a partial run with SIGIL_ALLOW_PARTIAL=1, in which case every reference-dependent row is left unmeasured and the run says how many. Ruled d-18 (docs/OVERSEER-REFERENCE.md, 2026-09-02): a run that only PRINTS how much it did not measure still exits 0, and a green is trusted the moment it is in the run.
note: run with `RUST_BACKTRACE=1` environment variable to display a backtrace

---- test_mappings_region_matches_reference stdout ----

thread 'test_mappings_region_matches_reference' (3906520) panicked at crates/sigil-harness/src/test_support.rs:1312:9:
NO REFERENCE TREE IS NAMED, so this run can measure nothing it could attribute, and STOPS. This run DECLINED to use /home/volence/sonic_hacks/aeon, which step 3 derived from this checkout's own location: it is a working checkout outside this repository, its revision changes under a run without notice, and a result measured against it would be attributable to whatever it happened to contain rather than to the code under test.

The resolver's own answer: reference-tree: /home/volence/sonic_hacks/aeon (SUITE_PATHS step 3, DERIVED from this checkout's own location, nobody named it)

Either name a provisioned tree, AEON_DIR=<aeon checkout> (scripts/provision-aeon-ref.sh), or EMPYREAN_SUITE_ROOT=<the directory holding the suite>, or declare a partial run with SIGIL_ALLOW_PARTIAL=1, in which case every reference-dependent row is left unmeasured and the run says how many. Ruled d-18 (docs/OVERSEER-REFERENCE.md, 2026-09-02): a run that only PRINTS how much it did not measure still exits 0, and a green is trusted the moment it is in the run.


failures:
    test_mappings_debug_region_matches_reference
    test_mappings_region_matches_reference

test result: FAILED. 0 passed; 2 failed; 0 ignored; 0 measured; 0 filtered out; finished in 0.00s

error: test failed, to rerun pass `-p sigil-cli --test test_mappings_port`
     Running tests/test_objects_port.rs (/home/volence/sonic_hacks/.scratch/width-suffix/target-base/release/deps/test_objects_port-2911b695df420daf)

running 2 tests
test test_objects_regions_match_reference ... FAILED
test test_objects_debug_regions_match_reference ... FAILED

failures:

---- test_objects_regions_match_reference stdout ----

thread 'test_objects_regions_match_reference' (3906524) panicked at crates/sigil-harness/src/test_support.rs:1312:9:
NO REFERENCE TREE IS NAMED, so this run can measure nothing it could attribute, and STOPS. This run DECLINED to use /home/volence/sonic_hacks/aeon, which step 3 derived from this checkout's own location: it is a working checkout outside this repository, its revision changes under a run without notice, and a result measured against it would be attributable to whatever it happened to contain rather than to the code under test.

The resolver's own answer: reference-tree: /home/volence/sonic_hacks/aeon (SUITE_PATHS step 3, DERIVED from this checkout's own location, nobody named it)

Either name a provisioned tree, AEON_DIR=<aeon checkout> (scripts/provision-aeon-ref.sh), or EMPYREAN_SUITE_ROOT=<the directory holding the suite>, or declare a partial run with SIGIL_ALLOW_PARTIAL=1, in which case every reference-dependent row is left unmeasured and the run says how many. Ruled d-18 (docs/OVERSEER-REFERENCE.md, 2026-09-02): a run that only PRINTS how much it did not measure still exits 0, and a green is trusted the moment it is in the run.

---- test_objects_debug_regions_match_reference stdout ----

thread 'test_objects_debug_regions_match_reference' (3906523) panicked at crates/sigil-harness/src/test_support.rs:1312:9:
NO REFERENCE TREE IS NAMED, so this run can measure nothing it could attribute, and STOPS. This run DECLINED to use /home/volence/sonic_hacks/aeon, which step 3 derived from this checkout's own location: it is a working checkout outside this repository, its revision changes under a run without notice, and a result measured against it would be attributable to whatever it happened to contain rather than to the code under test.

The resolver's own answer: reference-tree: /home/volence/sonic_hacks/aeon (SUITE_PATHS step 3, DERIVED from this checkout's own location, nobody named it)

Either name a provisioned tree, AEON_DIR=<aeon checkout> (scripts/provision-aeon-ref.sh), or EMPYREAN_SUITE_ROOT=<the directory holding the suite>, or declare a partial run with SIGIL_ALLOW_PARTIAL=1, in which case every reference-dependent row is left unmeasured and the run says how many. Ruled d-18 (docs/OVERSEER-REFERENCE.md, 2026-09-02): a run that only PRINTS how much it did not measure still exits 0, and a green is trusted the moment it is in the run.
note: run with `RUST_BACKTRACE=1` environment variable to display a backtrace


failures:
    test_objects_debug_regions_match_reference
    test_objects_regions_match_reference

test result: FAILED. 0 passed; 2 failed; 0 ignored; 0 measured; 0 filtered out; finished in 0.00s

error: test failed, to rerun pass `-p sigil-cli --test test_objects_port`
     Running tests/test_p1_player_port.rs (/home/volence/sonic_hacks/.scratch/width-suffix/target-base/release/deps/test_p1_player_port-77dc04cd1d9ede35)

running 8 tests
test p1_doctored_reference_diverges ... FAILED
test p1_drift_guards_all_pass ... FAILED
test p1_player_common_region_matches_reference ... FAILED
test p1_sonic_debug_region_matches_reference ... FAILED
test p1_sonic_region_matches_reference ... FAILED
test p1_sonic_doctored_reference_diverges ... FAILED
test p1_player_common_debug_region_matches_reference ... FAILED
test p1_undoctored_compile_equals_the_reference_window ... FAILED

failures:

---- p1_doctored_reference_diverges stdout ----

thread 'p1_doctored_reference_diverges' (3906527) panicked at crates/sigil-harness/src/test_support.rs:1312:9:
NO REFERENCE TREE IS NAMED, so this run can measure nothing it could attribute, and STOPS. This run DECLINED to use /home/volence/sonic_hacks/aeon, which step 3 derived from this checkout's own location: it is a working checkout outside this repository, its revision changes under a run without notice, and a result measured against it would be attributable to whatever it happened to contain rather than to the code under test.

The resolver's own answer: reference-tree: /home/volence/sonic_hacks/aeon (SUITE_PATHS step 3, DERIVED from this checkout's own location, nobody named it)

Either name a provisioned tree, AEON_DIR=<aeon checkout> (scripts/provision-aeon-ref.sh), or EMPYREAN_SUITE_ROOT=<the directory holding the suite>, or declare a partial run with SIGIL_ALLOW_PARTIAL=1, in which case every reference-dependent row is left unmeasured and the run says how many. Ruled d-18 (docs/OVERSEER-REFERENCE.md, 2026-09-02): a run that only PRINTS how much it did not measure still exits 0, and a green is trusted the moment it is in the run.

---- p1_drift_guards_all_pass stdout ----

thread 'p1_drift_guards_all_pass' (3906528) panicked at crates/sigil-harness/src/test_support.rs:1312:9:
NO REFERENCE TREE IS NAMED, so this run can measure nothing it could attribute, and STOPS. This run DECLINED to use /home/volence/sonic_hacks/aeon, which step 3 derived from this checkout's own location: it is a working checkout outside this repository, its revision changes under a run without notice, and a result measured against it would be attributable to whatever it happened to contain rather than to the code under test.

The resolver's own answer: reference-tree: /home/volence/sonic_hacks/aeon (SUITE_PATHS step 3, DERIVED from this checkout's own location, nobody named it)

Either name a provisioned tree, AEON_DIR=<aeon checkout> (scripts/provision-aeon-ref.sh), or EMPYREAN_SUITE_ROOT=<the directory holding the suite>, or declare a partial run with SIGIL_ALLOW_PARTIAL=1, in which case every reference-dependent row is left unmeasured and the run says how many. Ruled d-18 (docs/OVERSEER-REFERENCE.md, 2026-09-02): a run that only PRINTS how much it did not measure still exits 0, and a green is trusted the moment it is in the run.
note: run with `RUST_BACKTRACE=1` environment variable to display a backtrace

---- p1_player_common_region_matches_reference stdout ----

thread 'p1_player_common_region_matches_reference' (3906530) panicked at crates/sigil-harness/src/test_support.rs:1312:9:
NO REFERENCE TREE IS NAMED, so this run can measure nothing it could attribute, and STOPS. This run DECLINED to use /home/volence/sonic_hacks/aeon, which step 3 derived from this checkout's own location: it is a working checkout outside this repository, its revision changes under a run without notice, and a result measured against it would be attributable to whatever it happened to contain rather than to the code under test.

The resolver's own answer: reference-tree: /home/volence/sonic_hacks/aeon (SUITE_PATHS step 3, DERIVED from this checkout's own location, nobody named it)

Either name a provisioned tree, AEON_DIR=<aeon checkout> (scripts/provision-aeon-ref.sh), or EMPYREAN_SUITE_ROOT=<the directory holding the suite>, or declare a partial run with SIGIL_ALLOW_PARTIAL=1, in which case every reference-dependent row is left unmeasured and the run says how many. Ruled d-18 (docs/OVERSEER-REFERENCE.md, 2026-09-02): a run that only PRINTS how much it did not measure still exits 0, and a green is trusted the moment it is in the run.

---- p1_sonic_debug_region_matches_reference stdout ----

thread 'p1_sonic_debug_region_matches_reference' (3906532) panicked at crates/sigil-harness/src/test_support.rs:1312:9:
NO REFERENCE TREE IS NAMED, so this run can measure nothing it could attribute, and STOPS. This run DECLINED to use /home/volence/sonic_hacks/aeon, which step 3 derived from this checkout's own location: it is a working checkout outside this repository, its revision changes under a run without notice, and a result measured against it would be attributable to whatever it happened to contain rather than to the code under test.

The resolver's own answer: reference-tree: /home/volence/sonic_hacks/aeon (SUITE_PATHS step 3, DERIVED from this checkout's own location, nobody named it)

Either name a provisioned tree, AEON_DIR=<aeon checkout> (scripts/provision-aeon-ref.sh), or EMPYREAN_SUITE_ROOT=<the directory holding the suite>, or declare a partial run with SIGIL_ALLOW_PARTIAL=1, in which case every reference-dependent row is left unmeasured and the run says how many. Ruled d-18 (docs/OVERSEER-REFERENCE.md, 2026-09-02): a run that only PRINTS how much it did not measure still exits 0, and a green is trusted the moment it is in the run.

---- p1_sonic_region_matches_reference stdout ----

thread 'p1_sonic_region_matches_reference' (3906534) panicked at crates/sigil-harness/src/test_support.rs:1312:9:
NO REFERENCE TREE IS NAMED, so this run can measure nothing it could attribute, and STOPS. This run DECLINED to use /home/volence/sonic_hacks/aeon, which step 3 derived from this checkout's own location: it is a working checkout outside this repository, its revision changes under a run without notice, and a result measured against it would be attributable to whatever it happened to contain rather than to the code under test.

The resolver's own answer: reference-tree: /home/volence/sonic_hacks/aeon (SUITE_PATHS step 3, DERIVED from this checkout's own location, nobody named it)

Either name a provisioned tree, AEON_DIR=<aeon checkout> (scripts/provision-aeon-ref.sh), or EMPYREAN_SUITE_ROOT=<the directory holding the suite>, or declare a partial run with SIGIL_ALLOW_PARTIAL=1, in which case every reference-dependent row is left unmeasured and the run says how many. Ruled d-18 (docs/OVERSEER-REFERENCE.md, 2026-09-02): a run that only PRINTS how much it did not measure still exits 0, and a green is trusted the moment it is in the run.

---- p1_sonic_doctored_reference_diverges stdout ----

thread 'p1_sonic_doctored_reference_diverges' (3906533) panicked at crates/sigil-harness/src/test_support.rs:1312:9:
NO REFERENCE TREE IS NAMED, so this run can measure nothing it could attribute, and STOPS. This run DECLINED to use /home/volence/sonic_hacks/aeon, which step 3 derived from this checkout's own location: it is a working checkout outside this repository, its revision changes under a run without notice, and a result measured against it would be attributable to whatever it happened to contain rather than to the code under test.

The resolver's own answer: reference-tree: /home/volence/sonic_hacks/aeon (SUITE_PATHS step 3, DERIVED from this checkout's own location, nobody named it)

Either name a provisioned tree, AEON_DIR=<aeon checkout> (scripts/provision-aeon-ref.sh), or EMPYREAN_SUITE_ROOT=<the directory holding the suite>, or declare a partial run with SIGIL_ALLOW_PARTIAL=1, in which case every reference-dependent row is left unmeasured and the run says how many. Ruled d-18 (docs/OVERSEER-REFERENCE.md, 2026-09-02): a run that only PRINTS how much it did not measure still exits 0, and a green is trusted the moment it is in the run.

---- p1_player_common_debug_region_matches_reference stdout ----

thread 'p1_player_common_debug_region_matches_reference' (3906529) panicked at crates/sigil-harness/src/test_support.rs:1312:9:
NO REFERENCE TREE IS NAMED, so this run can measure nothing it could attribute, and STOPS. This run DECLINED to use /home/volence/sonic_hacks/aeon, which step 3 derived from this checkout's own location: it is a working checkout outside this repository, its revision changes under a run without notice, and a result measured against it would be attributable to whatever it happened to contain rather than to the code under test.

The resolver's own answer: reference-tree: /home/volence/sonic_hacks/aeon (SUITE_PATHS step 3, DERIVED from this checkout's own location, nobody named it)

Either name a provisioned tree, AEON_DIR=<aeon checkout> (scripts/provision-aeon-ref.sh), or EMPYREAN_SUITE_ROOT=<the directory holding the suite>, or declare a partial run with SIGIL_ALLOW_PARTIAL=1, in which case every reference-dependent row is left unmeasured and the run says how many. Ruled d-18 (docs/OVERSEER-REFERENCE.md, 2026-09-02): a run that only PRINTS how much it did not measure still exits 0, and a green is trusted the moment it is in the run.

---- p1_undoctored_compile_equals_the_reference_window stdout ----

thread 'p1_undoctored_compile_equals_the_reference_window' (3906535) panicked at crates/sigil-harness/src/test_support.rs:1312:9:
NO REFERENCE TREE IS NAMED, so this run can measure nothing it could attribute, and STOPS. This run DECLINED to use /home/volence/sonic_hacks/aeon, which step 3 derived from this checkout's own location: it is a working checkout outside this repository, its revision changes under a run without notice, and a result measured against it would be attributable to whatever it happened to contain rather than to the code under test.

The resolver's own answer: reference-tree: /home/volence/sonic_hacks/aeon (SUITE_PATHS step 3, DERIVED from this checkout's own location, nobody named it)

Either name a provisioned tree, AEON_DIR=<aeon checkout> (scripts/provision-aeon-ref.sh), or EMPYREAN_SUITE_ROOT=<the directory holding the suite>, or declare a partial run with SIGIL_ALLOW_PARTIAL=1, in which case every reference-dependent row is left unmeasured and the run says how many. Ruled d-18 (docs/OVERSEER-REFERENCE.md, 2026-09-02): a run that only PRINTS how much it did not measure still exits 0, and a green is trusted the moment it is in the run.


failures:
    p1_doctored_reference_diverges
    p1_drift_guards_all_pass
    p1_player_common_debug_region_matches_reference
    p1_player_common_region_matches_reference
    p1_sonic_debug_region_matches_reference
    p1_sonic_doctored_reference_diverges
    p1_sonic_region_matches_reference
    p1_undoctored_compile_equals_the_reference_window

test result: FAILED. 0 passed; 8 failed; 0 ignored; 0 measured; 0 filtered out; finished in 0.00s

error: test failed, to rerun pass `-p sigil-cli --test test_p1_player_port`
     Running tests/test_p2_player_states_port.rs (/home/volence/sonic_hacks/.scratch/width-suffix/target-base/release/deps/test_p2_player_states_port-0a49a12a37cb3fb0)

running 12 tests
test p2_spindash_region_matches_reference ... FAILED
test p2_ground_region_matches_reference ... FAILED
test p2_ground_debug_region_matches_reference ... FAILED
test p2_air_undoctored_compile_equals_the_reference_window ... FAILED
test p2_spindash_doctored_reference_diverges ... FAILED
test p2_spindash_debug_region_matches_reference ... FAILED
test p2_air_region_matches_reference ... FAILED
test p2_air_debug_region_matches_reference ... FAILED
test p2_ground_doctored_reference_diverges ... FAILED
test p2_ground_undoctored_compile_equals_the_reference_window ... FAILED
test p2_air_doctored_reference_diverges ... FAILED
test p2_spindash_undoctored_compile_equals_the_reference_window ... FAILED

failures:

---- p2_spindash_region_matches_reference stdout ----

thread 'p2_spindash_region_matches_reference' (3906548) panicked at crates/sigil-harness/src/test_support.rs:1312:9:
NO REFERENCE TREE IS NAMED, so this run can measure nothing it could attribute, and STOPS. This run DECLINED to use /home/volence/sonic_hacks/aeon, which step 3 derived from this checkout's own location: it is a working checkout outside this repository, its revision changes under a run without notice, and a result measured against it would be attributable to whatever it happened to contain rather than to the code under test.

The resolver's own answer: reference-tree: /home/volence/sonic_hacks/aeon (SUITE_PATHS step 3, DERIVED from this checkout's own location, nobody named it)

Either name a provisioned tree, AEON_DIR=<aeon checkout> (scripts/provision-aeon-ref.sh), or EMPYREAN_SUITE_ROOT=<the directory holding the suite>, or declare a partial run with SIGIL_ALLOW_PARTIAL=1, in which case every reference-dependent row is left unmeasured and the run says how many. Ruled d-18 (docs/OVERSEER-REFERENCE.md, 2026-09-02): a run that only PRINTS how much it did not measure still exits 0, and a green is trusted the moment it is in the run.

---- p2_ground_region_matches_reference stdout ----

thread 'p2_ground_region_matches_reference' (3906543) panicked at crates/sigil-harness/src/test_support.rs:1312:9:
NO REFERENCE TREE IS NAMED, so this run can measure nothing it could attribute, and STOPS. This run DECLINED to use /home/volence/sonic_hacks/aeon, which step 3 derived from this checkout's own location: it is a working checkout outside this repository, its revision changes under a run without notice, and a result measured against it would be attributable to whatever it happened to contain rather than to the code under test.

The resolver's own answer: reference-tree: /home/volence/sonic_hacks/aeon (SUITE_PATHS step 3, DERIVED from this checkout's own location, nobody named it)

Either name a provisioned tree, AEON_DIR=<aeon checkout> (scripts/provision-aeon-ref.sh), or EMPYREAN_SUITE_ROOT=<the directory holding the suite>, or declare a partial run with SIGIL_ALLOW_PARTIAL=1, in which case every reference-dependent row is left unmeasured and the run says how many. Ruled d-18 (docs/OVERSEER-REFERENCE.md, 2026-09-02): a run that only PRINTS how much it did not measure still exits 0, and a green is trusted the moment it is in the run.

---- p2_ground_debug_region_matches_reference stdout ----

thread 'p2_ground_debug_region_matches_reference' (3906541) panicked at crates/sigil-harness/src/test_support.rs:1312:9:
NO REFERENCE TREE IS NAMED, so this run can measure nothing it could attribute, and STOPS. This run DECLINED to use /home/volence/sonic_hacks/aeon, which step 3 derived from this checkout's own location: it is a working checkout outside this repository, its revision changes under a run without notice, and a result measured against it would be attributable to whatever it happened to contain rather than to the code under test.

The resolver's own answer: reference-tree: /home/volence/sonic_hacks/aeon (SUITE_PATHS step 3, DERIVED from this checkout's own location, nobody named it)

Either name a provisioned tree, AEON_DIR=<aeon checkout> (scripts/provision-aeon-ref.sh), or EMPYREAN_SUITE_ROOT=<the directory holding the suite>, or declare a partial run with SIGIL_ALLOW_PARTIAL=1, in which case every reference-dependent row is left unmeasured and the run says how many. Ruled d-18 (docs/OVERSEER-REFERENCE.md, 2026-09-02): a run that only PRINTS how much it did not measure still exits 0, and a green is trusted the moment it is in the run.
note: run with `RUST_BACKTRACE=1` environment variable to display a backtrace

---- p2_air_undoctored_compile_equals_the_reference_window stdout ----

thread 'p2_air_undoctored_compile_equals_the_reference_window' (3906540) panicked at crates/sigil-harness/src/test_support.rs:1312:9:
NO REFERENCE TREE IS NAMED, so this run can measure nothing it could attribute, and STOPS. This run DECLINED to use /home/volence/sonic_hacks/aeon, which step 3 derived from this checkout's own location: it is a working checkout outside this repository, its revision changes under a run without notice, and a result measured against it would be attributable to whatever it happened to contain rather than to the code under test.

The resolver's own answer: reference-tree: /home/volence/sonic_hacks/aeon (SUITE_PATHS step 3, DERIVED from this checkout's own location, nobody named it)

Either name a provisioned tree, AEON_DIR=<aeon checkout> (scripts/provision-aeon-ref.sh), or EMPYREAN_SUITE_ROOT=<the directory holding the suite>, or declare a partial run with SIGIL_ALLOW_PARTIAL=1, in which case every reference-dependent row is left unmeasured and the run says how many. Ruled d-18 (docs/OVERSEER-REFERENCE.md, 2026-09-02): a run that only PRINTS how much it did not measure still exits 0, and a green is trusted the moment it is in the run.

---- p2_spindash_doctored_reference_diverges stdout ----

thread 'p2_spindash_doctored_reference_diverges' (3906547) panicked at crates/sigil-harness/src/test_support.rs:1312:9:
NO REFERENCE TREE IS NAMED, so this run can measure nothing it could attribute, and STOPS. This run DECLINED to use /home/volence/sonic_hacks/aeon, which step 3 derived from this checkout's own location: it is a working checkout outside this repository, its revision changes under a run without notice, and a result measured against it would be attributable to whatever it happened to contain rather than to the code under test.

The resolver's own answer: reference-tree: /home/volence/sonic_hacks/aeon (SUITE_PATHS step 3, DERIVED from this checkout's own location, nobody named it)

Either name a provisioned tree, AEON_DIR=<aeon checkout> (scripts/provision-aeon-ref.sh), or EMPYREAN_SUITE_ROOT=<the directory holding the suite>, or declare a partial run with SIGIL_ALLOW_PARTIAL=1, in which case every reference-dependent row is left unmeasured and the run says how many. Ruled d-18 (docs/OVERSEER-REFERENCE.md, 2026-09-02): a run that only PRINTS how much it did not measure still exits 0, and a green is trusted the moment it is in the run.

---- p2_spindash_debug_region_matches_reference stdout ----

thread 'p2_spindash_debug_region_matches_reference' (3906546) panicked at crates/sigil-harness/src/test_support.rs:1312:9:
NO REFERENCE TREE IS NAMED, so this run can measure nothing it could attribute, and STOPS. This run DECLINED to use /home/volence/sonic_hacks/aeon, which step 3 derived from this checkout's own location: it is a working checkout outside this repository, its revision changes under a run without notice, and a result measured against it would be attributable to whatever it happened to contain rather than to the code under test.

The resolver's own answer: reference-tree: /home/volence/sonic_hacks/aeon (SUITE_PATHS step 3, DERIVED from this checkout's own location, nobody named it)

Either name a provisioned tree, AEON_DIR=<aeon checkout> (scripts/provision-aeon-ref.sh), or EMPYREAN_SUITE_ROOT=<the directory holding the suite>, or declare a partial run with SIGIL_ALLOW_PARTIAL=1, in which case every reference-dependent row is left unmeasured and the run says how many. Ruled d-18 (docs/OVERSEER-REFERENCE.md, 2026-09-02): a run that only PRINTS how much it did not measure still exits 0, and a green is trusted the moment it is in the run.

---- p2_air_region_matches_reference stdout ----

thread 'p2_air_region_matches_reference' (3906539) panicked at crates/sigil-harness/src/test_support.rs:1312:9:
NO REFERENCE TREE IS NAMED, so this run can measure nothing it could attribute, and STOPS. This run DECLINED to use /home/volence/sonic_hacks/aeon, which step 3 derived from this checkout's own location: it is a working checkout outside this repository, its revision changes under a run without notice, and a result measured against it would be attributable to whatever it happened to contain rather than to the code under test.

The resolver's own answer: reference-tree: /home/volence/sonic_hacks/aeon (SUITE_PATHS step 3, DERIVED from this checkout's own location, nobody named it)

Either name a provisioned tree, AEON_DIR=<aeon checkout> (scripts/provision-aeon-ref.sh), or EMPYREAN_SUITE_ROOT=<the directory holding the suite>, or declare a partial run with SIGIL_ALLOW_PARTIAL=1, in which case every reference-dependent row is left unmeasured and the run says how many. Ruled d-18 (docs/OVERSEER-REFERENCE.md, 2026-09-02): a run that only PRINTS how much it did not measure still exits 0, and a green is trusted the moment it is in the run.

---- p2_air_debug_region_matches_reference stdout ----

thread 'p2_air_debug_region_matches_reference' (3906537) panicked at crates/sigil-harness/src/test_support.rs:1312:9:
NO REFERENCE TREE IS NAMED, so this run can measure nothing it could attribute, and STOPS. This run DECLINED to use /home/volence/sonic_hacks/aeon, which step 3 derived from this checkout's own location: it is a working checkout outside this repository, its revision changes under a run without notice, and a result measured against it would be attributable to whatever it happened to contain rather than to the code under test.

The resolver's own answer: reference-tree: /home/volence/sonic_hacks/aeon (SUITE_PATHS step 3, DERIVED from this checkout's own location, nobody named it)

Either name a provisioned tree, AEON_DIR=<aeon checkout> (scripts/provision-aeon-ref.sh), or EMPYREAN_SUITE_ROOT=<the directory holding the suite>, or declare a partial run with SIGIL_ALLOW_PARTIAL=1, in which case every reference-dependent row is left unmeasured and the run says how many. Ruled d-18 (docs/OVERSEER-REFERENCE.md, 2026-09-02): a run that only PRINTS how much it did not measure still exits 0, and a green is trusted the moment it is in the run.

---- p2_ground_doctored_reference_diverges stdout ----

thread 'p2_ground_doctored_reference_diverges' (3906542) panicked at crates/sigil-harness/src/test_support.rs:1312:9:
NO REFERENCE TREE IS NAMED, so this run can measure nothing it could attribute, and STOPS. This run DECLINED to use /home/volence/sonic_hacks/aeon, which step 3 derived from this checkout's own location: it is a working checkout outside this repository, its revision changes under a run without notice, and a result measured against it would be attributable to whatever it happened to contain rather than to the code under test.

The resolver's own answer: reference-tree: /home/volence/sonic_hacks/aeon (SUITE_PATHS step 3, DERIVED from this checkout's own location, nobody named it)

Either name a provisioned tree, AEON_DIR=<aeon checkout> (scripts/provision-aeon-ref.sh), or EMPYREAN_SUITE_ROOT=<the directory holding the suite>, or declare a partial run with SIGIL_ALLOW_PARTIAL=1, in which case every reference-dependent row is left unmeasured and the run says how many. Ruled d-18 (docs/OVERSEER-REFERENCE.md, 2026-09-02): a run that only PRINTS how much it did not measure still exits 0, and a green is trusted the moment it is in the run.

---- p2_ground_undoctored_compile_equals_the_reference_window stdout ----

thread 'p2_ground_undoctored_compile_equals_the_reference_window' (3906544) panicked at crates/sigil-harness/src/test_support.rs:1312:9:
NO REFERENCE TREE IS NAMED, so this run can measure nothing it could attribute, and STOPS. This run DECLINED to use /home/volence/sonic_hacks/aeon, which step 3 derived from this checkout's own location: it is a working checkout outside this repository, its revision changes under a run without notice, and a result measured against it would be attributable to whatever it happened to contain rather than to the code under test.

The resolver's own answer: reference-tree: /home/volence/sonic_hacks/aeon (SUITE_PATHS step 3, DERIVED from this checkout's own location, nobody named it)

Either name a provisioned tree, AEON_DIR=<aeon checkout> (scripts/provision-aeon-ref.sh), or EMPYREAN_SUITE_ROOT=<the directory holding the suite>, or declare a partial run with SIGIL_ALLOW_PARTIAL=1, in which case every reference-dependent row is left unmeasured and the run says how many. Ruled d-18 (docs/OVERSEER-REFERENCE.md, 2026-09-02): a run that only PRINTS how much it did not measure still exits 0, and a green is trusted the moment it is in the run.

---- p2_air_doctored_reference_diverges stdout ----

thread 'p2_air_doctored_reference_diverges' (3906538) panicked at crates/sigil-harness/src/test_support.rs:1312:9:
NO REFERENCE TREE IS NAMED, so this run can measure nothing it could attribute, and STOPS. This run DECLINED to use /home/volence/sonic_hacks/aeon, which step 3 derived from this checkout's own location: it is a working checkout outside this repository, its revision changes under a run without notice, and a result measured against it would be attributable to whatever it happened to contain rather than to the code under test.

The resolver's own answer: reference-tree: /home/volence/sonic_hacks/aeon (SUITE_PATHS step 3, DERIVED from this checkout's own location, nobody named it)

Either name a provisioned tree, AEON_DIR=<aeon checkout> (scripts/provision-aeon-ref.sh), or EMPYREAN_SUITE_ROOT=<the directory holding the suite>, or declare a partial run with SIGIL_ALLOW_PARTIAL=1, in which case every reference-dependent row is left unmeasured and the run says how many. Ruled d-18 (docs/OVERSEER-REFERENCE.md, 2026-09-02): a run that only PRINTS how much it did not measure still exits 0, and a green is trusted the moment it is in the run.

---- p2_spindash_undoctored_compile_equals_the_reference_window stdout ----

thread 'p2_spindash_undoctored_compile_equals_the_reference_window' (3906549) panicked at crates/sigil-harness/src/test_support.rs:1312:9:
NO REFERENCE TREE IS NAMED, so this run can measure nothing it could attribute, and STOPS. This run DECLINED to use /home/volence/sonic_hacks/aeon, which step 3 derived from this checkout's own location: it is a working checkout outside this repository, its revision changes under a run without notice, and a result measured against it would be attributable to whatever it happened to contain rather than to the code under test.

The resolver's own answer: reference-tree: /home/volence/sonic_hacks/aeon (SUITE_PATHS step 3, DERIVED from this checkout's own location, nobody named it)

Either name a provisioned tree, AEON_DIR=<aeon checkout> (scripts/provision-aeon-ref.sh), or EMPYREAN_SUITE_ROOT=<the directory holding the suite>, or declare a partial run with SIGIL_ALLOW_PARTIAL=1, in which case every reference-dependent row is left unmeasured and the run says how many. Ruled d-18 (docs/OVERSEER-REFERENCE.md, 2026-09-02): a run that only PRINTS how much it did not measure still exits 0, and a green is trusted the moment it is in the run.


failures:
    p2_air_debug_region_matches_reference
    p2_air_doctored_reference_diverges
    p2_air_region_matches_reference
    p2_air_undoctored_compile_equals_the_reference_window
    p2_ground_debug_region_matches_reference
    p2_ground_doctored_reference_diverges
    p2_ground_region_matches_reference
    p2_ground_undoctored_compile_equals_the_reference_window
    p2_spindash_debug_region_matches_reference
    p2_spindash_doctored_reference_diverges
    p2_spindash_region_matches_reference
    p2_spindash_undoctored_compile_equals_the_reference_window

test result: FAILED. 0 passed; 12 failed; 0 ignored; 0 measured; 0 filtered out; finished in 0.00s

error: test failed, to rerun pass `-p sigil-cli --test test_p2_player_states_port`
     Running tests/test_p4_player_sensors_port.rs (/home/volence/sonic_hacks/.scratch/width-suffix/target-base/release/deps/test_p4_player_sensors_port-66ac37b2336dd243)

running 4 tests
test p4_sensors_debug_region_matches_reference ... FAILED
test p4_sensors_doctored_reference_diverges ... FAILED
test p4_sensors_undoctored_compile_equals_the_reference_window ... FAILED
test p4_sensors_region_matches_reference ... FAILED

failures:

---- p4_sensors_debug_region_matches_reference stdout ----

thread 'p4_sensors_debug_region_matches_reference' (3906551) panicked at crates/sigil-harness/src/test_support.rs:1312:9:
NO REFERENCE TREE IS NAMED, so this run can measure nothing it could attribute, and STOPS. This run DECLINED to use /home/volence/sonic_hacks/aeon, which step 3 derived from this checkout's own location: it is a working checkout outside this repository, its revision changes under a run without notice, and a result measured against it would be attributable to whatever it happened to contain rather than to the code under test.

The resolver's own answer: reference-tree: /home/volence/sonic_hacks/aeon (SUITE_PATHS step 3, DERIVED from this checkout's own location, nobody named it)

Either name a provisioned tree, AEON_DIR=<aeon checkout> (scripts/provision-aeon-ref.sh), or EMPYREAN_SUITE_ROOT=<the directory holding the suite>, or declare a partial run with SIGIL_ALLOW_PARTIAL=1, in which case every reference-dependent row is left unmeasured and the run says how many. Ruled d-18 (docs/OVERSEER-REFERENCE.md, 2026-09-02): a run that only PRINTS how much it did not measure still exits 0, and a green is trusted the moment it is in the run.
note: run with `RUST_BACKTRACE=1` environment variable to display a backtrace

---- p4_sensors_doctored_reference_diverges stdout ----

thread 'p4_sensors_doctored_reference_diverges' (3906552) panicked at crates/sigil-harness/src/test_support.rs:1312:9:
NO REFERENCE TREE IS NAMED, so this run can measure nothing it could attribute, and STOPS. This run DECLINED to use /home/volence/sonic_hacks/aeon, which step 3 derived from this checkout's own location: it is a working checkout outside this repository, its revision changes under a run without notice, and a result measured against it would be attributable to whatever it happened to contain rather than to the code under test.

The resolver's own answer: reference-tree: /home/volence/sonic_hacks/aeon (SUITE_PATHS step 3, DERIVED from this checkout's own location, nobody named it)

Either name a provisioned tree, AEON_DIR=<aeon checkout> (scripts/provision-aeon-ref.sh), or EMPYREAN_SUITE_ROOT=<the directory holding the suite>, or declare a partial run with SIGIL_ALLOW_PARTIAL=1, in which case every reference-dependent row is left unmeasured and the run says how many. Ruled d-18 (docs/OVERSEER-REFERENCE.md, 2026-09-02): a run that only PRINTS how much it did not measure still exits 0, and a green is trusted the moment it is in the run.

---- p4_sensors_undoctored_compile_equals_the_reference_window stdout ----

thread 'p4_sensors_undoctored_compile_equals_the_reference_window' (3906554) panicked at crates/sigil-harness/src/test_support.rs:1312:9:
NO REFERENCE TREE IS NAMED, so this run can measure nothing it could attribute, and STOPS. This run DECLINED to use /home/volence/sonic_hacks/aeon, which step 3 derived from this checkout's own location: it is a working checkout outside this repository, its revision changes under a run without notice, and a result measured against it would be attributable to whatever it happened to contain rather than to the code under test.

The resolver's own answer: reference-tree: /home/volence/sonic_hacks/aeon (SUITE_PATHS step 3, DERIVED from this checkout's own location, nobody named it)

Either name a provisioned tree, AEON_DIR=<aeon checkout> (scripts/provision-aeon-ref.sh), or EMPYREAN_SUITE_ROOT=<the directory holding the suite>, or declare a partial run with SIGIL_ALLOW_PARTIAL=1, in which case every reference-dependent row is left unmeasured and the run says how many. Ruled d-18 (docs/OVERSEER-REFERENCE.md, 2026-09-02): a run that only PRINTS how much it did not measure still exits 0, and a green is trusted the moment it is in the run.

---- p4_sensors_region_matches_reference stdout ----

thread 'p4_sensors_region_matches_reference' (3906553) panicked at crates/sigil-harness/src/test_support.rs:1312:9:
NO REFERENCE TREE IS NAMED, so this run can measure nothing it could attribute, and STOPS. This run DECLINED to use /home/volence/sonic_hacks/aeon, which step 3 derived from this checkout's own location: it is a working checkout outside this repository, its revision changes under a run without notice, and a result measured against it would be attributable to whatever it happened to contain rather than to the code under test.

The resolver's own answer: reference-tree: /home/volence/sonic_hacks/aeon (SUITE_PATHS step 3, DERIVED from this checkout's own location, nobody named it)

Either name a provisioned tree, AEON_DIR=<aeon checkout> (scripts/provision-aeon-ref.sh), or EMPYREAN_SUITE_ROOT=<the directory holding the suite>, or declare a partial run with SIGIL_ALLOW_PARTIAL=1, in which case every reference-dependent row is left unmeasured and the run says how many. Ruled d-18 (docs/OVERSEER-REFERENCE.md, 2026-09-02): a run that only PRINTS how much it did not measure still exits 0, and a green is trusted the moment it is in the run.


failures:
    p4_sensors_debug_region_matches_reference
    p4_sensors_doctored_reference_diverges
    p4_sensors_region_matches_reference
    p4_sensors_undoctored_compile_equals_the_reference_window

test result: FAILED. 0 passed; 4 failed; 0 ignored; 0 measured; 0 filtered out; finished in 0.00s

error: test failed, to rerun pass `-p sigil-cli --test test_p4_player_sensors_port`
     Running tests/tile_cache_port.rs (/home/volence/sonic_hacks/.scratch/width-suffix/target-base/release/deps/tile_cache_port-dd063569fb44cd4e)

running 4 tests
test tile_cache_debug_region_matches_reference ... FAILED
test two_module_tail_call_flip_plain ... FAILED
test tile_cache_region_matches_reference ... FAILED
test two_module_tail_call_flip_debug ... FAILED

failures:

---- tile_cache_debug_region_matches_reference stdout ----

thread 'tile_cache_debug_region_matches_reference' (3906557) panicked at crates/sigil-harness/src/test_support.rs:1312:9:
NO REFERENCE TREE IS NAMED, so this run can measure nothing it could attribute, and STOPS. This run DECLINED to use /home/volence/sonic_hacks/aeon, which step 3 derived from this checkout's own location: it is a working checkout outside this repository, its revision changes under a run without notice, and a result measured against it would be attributable to whatever it happened to contain rather than to the code under test.

The resolver's own answer: reference-tree: /home/volence/sonic_hacks/aeon (SUITE_PATHS step 3, DERIVED from this checkout's own location, nobody named it)

Either name a provisioned tree, AEON_DIR=<aeon checkout> (scripts/provision-aeon-ref.sh), or EMPYREAN_SUITE_ROOT=<the directory holding the suite>, or declare a partial run with SIGIL_ALLOW_PARTIAL=1, in which case every reference-dependent row is left unmeasured and the run says how many. Ruled d-18 (docs/OVERSEER-REFERENCE.md, 2026-09-02): a run that only PRINTS how much it did not measure still exits 0, and a green is trusted the moment it is in the run.
note: run with `RUST_BACKTRACE=1` environment variable to display a backtrace

---- two_module_tail_call_flip_plain stdout ----

thread 'two_module_tail_call_flip_plain' (3906560) panicked at crates/sigil-harness/src/test_support.rs:1312:9:
NO REFERENCE TREE IS NAMED, so this run can measure nothing it could attribute, and STOPS. This run DECLINED to use /home/volence/sonic_hacks/aeon, which step 3 derived from this checkout's own location: it is a working checkout outside this repository, its revision changes under a run without notice, and a result measured against it would be attributable to whatever it happened to contain rather than to the code under test.

The resolver's own answer: reference-tree: /home/volence/sonic_hacks/aeon (SUITE_PATHS step 3, DERIVED from this checkout's own location, nobody named it)

Either name a provisioned tree, AEON_DIR=<aeon checkout> (scripts/provision-aeon-ref.sh), or EMPYREAN_SUITE_ROOT=<the directory holding the suite>, or declare a partial run with SIGIL_ALLOW_PARTIAL=1, in which case every reference-dependent row is left unmeasured and the run says how many. Ruled d-18 (docs/OVERSEER-REFERENCE.md, 2026-09-02): a run that only PRINTS how much it did not measure still exits 0, and a green is trusted the moment it is in the run.

---- tile_cache_region_matches_reference stdout ----

thread 'tile_cache_region_matches_reference' (3906558) panicked at crates/sigil-harness/src/test_support.rs:1312:9:
NO REFERENCE TREE IS NAMED, so this run can measure nothing it could attribute, and STOPS. This run DECLINED to use /home/volence/sonic_hacks/aeon, which step 3 derived from this checkout's own location: it is a working checkout outside this repository, its revision changes under a run without notice, and a result measured against it would be attributable to whatever it happened to contain rather than to the code under test.

The resolver's own answer: reference-tree: /home/volence/sonic_hacks/aeon (SUITE_PATHS step 3, DERIVED from this checkout's own location, nobody named it)

Either name a provisioned tree, AEON_DIR=<aeon checkout> (scripts/provision-aeon-ref.sh), or EMPYREAN_SUITE_ROOT=<the directory holding the suite>, or declare a partial run with SIGIL_ALLOW_PARTIAL=1, in which case every reference-dependent row is left unmeasured and the run says how many. Ruled d-18 (docs/OVERSEER-REFERENCE.md, 2026-09-02): a run that only PRINTS how much it did not measure still exits 0, and a green is trusted the moment it is in the run.

---- two_module_tail_call_flip_debug stdout ----

thread 'two_module_tail_call_flip_debug' (3906559) panicked at crates/sigil-harness/src/test_support.rs:1312:9:
NO REFERENCE TREE IS NAMED, so this run can measure nothing it could attribute, and STOPS. This run DECLINED to use /home/volence/sonic_hacks/aeon, which step 3 derived from this checkout's own location: it is a working checkout outside this repository, its revision changes under a run without notice, and a result measured against it would be attributable to whatever it happened to contain rather than to the code under test.

The resolver's own answer: reference-tree: /home/volence/sonic_hacks/aeon (SUITE_PATHS step 3, DERIVED from this checkout's own location, nobody named it)

Either name a provisioned tree, AEON_DIR=<aeon checkout> (scripts/provision-aeon-ref.sh), or EMPYREAN_SUITE_ROOT=<the directory holding the suite>, or declare a partial run with SIGIL_ALLOW_PARTIAL=1, in which case every reference-dependent row is left unmeasured and the run says how many. Ruled d-18 (docs/OVERSEER-REFERENCE.md, 2026-09-02): a run that only PRINTS how much it did not measure still exits 0, and a green is trusted the moment it is in the run.


failures:
    tile_cache_debug_region_matches_reference
    tile_cache_region_matches_reference
    two_module_tail_call_flip_debug
    two_module_tail_call_flip_plain

test result: FAILED. 0 passed; 4 failed; 0 ignored; 0 measured; 0 filtered out; finished in 0.00s

error: test failed, to rerun pass `-p sigil-cli --test tile_cache_port`
     Running tests/tranche0_acceptance.rs (/home/volence/sonic_hacks/.scratch/width-suffix/target-base/release/deps/tranche0_acceptance-5451c9d9ee52f8f7)

running 1 test
test preview_compiles_with_only_the_code_word_line_patched ... ok

test result: ok. 1 passed; 0 failed; 0 ignored; 0 measured; 0 filtered out; finished in 0.00s

     Running tests/tranche20_spelling_probes.rs (/home/volence/sonic_hacks/.scratch/width-suffix/target-base/release/deps/tranche20_spelling_probes-bf65e551ff5cb8e6)

running 6 tests
test ccr_surgery_after_sr_restore_matches_as ... ok
test trap_fillers_match_as ... ok
test jmp_local_label_disp_over_an_matches_as ... ok
test movep_both_directions_disp_forms_match_as ... ok
test fold_prefill_matches_as_rept_set ... ok
test named_drain_label_jump_table_matches_as_arith_rept ... ok

test result: ok. 6 passed; 0 failed; 0 ignored; 0 measured; 0 filtered out; finished in 0.00s

     Running tests/tranche21_spelling_probes.rs (/home/volence/sonic_hacks/.scratch/width-suffix/target-base/release/deps/tranche21_spelling_probes-7a2918a7268939ae)

running 8 tests
test as_immediate_operand_resolves_emp_proc ... ok
test as_data_directive_resolves_emp_proc ... ok
test linkexpr_shift_mask_over_extern_matches_as ... ok
test internal_bsr_tail_with_fallthrough_matches_as ... ok
test rte_terminated_handler_matches_as ... ok
test gated_extern_decl_compiles_both_shapes ... ok
test global_symbol_arg_splice_with_ccr_consumer_matches_as ... ok
test sr_masked_code_argument_matches_as ... ok

test result: ok. 8 passed; 0 failed; 0 ignored; 0 measured; 0 filtered out; finished in 0.00s

     Running tests/tranche22_spelling_probes.rs (/home/volence/sonic_hacks/.scratch/width-suffix/target-base/release/deps/tranche22_spelling_probes-fb297e6e6cfd6043)

running 8 tests
test linkimm_bare_whole_symbol_defers_to_link ... ok
test assert_register_dest_gates_to_zero_in_plain ... ok
test assert_register_dest_expands_cmp_form ... ok
test opaque_pointer_param_on_pub_proc_lowers ... ok
test falls_into_pub_pair_nonempty_body_matches_as ... ok
test linkimm_bare_name_arith_vs_extern_form ... ok
test falls_into_pub_pair_names_resolve_cross_module ... ok
test assert_diag_labels_unique_across_modules ... ok

test result: ok. 8 passed; 0 failed; 0 ignored; 0 measured; 0 filtered out; finished in 0.00s

     Running tests/tranche23_spelling_probes.rs (/home/volence/sonic_hacks/.scratch/width-suffix/target-base/release/deps/tranche23_spelling_probes-5ad7828e8898212f)

running 7 tests
test movem_pinned_absw_source_lowers ... ok
test moveq_link_imm8_out_of_window_is_loud ... ok
test moveq_link_folded_imm8_in_window_lowers ... ok
test imm8_link_value_out_of_range_is_loud ... ok
test linkimm_word_bare_arith_at_boot_value ... ok
test forward_pcrel_lea_into_adjacent_window ... ok
test imm32_and_imm8_symbol_sources_with_absw_dest ... ok

test result: ok. 7 passed; 0 failed; 0 ignored; 0 measured; 0 filtered out; finished in 0.00s

     Running tests/tranche24_spelling_probes.rs (/home/volence/sonic_hacks/.scratch/width-suffix/target-base/release/deps/tranche24_spelling_probes-2fb2b5ddd55c18c3)

running 7 tests
test indexed_frame_reads_match_as ... ok
test address_register_word_links_match_as ... ok
test displacement_memory_to_memory_moves_match_as ... ok
test struct_field_displacement_over_spliced_base_matches_as ... ok
test btst_bset_comptime_bit_on_memory_byte_matches_as ... ok
test stack_resident_running_position_matches_as ... ok
test coords_module_emits_zero_bytes ... FAILED

failures:

---- coords_module_emits_zero_bytes stdout ----

thread 'coords_module_emits_zero_bytes' (3906732) panicked at crates/sigil-harness/src/test_support.rs:1312:9:
NO REFERENCE TREE IS NAMED, so this run can measure nothing it could attribute, and STOPS. This run DECLINED to use /home/volence/sonic_hacks/aeon, which step 3 derived from this checkout's own location: it is a working checkout outside this repository, its revision changes under a run without notice, and a result measured against it would be attributable to whatever it happened to contain rather than to the code under test.

The resolver's own answer: reference-tree: /home/volence/sonic_hacks/aeon (SUITE_PATHS step 3, DERIVED from this checkout's own location, nobody named it)

Either name a provisioned tree, AEON_DIR=<aeon checkout> (scripts/provision-aeon-ref.sh), or EMPYREAN_SUITE_ROOT=<the directory holding the suite>, or declare a partial run with SIGIL_ALLOW_PARTIAL=1, in which case every reference-dependent row is left unmeasured and the run says how many. Ruled d-18 (docs/OVERSEER-REFERENCE.md, 2026-09-02): a run that only PRINTS how much it did not measure still exits 0, and a green is trusted the moment it is in the run.
note: run with `RUST_BACKTRACE=1` environment variable to display a backtrace


failures:
    coords_module_emits_zero_bytes

test result: FAILED. 6 passed; 1 failed; 0 ignored; 0 measured; 0 filtered out; finished in 0.00s

error: test failed, to rerun pass `-p sigil-cli --test tranche24_spelling_probes`
     Running tests/tranche2_negative_probes.rs (/home/volence/sonic_hacks/.scratch/width-suffix/target-base/release/deps/tranche2_negative_probes-646f5e97cdd5881c)

running 5 tests
test controllers_doctored_eor_operand_order_produces_different_bytes_than_genuine ... FAILED
test controllers_standalone_compile_without_cross_seam_sections_is_a_loud_missing_symbol_error ... FAILED
test controllers_wrong_base_map_places_the_section_at_a_different_address ... FAILED
test math_doctored_dropped_add_produces_different_bytes_than_genuine ... FAILED
test math_wrong_base_map_places_the_section_at_a_different_address ... FAILED

failures:

---- controllers_doctored_eor_operand_order_produces_different_bytes_than_genuine stdout ----

thread 'controllers_doctored_eor_operand_order_produces_different_bytes_than_genuine' (3906757) panicked at crates/sigil-harness/src/test_support.rs:1312:9:
NO REFERENCE TREE IS NAMED, so this run can measure nothing it could attribute, and STOPS. This run DECLINED to use /home/volence/sonic_hacks/aeon, which step 3 derived from this checkout's own location: it is a working checkout outside this repository, its revision changes under a run without notice, and a result measured against it would be attributable to whatever it happened to contain rather than to the code under test.

The resolver's own answer: reference-tree: /home/volence/sonic_hacks/aeon (SUITE_PATHS step 3, DERIVED from this checkout's own location, nobody named it)

Either name a provisioned tree, AEON_DIR=<aeon checkout> (scripts/provision-aeon-ref.sh), or EMPYREAN_SUITE_ROOT=<the directory holding the suite>, or declare a partial run with SIGIL_ALLOW_PARTIAL=1, in which case every reference-dependent row is left unmeasured and the run says how many. Ruled d-18 (docs/OVERSEER-REFERENCE.md, 2026-09-02): a run that only PRINTS how much it did not measure still exits 0, and a green is trusted the moment it is in the run.
note: run with `RUST_BACKTRACE=1` environment variable to display a backtrace

---- controllers_standalone_compile_without_cross_seam_sections_is_a_loud_missing_symbol_error stdout ----

thread 'controllers_standalone_compile_without_cross_seam_sections_is_a_loud_missing_symbol_error' (3906758) panicked at crates/sigil-harness/src/test_support.rs:1312:9:
NO REFERENCE TREE IS NAMED, so this run can measure nothing it could attribute, and STOPS. This run DECLINED to use /home/volence/sonic_hacks/aeon, which step 3 derived from this checkout's own location: it is a working checkout outside this repository, its revision changes under a run without notice, and a result measured against it would be attributable to whatever it happened to contain rather than to the code under test.

The resolver's own answer: reference-tree: /home/volence/sonic_hacks/aeon (SUITE_PATHS step 3, DERIVED from this checkout's own location, nobody named it)

Either name a provisioned tree, AEON_DIR=<aeon checkout> (scripts/provision-aeon-ref.sh), or EMPYREAN_SUITE_ROOT=<the directory holding the suite>, or declare a partial run with SIGIL_ALLOW_PARTIAL=1, in which case every reference-dependent row is left unmeasured and the run says how many. Ruled d-18 (docs/OVERSEER-REFERENCE.md, 2026-09-02): a run that only PRINTS how much it did not measure still exits 0, and a green is trusted the moment it is in the run.

---- controllers_wrong_base_map_places_the_section_at_a_different_address stdout ----

thread 'controllers_wrong_base_map_places_the_section_at_a_different_address' (3906759) panicked at crates/sigil-harness/src/test_support.rs:1312:9:
NO REFERENCE TREE IS NAMED, so this run can measure nothing it could attribute, and STOPS. This run DECLINED to use /home/volence/sonic_hacks/aeon, which step 3 derived from this checkout's own location: it is a working checkout outside this repository, its revision changes under a run without notice, and a result measured against it would be attributable to whatever it happened to contain rather than to the code under test.

The resolver's own answer: reference-tree: /home/volence/sonic_hacks/aeon (SUITE_PATHS step 3, DERIVED from this checkout's own location, nobody named it)

Either name a provisioned tree, AEON_DIR=<aeon checkout> (scripts/provision-aeon-ref.sh), or EMPYREAN_SUITE_ROOT=<the directory holding the suite>, or declare a partial run with SIGIL_ALLOW_PARTIAL=1, in which case every reference-dependent row is left unmeasured and the run says how many. Ruled d-18 (docs/OVERSEER-REFERENCE.md, 2026-09-02): a run that only PRINTS how much it did not measure still exits 0, and a green is trusted the moment it is in the run.

---- math_doctored_dropped_add_produces_different_bytes_than_genuine stdout ----

thread 'math_doctored_dropped_add_produces_different_bytes_than_genuine' (3906760) panicked at crates/sigil-harness/src/test_support.rs:1312:9:
NO REFERENCE TREE IS NAMED, so this run can measure nothing it could attribute, and STOPS. This run DECLINED to use /home/volence/sonic_hacks/aeon, which step 3 derived from this checkout's own location: it is a working checkout outside this repository, its revision changes under a run without notice, and a result measured against it would be attributable to whatever it happened to contain rather than to the code under test.

The resolver's own answer: reference-tree: /home/volence/sonic_hacks/aeon (SUITE_PATHS step 3, DERIVED from this checkout's own location, nobody named it)

Either name a provisioned tree, AEON_DIR=<aeon checkout> (scripts/provision-aeon-ref.sh), or EMPYREAN_SUITE_ROOT=<the directory holding the suite>, or declare a partial run with SIGIL_ALLOW_PARTIAL=1, in which case every reference-dependent row is left unmeasured and the run says how many. Ruled d-18 (docs/OVERSEER-REFERENCE.md, 2026-09-02): a run that only PRINTS how much it did not measure still exits 0, and a green is trusted the moment it is in the run.

---- math_wrong_base_map_places_the_section_at_a_different_address stdout ----

thread 'math_wrong_base_map_places_the_section_at_a_different_address' (3906761) panicked at crates/sigil-harness/src/test_support.rs:1312:9:
NO REFERENCE TREE IS NAMED, so this run can measure nothing it could attribute, and STOPS. This run DECLINED to use /home/volence/sonic_hacks/aeon, which step 3 derived from this checkout's own location: it is a working checkout outside this repository, its revision changes under a run without notice, and a result measured against it would be attributable to whatever it happened to contain rather than to the code under test.

The resolver's own answer: reference-tree: /home/volence/sonic_hacks/aeon (SUITE_PATHS step 3, DERIVED from this checkout's own location, nobody named it)

Either name a provisioned tree, AEON_DIR=<aeon checkout> (scripts/provision-aeon-ref.sh), or EMPYREAN_SUITE_ROOT=<the directory holding the suite>, or declare a partial run with SIGIL_ALLOW_PARTIAL=1, in which case every reference-dependent row is left unmeasured and the run says how many. Ruled d-18 (docs/OVERSEER-REFERENCE.md, 2026-09-02): a run that only PRINTS how much it did not measure still exits 0, and a green is trusted the moment it is in the run.


failures:
    controllers_doctored_eor_operand_order_produces_different_bytes_than_genuine
    controllers_standalone_compile_without_cross_seam_sections_is_a_loud_missing_symbol_error
    controllers_wrong_base_map_places_the_section_at_a_different_address
    math_doctored_dropped_add_produces_different_bytes_than_genuine
    math_wrong_base_map_places_the_section_at_a_different_address

test result: FAILED. 0 passed; 5 failed; 0 ignored; 0 measured; 0 filtered out; finished in 0.00s

error: test failed, to rerun pass `-p sigil-cli --test tranche2_negative_probes`
     Running tests/tranche3_negative_probes.rs (/home/volence/sonic_hacks/.scratch/width-suffix/target-base/release/deps/tranche3_negative_probes-33ee626476390197)

running 10 tests
test collision_lookup_doctored_ctype_air_twin_produces_different_bytes ... FAILED
test collision_lookup_wrong_collision_array_vma_changes_the_lea_bytes ... FAILED
test vdp_init_wrong_base_map_places_the_section_at_a_different_address ... FAILED
test collision_lookup_wrong_base_map_places_the_section_at_a_different_address ... FAILED
test vdp_init_doctored_shadow_len_twin_produces_different_bytes ... FAILED
test vdp_init_standalone_compile_is_a_loud_missing_symbol_error ... FAILED
test collision_lookup_standalone_compile_is_a_loud_missing_symbol_error ... FAILED
test collision_lookup_undoctored_compile_equals_the_reference_window ... FAILED
test vdp_init_wrong_bootdata_vma_changes_the_pcrel_lea_bytes ... FAILED
test vdp_init_undoctored_compile_equals_the_reference_window ... FAILED

failures:

---- collision_lookup_doctored_ctype_air_twin_produces_different_bytes stdout ----

thread 'collision_lookup_doctored_ctype_air_twin_produces_different_bytes' (3906764) panicked at crates/sigil-harness/src/test_support.rs:1312:9:
NO REFERENCE TREE IS NAMED, so this run can measure nothing it could attribute, and STOPS. This run DECLINED to use /home/volence/sonic_hacks/aeon, which step 3 derived from this checkout's own location: it is a working checkout outside this repository, its revision changes under a run without notice, and a result measured against it would be attributable to whatever it happened to contain rather than to the code under test.

The resolver's own answer: reference-tree: /home/volence/sonic_hacks/aeon (SUITE_PATHS step 3, DERIVED from this checkout's own location, nobody named it)

Either name a provisioned tree, AEON_DIR=<aeon checkout> (scripts/provision-aeon-ref.sh), or EMPYREAN_SUITE_ROOT=<the directory holding the suite>, or declare a partial run with SIGIL_ALLOW_PARTIAL=1, in which case every reference-dependent row is left unmeasured and the run says how many. Ruled d-18 (docs/OVERSEER-REFERENCE.md, 2026-09-02): a run that only PRINTS how much it did not measure still exits 0, and a green is trusted the moment it is in the run.

---- collision_lookup_wrong_collision_array_vma_changes_the_lea_bytes stdout ----

thread 'collision_lookup_wrong_collision_array_vma_changes_the_lea_bytes' (3906769) panicked at crates/sigil-harness/src/test_support.rs:1312:9:
NO REFERENCE TREE IS NAMED, so this run can measure nothing it could attribute, and STOPS. This run DECLINED to use /home/volence/sonic_hacks/aeon, which step 3 derived from this checkout's own location: it is a working checkout outside this repository, its revision changes under a run without notice, and a result measured against it would be attributable to whatever it happened to contain rather than to the code under test.

The resolver's own answer: reference-tree: /home/volence/sonic_hacks/aeon (SUITE_PATHS step 3, DERIVED from this checkout's own location, nobody named it)

Either name a provisioned tree, AEON_DIR=<aeon checkout> (scripts/provision-aeon-ref.sh), or EMPYREAN_SUITE_ROOT=<the directory holding the suite>, or declare a partial run with SIGIL_ALLOW_PARTIAL=1, in which case every reference-dependent row is left unmeasured and the run says how many. Ruled d-18 (docs/OVERSEER-REFERENCE.md, 2026-09-02): a run that only PRINTS how much it did not measure still exits 0, and a green is trusted the moment it is in the run.

---- vdp_init_wrong_base_map_places_the_section_at_a_different_address stdout ----

thread 'vdp_init_wrong_base_map_places_the_section_at_a_different_address' (3906773) panicked at crates/sigil-harness/src/test_support.rs:1312:9:
NO REFERENCE TREE IS NAMED, so this run can measure nothing it could attribute, and STOPS. This run DECLINED to use /home/volence/sonic_hacks/aeon, which step 3 derived from this checkout's own location: it is a working checkout outside this repository, its revision changes under a run without notice, and a result measured against it would be attributable to whatever it happened to contain rather than to the code under test.

The resolver's own answer: reference-tree: /home/volence/sonic_hacks/aeon (SUITE_PATHS step 3, DERIVED from this checkout's own location, nobody named it)

Either name a provisioned tree, AEON_DIR=<aeon checkout> (scripts/provision-aeon-ref.sh), or EMPYREAN_SUITE_ROOT=<the directory holding the suite>, or declare a partial run with SIGIL_ALLOW_PARTIAL=1, in which case every reference-dependent row is left unmeasured and the run says how many. Ruled d-18 (docs/OVERSEER-REFERENCE.md, 2026-09-02): a run that only PRINTS how much it did not measure still exits 0, and a green is trusted the moment it is in the run.

---- collision_lookup_wrong_base_map_places_the_section_at_a_different_address stdout ----

thread 'collision_lookup_wrong_base_map_places_the_section_at_a_different_address' (3906767) panicked at crates/sigil-harness/src/test_support.rs:1312:9:
NO REFERENCE TREE IS NAMED, so this run can measure nothing it could attribute, and STOPS. This run DECLINED to use /home/volence/sonic_hacks/aeon, which step 3 derived from this checkout's own location: it is a working checkout outside this repository, its revision changes under a run without notice, and a result measured against it would be attributable to whatever it happened to contain rather than to the code under test.

The resolver's own answer: reference-tree: /home/volence/sonic_hacks/aeon (SUITE_PATHS step 3, DERIVED from this checkout's own location, nobody named it)

Either name a provisioned tree, AEON_DIR=<aeon checkout> (scripts/provision-aeon-ref.sh), or EMPYREAN_SUITE_ROOT=<the directory holding the suite>, or declare a partial run with SIGIL_ALLOW_PARTIAL=1, in which case every reference-dependent row is left unmeasured and the run says how many. Ruled d-18 (docs/OVERSEER-REFERENCE.md, 2026-09-02): a run that only PRINTS how much it did not measure still exits 0, and a green is trusted the moment it is in the run.
note: run with `RUST_BACKTRACE=1` environment variable to display a backtrace

---- vdp_init_doctored_shadow_len_twin_produces_different_bytes stdout ----

thread 'vdp_init_doctored_shadow_len_twin_produces_different_bytes' (3906770) panicked at crates/sigil-harness/src/test_support.rs:1312:9:
NO REFERENCE TREE IS NAMED, so this run can measure nothing it could attribute, and STOPS. This run DECLINED to use /home/volence/sonic_hacks/aeon, which step 3 derived from this checkout's own location: it is a working checkout outside this repository, its revision changes under a run without notice, and a result measured against it would be attributable to whatever it happened to contain rather than to the code under test.

The resolver's own answer: reference-tree: /home/volence/sonic_hacks/aeon (SUITE_PATHS step 3, DERIVED from this checkout's own location, nobody named it)

Either name a provisioned tree, AEON_DIR=<aeon checkout> (scripts/provision-aeon-ref.sh), or EMPYREAN_SUITE_ROOT=<the directory holding the suite>, or declare a partial run with SIGIL_ALLOW_PARTIAL=1, in which case every reference-dependent row is left unmeasured and the run says how many. Ruled d-18 (docs/OVERSEER-REFERENCE.md, 2026-09-02): a run that only PRINTS how much it did not measure still exits 0, and a green is trusted the moment it is in the run.

---- vdp_init_standalone_compile_is_a_loud_missing_symbol_error stdout ----

thread 'vdp_init_standalone_compile_is_a_loud_missing_symbol_error' (3906771) panicked at crates/sigil-harness/src/test_support.rs:1312:9:
NO REFERENCE TREE IS NAMED, so this run can measure nothing it could attribute, and STOPS. This run DECLINED to use /home/volence/sonic_hacks/aeon, which step 3 derived from this checkout's own location: it is a working checkout outside this repository, its revision changes under a run without notice, and a result measured against it would be attributable to whatever it happened to contain rather than to the code under test.

The resolver's own answer: reference-tree: /home/volence/sonic_hacks/aeon (SUITE_PATHS step 3, DERIVED from this checkout's own location, nobody named it)

Either name a provisioned tree, AEON_DIR=<aeon checkout> (scripts/provision-aeon-ref.sh), or EMPYREAN_SUITE_ROOT=<the directory holding the suite>, or declare a partial run with SIGIL_ALLOW_PARTIAL=1, in which case every reference-dependent row is left unmeasured and the run says how many. Ruled d-18 (docs/OVERSEER-REFERENCE.md, 2026-09-02): a run that only PRINTS how much it did not measure still exits 0, and a green is trusted the moment it is in the run.

---- collision_lookup_standalone_compile_is_a_loud_missing_symbol_error stdout ----

thread 'collision_lookup_standalone_compile_is_a_loud_missing_symbol_error' (3906765) panicked at crates/sigil-harness/src/test_support.rs:1312:9:
NO REFERENCE TREE IS NAMED, so this run can measure nothing it could attribute, and STOPS. This run DECLINED to use /home/volence/sonic_hacks/aeon, which step 3 derived from this checkout's own location: it is a working checkout outside this repository, its revision changes under a run without notice, and a result measured against it would be attributable to whatever it happened to contain rather than to the code under test.

The resolver's own answer: reference-tree: /home/volence/sonic_hacks/aeon (SUITE_PATHS step 3, DERIVED from this checkout's own location, nobody named it)

Either name a provisioned tree, AEON_DIR=<aeon checkout> (scripts/provision-aeon-ref.sh), or EMPYREAN_SUITE_ROOT=<the directory holding the suite>, or declare a partial run with SIGIL_ALLOW_PARTIAL=1, in which case every reference-dependent row is left unmeasured and the run says how many. Ruled d-18 (docs/OVERSEER-REFERENCE.md, 2026-09-02): a run that only PRINTS how much it did not measure still exits 0, and a green is trusted the moment it is in the run.

---- collision_lookup_undoctored_compile_equals_the_reference_window stdout ----

thread 'collision_lookup_undoctored_compile_equals_the_reference_window' (3906766) panicked at crates/sigil-harness/src/test_support.rs:1312:9:
NO REFERENCE TREE IS NAMED, so this run can measure nothing it could attribute, and STOPS. This run DECLINED to use /home/volence/sonic_hacks/aeon, which step 3 derived from this checkout's own location: it is a working checkout outside this repository, its revision changes under a run without notice, and a result measured against it would be attributable to whatever it happened to contain rather than to the code under test.

The resolver's own answer: reference-tree: /home/volence/sonic_hacks/aeon (SUITE_PATHS step 3, DERIVED from this checkout's own location, nobody named it)

Either name a provisioned tree, AEON_DIR=<aeon checkout> (scripts/provision-aeon-ref.sh), or EMPYREAN_SUITE_ROOT=<the directory holding the suite>, or declare a partial run with SIGIL_ALLOW_PARTIAL=1, in which case every reference-dependent row is left unmeasured and the run says how many. Ruled d-18 (docs/OVERSEER-REFERENCE.md, 2026-09-02): a run that only PRINTS how much it did not measure still exits 0, and a green is trusted the moment it is in the run.

---- vdp_init_wrong_bootdata_vma_changes_the_pcrel_lea_bytes stdout ----

thread 'vdp_init_wrong_bootdata_vma_changes_the_pcrel_lea_bytes' (3906774) panicked at crates/sigil-harness/src/test_support.rs:1312:9:
NO REFERENCE TREE IS NAMED, so this run can measure nothing it could attribute, and STOPS. This run DECLINED to use /home/volence/sonic_hacks/aeon, which step 3 derived from this checkout's own location: it is a working checkout outside this repository, its revision changes under a run without notice, and a result measured against it would be attributable to whatever it happened to contain rather than to the code under test.

The resolver's own answer: reference-tree: /home/volence/sonic_hacks/aeon (SUITE_PATHS step 3, DERIVED from this checkout's own location, nobody named it)

Either name a provisioned tree, AEON_DIR=<aeon checkout> (scripts/provision-aeon-ref.sh), or EMPYREAN_SUITE_ROOT=<the directory holding the suite>, or declare a partial run with SIGIL_ALLOW_PARTIAL=1, in which case every reference-dependent row is left unmeasured and the run says how many. Ruled d-18 (docs/OVERSEER-REFERENCE.md, 2026-09-02): a run that only PRINTS how much it did not measure still exits 0, and a green is trusted the moment it is in the run.

---- vdp_init_undoctored_compile_equals_the_reference_window stdout ----

thread 'vdp_init_undoctored_compile_equals_the_reference_window' (3906772) panicked at crates/sigil-harness/src/test_support.rs:1312:9:
NO REFERENCE TREE IS NAMED, so this run can measure nothing it could attribute, and STOPS. This run DECLINED to use /home/volence/sonic_hacks/aeon, which step 3 derived from this checkout's own location: it is a working checkout outside this repository, its revision changes under a run without notice, and a result measured against it would be attributable to whatever it happened to contain rather than to the code under test.

The resolver's own answer: reference-tree: /home/volence/sonic_hacks/aeon (SUITE_PATHS step 3, DERIVED from this checkout's own location, nobody named it)

Either name a provisioned tree, AEON_DIR=<aeon checkout> (scripts/provision-aeon-ref.sh), or EMPYREAN_SUITE_ROOT=<the directory holding the suite>, or declare a partial run with SIGIL_ALLOW_PARTIAL=1, in which case every reference-dependent row is left unmeasured and the run says how many. Ruled d-18 (docs/OVERSEER-REFERENCE.md, 2026-09-02): a run that only PRINTS how much it did not measure still exits 0, and a green is trusted the moment it is in the run.


failures:
    collision_lookup_doctored_ctype_air_twin_produces_different_bytes
    collision_lookup_standalone_compile_is_a_loud_missing_symbol_error
    collision_lookup_undoctored_compile_equals_the_reference_window
    collision_lookup_wrong_base_map_places_the_section_at_a_different_address
    collision_lookup_wrong_collision_array_vma_changes_the_lea_bytes
    vdp_init_doctored_shadow_len_twin_produces_different_bytes
    vdp_init_standalone_compile_is_a_loud_missing_symbol_error
    vdp_init_undoctored_compile_equals_the_reference_window
    vdp_init_wrong_base_map_places_the_section_at_a_different_address
    vdp_init_wrong_bootdata_vma_changes_the_pcrel_lea_bytes

test result: FAILED. 0 passed; 10 failed; 0 ignored; 0 measured; 0 filtered out; finished in 0.00s

error: test failed, to rerun pass `-p sigil-cli --test tranche3_negative_probes`
     Running tests/tranche4_negative_probes.rs (/home/volence/sonic_hacks/.scratch/width-suffix/target-base/release/deps/tranche4_negative_probes-00a27b69ad69e4f3)

running 6 tests
test act_wrong_base_map_places_the_section_at_a_different_address ... FAILED
test reordered_members_trip_the_ordinal_guards ... FAILED
test swapped_sec_fields_produce_different_bytes ... FAILED
test wrong_base_map_places_the_section_at_a_different_address ... FAILED
test doctored_af_delete_produces_different_bytes ... FAILED
test sonic_wrong_base_map_places_the_section_at_a_different_address ... FAILED

failures:

---- act_wrong_base_map_places_the_section_at_a_different_address stdout ----

thread 'act_wrong_base_map_places_the_section_at_a_different_address' (3906776) panicked at crates/sigil-harness/src/test_support.rs:1312:9:
NO REFERENCE TREE IS NAMED, so this run can measure nothing it could attribute, and STOPS. This run DECLINED to use /home/volence/sonic_hacks/aeon, which step 3 derived from this checkout's own location: it is a working checkout outside this repository, its revision changes under a run without notice, and a result measured against it would be attributable to whatever it happened to contain rather than to the code under test.

The resolver's own answer: reference-tree: /home/volence/sonic_hacks/aeon (SUITE_PATHS step 3, DERIVED from this checkout's own location, nobody named it)

Either name a provisioned tree, AEON_DIR=<aeon checkout> (scripts/provision-aeon-ref.sh), or EMPYREAN_SUITE_ROOT=<the directory holding the suite>, or declare a partial run with SIGIL_ALLOW_PARTIAL=1, in which case every reference-dependent row is left unmeasured and the run says how many. Ruled d-18 (docs/OVERSEER-REFERENCE.md, 2026-09-02): a run that only PRINTS how much it did not measure still exits 0, and a green is trusted the moment it is in the run.
note: run with `RUST_BACKTRACE=1` environment variable to display a backtrace

---- reordered_members_trip_the_ordinal_guards stdout ----

thread 'reordered_members_trip_the_ordinal_guards' (3906778) panicked at crates/sigil-harness/src/test_support.rs:1312:9:
NO REFERENCE TREE IS NAMED, so this run can measure nothing it could attribute, and STOPS. This run DECLINED to use /home/volence/sonic_hacks/aeon, which step 3 derived from this checkout's own location: it is a working checkout outside this repository, its revision changes under a run without notice, and a result measured against it would be attributable to whatever it happened to contain rather than to the code under test.

The resolver's own answer: reference-tree: /home/volence/sonic_hacks/aeon (SUITE_PATHS step 3, DERIVED from this checkout's own location, nobody named it)

Either name a provisioned tree, AEON_DIR=<aeon checkout> (scripts/provision-aeon-ref.sh), or EMPYREAN_SUITE_ROOT=<the directory holding the suite>, or declare a partial run with SIGIL_ALLOW_PARTIAL=1, in which case every reference-dependent row is left unmeasured and the run says how many. Ruled d-18 (docs/OVERSEER-REFERENCE.md, 2026-09-02): a run that only PRINTS how much it did not measure still exits 0, and a green is trusted the moment it is in the run.

---- swapped_sec_fields_produce_different_bytes stdout ----

thread 'swapped_sec_fields_produce_different_bytes' (3906780) panicked at crates/sigil-harness/src/test_support.rs:1312:9:
NO REFERENCE TREE IS NAMED, so this run can measure nothing it could attribute, and STOPS. This run DECLINED to use /home/volence/sonic_hacks/aeon, which step 3 derived from this checkout's own location: it is a working checkout outside this repository, its revision changes under a run without notice, and a result measured against it would be attributable to whatever it happened to contain rather than to the code under test.

The resolver's own answer: reference-tree: /home/volence/sonic_hacks/aeon (SUITE_PATHS step 3, DERIVED from this checkout's own location, nobody named it)

Either name a provisioned tree, AEON_DIR=<aeon checkout> (scripts/provision-aeon-ref.sh), or EMPYREAN_SUITE_ROOT=<the directory holding the suite>, or declare a partial run with SIGIL_ALLOW_PARTIAL=1, in which case every reference-dependent row is left unmeasured and the run says how many. Ruled d-18 (docs/OVERSEER-REFERENCE.md, 2026-09-02): a run that only PRINTS how much it did not measure still exits 0, and a green is trusted the moment it is in the run.

---- wrong_base_map_places_the_section_at_a_different_address stdout ----

thread 'wrong_base_map_places_the_section_at_a_different_address' (3906782) panicked at crates/sigil-harness/src/test_support.rs:1312:9:
NO REFERENCE TREE IS NAMED, so this run can measure nothing it could attribute, and STOPS. This run DECLINED to use /home/volence/sonic_hacks/aeon, which step 3 derived from this checkout's own location: it is a working checkout outside this repository, its revision changes under a run without notice, and a result measured against it would be attributable to whatever it happened to contain rather than to the code under test.

The resolver's own answer: reference-tree: /home/volence/sonic_hacks/aeon (SUITE_PATHS step 3, DERIVED from this checkout's own location, nobody named it)

Either name a provisioned tree, AEON_DIR=<aeon checkout> (scripts/provision-aeon-ref.sh), or EMPYREAN_SUITE_ROOT=<the directory holding the suite>, or declare a partial run with SIGIL_ALLOW_PARTIAL=1, in which case every reference-dependent row is left unmeasured and the run says how many. Ruled d-18 (docs/OVERSEER-REFERENCE.md, 2026-09-02): a run that only PRINTS how much it did not measure still exits 0, and a green is trusted the moment it is in the run.

---- doctored_af_delete_produces_different_bytes stdout ----

thread 'doctored_af_delete_produces_different_bytes' (3906777) panicked at crates/sigil-harness/src/test_support.rs:1312:9:
NO REFERENCE TREE IS NAMED, so this run can measure nothing it could attribute, and STOPS. This run DECLINED to use /home/volence/sonic_hacks/aeon, which step 3 derived from this checkout's own location: it is a working checkout outside this repository, its revision changes under a run without notice, and a result measured against it would be attributable to whatever it happened to contain rather than to the code under test.

The resolver's own answer: reference-tree: /home/volence/sonic_hacks/aeon (SUITE_PATHS step 3, DERIVED from this checkout's own location, nobody named it)

Either name a provisioned tree, AEON_DIR=<aeon checkout> (scripts/provision-aeon-ref.sh), or EMPYREAN_SUITE_ROOT=<the directory holding the suite>, or declare a partial run with SIGIL_ALLOW_PARTIAL=1, in which case every reference-dependent row is left unmeasured and the run says how many. Ruled d-18 (docs/OVERSEER-REFERENCE.md, 2026-09-02): a run that only PRINTS how much it did not measure still exits 0, and a green is trusted the moment it is in the run.

---- sonic_wrong_base_map_places_the_section_at_a_different_address stdout ----

thread 'sonic_wrong_base_map_places_the_section_at_a_different_address' (3906779) panicked at crates/sigil-harness/src/test_support.rs:1312:9:
NO REFERENCE TREE IS NAMED, so this run can measure nothing it could attribute, and STOPS. This run DECLINED to use /home/volence/sonic_hacks/aeon, which step 3 derived from this checkout's own location: it is a working checkout outside this repository, its revision changes under a run without notice, and a result measured against it would be attributable to whatever it happened to contain rather than to the code under test.

The resolver's own answer: reference-tree: /home/volence/sonic_hacks/aeon (SUITE_PATHS step 3, DERIVED from this checkout's own location, nobody named it)

Either name a provisioned tree, AEON_DIR=<aeon checkout> (scripts/provision-aeon-ref.sh), or EMPYREAN_SUITE_ROOT=<the directory holding the suite>, or declare a partial run with SIGIL_ALLOW_PARTIAL=1, in which case every reference-dependent row is left unmeasured and the run says how many. Ruled d-18 (docs/OVERSEER-REFERENCE.md, 2026-09-02): a run that only PRINTS how much it did not measure still exits 0, and a green is trusted the moment it is in the run.


failures:
    act_wrong_base_map_places_the_section_at_a_different_address
    doctored_af_delete_produces_different_bytes
    reordered_members_trip_the_ordinal_guards
    sonic_wrong_base_map_places_the_section_at_a_different_address
    swapped_sec_fields_produce_different_bytes
    wrong_base_map_places_the_section_at_a_different_address

test result: FAILED. 0 passed; 6 failed; 0 ignored; 0 measured; 0 filtered out; finished in 0.00s

error: test failed, to rerun pass `-p sigil-cli --test tranche4_negative_probes`
     Running tests/tranche5_negative_probes.rs (/home/volence/sonic_hacks/.scratch/width-suffix/target-base/release/deps/tranche5_negative_probes-ef028113a305f762)

running 5 tests
test drain_define_is_load_bearing ... FAILED
test oversize_combo_overlapping_resume_bytes_is_loud ... FAILED
test misspelled_cross_seam_symbol_is_loud ... FAILED
test typed_extern_has_no_mirror_so_a_missing_authority_is_loud ... FAILED
test misspelled_extern_slot_is_loud ... FAILED

failures:

---- drain_define_is_load_bearing stdout ----

thread 'drain_define_is_load_bearing' (3906784) panicked at crates/sigil-harness/src/test_support.rs:1312:9:
NO REFERENCE TREE IS NAMED, so this run can measure nothing it could attribute, and STOPS. This run DECLINED to use /home/volence/sonic_hacks/aeon, which step 3 derived from this checkout's own location: it is a working checkout outside this repository, its revision changes under a run without notice, and a result measured against it would be attributable to whatever it happened to contain rather than to the code under test.

The resolver's own answer: reference-tree: /home/volence/sonic_hacks/aeon (SUITE_PATHS step 3, DERIVED from this checkout's own location, nobody named it)

Either name a provisioned tree, AEON_DIR=<aeon checkout> (scripts/provision-aeon-ref.sh), or EMPYREAN_SUITE_ROOT=<the directory holding the suite>, or declare a partial run with SIGIL_ALLOW_PARTIAL=1, in which case every reference-dependent row is left unmeasured and the run says how many. Ruled d-18 (docs/OVERSEER-REFERENCE.md, 2026-09-02): a run that only PRINTS how much it did not measure still exits 0, and a green is trusted the moment it is in the run.
note: run with `RUST_BACKTRACE=1` environment variable to display a backtrace

---- oversize_combo_overlapping_resume_bytes_is_loud stdout ----

thread 'oversize_combo_overlapping_resume_bytes_is_loud' (3906787) panicked at crates/sigil-harness/src/test_support.rs:1312:9:
NO REFERENCE TREE IS NAMED, so this run can measure nothing it could attribute, and STOPS. This run DECLINED to use /home/volence/sonic_hacks/aeon, which step 3 derived from this checkout's own location: it is a working checkout outside this repository, its revision changes under a run without notice, and a result measured against it would be attributable to whatever it happened to contain rather than to the code under test.

The resolver's own answer: reference-tree: /home/volence/sonic_hacks/aeon (SUITE_PATHS step 3, DERIVED from this checkout's own location, nobody named it)

Either name a provisioned tree, AEON_DIR=<aeon checkout> (scripts/provision-aeon-ref.sh), or EMPYREAN_SUITE_ROOT=<the directory holding the suite>, or declare a partial run with SIGIL_ALLOW_PARTIAL=1, in which case every reference-dependent row is left unmeasured and the run says how many. Ruled d-18 (docs/OVERSEER-REFERENCE.md, 2026-09-02): a run that only PRINTS how much it did not measure still exits 0, and a green is trusted the moment it is in the run.

---- misspelled_cross_seam_symbol_is_loud stdout ----

thread 'misspelled_cross_seam_symbol_is_loud' (3906785) panicked at crates/sigil-harness/src/test_support.rs:1312:9:
NO REFERENCE TREE IS NAMED, so this run can measure nothing it could attribute, and STOPS. This run DECLINED to use /home/volence/sonic_hacks/aeon, which step 3 derived from this checkout's own location: it is a working checkout outside this repository, its revision changes under a run without notice, and a result measured against it would be attributable to whatever it happened to contain rather than to the code under test.

The resolver's own answer: reference-tree: /home/volence/sonic_hacks/aeon (SUITE_PATHS step 3, DERIVED from this checkout's own location, nobody named it)

Either name a provisioned tree, AEON_DIR=<aeon checkout> (scripts/provision-aeon-ref.sh), or EMPYREAN_SUITE_ROOT=<the directory holding the suite>, or declare a partial run with SIGIL_ALLOW_PARTIAL=1, in which case every reference-dependent row is left unmeasured and the run says how many. Ruled d-18 (docs/OVERSEER-REFERENCE.md, 2026-09-02): a run that only PRINTS how much it did not measure still exits 0, and a green is trusted the moment it is in the run.

---- typed_extern_has_no_mirror_so_a_missing_authority_is_loud stdout ----

thread 'typed_extern_has_no_mirror_so_a_missing_authority_is_loud' (3906788) panicked at crates/sigil-harness/src/test_support.rs:1312:9:
NO REFERENCE TREE IS NAMED, so this run can measure nothing it could attribute, and STOPS. This run DECLINED to use /home/volence/sonic_hacks/aeon, which step 3 derived from this checkout's own location: it is a working checkout outside this repository, its revision changes under a run without notice, and a result measured against it would be attributable to whatever it happened to contain rather than to the code under test.

The resolver's own answer: reference-tree: /home/volence/sonic_hacks/aeon (SUITE_PATHS step 3, DERIVED from this checkout's own location, nobody named it)

Either name a provisioned tree, AEON_DIR=<aeon checkout> (scripts/provision-aeon-ref.sh), or EMPYREAN_SUITE_ROOT=<the directory holding the suite>, or declare a partial run with SIGIL_ALLOW_PARTIAL=1, in which case every reference-dependent row is left unmeasured and the run says how many. Ruled d-18 (docs/OVERSEER-REFERENCE.md, 2026-09-02): a run that only PRINTS how much it did not measure still exits 0, and a green is trusted the moment it is in the run.

---- misspelled_extern_slot_is_loud stdout ----

thread 'misspelled_extern_slot_is_loud' (3906786) panicked at crates/sigil-harness/src/test_support.rs:1312:9:
NO REFERENCE TREE IS NAMED, so this run can measure nothing it could attribute, and STOPS. This run DECLINED to use /home/volence/sonic_hacks/aeon, which step 3 derived from this checkout's own location: it is a working checkout outside this repository, its revision changes under a run without notice, and a result measured against it would be attributable to whatever it happened to contain rather than to the code under test.

The resolver's own answer: reference-tree: /home/volence/sonic_hacks/aeon (SUITE_PATHS step 3, DERIVED from this checkout's own location, nobody named it)

Either name a provisioned tree, AEON_DIR=<aeon checkout> (scripts/provision-aeon-ref.sh), or EMPYREAN_SUITE_ROOT=<the directory holding the suite>, or declare a partial run with SIGIL_ALLOW_PARTIAL=1, in which case every reference-dependent row is left unmeasured and the run says how many. Ruled d-18 (docs/OVERSEER-REFERENCE.md, 2026-09-02): a run that only PRINTS how much it did not measure still exits 0, and a green is trusted the moment it is in the run.


failures:
    drain_define_is_load_bearing
    misspelled_cross_seam_symbol_is_loud
    misspelled_extern_slot_is_loud
    oversize_combo_overlapping_resume_bytes_is_loud
    typed_extern_has_no_mirror_so_a_missing_authority_is_loud

test result: FAILED. 0 passed; 5 failed; 0 ignored; 0 measured; 0 filtered out; finished in 0.00s

error: test failed, to rerun pass `-p sigil-cli --test tranche5_negative_probes`
     Running tests/tranche6_negative_probes.rs (/home/volence/sonic_hacks/.scratch/width-suffix/target-base/release/deps/tranche6_negative_probes-6c8f24a3b8e5dad2)

running 3 tests
test word_imm_link_range_violation_is_loud_on_both_frontends ... ok
test misspelled_objroutine_target_dangles_while_control_resolves ... FAILED
test reordered_falls_into_pair_fails_compile ... FAILED

failures:

---- misspelled_objroutine_target_dangles_while_control_resolves stdout ----

thread 'misspelled_objroutine_target_dangles_while_control_resolves' (3906791) panicked at crates/sigil-harness/src/test_support.rs:1312:9:
NO REFERENCE TREE IS NAMED, so this run can measure nothing it could attribute, and STOPS. This run DECLINED to use /home/volence/sonic_hacks/aeon, which step 3 derived from this checkout's own location: it is a working checkout outside this repository, its revision changes under a run without notice, and a result measured against it would be attributable to whatever it happened to contain rather than to the code under test.

The resolver's own answer: reference-tree: /home/volence/sonic_hacks/aeon (SUITE_PATHS step 3, DERIVED from this checkout's own location, nobody named it)

Either name a provisioned tree, AEON_DIR=<aeon checkout> (scripts/provision-aeon-ref.sh), or EMPYREAN_SUITE_ROOT=<the directory holding the suite>, or declare a partial run with SIGIL_ALLOW_PARTIAL=1, in which case every reference-dependent row is left unmeasured and the run says how many. Ruled d-18 (docs/OVERSEER-REFERENCE.md, 2026-09-02): a run that only PRINTS how much it did not measure still exits 0, and a green is trusted the moment it is in the run.
note: run with `RUST_BACKTRACE=1` environment variable to display a backtrace

---- reordered_falls_into_pair_fails_compile stdout ----

thread 'reordered_falls_into_pair_fails_compile' (3906792) panicked at crates/sigil-harness/src/test_support.rs:1312:9:
NO REFERENCE TREE IS NAMED, so this run can measure nothing it could attribute, and STOPS. This run DECLINED to use /home/volence/sonic_hacks/aeon, which step 3 derived from this checkout's own location: it is a working checkout outside this repository, its revision changes under a run without notice, and a result measured against it would be attributable to whatever it happened to contain rather than to the code under test.

The resolver's own answer: reference-tree: /home/volence/sonic_hacks/aeon (SUITE_PATHS step 3, DERIVED from this checkout's own location, nobody named it)

Either name a provisioned tree, AEON_DIR=<aeon checkout> (scripts/provision-aeon-ref.sh), or EMPYREAN_SUITE_ROOT=<the directory holding the suite>, or declare a partial run with SIGIL_ALLOW_PARTIAL=1, in which case every reference-dependent row is left unmeasured and the run says how many. Ruled d-18 (docs/OVERSEER-REFERENCE.md, 2026-09-02): a run that only PRINTS how much it did not measure still exits 0, and a green is trusted the moment it is in the run.


failures:
    misspelled_objroutine_target_dangles_while_control_resolves
    reordered_falls_into_pair_fails_compile

test result: FAILED. 1 passed; 2 failed; 0 ignored; 0 measured; 0 filtered out; finished in 0.00s

error: test failed, to rerun pass `-p sigil-cli --test tranche6_negative_probes`
     Running tests/tranche7_disp_splice_bytes.rs (/home/volence/sonic_hacks/.scratch/width-suffix/target-base/release/deps/tranche7_disp_splice_bytes-4d212c63143d0470)

running 2 tests
test spliced_displacement_matches_as_reference ... ok
test aabb_axis_test_two_instantiations_match_as_reference ... ok

test result: ok. 2 passed; 0 failed; 0 ignored; 0 measured; 0 filtered out; finished in 0.00s

     Running tests/tranche7_negative_probes.rs (/home/volence/sonic_hacks/.scratch/width-suffix/target-base/release/deps/tranche7_negative_probes-33aa7fa8e6217e27)

running 4 tests
test reg_splice_in_aabb_disp_position_is_splice_kind ... ok
test unknown_local_label_mlab_arg_is_loud_naming_it ... ok
test broken_falls_into_stub_chain_fires_fallthrough ... ok
test aabb_stmp_aliasing_cdim_is_a_compile_error ... FAILED

failures:

---- aabb_stmp_aliasing_cdim_is_a_compile_error stdout ----

thread 'aabb_stmp_aliasing_cdim_is_a_compile_error' (3906809) panicked at crates/sigil-harness/src/test_support.rs:1312:9:
NO REFERENCE TREE IS NAMED, so this run can measure nothing it could attribute, and STOPS. This run DECLINED to use /home/volence/sonic_hacks/aeon, which step 3 derived from this checkout's own location: it is a working checkout outside this repository, its revision changes under a run without notice, and a result measured against it would be attributable to whatever it happened to contain rather than to the code under test.

The resolver's own answer: reference-tree: /home/volence/sonic_hacks/aeon (SUITE_PATHS step 3, DERIVED from this checkout's own location, nobody named it)

Either name a provisioned tree, AEON_DIR=<aeon checkout> (scripts/provision-aeon-ref.sh), or EMPYREAN_SUITE_ROOT=<the directory holding the suite>, or declare a partial run with SIGIL_ALLOW_PARTIAL=1, in which case every reference-dependent row is left unmeasured and the run says how many. Ruled d-18 (docs/OVERSEER-REFERENCE.md, 2026-09-02): a run that only PRINTS how much it did not measure still exits 0, and a green is trusted the moment it is in the run.
note: run with `RUST_BACKTRACE=1` environment variable to display a backtrace


failures:
    aabb_stmp_aliasing_cdim_is_a_compile_error

test result: FAILED. 3 passed; 1 failed; 0 ignored; 0 measured; 0 filtered out; finished in 0.00s

error: test failed, to rerun pass `-p sigil-cli --test tranche7_negative_probes`
     Running tests/tranche8_negative_probes.rs (/home/volence/sonic_hacks/.scratch/width-suffix/target-base/release/deps/tranche8_negative_probes-43c6f26823cd383a)

running 7 tests
test dc_code_element_is_loud ... ok
test dc_emits_exact_bytes ... ok
test dc_without_size_is_loud ... ok
test dc_out_of_range_is_loud ... ok
test dc_register_element_is_loud ... ok
test dc_cannot_be_shadowed_by_comptime_fn ... ok
test dc_word_string_is_loud ... ok

test result: ok. 7 passed; 0 failed; 0 ignored; 0 measured; 0 filtered out; finished in 0.00s

     Running tests/undefined_jmp_jsr_target.rs (/home/volence/sonic_hacks/.scratch/width-suffix/target-base/release/deps/undefined_jmp_jsr_target-90b7416fe5a238a1)

running 5 tests
test bsr_to_an_undefined_symbol_stays_loud_and_gains_a_location ... ok
test an_undefined_jsr_beside_an_unrelated_error_still_never_panics ... ok
test a_forward_jsr_to_a_defined_label_still_assembles ... ok
test jmp_to_an_undefined_symbol_is_a_located_diagnostic ... ok
test jsr_to_an_undefined_symbol_is_a_located_diagnostic ... ok

test result: ok. 5 passed; 0 failed; 0 ignored; 0 measured; 0 filtered out; finished in 0.00s

     Running tests/unsized_branch_relaxation.rs (/home/volence/sonic_hacks/.scratch/width-suffix/target-base/release/deps/unsized_branch_relaxation-ba6d451f17cfae04)

running 11 tests
test as_compat_unsized_branch_keeps_missing_size_error ... ok
test unsized_bra_disp0_takes_word_rung ... ok
test unsized_bhi_backward_lands_bcc_s_negative ... ok
test unsized_bne_near_forward_lands_bcc_s ... ok
test mixed_unsized_sized_and_jbra_all_resolve ... ok
test unsized_bra_near_lands_bra_s ... ok
test unsized_bra_terminates_proc_no_fallthrough_warning ... ok
test as_compat_sized_branch_is_byte_identical ... ok
test unsized_bne_far_lands_bcc_w ... ok
test unsized_bsr_far_lands_bsr_w ... ok
test unsized_bne_out_of_reach_is_core_error ... ok

test result: ok. 11 passed; 0 failed; 0 ignored; 0 measured; 0 filtered out; finished in 0.01s

     Running tests/vblank_port.rs (/home/volence/sonic_hacks/.scratch/width-suffix/target-base/release/deps/vblank_port-c9a9f174a68ae534)

running 2 tests
test vblank_debug_region_matches_reference ... FAILED
test vblank_region_matches_reference ... FAILED

failures:

---- vblank_debug_region_matches_reference stdout ----

thread 'vblank_debug_region_matches_reference' (3906931) panicked at crates/sigil-harness/src/test_support.rs:1312:9:
NO REFERENCE TREE IS NAMED, so this run can measure nothing it could attribute, and STOPS. This run DECLINED to use /home/volence/sonic_hacks/aeon, which step 3 derived from this checkout's own location: it is a working checkout outside this repository, its revision changes under a run without notice, and a result measured against it would be attributable to whatever it happened to contain rather than to the code under test.

The resolver's own answer: reference-tree: /home/volence/sonic_hacks/aeon (SUITE_PATHS step 3, DERIVED from this checkout's own location, nobody named it)

Either name a provisioned tree, AEON_DIR=<aeon checkout> (scripts/provision-aeon-ref.sh), or EMPYREAN_SUITE_ROOT=<the directory holding the suite>, or declare a partial run with SIGIL_ALLOW_PARTIAL=1, in which case every reference-dependent row is left unmeasured and the run says how many. Ruled d-18 (docs/OVERSEER-REFERENCE.md, 2026-09-02): a run that only PRINTS how much it did not measure still exits 0, and a green is trusted the moment it is in the run.
note: run with `RUST_BACKTRACE=1` environment variable to display a backtrace

---- vblank_region_matches_reference stdout ----

thread 'vblank_region_matches_reference' (3906932) panicked at crates/sigil-harness/src/test_support.rs:1312:9:
NO REFERENCE TREE IS NAMED, so this run can measure nothing it could attribute, and STOPS. This run DECLINED to use /home/volence/sonic_hacks/aeon, which step 3 derived from this checkout's own location: it is a working checkout outside this repository, its revision changes under a run without notice, and a result measured against it would be attributable to whatever it happened to contain rather than to the code under test.

The resolver's own answer: reference-tree: /home/volence/sonic_hacks/aeon (SUITE_PATHS step 3, DERIVED from this checkout's own location, nobody named it)

Either name a provisioned tree, AEON_DIR=<aeon checkout> (scripts/provision-aeon-ref.sh), or EMPYREAN_SUITE_ROOT=<the directory holding the suite>, or declare a partial run with SIGIL_ALLOW_PARTIAL=1, in which case every reference-dependent row is left unmeasured and the run says how many. Ruled d-18 (docs/OVERSEER-REFERENCE.md, 2026-09-02): a run that only PRINTS how much it did not measure still exits 0, and a green is trusted the moment it is in the run.


failures:
    vblank_debug_region_matches_reference
    vblank_region_matches_reference

test result: FAILED. 0 passed; 2 failed; 0 ignored; 0 measured; 0 filtered out; finished in 0.00s

error: test failed, to rerun pass `-p sigil-cli --test vblank_port`
     Running tests/vdp_init_port.rs (/home/volence/sonic_hacks/.scratch/width-suffix/target-base/release/deps/vdp_init_port-8879d495f39a9c91)

running 2 tests
test vdp_init_debug_region_matches_reference ... FAILED
test vdp_init_region_matches_reference ... FAILED

failures:

---- vdp_init_debug_region_matches_reference stdout ----

thread 'vdp_init_debug_region_matches_reference' (3906935) panicked at crates/sigil-harness/src/test_support.rs:1312:9:
NO REFERENCE TREE IS NAMED, so this run can measure nothing it could attribute, and STOPS. This run DECLINED to use /home/volence/sonic_hacks/aeon, which step 3 derived from this checkout's own location: it is a working checkout outside this repository, its revision changes under a run without notice, and a result measured against it would be attributable to whatever it happened to contain rather than to the code under test.

The resolver's own answer: reference-tree: /home/volence/sonic_hacks/aeon (SUITE_PATHS step 3, DERIVED from this checkout's own location, nobody named it)

Either name a provisioned tree, AEON_DIR=<aeon checkout> (scripts/provision-aeon-ref.sh), or EMPYREAN_SUITE_ROOT=<the directory holding the suite>, or declare a partial run with SIGIL_ALLOW_PARTIAL=1, in which case every reference-dependent row is left unmeasured and the run says how many. Ruled d-18 (docs/OVERSEER-REFERENCE.md, 2026-09-02): a run that only PRINTS how much it did not measure still exits 0, and a green is trusted the moment it is in the run.
note: run with `RUST_BACKTRACE=1` environment variable to display a backtrace

---- vdp_init_region_matches_reference stdout ----

thread 'vdp_init_region_matches_reference' (3906936) panicked at crates/sigil-harness/src/test_support.rs:1312:9:
NO REFERENCE TREE IS NAMED, so this run can measure nothing it could attribute, and STOPS. This run DECLINED to use /home/volence/sonic_hacks/aeon, which step 3 derived from this checkout's own location: it is a working checkout outside this repository, its revision changes under a run without notice, and a result measured against it would be attributable to whatever it happened to contain rather than to the code under test.

The resolver's own answer: reference-tree: /home/volence/sonic_hacks/aeon (SUITE_PATHS step 3, DERIVED from this checkout's own location, nobody named it)

Either name a provisioned tree, AEON_DIR=<aeon checkout> (scripts/provision-aeon-ref.sh), or EMPYREAN_SUITE_ROOT=<the directory holding the suite>, or declare a partial run with SIGIL_ALLOW_PARTIAL=1, in which case every reference-dependent row is left unmeasured and the run says how many. Ruled d-18 (docs/OVERSEER-REFERENCE.md, 2026-09-02): a run that only PRINTS how much it did not measure still exits 0, and a green is trusted the moment it is in the run.


failures:
    vdp_init_debug_region_matches_reference
    vdp_init_region_matches_reference

test result: FAILED. 0 passed; 2 failed; 0 ignored; 0 measured; 0 filtered out; finished in 0.00s

error: test failed, to rerun pass `-p sigil-cli --test vdp_init_port`
     Running tests/vectors_port.rs (/home/volence/sonic_hacks/.scratch/width-suffix/target-base/release/deps/vectors_port-64834578d4b3da58)

running 5 tests
test dc_l_label_comma_list_resolves_each_element ... ok
test dc_l_label_comma_list_doctored_diverges ... ok
test vector_labels_resolve_to_error_handler_emp ... FAILED
test vectors_debug_region_matches_reference ... FAILED
test vectors_region_matches_reference ... FAILED

failures:

---- vector_labels_resolve_to_error_handler_emp stdout ----

thread 'vector_labels_resolve_to_error_handler_emp' (3906941) panicked at crates/sigil-harness/src/test_support.rs:1312:9:
NO REFERENCE TREE IS NAMED, so this run can measure nothing it could attribute, and STOPS. This run DECLINED to use /home/volence/sonic_hacks/aeon, which step 3 derived from this checkout's own location: it is a working checkout outside this repository, its revision changes under a run without notice, and a result measured against it would be attributable to whatever it happened to contain rather than to the code under test.

The resolver's own answer: reference-tree: /home/volence/sonic_hacks/aeon (SUITE_PATHS step 3, DERIVED from this checkout's own location, nobody named it)

Either name a provisioned tree, AEON_DIR=<aeon checkout> (scripts/provision-aeon-ref.sh), or EMPYREAN_SUITE_ROOT=<the directory holding the suite>, or declare a partial run with SIGIL_ALLOW_PARTIAL=1, in which case every reference-dependent row is left unmeasured and the run says how many. Ruled d-18 (docs/OVERSEER-REFERENCE.md, 2026-09-02): a run that only PRINTS how much it did not measure still exits 0, and a green is trusted the moment it is in the run.

---- vectors_debug_region_matches_reference stdout ----

thread 'vectors_debug_region_matches_reference' (3906942) panicked at crates/sigil-harness/src/test_support.rs:1312:9:
NO REFERENCE TREE IS NAMED, so this run can measure nothing it could attribute, and STOPS. This run DECLINED to use /home/volence/sonic_hacks/aeon, which step 3 derived from this checkout's own location: it is a working checkout outside this repository, its revision changes under a run without notice, and a result measured against it would be attributable to whatever it happened to contain rather than to the code under test.

The resolver's own answer: reference-tree: /home/volence/sonic_hacks/aeon (SUITE_PATHS step 3, DERIVED from this checkout's own location, nobody named it)

Either name a provisioned tree, AEON_DIR=<aeon checkout> (scripts/provision-aeon-ref.sh), or EMPYREAN_SUITE_ROOT=<the directory holding the suite>, or declare a partial run with SIGIL_ALLOW_PARTIAL=1, in which case every reference-dependent row is left unmeasured and the run says how many. Ruled d-18 (docs/OVERSEER-REFERENCE.md, 2026-09-02): a run that only PRINTS how much it did not measure still exits 0, and a green is trusted the moment it is in the run.
note: run with `RUST_BACKTRACE=1` environment variable to display a backtrace

---- vectors_region_matches_reference stdout ----

thread 'vectors_region_matches_reference' (3906943) panicked at crates/sigil-harness/src/test_support.rs:1312:9:
NO REFERENCE TREE IS NAMED, so this run can measure nothing it could attribute, and STOPS. This run DECLINED to use /home/volence/sonic_hacks/aeon, which step 3 derived from this checkout's own location: it is a working checkout outside this repository, its revision changes under a run without notice, and a result measured against it would be attributable to whatever it happened to contain rather than to the code under test.

The resolver's own answer: reference-tree: /home/volence/sonic_hacks/aeon (SUITE_PATHS step 3, DERIVED from this checkout's own location, nobody named it)

Either name a provisioned tree, AEON_DIR=<aeon checkout> (scripts/provision-aeon-ref.sh), or EMPYREAN_SUITE_ROOT=<the directory holding the suite>, or declare a partial run with SIGIL_ALLOW_PARTIAL=1, in which case every reference-dependent row is left unmeasured and the run says how many. Ruled d-18 (docs/OVERSEER-REFERENCE.md, 2026-09-02): a run that only PRINTS how much it did not measure still exits 0, and a green is trusted the moment it is in the run.


failures:
    vector_labels_resolve_to_error_handler_emp
    vectors_debug_region_matches_reference
    vectors_region_matches_reference

test result: FAILED. 2 passed; 3 failed; 0 ignored; 0 measured; 0 filtered out; finished in 0.00s

error: test failed, to rerun pass `-p sigil-cli --test vectors_port`
     Running tests/version_provenance.rs (/home/volence/sonic_hacks/.scratch/width-suffix/target-base/release/deps/version_provenance-889d9344113ee440)

running 19 tests
test the_banner_discloses_what_it_cannot_track ... ok
test no_banner_field_is_blank_or_a_bare_placeholder ... ok
test the_tree_detail_says_where_the_dirt_is ... ok
test the_banner_discloses_how_the_closure_can_be_wrong ... ok
test the_revision_tag_agrees_with_the_reported_tree_state ... ok
test short_flag_prints_the_same_banner ... ok
test first_line_carries_the_crate_version_and_a_revision_tag ... ok
test the_tree_state_word_distinguishes_a_source_change_from_any_other ... ok
test every_closure_path_that_exists_is_watched_for_edits ... ok
test the_banner_names_the_rerun_triggers_backing_the_revision ... ok
test version_reports_the_branch_this_tree_is_on ... ok
test version_reports_the_head_of_the_tree_it_was_built_from ... ok
test the_closure_revision_is_the_last_commit_touching_the_closure ... ok
test the_printed_drift_check_returns_the_reported_revision_in_every_shell ... ok
test the_closure_is_cargos_current_answer_not_a_baked_list ... ok
test the_published_line_states_this_revision_s_position_against_a_named_remote_ref ... ok
test no_compiled_source_reaches_a_file_outside_the_closure ... ok
test the_published_drift_check_runs_and_is_anchored_at_the_named_ref ... ok
test an_empty_porcelain_reads_as_clean_not_as_unknown ... ok

test result: ok. 19 passed; 0 failed; 0 ignored; 0 measured; 0 filtered out; finished in 0.08s

     Running tests/warn_tier_corpus.rs (/home/volence/sonic_hacks/.scratch/width-suffix/target-base/release/deps/warn_tier_corpus-843d75f43545b349)

running 9 tests
test every_open_finding_is_completely_specified ... ok
test site_watch_rows_are_completely_specified ... ok
test warn_tier_firing_files_match_the_pinned_sites ... FAILED
test debug_shape_sr_writes_are_author_checked ... FAILED
test the_build_binary_prints_the_tally_and_off_silences_it ... FAILED
test corpus_open_findings_fire_exactly_where_registered ... FAILED
test every_corpus_warning_carries_a_lint_id ... FAILED
test the_generated_entry_module_is_not_reported ... FAILED
test warn_tier_lint_ids_match_the_frozen_baseline ... FAILED

failures:

---- warn_tier_firing_files_match_the_pinned_sites stdout ----

thread 'warn_tier_firing_files_match_the_pinned_sites' (3907162) panicked at crates/sigil-harness/src/test_support.rs:1312:9:
NO REFERENCE TREE IS NAMED, so this run can measure nothing it could attribute, and STOPS. This run DECLINED to use /home/volence/sonic_hacks/aeon, which step 3 derived from this checkout's own location: it is a working checkout outside this repository, its revision changes under a run without notice, and a result measured against it would be attributable to whatever it happened to contain rather than to the code under test.

The resolver's own answer: reference-tree: /home/volence/sonic_hacks/aeon (SUITE_PATHS step 3, DERIVED from this checkout's own location, nobody named it)

Either name a provisioned tree, AEON_DIR=<aeon checkout> (scripts/provision-aeon-ref.sh), or EMPYREAN_SUITE_ROOT=<the directory holding the suite>, or declare a partial run with SIGIL_ALLOW_PARTIAL=1, in which case every reference-dependent row is left unmeasured and the run says how many. Ruled d-18 (docs/OVERSEER-REFERENCE.md, 2026-09-02): a run that only PRINTS how much it did not measure still exits 0, and a green is trusted the moment it is in the run.

---- debug_shape_sr_writes_are_author_checked stdout ----

thread 'debug_shape_sr_writes_are_author_checked' (3907155) panicked at crates/sigil-harness/src/test_support.rs:1312:9:
NO REFERENCE TREE IS NAMED, so this run can measure nothing it could attribute, and STOPS. This run DECLINED to use /home/volence/sonic_hacks/aeon, which step 3 derived from this checkout's own location: it is a working checkout outside this repository, its revision changes under a run without notice, and a result measured against it would be attributable to whatever it happened to contain rather than to the code under test.

The resolver's own answer: reference-tree: /home/volence/sonic_hacks/aeon (SUITE_PATHS step 3, DERIVED from this checkout's own location, nobody named it)

Either name a provisioned tree, AEON_DIR=<aeon checkout> (scripts/provision-aeon-ref.sh), or EMPYREAN_SUITE_ROOT=<the directory holding the suite>, or declare a partial run with SIGIL_ALLOW_PARTIAL=1, in which case every reference-dependent row is left unmeasured and the run says how many. Ruled d-18 (docs/OVERSEER-REFERENCE.md, 2026-09-02): a run that only PRINTS how much it did not measure still exits 0, and a green is trusted the moment it is in the run.

---- the_build_binary_prints_the_tally_and_off_silences_it stdout ----

thread 'the_build_binary_prints_the_tally_and_off_silences_it' (3907159) panicked at crates/sigil-harness/src/test_support.rs:1312:9:
NO REFERENCE TREE IS NAMED, so this run can measure nothing it could attribute, and STOPS. This run DECLINED to use /home/volence/sonic_hacks/aeon, which step 3 derived from this checkout's own location: it is a working checkout outside this repository, its revision changes under a run without notice, and a result measured against it would be attributable to whatever it happened to contain rather than to the code under test.

The resolver's own answer: reference-tree: /home/volence/sonic_hacks/aeon (SUITE_PATHS step 3, DERIVED from this checkout's own location, nobody named it)

Either name a provisioned tree, AEON_DIR=<aeon checkout> (scripts/provision-aeon-ref.sh), or EMPYREAN_SUITE_ROOT=<the directory holding the suite>, or declare a partial run with SIGIL_ALLOW_PARTIAL=1, in which case every reference-dependent row is left unmeasured and the run says how many. Ruled d-18 (docs/OVERSEER-REFERENCE.md, 2026-09-02): a run that only PRINTS how much it did not measure still exits 0, and a green is trusted the moment it is in the run.

---- corpus_open_findings_fire_exactly_where_registered stdout ----

thread 'corpus_open_findings_fire_exactly_where_registered' (3907154) panicked at crates/sigil-harness/src/test_support.rs:1312:9:
NO REFERENCE TREE IS NAMED, so this run can measure nothing it could attribute, and STOPS. This run DECLINED to use /home/volence/sonic_hacks/aeon, which step 3 derived from this checkout's own location: it is a working checkout outside this repository, its revision changes under a run without notice, and a result measured against it would be attributable to whatever it happened to contain rather than to the code under test.

The resolver's own answer: reference-tree: /home/volence/sonic_hacks/aeon (SUITE_PATHS step 3, DERIVED from this checkout's own location, nobody named it)

Either name a provisioned tree, AEON_DIR=<aeon checkout> (scripts/provision-aeon-ref.sh), or EMPYREAN_SUITE_ROOT=<the directory holding the suite>, or declare a partial run with SIGIL_ALLOW_PARTIAL=1, in which case every reference-dependent row is left unmeasured and the run says how many. Ruled d-18 (docs/OVERSEER-REFERENCE.md, 2026-09-02): a run that only PRINTS how much it did not measure still exits 0, and a green is trusted the moment it is in the run.

---- every_corpus_warning_carries_a_lint_id stdout ----

thread 'every_corpus_warning_carries_a_lint_id' (3907156) panicked at crates/sigil-harness/src/test_support.rs:1312:9:
NO REFERENCE TREE IS NAMED, so this run can measure nothing it could attribute, and STOPS. This run DECLINED to use /home/volence/sonic_hacks/aeon, which step 3 derived from this checkout's own location: it is a working checkout outside this repository, its revision changes under a run without notice, and a result measured against it would be attributable to whatever it happened to contain rather than to the code under test.

The resolver's own answer: reference-tree: /home/volence/sonic_hacks/aeon (SUITE_PATHS step 3, DERIVED from this checkout's own location, nobody named it)

Either name a provisioned tree, AEON_DIR=<aeon checkout> (scripts/provision-aeon-ref.sh), or EMPYREAN_SUITE_ROOT=<the directory holding the suite>, or declare a partial run with SIGIL_ALLOW_PARTIAL=1, in which case every reference-dependent row is left unmeasured and the run says how many. Ruled d-18 (docs/OVERSEER-REFERENCE.md, 2026-09-02): a run that only PRINTS how much it did not measure still exits 0, and a green is trusted the moment it is in the run.
note: run with `RUST_BACKTRACE=1` environment variable to display a backtrace

---- the_generated_entry_module_is_not_reported stdout ----

thread 'the_generated_entry_module_is_not_reported' (3907161) panicked at crates/sigil-harness/src/test_support.rs:1312:9:
NO REFERENCE TREE IS NAMED, so this run can measure nothing it could attribute, and STOPS. This run DECLINED to use /home/volence/sonic_hacks/aeon, which step 3 derived from this checkout's own location: it is a working checkout outside this repository, its revision changes under a run without notice, and a result measured against it would be attributable to whatever it happened to contain rather than to the code under test.

The resolver's own answer: reference-tree: /home/volence/sonic_hacks/aeon (SUITE_PATHS step 3, DERIVED from this checkout's own location, nobody named it)

Either name a provisioned tree, AEON_DIR=<aeon checkout> (scripts/provision-aeon-ref.sh), or EMPYREAN_SUITE_ROOT=<the directory holding the suite>, or declare a partial run with SIGIL_ALLOW_PARTIAL=1, in which case every reference-dependent row is left unmeasured and the run says how many. Ruled d-18 (docs/OVERSEER-REFERENCE.md, 2026-09-02): a run that only PRINTS how much it did not measure still exits 0, and a green is trusted the moment it is in the run.

---- warn_tier_lint_ids_match_the_frozen_baseline stdout ----

thread 'warn_tier_lint_ids_match_the_frozen_baseline' (3907163) panicked at crates/sigil-harness/src/test_support.rs:1312:9:
NO REFERENCE TREE IS NAMED, so this run can measure nothing it could attribute, and STOPS. This run DECLINED to use /home/volence/sonic_hacks/aeon, which step 3 derived from this checkout's own location: it is a working checkout outside this repository, its revision changes under a run without notice, and a result measured against it would be attributable to whatever it happened to contain rather than to the code under test.

The resolver's own answer: reference-tree: /home/volence/sonic_hacks/aeon (SUITE_PATHS step 3, DERIVED from this checkout's own location, nobody named it)

Either name a provisioned tree, AEON_DIR=<aeon checkout> (scripts/provision-aeon-ref.sh), or EMPYREAN_SUITE_ROOT=<the directory holding the suite>, or declare a partial run with SIGIL_ALLOW_PARTIAL=1, in which case every reference-dependent row is left unmeasured and the run says how many. Ruled d-18 (docs/OVERSEER-REFERENCE.md, 2026-09-02): a run that only PRINTS how much it did not measure still exits 0, and a green is trusted the moment it is in the run.


failures:
    corpus_open_findings_fire_exactly_where_registered
    debug_shape_sr_writes_are_author_checked
    every_corpus_warning_carries_a_lint_id
    the_build_binary_prints_the_tally_and_off_silences_it
    the_generated_entry_module_is_not_reported
    warn_tier_firing_files_match_the_pinned_sites
    warn_tier_lint_ids_match_the_frozen_baseline

test result: FAILED. 2 passed; 7 failed; 0 ignored; 0 measured; 0 filtered out; finished in 0.00s

error: test failed, to rerun pass `-p sigil-cli --test warn_tier_corpus`
     Running tests/z80_clobbers_incomplete.rs (/home/volence/sonic_hacks/.scratch/width-suffix/target-base/release/deps/z80_clobbers_incomplete-9e001fae4d61e359)

running 5 tests
test non_vacuity_injected_underclaim_on_sfx_steal ... FAILED
test honest_corpus_no_in_scope_firings ... FAILED
test dispatch_submachine_is_excluded_but_present ... FAILED
test closure_is_complete_no_drops_no_unresolved ... FAILED
test red_fixture_sfx_frame_iy_underclaim_fires ... FAILED

failures:

---- non_vacuity_injected_underclaim_on_sfx_steal stdout ----

thread 'non_vacuity_injected_underclaim_on_sfx_steal' (3907168) panicked at crates/sigil-harness/src/test_support.rs:1312:9:
NO REFERENCE TREE IS NAMED, so this run can measure nothing it could attribute, and STOPS. This run DECLINED to use /home/volence/sonic_hacks/aeon, which step 3 derived from this checkout's own location: it is a working checkout outside this repository, its revision changes under a run without notice, and a result measured against it would be attributable to whatever it happened to contain rather than to the code under test.

The resolver's own answer: reference-tree: /home/volence/sonic_hacks/aeon (SUITE_PATHS step 3, DERIVED from this checkout's own location, nobody named it)

Either name a provisioned tree, AEON_DIR=<aeon checkout> (scripts/provision-aeon-ref.sh), or EMPYREAN_SUITE_ROOT=<the directory holding the suite>, or declare a partial run with SIGIL_ALLOW_PARTIAL=1, in which case every reference-dependent row is left unmeasured and the run says how many. Ruled d-18 (docs/OVERSEER-REFERENCE.md, 2026-09-02): a run that only PRINTS how much it did not measure still exits 0, and a green is trusted the moment it is in the run.
note: run with `RUST_BACKTRACE=1` environment variable to display a backtrace

---- honest_corpus_no_in_scope_firings stdout ----

thread 'honest_corpus_no_in_scope_firings' (3907167) panicked at crates/sigil-harness/src/test_support.rs:1312:9:
NO REFERENCE TREE IS NAMED, so this run can measure nothing it could attribute, and STOPS. This run DECLINED to use /home/volence/sonic_hacks/aeon, which step 3 derived from this checkout's own location: it is a working checkout outside this repository, its revision changes under a run without notice, and a result measured against it would be attributable to whatever it happened to contain rather than to the code under test.

The resolver's own answer: reference-tree: /home/volence/sonic_hacks/aeon (SUITE_PATHS step 3, DERIVED from this checkout's own location, nobody named it)

Either name a provisioned tree, AEON_DIR=<aeon checkout> (scripts/provision-aeon-ref.sh), or EMPYREAN_SUITE_ROOT=<the directory holding the suite>, or declare a partial run with SIGIL_ALLOW_PARTIAL=1, in which case every reference-dependent row is left unmeasured and the run says how many. Ruled d-18 (docs/OVERSEER-REFERENCE.md, 2026-09-02): a run that only PRINTS how much it did not measure still exits 0, and a green is trusted the moment it is in the run.

---- dispatch_submachine_is_excluded_but_present stdout ----

thread 'dispatch_submachine_is_excluded_but_present' (3907166) panicked at crates/sigil-harness/src/test_support.rs:1312:9:
NO REFERENCE TREE IS NAMED, so this run can measure nothing it could attribute, and STOPS. This run DECLINED to use /home/volence/sonic_hacks/aeon, which step 3 derived from this checkout's own location: it is a working checkout outside this repository, its revision changes under a run without notice, and a result measured against it would be attributable to whatever it happened to contain rather than to the code under test.

The resolver's own answer: reference-tree: /home/volence/sonic_hacks/aeon (SUITE_PATHS step 3, DERIVED from this checkout's own location, nobody named it)

Either name a provisioned tree, AEON_DIR=<aeon checkout> (scripts/provision-aeon-ref.sh), or EMPYREAN_SUITE_ROOT=<the directory holding the suite>, or declare a partial run with SIGIL_ALLOW_PARTIAL=1, in which case every reference-dependent row is left unmeasured and the run says how many. Ruled d-18 (docs/OVERSEER-REFERENCE.md, 2026-09-02): a run that only PRINTS how much it did not measure still exits 0, and a green is trusted the moment it is in the run.

---- closure_is_complete_no_drops_no_unresolved stdout ----

thread 'closure_is_complete_no_drops_no_unresolved' (3907165) panicked at crates/sigil-harness/src/test_support.rs:1312:9:
NO REFERENCE TREE IS NAMED, so this run can measure nothing it could attribute, and STOPS. This run DECLINED to use /home/volence/sonic_hacks/aeon, which step 3 derived from this checkout's own location: it is a working checkout outside this repository, its revision changes under a run without notice, and a result measured against it would be attributable to whatever it happened to contain rather than to the code under test.

The resolver's own answer: reference-tree: /home/volence/sonic_hacks/aeon (SUITE_PATHS step 3, DERIVED from this checkout's own location, nobody named it)

Either name a provisioned tree, AEON_DIR=<aeon checkout> (scripts/provision-aeon-ref.sh), or EMPYREAN_SUITE_ROOT=<the directory holding the suite>, or declare a partial run with SIGIL_ALLOW_PARTIAL=1, in which case every reference-dependent row is left unmeasured and the run says how many. Ruled d-18 (docs/OVERSEER-REFERENCE.md, 2026-09-02): a run that only PRINTS how much it did not measure still exits 0, and a green is trusted the moment it is in the run.

---- red_fixture_sfx_frame_iy_underclaim_fires stdout ----

thread 'red_fixture_sfx_frame_iy_underclaim_fires' (3907169) panicked at crates/sigil-harness/src/test_support.rs:1312:9:
NO REFERENCE TREE IS NAMED, so this run can measure nothing it could attribute, and STOPS. This run DECLINED to use /home/volence/sonic_hacks/aeon, which step 3 derived from this checkout's own location: it is a working checkout outside this repository, its revision changes under a run without notice, and a result measured against it would be attributable to whatever it happened to contain rather than to the code under test.

The resolver's own answer: reference-tree: /home/volence/sonic_hacks/aeon (SUITE_PATHS step 3, DERIVED from this checkout's own location, nobody named it)

Either name a provisioned tree, AEON_DIR=<aeon checkout> (scripts/provision-aeon-ref.sh), or EMPYREAN_SUITE_ROOT=<the directory holding the suite>, or declare a partial run with SIGIL_ALLOW_PARTIAL=1, in which case every reference-dependent row is left unmeasured and the run says how many. Ruled d-18 (docs/OVERSEER-REFERENCE.md, 2026-09-02): a run that only PRINTS how much it did not measure still exits 0, and a green is trusted the moment it is in the run.


failures:
    closure_is_complete_no_drops_no_unresolved
    dispatch_submachine_is_excluded_but_present
    honest_corpus_no_in_scope_firings
    non_vacuity_injected_underclaim_on_sfx_steal
    red_fixture_sfx_frame_iy_underclaim_fires

test result: FAILED. 0 passed; 5 failed; 0 ignored; 0 measured; 0 filtered out; finished in 0.00s

error: test failed, to rerun pass `-p sigil-cli --test z80_clobbers_incomplete`
     Running unittests src/lib.rs (/home/volence/sonic_hacks/.scratch/width-suffix/target-base/release/deps/sigil_clownlzss_sys-a521467f40dc306a)

running 6 tests
test tests::comper_rejects_odd_length_input ... ok
test tests::enigma_rejects_odd_length_input ... ok
test tests::kosinski_module_size_at_max_is_accepted ... ok
test tests::kosinski_module_size_zero_is_rejected ... ok
test tests::kosinski_module_size_too_large_is_rejected ... ok
test tests::moduled_data_length_ceiling_is_enforced ... ok

test result: ok. 6 passed; 0 failed; 0 ignored; 0 measured; 0 filtered out; finished in 0.01s

     Running tests/accurate_vectors.rs (/home/volence/sonic_hacks/.scratch/width-suffix/target-base/release/deps/accurate_vectors-46823101a942584a)

running 8 tests
test the_generator_reproduces_the_inputs_p2bin_was_given ... ok
test an_authentic_saxman_stream_reads_back_wrong_exactly_when_a_match_straddles_the_start ... ok
test saxman_bugged_matches_p2bin_on_every_vector ... ok
test the_vectors_cover_both_parities_of_the_saxman_junk_byte ... ok
test saxman_authentic_matches_p2bin_on_every_vector ... ok
test kosinski_authentic_matches_p2bin_on_every_vector ... ok
test every_authentic_kosinski_stream_decompresses_to_its_input ... ok
test kosinski_authentic_matches_accurate_kosinski_past_the_0xa000_boundary ... ok

test result: ok. 8 passed; 0 failed; 0 ignored; 0 measured; 0 filtered out; finished in 0.02s

     Running tests/byte_exact.rs (/home/volence/sonic_hacks/.scratch/width-suffix/target-base/release/deps/byte_exact-0221287336ed8e29)

running 21 tests
test comper_rejects_non_word_even_input ... ok
test enigma_rejects_non_word_even_input ... ok
test enigma_round_trip_level_select_2p ... ok
test golden_enigma ... ok
test comper_synthetic_round_trip ... ok
test kosinski_moduled_rejects_module_size_over_0x1000 ... ok
test golden_comper ... ok
test kosinski_moduled_round_trip_sand_particles ... ok
test golden_saxman_with_header ... ok
test golden_rocket ... ok
test golden_kosplus ... ok
test golden_saxman_without_header ... ok
test rocket_synthetic_round_trip ... ok
test kosinski_moduled_round_trip_ship_propeller ... ok
test golden_kosinski ... ok
test kosinski_round_trip_specstag ... ok
test saxman_synthetic_round_trip ... ok
test kosplus_synthetic_round_trip ... ok
test kosinski_round_trip_oozprimary ... ok
test compressed_size_stays_within_bound ... ok
test saxman_with_header_rejects_compressed_size_over_u16 ... ok

test result: ok. 21 passed; 0 failed; 0 ignored; 0 measured; 0 filtered out; finished in 0.00s

     Running tests/moduled_capacity.rs (/home/volence/sonic_hacks/.scratch/width-suffix/target-base/release/deps/moduled_capacity-e3c11d81577de7ff)

running 6 tests
test moduled_rejects_module_size_zero ... ok
test moduled_incompressible_k8_round_trips ... ok
test moduled_bound_covers_incompressible_output ... ok
test saxman_moduled_rejects_compressed_size_over_u16 ... ok
test moduled_incompressible_other_formats_round_trip ... ok
test moduled_rejects_data_too_large_for_header ... ok

test result: ok. 6 passed; 0 failed; 0 ignored; 0 measured; 0 filtered out; finished in 0.07s

     Running unittests src/lib.rs (/home/volence/sonic_hacks/.scratch/width-suffix/target-base/release/deps/sigil_clownnemesis_sys-2bc196d9a17344d6)

running 3 tests
test tests::accepts_exact_tile_length ... ok
test tests::rejects_non_tile_aligned_length ... ok
test tests::tile_count_boundary_check_logic ... ok

test result: ok. 3 passed; 0 failed; 0 ignored; 0 measured; 0 filtered out; finished in 0.00s

     Running tests/byte_exact.rs (/home/volence/sonic_hacks/.scratch/width-suffix/target-base/release/deps/byte_exact-8a95bf77f8909d56)

running 6 tests
test accepts_exactly_max_tiles_length_check ... ok
test rejects_non_tile_aligned_input ... ok
test rejects_empty_input_as_zero_length_is_tile_aligned_but_check_boundary ... ok
test golden_nemesis ... ok
test round_trip_numbers ... ok
test round_trip_seal ... ok

test result: ok. 6 passed; 0 failed; 0 ignored; 0 measured; 0 filtered out; finished in 0.00s

     Running tests/rewind_regression.rs (/home/volence/sonic_hacks/.scratch/width-suffix/target-base/release/deps/rewind_regression-39e1d0d178567e38)

running 1 test
test compress_round_trip_is_not_truncated ... ok

test result: ok. 1 passed; 0 failed; 0 ignored; 0 measured; 0 filtered out; finished in 0.00s

     Running unittests src/lib.rs (/home/volence/sonic_hacks/.scratch/width-suffix/target-base/release/deps/sigil_frontend_as-82d28121422358b8)

running 309 tests
test charset::tests::the_stamp_moves_whenever_the_mapping_can ... ok
test eval::tests::a_case_head_holds_a_comma_separated_list_of_alternatives ... ok
test eval::tests::a_case_whose_value_does_not_evaluate_is_refused_and_not_taken ... ok
test eval::tests::a_backward_reference_binds_the_expansions_own_label ... ok
test eval::tests::a_dot_local_set_inside_a_macro_binds_in_the_callers_scope ... ok
test eval::tests::a_macro_body_reaches_a_dot_local_label_only_the_caller_defines ... ok
test eval::tests::a_composed_name_from_a_post_shift_allargs_keeps_the_arguments_case ... ok
test eval::tests::a_dot_local_plain_label_belongs_to_its_own_expansion ... ok
test eval::tests::a_label_opened_scope_outlives_the_expansion_that_opened_it ... ok
test eval::tests::a_keyword_calls_allargs_is_written_text_before_a_shift_and_parameter_order_after ... ok
test eval::tests::a_label_directive_off_the_pc_claims_no_position_in_the_section ... ok
test eval::tests::a_lone_label_takes_the_address_after_the_next_lines_pad ... ok
test eval::tests::a_forward_reference_is_not_an_unresolved_symbol ... ok
test eval::tests::a_macro_defined_inside_an_expansion_freezes_the_outer_allargs ... ok
test eval::tests::a_negative_selector_matches_a_negative_case ... ok
test eval::tests::a_padding_lines_own_label_outranks_the_carried_one ... ok
test eval::tests::a_label_declared_only_in_an_untaken_arm_stays_the_expansions_and_dangles ... ok
test eval::tests::a_capture_the_recursion_cap_refused_is_not_handed_to_the_next_call ... ok
test eval::tests::a_nested_expansions_dot_local_set_reaches_the_outermost_callers_scope ... ok
test eval::tests::a_label_placed_capture_is_a_relocatable_symbol_the_linker_can_reach ... ok
test eval::tests::a_macro_nested_loop_substitutes_once_and_a_shift_inside_it_does_not_retext ... ok
test eval::tests::a_reassigned_binder_owes_one_obligation_not_two ... ok
test eval::tests::a_pasted_expansion_scope_name_is_refused_rather_than_panicking ... ok
test eval::tests::a_same_line_label_takes_the_post_pad_address ... ok
test eval::tests::a_single_quoted_case_operand_compares_as_an_integer_which_asl_does_not ... ok
test eval::tests::a_string_selector_does_not_match_an_integer_case ... ok
test eval::tests::a_string_switch_still_selects_on_the_string ... ok
test eval::tests::a_shift_inside_a_rept_body_advances_the_frame_but_not_the_body_text ... ok
test eval::tests::a_struct_instance_is_never_word_aligned ... ok
test eval::tests::a_struct_closes_on_endstruct_named_or_bare_and_on_ends ... ok
test eval::tests::a_reservation_fills_like_p2bin_and_trims_like_p2bin ... ok
test eval::tests::align_inside_a_phase_at_a_rom_address_is_a_plain_roundup ... ok
test eval::tests::a_recursive_shift_macro_accumulates_in_the_scope_outside_the_nest ... ok
test eval::tests::align_at_a_ram_address_overshoots_a_whole_block ... ok
test eval::tests::align_is_a_noop_when_already_aligned ... ok
test eval::tests::a_surplus_positional_dot_local_argument_is_qualified_like_a_bound_one ... ok
test eval::tests::align_moves_the_counter_without_emitting ... ok
test eval::tests::a_table_macros_counters_carry_across_separate_entry_expansions ... ok
test eval::tests::a_user_macro_shadows_the_builtin_of_the_same_name ... ok
test eval::tests::align_pads_zero_bytes_to_next_boundary ... ok
test eval::tests::align_pads_to_large_power_of_two_boundary ... ok
test eval::tests::align_outside_a_phase_is_a_standard_roundup ... ok
test eval::tests::align_two_moves_an_even_ram_address_but_not_an_even_rom_one ... ok
test eval::tests::an_alphanumeric_blocks_a_substitution_and_an_underscore_does_not ... ok
test eval::tests::alternatives_in_one_case_are_matched_per_element_and_may_mix_types ... ok
test eval::tests::alu_address_register_destination_spelling_probes ... ok
test eval::tests::an_absent_invocation_label_captures_the_empty_text ... ok
test eval::tests::an_arm_after_the_taken_one_is_neither_evaluated_nor_diagnosed ... ok
test eval::tests::an_explicit_align_does_not_back_propagate_to_a_lone_label ... ok
test eval::tests::an_embedded_struct_is_flattened_and_never_re_aligned ... ok
test eval::tests::an_empty_list_is_one_empty_iteration_not_zero ... ok
test eval::tests::an_expansion_owns_a_dot_local_it_defines_for_the_whole_expansion ... ok
test eval::tests::an_integer_selector_does_not_match_the_same_digit_spelled_as_a_string ... ok
test eval::tests::an_integer_selector_does_not_match_a_string_case ... ok
test eval::tests::an_irp_head_without_a_list_diagnoses_and_skips_its_body ... ok
test eval::tests::an_indented_colon_label_is_still_the_expansions_own ... ok
test eval::tests::an_unreadable_struct_member_line_is_reported_not_skipped ... ok
test eval::tests::an_inner_expansions_shift_leaves_the_outer_frame_alone ... ok
test eval::tests::anonymous_reserve_fields_advance_the_offset_and_bind_nothing ... ok
test eval::tests::an_unrecognized_z80_head_does_not_open_a_local_label_scope ... ok
test eval::tests::anonymous_struct_reserve_field_advances_offset ... ok
test eval::tests::arm_head_that_does_not_lex_is_loud_not_guessed ... ok
test eval::tests::attribute_suffix_does_not_hijack_a_plain_mnemonic ... ok
test eval::tests::argcount_substitutes_like_allargs_and_a_parameter_of_that_name_wins ... ok
test eval::tests::attribute_macro_suffix_folds_and_substitutes_verbatim ... ok
test eval::tests::attribute_macro_binds_dot_attribute_in_a_mnemonic ... ok
test eval::tests::attribute_substitutes_inside_a_string_literal_but_not_before_a_letter ... ok
test eval::tests::bang_align_pads_to_the_requested_boundary ... ok
test eval::tests::backslash_line_continuation_joins_function_body ... ok
test eval::tests::bang_error_forces_the_builtin_directive_and_diagnoses ... ok
test eval::tests::argcount_counts_written_argument_groups_and_an_empty_field_is_zero ... ok
test eval::tests::argcount_guards_an_irp_over_a_relayed_allargs ... ok
test eval::tests::bang_forces_the_builtin_past_a_macro_of_that_name ... ok
test eval::tests::bang_composes_with_a_label_and_binds_tightly ... ok
test eval::tests::bang_is_infix_bitwise_or ... ok
test eval::tests::binary_literal_folds_in_expression ... ok
test eval::tests::bang_never_falls_back_to_a_user_macro ... ok
test eval::tests::char_constant_folds_in_expression ... ok
test eval::tests::colon_label_equate_forms_define_constants_not_labels ... ok
test eval::tests::db_alias_also_emits_ascii_for_string_operands ... ok
test eval::tests::coloneq_is_identical_to_set ... ok
test eval::tests::colon_labeled_set_reassigns_rather_than_defining_a_pc_label ... ok
test eval::tests::db_dw_le_and_equate ... ok
test eval::tests::dc_b_mixes_string_and_numeric_operands ... ok
test eval::tests::binclude_emits_file_bytes_verbatim ... ok
test eval::tests::dc_b_string_literal_emits_ascii_bytes ... ok
test eval::tests::dc_b_numeric_operand_still_folds_as_before ... ok
test eval::tests::block_keywords_fold_in_the_scanning_layer ... ok
test eval::tests::dc_b_substr_operand_emits_ascii_bytes ... ok
test eval::tests::argcount_after_a_shift_counts_parameters_down_and_stops_when_exhausted ... ok
test eval::tests::dc_l_emits_big_endian_longs ... ok
test eval::tests::dc_w_emits_big_endian_words ... ok
test eval::tests::double_tilde_is_logical_not_not_two_complements ... ok
test eval::tests::ds_b_trailing_reserve_contributes_no_image_bytes ... ok
test eval::tests::ds_w_and_ds_l_reserve_scale_by_unit_width ... ok
test eval::tests::duplicate_vma_base_sections_get_distinct_names ... ok
test eval::tests::dots_selects_the_separator_for_declaration_and_instance_alike ... ok
test eval::tests::equ_keyword_defines_a_constant ... ok
test eval::tests::equate_as_16bit_operand_folds_not_fixups ... ok
test eval::tests::directive_keywords_fold_at_every_recognition_site ... ok
test eval::tests::fold_kw_leaves_lower_case_borrowed_and_does_not_touch_digits ... ok
test eval::tests::fatal_on_true_condition_is_an_error ... ok
test eval::tests::forward_equate_resolves_across_passes ... ok
test eval::tests::every_assignment_spelling_is_refused_unread ... ok
test eval::tests::every_assignment_spelling_records_an_unresolved_obligation ... ok
test eval::tests::every_value_binding_form_of_a_dot_local_reaches_the_callers_scope ... ok
test eval::tests::even_macro_takes_the_68000_arm_and_pads ... ok
test eval::tests::function_name_first_simple_double ... ok
test eval::tests::if_momcpuname_string_equality ... ok
test eval::tests::if_elseif_else_takes_one_branch ... ok
test eval::tests::ifdef_gates_emission_by_define_set ... ok
test eval::tests::if_on_a_logical_not_takes_the_arm_asl_takes ... ok
test eval::tests::if_literal_string_equality_and_inequality ... ok
test eval::tests::ifndef_guarded_equs_and_structs_still_export ... ok
test eval::tests::int_equ_is_exported_exactly_once_with_final_value ... ok
test eval::tests::functions_fold_including_truncating_div ... ok
test eval::tests::integer_switch_matching_nothing_falls_through_to_elsecase ... ok
test eval::tests::integer_switch_matching_nothing_with_no_elsecase_emits_nothing ... ok
test eval::tests::function_parameters_reach_the_string_builtins ... ok
test eval::tests::integer_switch_takes_the_matching_arm_and_not_the_first_one ... ok
test eval::tests::include_pulls_in_a_file ... ok
test eval::tests::irp_and_irpc_close_on_either_endm_or_endr ... ok
test eval::tests::irpc_walks_characters_and_irp_walks_comma_groups ... ok
test eval::tests::intlabel_consumes_no_argument_position_wherever_it_is_written ... ok
test eval::tests::intlabel_capture_leaves_the_label_to_the_macro_to_place ... ok
test eval::tests::irp_items_are_raw_text_while_irpc_evaluates_its_operand ... ok
test eval::tests::jr_dollar_relative_arithmetic_resolves_binary ... ok
test eval::tests::label_directive_binds_any_expression_as_an_address ... ok
test eval::tests::leading_comparison_operand_does_not_panic ... ok
test eval::tests::label_referencing_equ_exports_the_final_folded_value_exactly_once ... ok
test eval::tests::label_composes_the_name_the_capture_is_pasted_into ... ok
test eval::tests::logical_not_accepts_parens_negatives_and_a_following_space ... ok
test eval::tests::local_equate_resolves_in_scope ... ok
test eval::tests::fstring_format_composition_matches_asl ... ok
test eval::tests::label_star_inside_an_expansion_defines_the_callers_symbol ... ok
test eval::tests::logical_not_of_a_comparison_negates_it ... ok
test eval::tests::logical_not_binds_tighter_than_every_binary_operator ... ok
test eval::tests::logical_not_composes_with_the_boolean_connectives ... ok
test eval::tests::loop_variable_obeys_the_boundary_rule_and_is_case_sensitive ... ok
test eval::tests::logical_not_renders_back_through_a_macro_argument ... ok
test eval::tests::lowstring_lowercases_a_plain_literal ... ok
test eval::tests::m68k_bare_absolute_operand_width_selects_abs_w ... ok
test eval::tests::m68k_branch_without_size_suffix_is_a_clear_diagnostic ... ok
test eval::tests::m68k_cond_parses_all_16_condition_codes ... ok
test eval::tests::lowstring_nests_over_a_substr_argument ... ok
test eval::tests::m68k_colon_label_then_instruction_both_handled ... ok
test eval::tests::m68k_bra_w_qualifies_local_target_against_current_scope ... ok
test eval::tests::logical_not_survives_a_macro_body_round_trip ... ok
test eval::tests::lowers_common_instructions ... ok
test eval::tests::m68k_divu_word_encodes ... ok
test eval::tests::m68k_divs_word_encodes ... ok
test eval::tests::m68k_instruction_after_colon_label_lowers_the_mnemonic_not_the_operand ... ok
test eval::tests::m68k_jmp_jsr_bare_symbol_selects_width_in_front_end ... ok
test eval::tests::m68k_jsr_to_locally_resolved_symbol_is_unaffected_by_the_deferral ... ok
test eval::tests::m68k_jsr_to_genuinely_external_symbol_defers_instead_of_erroring ... ok
test eval::tests::m68k_jsr_to_genuinely_external_symbol_resolves_end_to_end_via_joint_link ... ok
test eval::tests::m68k_missing_size_suffix_is_a_clear_diagnostic ... ok
test eval::tests::m68k_jsr_to_truly_undefined_symbol_still_errors_after_joint_link ... ok
test eval::tests::m68k_mnemonic_recognizes_in_scope_bases ... ok
test eval::tests::m68k_operandless_instruction_reaches_lower_not_swallowed_as_label ... ok
test eval::tests::m68k_movep_both_directions ... ok
test eval::tests::m68k_pcrelative_disp16_lowers_via_resolve_layout_link ... ok
test eval::tests::m68k_register_words_recognized ... ok
test eval::tests::m68k_pcrelative_disp8_indexed_lowers ... ok
test eval::tests::m68k_register_indirect_operand_now_lowers_in_t5 ... ok
test eval::tests::m68k_movem_predec_reverses_mask_but_postinc_does_not ... ok
test eval::tests::macro_keyword_args_are_order_independent ... ok
test eval::tests::macro_keyword_args_bind_by_name ... ok
test eval::tests::m68k_movem_single_range_and_mixed_lists ... ok
test eval::tests::macro_names_do_not_fold ... ok
test eval::tests::macro_positional_args_still_work_alongside_keyword_binding ... ok
test eval::tests::macro_positional_params ... ok
test eval::tests::message_interpolates_and_emits_no_bytes ... ok
test eval::tests::markers_bind_the_running_offset_and_are_readable_within_the_body ... ok
test eval::tests::move_l_imm_unresolved_source_defers_with_abs_l_dest ... ok
test eval::tests::momcpu_and_true_false_are_builtin_values ... ok
test eval::tests::mnemonics_and_size_suffixes_fold ... ok
test eval::tests::movea_l_imm_unresolved_source_still_defers_with_reg_dest ... ok
test eval::tests::move_l_imm_unresolved_source_defers_with_abs_w_dest ... ok
test eval::tests::move_l_imm_unresolved_source_defers_with_disp_an_dest ... ok
test eval::tests::move_l_imm_abs_w_dest_fixup_offset_matches_resolved_control ... ok
test eval::tests::momcpu_and_true_select_the_arm_asl_selects ... ok
test eval::tests::name_brace_closes_across_a_literal_holding_a_brace ... ok
test eval::tests::name_brace_composes_a_symbol_name_from_a_string_or_an_integer ... ok
test eval::tests::name_brace_is_inert_inside_a_string_literal_and_in_a_comment ... ok
test eval::tests::nested_switch_inside_a_case_body_resolves_independently ... ok
test eval::tests::name_brace_that_does_not_resolve_is_diagnosed ... ok
test eval::tests::name_brace_composes_at_any_position_and_from_an_expression ... ok
test eval::tests::nested_if_inside_taken_branch ... ok
test eval::tests::parse_reg_list_builds_canonical_masks ... ok
test eval::tests::only_the_last_label_of_a_run_absorbs_the_pad ... ok
test eval::tests::only_the_first_matching_arm_of_a_duplicated_value_is_taken ... ok
test eval::tests::nested_integer_switches_select_independently ... ok
test eval::tests::org_with_no_section_open_yet_just_sets_the_phase_base ... ok
test eval::tests::org_forward_past_extent_opens_a_new_phase_like_section ... ok
test eval::tests::org_backpatch_seeks_in_section_and_overwrites ... ok
test eval::tests::pasted_argument_text_is_not_rescanned_for_parameter_names ... ok
test eval::tests::parentheses_around_a_string_expression_are_transparent ... ok
test eval::tests::pbyte_macro_momcpuname_allargs_under_z80 ... ok
test eval::tests::rept_constant_count ... ok
test eval::tests::phase_dephase_keeps_a_continuous_physical_counter ... ok
test eval::tests::rept_dollar_gap_fill ... ok
test eval::tests::reservation_pad_is_gated_on_padding_state ... ok
test eval::tests::reservation_pad_is_not_label_driven_and_skips_byte_units ... ok
test eval::tests::set_directive_is_not_exported ... ok
test eval::tests::set_reassigns_a_symbol ... ok
test eval::tests::save_restore_does_not_resurrect_a_dephased_phase ... ok
test eval::tests::set_self_reference_reads_the_current_value ... ok
test eval::tests::set_accumulates_inside_rept ... ok
test eval::tests::shift_carries_argument_case_into_emitted_bytes ... ok
test eval::tests::shift_empty_fills_the_parameter_vector_rather_than_rewindowing ... ok
test eval::tests::shift_drops_one_leading_group_from_allargs ... ok
test eval::tests::shift_outside_a_macro_expansion_is_an_error ... ok
test eval::tests::shift_drives_the_variadic_argument_walk ... ok
test eval::tests::split_attribute_suffix_strips_known_suffixes_only ... ok
test eval::tests::single_tilde_is_still_bitwise_complement ... ok
test eval::tests::split_dot_suffix_only_splits_a_single_trailing_letter ... ok
test eval::tests::split_mnemonic_and_size_strips_known_suffixes ... ok
test eval::tests::shift_walks_the_parameters_one_argument_at_a_time ... ok
test eval::tests::string_equ_is_not_exported ... ok
test eval::tests::strlen_of_a_plain_string_literal ... ok
test eval::tests::strstr_finds_the_last_character ... ok
test eval::tests::string_set_folds_interpolation_at_binding_time ... ok
test eval::tests::strlen_resolves_a_string_equ_symbol ... ok
test eval::tests::strstr_absent_is_minus_one ... ok
test eval::tests::strstr_nests_over_a_substr_argument ... ok
test eval::tests::strstr_present_mid_string ... ok
test eval::tests::struct_len_and_field_offsets_are_exported_as_equ_syms ... ok
test eval::tests::substr_negative_pos_counts_below_the_buffer ... ok
test eval::tests::substr_negative_pos_decides_a_guarded_if ... ok
test eval::tests::switch_case_selects_the_matching_body ... ok
test eval::tests::substr_negative_pos_prefix_is_nul ... ok
test eval::tests::switch_and_case_operands_are_full_expressions_not_literals ... ok
test eval::tests::struct_three_byte_fields_len_and_offsets ... ok
test eval::tests::struct_word_field_pads_running_offset_to_even_under_padding_on ... ok
test eval::tests::substr_bounded_length ... ok
test eval::tests::struct_offsets_and_len_drive_indexed_disp ... ok
test eval::tests::struct_word_field_uses_naive_offset_under_padding_off ... ok
test eval::tests::substr_len_zero_means_to_the_end ... ok
test eval::tests::switch_with_no_matching_case_and_no_elsecase_emits_nothing ... ok
test eval::tests::switch_falls_through_to_elsecase_when_nothing_matches ... ok
test eval::tests::struct_symbols_are_pre_pad_while_elements_are_post_pad ... ok
test eval::tests::symbols_differing_only_in_case_stay_distinct ... ok
test eval::tests::the_keyword_memo_key_covers_the_code_page ... ok
test eval::tests::the_captured_label_obeys_the_same_boundary_rule_as_a_parameter ... ok
test eval::tests::the_capture_declaration_and_its_reference_both_fold_case ... ok
test eval::tests::the_deferral_crosses_comments_and_stops_at_end_of_file ... ok
test eval::tests::trailing_align_contributes_no_image_bytes ... ok
test eval::tests::triple_tilde_is_logical_not_of_a_complement ... ok
test eval::tests::unlexable_operand_does_not_break_conditional_nesting ... ok
test eval::tests::two_level_forward_chain_resolves ... ok
test eval::tests::unrecognized_column_zero_head_under_z80_is_still_a_label ... ok
test eval::tests::unrecognized_indented_head_under_z80_is_loud_not_a_label ... ok
test eval::tests::uppercase_cpu_directive_selects_the_68000 ... ok
test eval::tests::the_jmp_table_gate_emits_its_table ... ok
test eval::tests::val_evaluates_a_symbol_plus_arithmetic_in_the_string ... ok
test eval::tests::val_parses_a_decimal_string ... ok
test eval::tests::val_parses_a_dollar_hex_string ... ok
test eval::tests::while_loop_never_entered_emits_nothing ... ok
test eval::tests::while_loop_reevaluates_condition_each_iteration ... ok
test eval::tests::while_loop_nested_inside_a_macro_body_does_not_truncate_the_macro ... ok
test eval::tests::word_sized_reservation_pads_to_even ... ok
test expr::tests::arithmetic_and_precedence ... ok
test lexer::tests::char_constant_packs_big_endian ... ok
test expr::tests::hash_modulo_and_precedence ... ok
test lexer::tests::comment_stripped_and_string_and_indexed ... ok
test expr::tests::symbols_and_dollar ... ok
test lexer::tests::float_literal_lexes_as_a_single_token ... ok
test lexer::tests::binary_literal_percent_prefix ... ok
test lexer::tests::lex_line_recover_keeps_the_head_before_a_bad_operand ... ok
test lexer::tests::m68k_dollar_hex ... ok
test lexer::tests::m68k_hash_immediate_marker ... ok
test lexer::tests::malformed_number_is_a_diagnostic_not_a_panic ... ok
test lexer::tests::operators_maximal_munch ... ok
test lexer::tests::z80_hex_decimal_and_dollar ... ok
test lexer::tests::identifiers_locals_dotted_and_shadow ... ok
test operands::tests::absolute_mem_vs_symbol_value ... ok
test operands::tests::hash_immediate_marker_produces_imm_atom ... ok
test operands::tests::indexed_with_symbolic_and_plus_one_disp ... ok
test operands::tests::m68k_abs_does_not_misparse_register_indirect ... ok
test operands::tests::m68k_abs_w_and_l_forms_parse ... ok
test operands::tests::m68k_abs_w_handles_large_and_negative_values ... ok
test operands::tests::m68k_as_inside_paren_forms_still_parse ... ok
test operands::tests::m68k_disp16_an_form_parses ... ok
test operands::tests::m68k_disp8_an_xn_form_parses_word_and_long_index ... ok
test operands::tests::m68k_ind_form_parses ... ok
test operands::tests::m68k_motorola_predisp_numeric_and_symbolic ... ok
test operands::tests::m68k_postinc_form_parses ... ok
test operands::tests::m68k_motorola_preidx_word_and_long ... ok
test operands::tests::m68k_predec_form_parses ... ok
test operands::tests::two_operands_reg_and_value ... ok
test operands::tests::word_and_paren_forms ... ok
test parser::tests::bare_instruction ... ok
test expr::depth_guard_tests::ordinary_nesting_still_parses ... ok
test parser::tests::explicit_colon_label_split ... ok
test operands::tests::m68k_zero_disp_indexed_paren_form ... ok
test parser::tests::no_colon_label_stays_in_tokens ... ok
test state::tests::caller_declaring_the_cpu_counts_as_declared ... ok
test state::tests::cpu_directive_resets_padding_even_to_same_cpu ... ok
test state::tests::only_a_declaration_latches_declared ... ok
test state::tests::restore_does_not_touch_phase_displacement ... ok
test state::tests::restore_same_cpu_preserves_padding_and_never_restores_saved ... ok
test state::tests::restore_with_cpu_change_resets_padding_to_default ... ok
test state::tests::restore_without_save_is_an_error ... ok
test state::tests::save_and_restore_do_not_bracket_the_code_page ... ok
test expr::depth_guard_tests::deep_unary_chains_do_not_abort ... ok
test expr::depth_guard_tests::deep_parens_are_refused_not_aborted ... ok
test eval::tests::a_block_body_is_lexed_once_regardless_of_nesting_depth ... ok
test eval::tests::while_loop_non_convergent_condition_diagnoses_instead_of_hanging ... ok

test result: ok. 309 passed; 0 failed; 0 ignored; 0 measured; 0 filtered out; finished in 0.02s

     Running unittests src/bin/gen_snippet_vectors.rs (/home/volence/sonic_hacks/.scratch/width-suffix/target-base/release/deps/gen_snippet_vectors-0fd3a4a0e0fa0f3b)

running 4 tests
test asl_provenance::tests::md5_matches_rfc1321_test_suite ... ok
test asl_provenance::tests::refuses_a_binary_it_cannot_identify ... ok
test asl_provenance::tests::stamp_tracks_the_bytes_it_is_given ... ok
test asl_provenance::tests::no_digest_literal_in_this_source ... ok

test result: ok. 4 passed; 0 failed; 0 ignored; 0 measured; 0 filtered out; finished in 0.00s

     Running tests/as_abs_w_window.rs (/home/volence/sonic_hacks/.scratch/width-suffix/target-base/release/deps/as_abs_w_window-e4e86b713d2ad39e)

running 5 tests
test route_3_deferred_lea_is_refused_by_the_linker_and_accepted_inside_the_window ... ok
test route_2_deferred_long_immediate_refuses_an_eager_destination_outside_the_window ... ok
test route_1_eager_fold_refuses_an_address_outside_the_window ... ok
test route_4_deferred_jmp_is_refused_by_the_linker_and_accepted_inside_the_window ... ok
test addresses_inside_the_window_keep_their_low_word ... ok

test result: ok. 5 passed; 0 failed; 0 ignored; 0 measured; 0 filtered out; finished in 0.00s

     Running tests/as_address_space.rs (/home/volence/sonic_hacks/.scratch/width-suffix/target-base/release/deps/as_address_space-bfe556199ced2538)

running 12 tests
test a_phased_z80_block_with_no_org_is_in_the_image ... ok
test a_driver_org_d_to_z80_zero_is_a_second_space_entered_at_its_org ... ok
test a_seek_back_that_an_image_section_closes_behind_pins_the_next_section_at_its_labels ... ok
test a_label_between_the_org_and_the_cpu_line_does_not_decide ... ok
test a_seek_back_that_its_section_closes_behind_enters_the_space_too ... ok
test a_z80_program_at_org_0_is_the_image ... ok
test an_org_with_a_phase_open_is_an_image_placement ... ok
test an_org_inside_a_driver_stays_in_the_driver_s_space ... ok
test the_image_cpu_is_the_first_section_with_content ... ok
test an_inline_z80_block_with_no_org_and_no_phase_is_in_the_image ... ok
test two_entries_from_the_image_are_two_spaces ... ok
test a_second_space_behind_sections_with_no_content_is_placed_at_its_org ... ok

test result: ok. 12 passed; 0 failed; 0 ignored; 0 measured; 0 filtered out; finished in 0.00s

     Running tests/as_align_range.rs (/home/volence/sonic_hacks/.scratch/width-suffix/target-base/release/deps/as_align_range-58a7ff36f576d04c)

running 5 tests
test align_ffffffff_is_accepted_by_the_count_check ... ok
test align_two_to_the_32_is_refused_not_a_panic ... ok
test align_two_to_the_32_plus_one_is_refused_not_a_no_op ... ok
test align_ffff_is_the_asl_control_and_still_assembles ... ok
test align_zero_and_negative_are_refused_with_the_same_window ... ok

test result: ok. 5 passed; 0 failed; 0 ignored; 0 measured; 0 filtered out; finished in 0.00s

     Running tests/as_arith_fault.rs (/home/volence/sonic_hacks/.scratch/width-suffix/target-base/release/deps/as_arith_fault-bfe2a3f456d3d22f)

running 5 tests
test a_left_shift_that_loses_bits_is_refused_as_overflow ... ok
test a_shift_amount_outside_the_64_bit_value_is_refused ... ok
test division_by_zero_in_an_immediate_is_refused_not_a_zero_placeholder ... ok
test controls_fold_as_before ... ok
test multiply_add_and_negate_overflow_are_refused ... ok

test result: ok. 5 passed; 0 failed; 0 ignored; 0 measured; 0 filtered out; finished in 0.00s

     Running tests/as_binder_opens_scope.rs (/home/volence/sonic_hacks/.scratch/width-suffix/target-base/release/deps/as_binder_opens_scope-af329fc85f57f17a)

running 12 tests
test a_binder_whose_value_does_not_resolve_opens_no_scope ... ok
test a_dotted_binder_opens_no_scope ... ok
test a_set_binds_the_local_to_the_binder ... ok
test a_plain_label_still_opens_a_scope ... ok
test a_string_set_binds_the_local_to_the_binder ... ok
test an_equ_binds_the_local_to_the_binder ... ok
test the_comma_operand_form_binds_the_local_to_the_binder ... ok
test the_label_directive_still_opens_a_scope ... ok
test the_preceding_label_is_no_longer_the_parent_after_an_equ ... ok
test a_set_inside_a_macro_opens_the_scope_in_the_caller ... ok
test the_preceding_label_is_no_longer_the_parent_after_a_set ... ok
test the_right_hand_side_is_evaluated_in_the_previous_scope ... ok

test result: ok. 12 passed; 0 failed; 0 ignored; 0 measured; 0 filtered out; finished in 0.00s

     Running tests/as_charset.rs (/home/volence/sonic_hacks/.scratch/width-suffix/target-base/release/deps/as_charset-5757d4169ac0bd8e)

running 14 tests
test a_range_target_wraps_at_the_top_of_the_page ... ok
test a_second_charset_accumulates_and_an_unmapped_character_passes_through ... ok
test a_character_constant_packs_the_mapped_bytes ... ok
test a_string_in_an_expression_packs_the_mapped_bytes ... ok
test a_charset_operand_reads_through_the_live_page ... ok
test a_string_target_assigns_consecutive_raw_bytes ... ok
test only_zero_two_or_three_operands ... ok
test every_pass_starts_from_the_identity_page ... ok
test a_string_target_past_the_end_of_the_page_is_refused_whole ... ok
test save_and_restore_do_not_bracket_the_page ... ok
test an_unresolved_operand_is_refused_and_a_forward_reference_is_not ... ok
test an_out_of_range_operand_is_refused_and_applies_nothing ... ok
test the_sonic_1_preamble_matches_the_reference_listing ... ok
test the_page_crosses_include_and_macro_boundaries_in_both_directions ... ok

test result: ok. 14 passed; 0 failed; 0 ignored; 0 measured; 0 filtered out; finished in 0.00s

     Running tests/as_dc_word_long_range.rs (/home/volence/sonic_hacks/.scratch/width-suffix/target-base/release/deps/as_dc_word_long_range-e1fa790a71660586)

running 11 tests
test dc_l_above_the_unsigned_ceiling_is_refused_not_truncated ... ok
test dc_l_below_the_signed_floor_is_refused ... ok
test dc_w_above_the_unsigned_ceiling_is_refused_not_truncated ... ok
test dc_l_in_range_signed_and_unsigned_values_assemble_as_asl ... ok
test dc_w_at_65536_is_refused ... ok
test dc_w_below_the_signed_floor_is_refused ... ok
test dc_w_in_range_signed_and_unsigned_values_assemble_as_asl ... ok
test z80_dw_above_the_unsigned_ceiling_is_refused_not_truncated ... ok
test z80_dw_below_the_signed_floor_is_refused ... ok
test z80_dw_in_range_values_assemble_as_asl ... ok
test dc_w_of_a_label_beyond_the_word_window_is_refused ... ok

test result: ok. 11 passed; 0 failed; 0 ignored; 0 measured; 0 filtered out; finished in 0.00s

     Running tests/as_defined_builtin.rs (/home/volence/sonic_hacks/.scratch/width-suffix/target-base/release/deps/as_defined_builtin-1b03cae866aaab84)

running 9 tests
test a_bare_defined_is_an_ordinary_symbol ... ok
test defined_answers_from_the_position_in_the_file ... ok
test a_user_function_of_that_name_wins ... ok
test the_builtin_name_folds_case_but_the_argument_does_not ... ok
test the_verdict_composes_in_arithmetic ... ok
test a_non_name_argument_is_zero_and_not_an_error ... ok
test set_equ_and_builtins_count_but_a_macro_name_does_not ... ok
test defined_of_a_forward_label_is_zero_on_the_pass_that_emits ... ok
test the_corpus_guard_shape_does_not_fire ... ok

test result: ok. 9 passed; 0 failed; 0 ignored; 0 measured; 0 filtered out; finished in 0.00s

     Running tests/as_disp_vs_function.rs (/home/volence/sonic_hacks/.scratch/width-suffix/target-base/release/deps/as_disp_vs_function-cd4067323c22d245)

running 4 tests
test a_two_element_trailing_group_is_an_addressing_mode_not_a_two_arg_call ... ok
test a_function_only_name_over_an_address_register_is_an_undefined_symbol ... ok
test the_insn2op_displacement_arm_takes_the_equate_not_the_function ... ok
test a_call_in_the_displacement_still_expands ... ok

test result: ok. 4 passed; 0 failed; 0 ignored; 0 measured; 0 filtered out; finished in 0.00s

     Running tests/as_ds_range.rs (/home/volence/sonic_hacks/.scratch/width-suffix/target-base/release/deps/as_ds_range-c99a925a4996a7ea)

running 6 tests
test ds_b_ffffffff_at_offset_zero_is_accepted_by_every_check ... ok
test ds_b_two_to_the_32_is_refused_not_a_zero_reservation ... ok
test ds_b_ffffffff_at_offset_one_is_refused_where_the_cursor_would_wrap ... ok
test ds_negative_is_refused_with_the_window ... ok
test ds_controls_still_reserve_exactly_their_bytes ... ok
test ds_w_two_to_the_31_is_refused_where_the_byte_total_overflows ... ok

test result: ok. 6 passed; 0 failed; 0 ignored; 0 measured; 0 filtered out; finished in 0.00s

     Running tests/as_dup_operand_and_listing.rs (/home/volence/sonic_hacks/.scratch/width-suffix/target-base/release/deps/as_dup_operand_and_listing-38c441f32a01c7cf)

running 16 tests
test a_column_zero_listing_is_the_directive_not_a_label ... ok
test a_bracket_anywhere_else_is_still_refused ... ok
test a_negative_count_is_refused_by_name ... ok
test a_count_group_is_one_operand_among_others ... ok
test a_count_with_no_value_is_refused_by_name ... ok
test a_string_value_repeats_whole ... ok
test a_zero_count_emits_nothing ... ok
test listing_and_page_are_accepted_on_both_cpus_and_emit_nothing ... ok
test a_count_may_be_an_expression_or_an_earlier_symbol ... ok
test a_forward_referenced_count_resolves_here_where_asl_refuses ... ok
test a_count_repeats_the_value_at_every_dc_width ... ok
test the_undecorated_forms_still_assemble ... ok
test the_macrosetup_dcb_macro_shape_expands ... ok
test an_unresolvable_count_is_refused_rather_than_dropped ... ok
test listing_and_page_check_both_ends_of_their_arity ... ok
test a_count_past_the_1kb_comment_still_assembles ... ok

test result: ok. 16 passed; 0 failed; 0 ignored; 0 measured; 0 filtered out; finished in 0.00s

     Running tests/as_empty_parens.rs (/home/volence/sonic_hacks/.scratch/width-suffix/target-base/release/deps/as_empty_parens-28d44131443b4903)

running 7 tests
test an_empty_operand_is_still_refused ... ok
test an_empty_group_is_zero_in_68000_operands ... ok
test a_z80_operand_of_empty_parens_is_an_immediate_not_an_indirection ... ok
test a_user_function_counts_its_arguments_the_way_asl_does ... ok
test an_empty_group_is_zero_in_every_data_width ... ok
test an_omitted_macro_argument_pastes_as_zero ... ok
test an_empty_group_is_zero_where_a_directive_wants_a_constant ... ok

test result: ok. 7 passed; 0 failed; 0 ignored; 0 measured; 0 filtered out; finished in 0.00s

     Running tests/as_end_directive.rs (/home/volence/sonic_hacks/.scratch/width-suffix/target-base/release/deps/as_end_directive-533e8a097a522138)

running 3 tests
test end_terminates_without_raising_a_diagnostic ... ok
test end_under_a_false_conditional_does_not_stop_the_assembly ... ok
test end_in_an_included_file_stops_the_whole_unit ... ok

test result: ok. 3 passed; 0 failed; 0 ignored; 0 measured; 0 filtered out; finished in 0.00s

     Running tests/as_enum_directives.rs (/home/volence/sonic_hacks/.scratch/width-suffix/target-base/release/deps/as_enum_directives-d775247b385dea12)

running 13 tests
test bare_leading_nextenum_starts_at_zero_without_diagnostic ... ok
test default_start_is_zero ... ok
test empty_operand_lists_are_refused ... ok
test enum_resets_the_counter ... ok
test enum_restarts_and_nextenum_continues ... ok
test enumconf_is_not_retroactive ... ok
test enumconf_sets_the_step ... ok
test member_resolves_above_its_own_enum_line ... ok
test explicit_member_value_moves_the_counter ... ok
test step_persists_across_enum ... ok
test start_may_be_an_expression ... ok
test step_may_be_negative_or_zero ... ok
test corpus_pitch_and_note_tables_match_asl ... ok

test result: ok. 13 passed; 0 failed; 0 ignored; 0 measured; 0 filtered out; finished in 0.00s

     Running tests/as_eval_directive.rs (/home/volence/sonic_hacks/.scratch/width-suffix/target-base/release/deps/as_eval_directive-5511fba722a3b817)

running 5 tests
test eval_operand_form_needs_exactly_a_name_and_a_value ... ok
test indented_colonless_eval_is_an_instruction_not_an_assignment ... ok
test indented_colonless_set_is_an_instruction_not_an_assignment ... ok
test eval_in_operand_position_still_emits ... ok
test a_user_macro_named_eval_beats_the_directive ... ok

test result: ok. 5 passed; 0 failed; 0 ignored; 0 measured; 0 filtered out; finished in 0.00s

     Running tests/as_fatal_survives_its_pass.rs (/home/volence/sonic_hacks/.scratch/width-suffix/target-base/release/deps/as_fatal_survives_its_pass-48efddc2ccdf64bf)

running 8 tests
test a_fatal_on_a_non_final_pass_is_reported ... ok
test an_unguarded_fatal_is_still_reported ... ok
test a_fatal_on_the_final_pass_is_reported_once ... ok
test a_warning_on_every_pass_is_reported_once ... ok
test a_warning_on_the_final_pass_is_reported_once ... ok
test a_carried_warning_names_the_file_it_was_written_in ... ok
test a_carried_fatal_names_the_file_it_was_written_in ... ok
test a_warning_on_a_non_final_pass_is_reported ... ok

test result: ok. 8 passed; 0 failed; 0 ignored; 0 measured; 0 filtered out; finished in 0.00s

     Running tests/as_float_int.rs (/home/volence/sonic_hacks/.scratch/width-suffix/target-base/release/deps/as_float_int-484fb4d7d79d7df8)

running 25 tests
test a_float_comparison_yields_an_integer_and_is_accepted ... ok
test a_float_builtin_result_is_refused_in_an_integer_slot ... ok
test a_float_set_symbol_is_reassignable ... ok
test a_float_in_an_integer_context_is_refused ... ok
test a_symbol_may_hold_a_float ... ok
test a_leading_plus_is_a_sign ... ok
test builtin_names_are_case_insensitive ... ok
test an_unknown_function_name_is_not_treated_as_a_builtin ... ok
test abs_resolves_in_a_plain_integer_context ... ok
test an_out_of_domain_or_out_of_range_argument_is_refused ... ok
test int_floors_a_negative_including_through_log ... ok
test float_builtin_surface_matches_asl ... ok
test int_floors_and_passes_integers_through ... ok
test int_is_case_insensitive ... ok
test ln_over_ln10_is_a_ulp_short_at_1000 ... ok
test int_with_an_integer_argument_pins_the_wiring_at_every_width ... ok
test int_works_at_every_dc_width ... ok
test int_works_in_z80_db_and_dw ... ok
test integer_division_stays_integer_inside_int ... ok
test hud_counter_loop_counters_match_asl ... ok
test fm_notes_base_octave_matches_asl ... ok
test round_idiom_matches_asl_at_the_halfway_points ... ok
test log_is_base_ten_and_ln_is_natural ... ok
test reassigning_a_float_symbol_to_an_integer_clears_the_float ... ok
test psg_frequencies_match_asl_including_the_min_clamp ... ok

test result: ok. 25 passed; 0 failed; 0 ignored; 0 measured; 0 filtered out; finished in 0.00s

     Running tests/as_include_repeat.rs (/home/volence/sonic_hacks/.scratch/width-suffix/target-base/release/deps/as_include_repeat-e8ab34eeae912869)

running 10 tests
test a_header_included_twice_assembles_twice ... ok
test a_diamond_assembles_the_shared_file_twice ... ok
test a_re_included_header_re_runs_its_directives ... ok
test the_bound_constant_matches_what_asl_measured ... ok
test three_spellings_of_one_path_are_three_inclusions ... ok
test a_self_including_file_is_refused_for_depth ... ok
test mutual_recursion_between_two_files_is_refused_for_depth ... ok
test the_depth_refusal_terminates_the_assembly ... ok
test sibling_includes_do_not_accumulate_depth ... ok
test nesting_is_clean_at_the_bound_and_refused_one_level_past ... ok

test result: ok. 10 passed; 0 failed; 0 ignored; 0 measured; 0 filtered out; finished in 0.00s

     Running tests/as_insn_operand_builtins.rs (/home/volence/sonic_hacks/.scratch/width-suffix/target-base/release/deps/as_insn_operand_builtins-5104de7e47e42661)

running 3 tests
test a_builtin_name_used_as_a_displacement_symbol_is_untouched ... ok
test builtins_in_every_instruction_operand_position ... ok
test the_sonic_2_jump_table_generator ... ok

test result: ok. 3 passed; 0 failed; 0 ignored; 0 measured; 0 filtered out; finished in 0.00s

     Running tests/as_int_builtins.rs (/home/volence/sonic_hacks/.scratch/width-suffix/target-base/release/deps/as_int_builtins-c47fd45924ed276b)

running 22 tests
test a_user_function_spelled_like_a_builtin_wins ... ok
test an_empty_argument_is_refused_where_zero_is ... ok
test bitpos_refuses_anything_but_one_positive_bit ... ok
test a_builtin_name_is_the_builtin_only_in_call_shape ... ok
test bitpos_works_wherever_an_integer_is_read ... ok
test an_empty_argument_is_zero_for_every_builtin ... ok
test bitpos_matches_asl_over_every_value_it_accepts ... ok
test bitcnt_works_wherever_an_integer_is_read ... ok
test sgn_reaches_substr_s_length_through_a_user_function ... ok
test firstbit_works_wherever_an_integer_is_read ... ok
test sgn_takes_a_float_and_answers_an_integer ... ok
test sgn_works_wherever_an_integer_is_read ... ok
test what_asl_refuses_in_sgn_is_refused ... ok
test what_asl_refuses_in_firstbit_is_refused ... ok
test what_asl_refuses_in_bitcnt_is_refused ... ok
test what_asl_refuses_in_bitpos_is_refused ... ok
test toupper_and_tolower_work_wherever_an_integer_is_read ... ok
test what_asl_refuses_in_toupper_and_tolower_is_refused ... ok
test toupper_and_tolower_match_asl_over_every_code ... ok
test bitcnt_matches_asl_over_its_table ... ok
test sgn_matches_asl_over_its_tables ... ok
test firstbit_matches_asl_over_its_table ... ok

test result: ok. 22 passed; 0 failed; 0 ignored; 0 measured; 0 filtered out; finished in 0.00s

     Running tests/as_interp_radix.rs (/home/volence/sonic_hacks/.scratch/width-suffix/target-base/release/deps/as_interp_radix-306dca4ce27ddef8)

running 10 tests
test a_nested_interpolation_inside_a_name_group_renders_in_hex ... ok
test a_function_return_interpolates_in_the_same_hex ... ok
test a_negative_integer_interpolates_as_64_bit_twos_complement_hex ... ok
test a_label_address_interpolates_in_hex ... ok
test an_equ_string_bound_from_an_interpolation_emits_the_hex_characters ... ok
test symbol_name_composition_stays_decimal ... ok
test zero_interpolates_as_a_single_digit ... ok
test a_string_bound_from_an_interpolation_emits_the_hex_characters ... ok
test error_and_fatal_share_the_hex_rendering ... ok
test a_positive_integer_interpolates_as_bare_uppercase_hex ... ok

test result: ok. 10 passed; 0 failed; 0 ignored; 0 measured; 0 filtered out; finished in 0.00s

     Running tests/as_interp_shapes.rs (/home/volence/sonic_hacks/.scratch/width-suffix/target-base/release/deps/as_interp_shapes-9f89e6f36beda862)

running 12 tests
test a_string_symbol_composes_a_name_through_a_nested_interpolation ... ok
test a_float_division_pastes_decimal_and_an_integral_float_has_no_point ... ok
test the_z80_program_counter_interpolates_under_cpu_z80 ... ok
test a_string_symbol_pastes_its_characters ... ok
test a_float_symbol_pastes_its_value ... ok
test a_string_symbol_beside_numeric_interpolations ... ok
test a_long_float_is_cut_the_way_asl_cuts_it ... ok
test two_interpolations_in_one_string ... ok
test the_s2disasm_rom_size_line_renders_as_asl_renders_it ... ok
test integer_shapes_paste_uppercase_hex ... ok
test a_comparison_over_floats_pastes_an_integer ... ok
test a_float_keeps_its_exponent_only_when_written_out_it_would_not_fit ... ok

test result: ok. 12 passed; 0 failed; 0 ignored; 0 measured; 0 filtered out; finished in 0.00s

     Running tests/as_lastbit.rs (/home/volence/sonic_hacks/.scratch/width-suffix/target-base/release/deps/as_lastbit-bf47d14c2004df9c)

running 4 tests
test what_asl_refuses_is_refused ... ok
test lastbit_is_the_highest_set_bit_of_a_64_bit_integer ... ok
test sonic_2_s_end_of_rom_pad_assembles ... ok
test lastbit_works_wherever_an_integer_is_read ... ok

test result: ok. 4 passed; 0 failed; 0 ignored; 0 measured; 0 filtered out; finished in 0.00s

     Running tests/as_macro_args_text.rs (/home/volence/sonic_hacks/.scratch/width-suffix/target-base/release/deps/as_macro_args_text-f524c804cfe032f3)

running 6 tests
test a_parameter_default_is_pasted_as_written ... ok
test a_pasted_argument_is_still_judged_where_it_is_used ... ok
test sonic_2_s_palette_call_assembles ... ok
test a_keyword_argument_splits_at_its_first_equals_sign ... ok
test arguments_split_at_commas_and_keep_their_insides ... ok
test every_argument_is_pasted_as_written ... ok

test result: ok. 6 passed; 0 failed; 0 ignored; 0 measured; 0 filtered out; finished in 0.00s

     Running tests/as_macro_body_label.rs (/home/volence/sonic_hacks/.scratch/width-suffix/target-base/release/deps/as_macro_body_label-3daea7d6b67f158d)

running 14 tests
test a_file_level_label_still_resolves_from_inside_an_expansion ... ok
test a_forward_reference_inside_the_body_reads_its_own_expansion ... ok
test a_macro_body_label_reads_back_per_expansion_instance ... ok
test a_constant_valued_label_directive_is_not_placed_at_the_expansion ... ok
test a_value_binding_form_in_a_macro_body_stays_global ... ok
test a_sibling_expansions_label_is_undefined ... ok
test all_three_pc_label_spellings_localize ... ok
test an_enclosing_expansions_label_is_visible_to_a_nested_one ... ok
test the_label_directive_reads_back_from_inside_its_own_body ... ok
test two_expansions_declaring_the_same_label_directive_collide ... ok
test an_inner_expansions_label_is_undefined_in_the_outer_body ... ok
test the_label_directive_with_a_pc_operand_escapes_the_macro_body ... ok
test an_expansion_label_is_undefined_at_file_level ... ok
test rept_irp_and_while_localize_per_iteration ... ok

test result: ok. 14 passed; 0 failed; 0 ignored; 0 measured; 0 filtered out; finished in 0.00s

     Running tests/as_macro_breadth_budget.rs (/home/volence/sonic_hacks/.scratch/width-suffix/target-base/release/deps/as_macro_breadth_budget-c57fe7799fa5b929)

running 3 tests
test linear_self_recursion_assembles_as_asl ... ok
test many_independent_expansions_stay_within_the_budget ... ok
test a_macro_calling_itself_twice_is_refused_in_bounded_time ... ok

test result: ok. 3 passed; 0 failed; 0 ignored; 0 measured; 0 filtered out; finished in 1.48s

     Running tests/as_macro_call_site_trail.rs (/home/volence/sonic_hacks/.scratch/width-suffix/target-base/release/deps/as_macro_call_site_trail-c39f1c4676dbad86)

running 13 tests
test a_body_written_in_an_included_file_is_named_by_its_call ... ok
test a_body_line_reported_once_per_pass_stays_reported_once ... ok
test a_carried_warning_is_matched_by_position_when_run_ids_shift_between_passes ... ok
test a_call_written_in_an_included_file_names_that_file ... ok
test a_line_outside_every_expansion_is_located_as_before ... ok
test each_call_of_a_macro_names_its_own_line ... ok
test a_file_level_loop_is_a_frame_named_by_its_closing_line ... ok
test nested_macros_print_every_frame_outermost_first ... ok
test a_file_included_from_a_macro_body_is_named_alone ... ok
test an_expansion_assembles_the_bytes_its_body_says ... ok
test a_warning_in_a_macro_carries_the_trail_too ... ok
test a_space_follows_a_macro_frame_and_not_a_loop_frame ... ok
test a_loop_in_a_macro_is_a_frame_entered_from_its_closing_line ... ok

test result: ok. 13 passed; 0 failed; 0 ignored; 0 measured; 0 filtered out; finished in 0.00s

     Running tests/as_macro_dot_scope_after_call.rs (/home/volence/sonic_hacks/.scratch/width-suffix/target-base/release/deps/as_macro_dot_scope_after_call-b2430727d8352b5a)

running 8 tests
test a_body_that_writes_no_plain_label_leaves_the_callers_scope_alone ... ok
test a_body_label_inside_a_loop_iteration_moves_the_scope_too ... ok
test a_dot_local_that_crosses_the_call_binds_the_name_asl_binds ... ok
test a_dot_local_under_a_body_label_is_looked_up_in_the_expansion_then_outside ... ok
test inside_the_body_a_binding_or_reference_after_its_plain_label_uses_that_label ... ok
test the_option_twins_and_a_labelled_call_follow_the_same_rule ... ok
test a_nested_body_label_moves_the_scope_of_every_body_it_returns_to ... ok
test a_plain_label_in_a_macro_body_is_the_callers_dot_scope_after_the_call ... ok

test result: ok. 8 passed; 0 failed; 0 ignored; 0 measured; 0 filtered out; finished in 0.00s

     Running tests/as_macro_label_leak.rs (/home/volence/sonic_hacks/.scratch/width-suffix/target-base/release/deps/as_macro_label_leak-74e1fd4cdb69de18)

running 13 tests
test a_globalsymbols_expansion_nested_with_a_plain_one_is_transparent_there_too ... ok
test a_dot_label_under_a_body_label_stays_in_the_expansion ... ok
test two_expansions_may_write_the_same_substituted_label ... ok
test a_nameless_label_written_in_a_macro_body_is_out_of_reach_after_the_expansion ... ok
test a_nameless_label_in_a_loop_iteration_belongs_to_that_iteration ... ok
test a_label_whose_name_the_body_does_not_spell_stays_in_its_expansion ... ok
test an_enum_member_written_in_a_body_or_a_loop_stays_there ... ok
test a_nameless_reference_made_before_a_call_cannot_reach_a_definition_in_the_body ... ok
test a_substituted_label_reads_back_inside_its_own_body_before_and_after_it ... ok
test a_label_in_a_file_included_from_a_body_belongs_to_that_expansion ... ok
test a_macro_body_reaches_nameless_definitions_outside_it_in_both_directions ... ok
test a_globalsymbols_expansion_opens_no_namespace_of_its_own ... ok
test the_shapes_asl_and_sigil_already_agreed_on_stay_agreed ... ok

test result: ok. 13 passed; 0 failed; 0 ignored; 0 measured; 0 filtered out; finished in 0.00s

     Running tests/as_message_stdout.rs (/home/volence/sonic_hacks/.scratch/width-suffix/target-base/release/deps/as_message_stdout-cb650ba13a39f2b6)

running 7 tests
test a_failing_run_still_returns_the_messages_of_its_final_pass ... ok
test a_message_in_a_macro_prints_once_per_expansion ... ok
test a_message_guarded_to_later_passes_prints_once ... ok
test a_message_prints_once_with_the_converged_value_of_a_forward_reference ... ok
test messages_from_an_included_file_keep_execution_order ... ok
test a_message_on_the_first_pass_only_is_not_printed ... ok
test a_message_interpolates_a_parenthesised_float_division ... ok

test result: ok. 7 passed; 0 failed; 0 ignored; 0 measured; 0 filtered out; finished in 0.00s

     Running tests/as_mompass_builtin.rs (/home/volence/sonic_hacks/.scratch/width-suffix/target-base/release/deps/as_mompass_builtin-a88b14ec806cc611)

running 10 tests
test a_source_definition_does_not_displace_the_builtin ... ok
test mompass_eq_one_is_false_on_the_pass_that_emits ... ok
test mompass_eq_three_is_false ... ok
test mompass_eq_two_decides_the_corpus_shape_the_way_asl_does ... ok
test mompass_eq_two_guarding_an_emission_diverges_from_asl ... ok
test mompass_gt_one_is_true_on_the_pass_that_emits ... ok
test mompass_no_longer_refuses_as_an_unresolved_condition ... ok
test one_pass_asl_file_is_a_known_divergence ... ok
test mompass_reads_as_two_on_the_pass_that_emits ... ok
test mompass_in_the_compound_corpus_condition ... ok

test result: ok. 10 passed; 0 failed; 0 ignored; 0 measured; 0 filtered out; finished in 0.00s

     Running tests/as_nameless_labels.rs (/home/volence/sonic_hacks/.scratch/width-suffix/target-base/release/deps/as_nameless_labels-54c920702bc4f307)

running 11 tests
test a_backward_reference_past_the_definitions_is_refused ... ok
test a_multi_plus_definition_names_the_slot_that_many_ahead ... ok
test a_lone_nameless_label_absorbs_a_pad_like_a_named_one ... ok
test a_nameless_label_may_open_a_rept_block ... ok
test double_minus_and_double_slash_are_not_definitions ... ok
test ordinals_count_forward_and_backward_and_slash_counts_for_both ... ok
test sigil_still_accepts_the_expression_asl_refuses_here ... ok
test a_nameless_definition_must_sit_in_column_one ... ok
test a_same_line_definition_is_visible_backward_and_not_forward ... ok
test every_accepted_plus_minus_expression_matches_the_reference ... ok
test the_four_corpus_shapes_match_the_reference ... ok

test result: ok. 11 passed; 0 failed; 0 ignored; 0 measured; 0 filtered out; finished in 0.00s

     Running tests/as_nameless_plus_run_count.rs (/home/volence/sonic_hacks/.scratch/width-suffix/target-base/release/deps/as_nameless_plus_run_count-b16f64243b32a024)

running 6 tests
test a_nameless_definition_is_at_most_three_plus_signs ... ok
test a_nameless_reference_is_at_most_three_signs ... ok
test a_plus_run_in_a_macro_body_or_a_loop_iteration_leaves_the_counter_too ... ok
test a_backward_reference_reaches_a_slash_where_asl_resolves_it ... ok
test a_single_plus_that_reaches_a_runs_slot_is_symbol_double_defined ... ok
test a_reference_spanning_a_plus_run_lands_where_asl_puts_it ... ok

test result: ok. 6 passed; 0 failed; 0 ignored; 0 measured; 0 filtered out; finished in 0.00s

     Running tests/as_operator_precedence.rs (/home/volence/sonic_hacks/.scratch/width-suffix/target-base/release/deps/as_operator_precedence-4843576499aa8f91)

running 1 test
test the_asl_operator_ladder_is_reproduced_exactly ... ok

test result: ok. 1 passed; 0 failed; 0 ignored; 0 measured; 0 filtered out; finished in 0.00s

     Running tests/as_over_acceptance.rs (/home/volence/sonic_hacks/.scratch/width-suffix/target-base/release/deps/as_over_acceptance-02e2ae34201f6f46)

running 9 tests
test feed_control_the_corpus_still_spans_asl_refusal_classes ... ok
test positive_control_the_comparison_can_fire ... ok
test no_probe_panics_sigil ... ok
test no_unledgered_over_refusal ... ok
test report_the_divergence_sets ... ok
test ledger_rows_that_have_started_agreeing_are_reported ... ok
test feed_control_the_ledger_is_not_an_escape_hatch ... ok
test no_unledgered_over_acceptance ... ok
test feed_control_every_probe_reached_both_assemblers ... ok

test result: ok. 9 passed; 0 failed; 0 ignored; 0 measured; 0 filtered out; finished in 0.00s

     Running tests/as_pushv_popv.rs (/home/volence/sonic_hacks/.scratch/width-suffix/target-base/release/deps/as_pushv_popv-27f253d7f2a4702a)

running 6 tests
test a_stack_left_full_is_one_warning_per_stack ... ok
test nested_saves_unwind_last_in_first_out ... ok
test each_stack_name_is_its_own_stack ... ok
test one_list_is_last_in_first_out_too ... ok
test what_asl_refuses_is_refused ... ok
test a_saved_value_comes_back ... ok

test result: ok. 6 passed; 0 failed; 0 ignored; 0 measured; 0 filtered out; finished in 0.00s

     Running tests/as_register_in_value_position.rs (/home/volence/sonic_hacks/.scratch/width-suffix/target-base/release/deps/as_register_in_value_position-e7530d365bd32aac)

running 9 tests
test a_register_beside_an_undefined_symbol_is_still_reported_as_a_register ... ok
test a_register_in_a_register_position_is_untouched ... ok
test a_symbol_that_happens_to_be_spelled_like_a_register_still_assembles ... ok
test a_genuinely_undefined_symbol_keeps_its_own_story ... ok
test z80_register_names_are_not_expression_level_registers ... ok
test two_registers_in_one_expression_are_both_named ... ok
test no_consumer_answers_without_a_file_and_a_line ... ok
test every_consumer_tells_the_same_story_on_the_right_line ... ok
test no_consumer_calls_a_register_a_missing_definition ... ok

test result: ok. 9 passed; 0 failed; 0 ignored; 0 measured; 0 filtered out; finished in 0.00s

     Running tests/as_rept_budget.rs (/home/volence/sonic_hacks/.scratch/width-suffix/target-base/release/deps/as_rept_budget-bc0aaaffca304ae9)

running 5 tests
test nested_rept_with_no_body_line_costs_nothing_and_assembles ... ok
test nested_rept_with_a_comment_body_is_refused_in_bounded_time ... ok
test nested_rept_within_the_budget_assembles_as_asl ... ok
test a_single_rept_over_the_budget_is_refused_naming_its_line ... ok
test nested_rept_exceeding_the_budget_is_refused_in_bounded_time ... ok

test result: ok. 5 passed; 0 failed; 0 ignored; 0 measured; 0 filtered out; finished in 1.76s

     Running tests/as_shared.rs (/home/volence/sonic_hacks/.scratch/width-suffix/target-base/release/deps/as_shared-2b63768eefdf3ae7)

running 2 tests
test the_operands_are_not_evaluated ... ok
test every_shared_line_is_accepted_with_a_warning ... ok

test result: ok. 2 passed; 0 failed; 0 ignored; 0 measured; 0 filtered out; finished in 0.00s

     Running tests/as_shift_default_size.rs (/home/volence/sonic_hacks/.scratch/width-suffix/target-base/release/deps/as_shift_default_size-ab1d2fe7271db08b)

running 3 tests
test a_memory_shift_is_still_word_only_and_counts_one ... ok
test every_memory_shift_and_rotate_defaults_to_word ... ok
test every_register_shift_and_rotate_defaults_to_word ... ok

test result: ok. 3 passed; 0 failed; 0 ignored; 0 measured; 0 filtered out; finished in 0.00s

     Running tests/as_signed_int_literal.rs (/home/volence/sonic_hacks/.scratch/width-suffix/target-base/release/deps/as_signed_int_literal-4d8b1de8c12140ff)

running 10 tests
test a_leading_plus_on_a_number_is_that_number ... ok
test unary_minus_is_untouched ... ok
test known_residual_a_packed_or_folded_int_also_takes_the_sign ... ok
test the_reported_repro_and_its_flat_form ... ok
test an_operator_tighter_than_add_strands_the_sign ... ok
test the_add_tier_and_looser_may_follow_the_literal ... ok
test a_parenthesised_group_is_a_head_position ... ok
test the_sign_must_be_adjacent_and_at_a_head ... ok
test the_four_sonic_1_range_sites_match_asl ... ok
test the_descending_sonic_1_range_sites_are_unchanged ... ok

test result: ok. 10 passed; 0 failed; 0 ignored; 0 measured; 0 filtered out; finished in 0.00s

     Running tests/as_str_builtin_nesting.rs (/home/volence/sonic_hacks/.scratch/width-suffix/target-base/release/deps/as_str_builtin_nesting-f33aa83c3ff88332)

running 5 tests
test a_computed_name_that_no_label_defines_is_still_refused ... ok
test strstr_in_the_position_argument_of_a_nested_substr ... ok
test a_substr_with_plain_arithmetic_arguments_is_unchanged ... ok
test strlen_in_the_length_argument_of_a_nested_substr ... ok
test the_corpus_function_body_through_a_user_function_call ... ok

test result: ok. 5 passed; 0 failed; 0 ignored; 0 measured; 0 filtered out; finished in 0.00s

     Running tests/as_strict_function_args.rs (/home/volence/sonic_hacks/.scratch/width-suffix/target-base/release/deps/as_strict_function_args-da40a4b5b3355a18)

running 5 tests
test a_register_argument_is_refused_as_a_register_not_as_a_missing_symbol ... ok
test a_forward_reference_in_an_ignored_argument_still_assembles ... ok
test an_undefined_symbol_is_refused_even_where_the_body_ignores_it ... ok
test an_argument_that_calculates_is_unaffected_whether_or_not_the_body_uses_it ... ok
test an_undefined_symbol_is_refused_through_a_nested_ignoring_call ... ok

test result: ok. 5 passed; 0 failed; 0 ignored; 0 measured; 0 filtered out; finished in 0.00s

     Running tests/as_string_concat.rs (/home/volence/sonic_hacks/.scratch/width-suffix/target-base/release/deps/as_string_concat-bf5d9add3cfc9b3a)

running 17 tests
test a_chain_of_concatenations_folds_left_to_right ... ok
test a_function_parameter_reaches_inside_a_string_literal ... ok
test a_pasted_argument_is_its_decimal_value ... ok
test a_function_result_bound_by_equ_keeps_its_integer_reading ... ok
test a_parameter_word_is_letters_and_digits_only ... ok
test a_string_valued_function_bound_by_set_is_never_silently_wrong ... ok
test a_quote_inside_an_interpolation_belongs_to_it ... ok
test a_string_or_float_argument_pasted_into_a_literal_is_refused ... ok
test a_string_value_is_not_scanned_again_for_interpolation ... ok
test an_interpolation_is_folded_in_a_computed_string ... ok
test a_string_valued_function_pastes_its_string_into_an_interpolation ... ok
test the_substr_and_sgn_half_assembles_without_concatenation ... ok
test an_interpolation_is_folded_where_its_literal_is ... ok
test plus_over_non_strings_stays_numeric ... ok
test a_string_valued_function_result_reaches_bytes ... ok
test plus_between_two_strings_concatenates ... ok
test sonic_1_signed_to_string_assembles ... ok

test result: ok. 17 passed; 0 failed; 0 ignored; 0 measured; 0 filtered out; finished in 0.00s

     Running tests/as_string_escapes.rs (/home/volence/sonic_hacks/.scratch/width-suffix/target-base/release/deps/as_string_escapes-02cdf7162291c0d1)

running 17 tests
test a_backslash_with_nothing_after_it_is_refused ... ok
test an_escape_is_judged_only_where_the_literal_is_evaluated ... ok
test a_charset_target_takes_its_escapes_and_stores_them_raw ... ok
test a_string_in_an_expression_counts_and_packs_escaped_characters ... ok
test a_string_macro_argument_is_unescaped_once_where_it_is_used ... ok
test a_character_constant_takes_the_same_escapes ... ok
test an_interpolation_with_no_value_is_refused_in_data ... ok
test message_and_warning_text_take_the_escapes ... ok
test an_escaped_quote_does_not_end_the_literal ... ok
test sonic_2_s_charset_backslash_h_line_assembles ... ok
test an_interpolation_and_the_escapes_around_it_are_one_scan ... ok
test an_invalid_escape_is_refused_in_every_context ... ok
test the_z80_data_directive_and_character_constant_take_the_same_escapes ... ok
test string_builtins_and_string_symbols_see_the_escaped_value ... ok
test an_escaped_character_goes_through_the_live_code_page ... ok
test every_escape_form_asl_accepts_emits_asl_s_bytes_in_a_data_string ... ok
test every_escape_form_asl_refuses_is_refused_out_loud ... ok

test result: ok. 17 passed; 0 failed; 0 ignored; 0 measured; 0 filtered out; finished in 0.00s

     Running tests/as_string_literal_integer.rs (/home/volence/sonic_hacks/.scratch/width-suffix/target-base/release/deps/as_string_literal_integer-bdb55816c96c3073)

running 9 tests
test a_byte_directive_string_is_still_a_character_sequence ... ok
test a_packed_string_is_an_ordinary_integer_in_arithmetic ... ok
test a_high_bit_is_a_value_not_a_sign ... ok
test a_two_character_string_in_a_byte_is_a_range_complaint_not_a_parse_one ... ok
test an_empty_or_over_long_string_is_refused ... ok
test one_to_four_characters_pack_big_endian ... ok
test a_wide_data_directive_refuses_a_string_rather_than_packing_it ... ok
test the_six_corpus_sites_match_the_reference_listing ... ok
test the_ten_skdisasm_sites_match_the_reference_listing ... ok

test result: ok. 9 passed; 0 failed; 0 ignored; 0 measured; 0 filtered out; finished in 0.00s

     Running tests/as_string_numeric_typing.rs (/home/volence/sonic_hacks/.scratch/width-suffix/target-base/release/deps/as_string_numeric_typing-d25be9063d737200)

running 13 tests
test a_hostile_addend_is_refused_and_not_a_panic ... ok
test a_non_plus_operator_makes_it_an_integer ... ok
test a_register_in_operand_position_is_never_a_string_symbol ... ok
test a_string_with_no_packed_value_is_refused_in_an_integer_slot ... ok
test plus_over_non_strings_stays_numeric ... ok
test the_root_operator_decides_the_type ... ok
test a_packed_string_too_wide_for_its_slot_is_a_range_complaint ... ok
test a_string_symbol_reads_as_its_literal_in_every_slot ... ok
test a_string_symbol_in_wide_data_stays_loud ... ok
test the_length_is_the_sums_minimal_bytes_not_the_strings ... ok
test a_string_plus_integer_asl_declines_is_refused_not_guessed ... ok
test an_all_string_plus_packs_in_an_integer_slot ... ok
test a_string_plus_an_integer_is_packed_arithmetic ... ok

test result: ok. 13 passed; 0 failed; 0 ignored; 0 measured; 0 filtered out; finished in 0.00s

     Running tests/as_struct_digit_member.rs (/home/volence/sonic_hacks/.scratch/width-suffix/target-base/release/deps/as_struct_digit_member-dc167ada12dae35c)

running 5 tests
test an_instance_carries_the_digit_led_member ... ok
test a_z80_operand_reads_the_digit_led_member ... ok
test an_indented_digit_led_member_without_a_colon_is_refused ... ok
test a_digit_led_plain_label_is_still_refused ... ok
test a_digit_led_member_takes_its_offset_and_the_struct_its_length ... ok

test result: ok. 5 passed; 0 failed; 0 ignored; 0 measured; 0 filtered out; finished in 0.00s

     Running tests/as_symbol_class.rs (/home/volence/sonic_hacks/.scratch/width-suffix/target-base/release/deps/as_symbol_class-6c7aa1dd9dd70a7d)

running 11 tests
test a_declaration_the_pass_never_reaches_is_not_a_redefinition ... ok
test a_local_name_is_classed_per_scope_not_per_spelling ... ok
test a_constant_may_not_be_redefined_as_a_variable ... ok
test a_repeated_set_and_a_seeded_define_are_not_crossings ... ok
test a_variable_may_not_be_redefined_as_a_constant ... ok
test a_variable_may_be_reassigned_and_the_three_spellings_are_one_class ... ok
test the_class_is_the_directive_and_not_the_value_type ... ok
test re_executing_a_declaration_on_a_later_pass_is_not_a_redefinition ... ok
test a_macro_body_declares_into_the_callers_class_space ... ok
test a_constant_may_not_be_redefined_as_a_constant ... ok
test an_expansion_localizes_a_pc_label_and_an_enum_member_but_not_an_equ ... ok

test result: ok. 11 passed; 0 failed; 0 ignored; 0 measured; 0 filtered out; finished in 0.00s

     Running tests/as_unbalanced_bracket.rs (/home/volence/sonic_hacks/.scratch/width-suffix/target-base/release/deps/as_unbalanced_bracket-7ff16513b016a666)

running 2 tests
test the_closed_forms_assemble ... ok
test an_unclosed_bracket_is_refused_by_name ... ok

test result: ok. 2 passed; 0 failed; 0 ignored; 0 measured; 0 filtered out; finished in 0.00s

     Running tests/as_unresolved_if_condition.rs (/home/volence/sonic_hacks/.scratch/width-suffix/target-base/release/deps/as_unresolved_if_condition-24dc05bbf9ae3cd9)

running 14 tests
test a_compound_expression_condition_does_not_fire ... ok
test a_defined_constant_condition_does_not_fire ... ok
test an_explicit_true_still_assembles_both ... ok
test an_explicit_false_still_assembles_silently_to_the_same_bytes ... ok
test a_forward_label_condition_does_not_fire ... ok
test an_elseif_after_a_taken_arm_is_not_evaluated ... ok
test a_forward_equ_condition_does_not_fire ... ok
test a_forward_set_condition_does_not_fire ... ok
test an_elseif_on_an_undefined_symbol_is_refused_and_names_it ... ok
test a_string_comparison_condition_does_not_fire ... ok
test an_if_inside_a_skipped_arm_is_not_evaluated ... ok
test one_condition_reached_many_times_is_reported_once ... ok
test an_if_on_an_undefined_symbol_is_refused_and_names_it ... ok
test ifdef_on_an_undefined_name_does_not_fire ... ok

test result: ok. 14 passed; 0 failed; 0 ignored; 0 measured; 0 filtered out; finished in 0.00s

     Running tests/as_unterminated_block.rs (/home/volence/sonic_hacks/.scratch/width-suffix/target-base/release/deps/as_unterminated_block-cca6d2aaf3fb8b15)

running 12 tests
test an_end_directive_inside_an_open_if_does_not_close_it ... ok
test a_terminated_rept_still_assembles_every_line ... ok
test an_unterminated_irp_is_refused ... ok
test a_terminated_if_still_assembles_every_line ... ok
test an_unterminated_macro_definition_is_refused ... ok
test an_if_opened_after_end_is_never_read ... ok
test an_unterminated_if_is_refused_not_closed_on_the_last_line ... ok
test an_unterminated_struct_is_refused ... ok
test an_unterminated_rept_is_refused ... ok
test the_outer_of_two_nested_ifs_is_the_one_reported ... ok
test an_unterminated_switch_is_refused ... ok
test an_unterminated_while_is_refused ... ok

test result: ok. 12 passed; 0 failed; 0 ignored; 0 measured; 0 filtered out; finished in 0.00s

     Running tests/as_warning_exitm.rs (/home/volence/sonic_hacks/.scratch/width-suffix/target-base/release/deps/as_warning_exitm-5a508a6d58981054)

running 10 tests
test exitm_outside_every_expansion_is_refused ... ok
test exitm_leaves_the_closer_label_unbound ... ok
test exitm_in_an_included_file_is_refused_even_inside_a_macro ... ok
test exitm_in_an_irp_ends_the_irp_no_asl_oracle_exists ... ok
test warning_carries_the_as_warning_lint_id ... ok
test exitm_with_an_operand_is_refused ... ok
test warning_fires_at_the_warn_tier_and_the_run_still_succeeds ... ok
test warning_in_a_false_arm_does_not_fire ... ok
test warning_interpolates_its_message ... ok
test warning_without_a_quoted_message_is_refused ... ok

test result: ok. 10 passed; 0 failed; 0 ignored; 0 measured; 0 filtered out; finished in 0.00s

     Running tests/as_word_immediate_range.rs (/home/volence/sonic_hacks/.scratch/width-suffix/target-base/release/deps/as_word_immediate_range-a88b5705c10c9f7a)

running 3 tests
test word_immediate_accepts_the_signed_floor_and_the_unsigned_ceiling ... ok
test word_immediate_accepts_a_difference_of_two_ffff_ram_labels ... ok
test word_immediate_refuses_exactly_where_asl_reports_range_overflow ... ok

test result: ok. 3 passed; 0 failed; 0 ignored; 0 measured; 0 filtered out; finished in 0.00s

     Running tests/as_z80_abs16_range.rs (/home/volence/sonic_hacks/.scratch/width-suffix/target-base/release/deps/as_z80_abs16_range-c45b39789eb9916e)

running 5 tests
test jp_to_a_negative_symbol_is_refused_where_asl_refuses_it ... ok
test a_link_time_symbol_above_ffff_is_refused_by_the_linker ... ok
test symbolic_controls_assemble_to_asl_bytes ... ok
test jp_and_call_to_a_symbol_above_ffff_are_refused_like_a_literal ... ok
test ld_rr_from_a_symbol_takes_the_word_window ... ok

test result: ok. 5 passed; 0 failed; 0 ignored; 0 measured; 0 filtered out; finished in 0.00s

     Running tests/as_z80_function_operand.rs (/home/volence/sonic_hacks/.scratch/width-suffix/target-base/release/deps/as_z80_function_operand-57ab0fec10879c5f)

running 3 tests
test a_function_name_without_a_call_is_still_a_symbol ... ok
test the_four_sonic_1_driver_lines_are_nine_bytes ... ok
test a_function_call_in_every_z80_operand_position ... ok

test result: ok. 3 passed; 0 failed; 0 ignored; 0 measured; 0 filtered out; finished in 0.00s

     Running tests/as_z80_half_registers.rs (/home/volence/sonic_hacks/.scratch/width-suffix/target-base/release/deps/as_z80_half_registers-1531a83d3414472f)

running 10 tests
test every_probe_is_checked_by_exactly_one_group ... ok
test a_half_beside_h_l_or_the_other_index_register_is_refused_for_that_reason ... ok
test momcpu_and_momcpuname_report_the_undocumented_z80 ... ok
test the_halves_exist_only_under_z80undoc ... ok
test every_spelling_asl_accepts_names_the_register_asl_names ... ok
test sonic_2_s_twelve_lines_assemble_as_asl_assembles_them ... ok
test a_half_in_a_form_asl_refuses_is_refused ... ok
test the_arithmetic_and_logic_forms_take_a_half ... ok
test a_symbol_named_like_a_half_is_read_where_asl_reads_it ... ok
test ld_takes_a_half_in_every_position_asl_allows ... ok

test result: ok. 10 passed; 0 failed; 0 ignored; 0 measured; 0 filtered out; finished in 0.00s

     Running tests/as_z80_instruction_coverage.rs (/home/volence/sonic_hacks/.scratch/width-suffix/target-base/release/deps/as_z80_instruction_coverage-dfeb25ec5fcd85e8)

running 10 tests
test an_out_of_range_interrupt_mode_is_refused ... ok
test a_port_above_255_is_refused ... ok
test ldi_and_its_single_bit_neighbours ... ok
test the_direct_port_pair ... ok
test the_returns_and_the_nibble_rotates ... ok
test the_i_and_r_registers_in_both_directions ... ok
test the_ed_sixteen_bit_arithmetic ... ok
test every_interrupt_mode ... ok
test the_ed_block_op_grid ... ok
test the_c_port_family_over_every_register ... ok

test result: ok. 10 passed; 0 failed; 0 ignored; 0 measured; 0 filtered out; finished in 0.00s

     Running tests/asl_snippets.rs (/home/volence/sonic_hacks/.scratch/width-suffix/target-base/release/deps/asl_snippets-37f461dffc572033)

running 1 test
test snippets_match_golden ... ok

test result: ok. 1 passed; 0 failed; 0 ignored; 0 measured; 0 filtered out; finished in 0.01s

     Running tests/circular_layout.rs (/home/volence/sonic_hacks/.scratch/width-suffix/target-base/release/deps/circular_layout-0db1927f0be127f5)

running 11 tests
test accepts_forward_constant_data ... ok
test accepts_forward_constant_count ... ok
test accepts_backward_count ... ok
test refuses_a_count_that_measures_its_own_block ... ok
test accepts_settling_if_condition ... ok
test refuses_a_count_naming_a_forward_label_directly ... ok
test accepts_literal_count_with_a_derived_equ_below ... ok
test oscillation_names_the_moving_symbol_and_both_its_values ... ok
test refuses_a_diverging_count_by_name_and_never_says_a_pass_count ... ok
test refuses_a_reservation_sized_by_its_own_span ... ok
test accepts_count_separated_by_an_org ... ok

test result: ok. 11 passed; 0 failed; 0 ignored; 0 measured; 0 filtered out; finished in 0.00s

     Running tests/combined_link_stale_refs.rs (/home/volence/sonic_hacks/.scratch/width-suffix/target-base/release/deps/combined_link_stale_refs-c2a2b449e7f8610b)

running 5 tests
test dc_l_past_grown_cross_seam_jsr_is_not_stale ... ok
test forward_branch_past_grown_cross_seam_jsr_is_not_stale ... ok
test move_l_imm_label_past_grown_cross_seam_jsr_is_not_stale ... ok
test dc_l_through_label_referencing_equ_past_grown_jsr_is_not_stale ... ok
test jsr_abs_l_through_label_equ_past_grown_jsr_is_not_stale ... ok

test result: ok. 5 passed; 0 failed; 0 ignored; 0 measured; 0 filtered out; finished in 0.00s

     Running tests/db_dw_defer.rs (/home/volence/sonic_hacks/.scratch/width-suffix/target-base/release/deps/db_dw_defer-9528b3dde6f2e3de)

running 5 tests
test dw_unresolved_compound_defers_with_tree ... ok
test db_unresolved_compound_defers ... ok
test dw_unresolved_symbol_defers_verbatim_le ... ok
test db_unresolved_symbol_defers_as_value8 ... ok
test db_value8_range_check_is_loud_over_ff ... ok

test result: ok. 5 passed; 0 failed; 0 ignored; 0 measured; 0 filtered out; finished in 0.00s

     Running tests/deform_table_sine.rs (/home/volence/sonic_hacks/.scratch/width-suffix/target-base/release/deps/deform_table_sine-00f8152db7c80543)

running 4 tests
test haze_a16_p64_matches_golden ... ok
test shimmer_a8_p32_matches_golden ... ok
test rocking_a20_p64_matches_golden ... ok
test ojz_calm_a96_p64_matches_golden ... ok

test result: ok. 4 passed; 0 failed; 0 ignored; 0 measured; 0 filtered out; finished in 0.00s

     Running tests/empty_operand_span.rs (/home/volence/sonic_hacks/.scratch/width-suffix/target-base/release/deps/empty_operand_span-1a59ed81f0e6bad8)

running 4 tests
test trailing_empty_operand_names_its_own_line ... ok
test leading_empty_operand_names_its_own_line ... ok
test a_non_empty_group_still_reports_at_the_operand ... ok
test empty_operand_from_a_macro_body_names_the_body_line ... ok

test result: ok. 4 passed; 0 failed; 0 ignored; 0 measured; 0 filtered out; finished in 0.00s

     Running tests/failed_run_reports_everything.rs (/home/volence/sonic_hacks/.scratch/width-suffix/target-base/release/deps/failed_run_reports_everything-314381f371a9f8c3)

running 9 tests
test a_poison_free_failing_run_is_unchanged ... ok
test a_run_with_nothing_else_wrong_still_takes_the_bonus_pass ... ok
test a_warning_alone_does_not_open_the_gate ... ok
test the_witness_451cb3e2_cites_is_refused_by_the_front_end ... ok
test a_skipped_bonus_pass_still_reports_its_leftover_poison ... ok
test the_error_that_opened_the_gate_is_still_reported ... ok
test levartptrs_shape_leaves_the_resolvable_third_pointer_alone ... ok
test levartptrs_shape_reports_both_unresolved_long_expressions_on_a_failing_run ... ok
test the_new_diagnostic_set_contains_the_old_one ... ok

test result: ok. 9 passed; 0 failed; 0 ignored; 0 measured; 0 filtered out; finished in 0.00s

     Running tests/guarded_defines.rs (/home/volence/sonic_hacks/.scratch/width-suffix/target-base/release/deps/guarded_defines-912f121a045c19c3)

running 3 tests
test ordinary_defines_keep_silent_override_semantics ... ok
test guarded_define_redefined_in_file_is_a_hard_collision ... ok
test guarded_define_folds_identically_to_in_file_equate ... ok

test result: ok. 3 passed; 0 failed; 0 ignored; 0 measured; 0 filtered out; finished in 0.00s

     Running tests/imm32_defer.rs (/home/volence/sonic_hacks/.scratch/width-suffix/target-base/release/deps/imm32_defer-a25d2e0df940a9d4)

running 14 tests
test add_l_unresolved_symbol_still_errors ... ok
test move_l_to_memory_dest_unresolved_symbol_still_errors ... ok
test branch_to_undefined_label_still_errors ... ok
test move_l_unresolved_compound_defers_with_tree ... ok
test move_l_resolved_immediate_is_unaffected ... ok
test movea_l_in_unit_forward_reference_resolves_without_deferral ... ok
test moveq_unresolved_symbol_still_errors ... ok
test movea_l_unresolved_symbol_defers_as_value32be ... ok
test movea_l_resolved_immediate_is_unaffected ... ok
test move_l_unresolved_symbol_defers_as_value32be ... ok
test move_w_unresolved_symbol_to_ind_defers_as_value16be ... ok
test movea_l_to_sp_alias_unresolved_symbol_defers ... ok
test move_w_unresolved_symbol_to_disp0_folds_and_defers ... ok
test move_w_unresolved_symbol_still_errors ... ok

test result: ok. 14 passed; 0 failed; 0 ignored; 0 measured; 0 filtered out; finished in 0.00s

     Running tests/isa_golden.rs (/home/volence/sonic_hacks/.scratch/width-suffix/target-base/release/deps/isa_golden-b4a3118b550d1627)

running 1 test
test every_isa_vector_round_trips_through_the_frontend ... ok

test result: ok. 1 passed; 0 failed; 0 ignored; 0 measured; 0 filtered out; finished in 0.00s

     Running tests/jbra_rejected.rs (/home/volence/sonic_hacks/.scratch/width-suffix/target-base/release/deps/jbra_rejected-514ddf3ad09494ce)

running 2 tests
test as_frontend_rejects_jbsr ... ok
test as_frontend_rejects_jbra ... ok

test result: ok. 2 passed; 0 failed; 0 ignored; 0 measured; 0 filtered out; finished in 0.00s

     Running tests/label_on_directive_line.rs (/home/volence/sonic_hacks/.scratch/width-suffix/target-base/release/deps/label_on_directive_line-566e1578d83ead57)

running 9 tests
test a_label_on_endm_is_not_bound ... ok
test a_block_head_in_a_skipped_region_binds_nothing ... ok
test a_line_closing_a_skipped_arm_binds_nothing ... ok
test an_if_line_label_opens_the_local_scope ... ok
test macro_still_consumes_the_name_in_its_label_field ... ok
test colonless_if_line_label_obeys_the_column_rule ... ok
test if_line_label_binds_whichever_arm_runs ... ok
test other_block_head_lines_bind_their_label_too ... ok
test the_line_closing_a_taken_arm_binds_its_label ... ok

test result: ok. 9 passed; 0 failed; 0 ignored; 0 measured; 0 filtered out; finished in 0.00s

     Running tests/macro_default_params.rs (/home/volence/sonic_hacks/.scratch/width-suffix/target-base/release/deps/macro_default_params-f6684ee9d2458025)

running 10 tests
test a_later_keyword_leaves_the_defaultless_slot_empty ... ok
test a_default_may_contain_a_parenthesised_comma ... ok
test a_supplied_argument_overrides_the_default ... ok
test a_keyword_call_still_defaults_the_slot_it_did_not_name ... ok
test an_empty_middle_slot_takes_the_default_and_the_later_slots_still_bind ... ok
test an_explicitly_empty_argument_takes_the_default ... ok
test argcount_and_allargs_do_not_see_a_default ... ok
test an_omitted_argument_takes_the_default ... ok
test an_intlabel_group_consumes_no_slot_beside_a_default ... ok
test identifiers_inside_a_default_are_not_parameters ... ok

test result: ok. 10 passed; 0 failed; 0 ignored; 0 measured; 0 filtered out; finished in 0.00s

     Running tests/macro_keyword_positional.rs (/home/volence/sonic_hacks/.scratch/width-suffix/target-base/release/deps/macro_keyword_positional-20602354013c90f6)

running 8 tests
test a_keyword_with_an_empty_value_is_still_a_keyword ... ok
test keyword_names_are_case_sensitive ... ok
test refuses_only_the_positionals_that_follow_the_keyword ... ok
test refuses_a_keyword_naming_no_parameter_and_still_arms_the_rule ... ok
test refuses_each_positional_after_a_keyword ... ok
test a_non_identifier_before_the_equals_is_still_a_keyword_name ... ok
test an_equals_inside_parentheses_or_a_string_is_not_a_separator ... ok
test well_formed_calls_still_assemble ... ok

test result: ok. 8 passed; 0 failed; 0 ignored; 0 measured; 0 filtered out; finished in 0.00s

     Running tests/non_convergence.rs (/home/volence/sonic_hacks/.scratch/width-suffix/target-base/release/deps/non_convergence-74815daf921a414b)

running 2 tests
test ordinary_forward_reference_converges ... ok
test a_never_settling_input_names_the_moving_symbols_and_their_values ... ok

test result: ok. 2 passed; 0 failed; 0 ignored; 0 measured; 0 filtered out; finished in 0.00s

     Running tests/partial_fold_defer.rs (/home/volence/sonic_hacks/.scratch/width-suffix/target-base/release/deps/partial_fold_defer-87ab8bc88d8513f2)

running 6 tests
test dw_env_equ_mask_and_base_are_baked_to_int ... ok
test db_env_equ_mask_is_baked_to_int ... ok
test imm32_env_equ_offset_is_baked_to_int ... ok
test db_env_equ_masked_target_links_to_byte ... ok
test dw_env_equ_masked_target_links_to_windowed_le_bytes ... ok
test imm32_env_equ_offset_target_links_big_endian ... ok

test result: ok. 6 passed; 0 failed; 0 ignored; 0 measured; 0 filtered out; finished in 0.00s

     Running tests/phase_dw_winptr_defer.rs (/home/volence/sonic_hacks/.scratch/width-suffix/target-base/release/deps/phase_dw_winptr_defer-e3aa08cb9ef9e613)

running 4 tests
test phase_dw_compound_winptr_defers_as_value16le_with_full_tree ... ok
test phase_dw_compound_winptr_links_to_windowed_le_bytes ... ok
test phase_dw_production_winptr_shape_defers_and_links ... ok
test phase_dw_never_defined_symbol_fails_loud_at_link ... ok

test result: ok. 4 passed; 0 failed; 0 ignored; 0 measured; 0 filtered out; finished in 0.00s

     Running tests/read_set_as_reads.rs (/home/volence/sonic_hacks/.scratch/width-suffix/target-base/release/deps/read_set_as_reads-88bb71368ba5adbd)

running 1 test
test the_root_an_include_and_a_binclude_are_recorded_with_their_bytes ... ok

test result: ok. 1 passed; 0 failed; 0 ignored; 0 measured; 0 filtered out; finished in 0.00s

     Running tests/set_sym_relocates.rs (/home/volence/sonic_hacks/.scratch/width-suffix/target-base/release/deps/set_sym_relocates-173e0802629fb4be)

running 4 tests
test const_set_still_bakes_verbatim ... ok
test set_chain_carries_label_symbolically ... ok
test dc_l_through_label_referencing_set_past_grown_jsr_is_not_stale ... ok
test set_snapshot_binds_value_held_at_each_use_site ... ok

test result: ok. 4 passed; 0 failed; 0 ignored; 0 measured; 0 filtered out; finished in 0.00s

     Running tests/stale_fold_repro.rs (/home/volence/sonic_hacks/.scratch/width-suffix/target-base/release/deps/stale_fold_repro-f0b8f42eec84a8eb)

running 2 tests
test downstream_section_lma_reflows_after_growth ... ok
test dc_l_after_grown_jmp_folds_correctly ... ok

test result: ok. 2 passed; 0 failed; 0 ignored; 0 measured; 0 filtered out; finished in 0.00s

     Running tests/unresolved_operand.rs (/home/volence/sonic_hacks/.scratch/width-suffix/target-base/release/deps/unresolved_operand-cc2aef5fbed9e03b)

running 3 tests
test unresolved_operand_symbol_errors_after_convergence ... ok
test resolved_operand_is_unaffected ... ok
test forward_referenced_equate_operand_resolves_to_the_right_byte ... ok

test result: ok. 3 passed; 0 failed; 0 ignored; 0 measured; 0 filtered out; finished in 0.00s

     Running unittests src/lib.rs (/home/volence/sonic_hacks/.scratch/width-suffix/target-base/release/deps/sigil_frontend_emp-4340384ddfc2b2bc)

running 249 tests
test cycle_budget::tests::a_68k_call_is_opaque ... ok
test cycle_budget::tests::a_68k_sized_conditional_charges_each_edge ... ok
test cycle_budget::tests::a_68k_loop_is_unbounded ... ok
test cycle_budget::tests::a_ceiling_holds_a_budget_but_not_an_exactness_proof ... ok
test cycle_budget::tests::a_68k_fall_off_the_end_is_unbounded ... ok
test cycle_budget::tests::a_68k_straight_line_measures ... ok
test cycle_budget::tests::a_bail_replaces_the_conclusions ... ok
test cycle_budget::tests::a_computed_transfer_is_refused_by_its_own_name ... ok
test cycle_budget::tests::a_block_repeat_is_an_ambiguous_branch_not_an_unknown_op ... ok
test cycle_budget::tests::a_call_is_opaque ... ok
test cycle_budget::tests::a_conditional_branch_to_a_noreturn_target_closes_only_the_taken_edge ... ok
test cycle_budget::tests::a_conditional_return_ends_one_path_and_continues_the_other ... ok
test cycle_budget::tests::a_djnz_loop_is_reported_as_a_loop ... ok
test cycle_budget::tests::a_diamond_is_not_a_loop ... ok
test cycle_budget::tests::a_fall_off_the_end_is_unbounded ... ok
test cycle_budget::tests::a_fixed_conditional_charges_both_edges_the_same ... ok
test cycle_budget::tests::a_loop_is_unbounded ... ok
test cycle_budget::tests::a_perturbed_drain_arm_moves_the_budget ... ok
test cycle_budget::tests::a_split_conditional_charges_each_edge_its_own_cost ... ok
test cycle_budget::tests::a_straight_line_has_one_cost ... ok
test cycle_budget::tests::a_split_cost_terminator_presents_exactly_two_edges ... ok
test cycle_budget::tests::a_tail_conditional_return_refuses_its_fall_through ... ok
test cycle_budget::tests::a_reconverging_chain_does_not_blow_up ... ok
test cycle_budget::tests::a_tail_to_a_noreturn_target_closes_the_path ... ok
test cycle_budget::tests::a_tail_transfer_out_is_unbounded ... ok
test cycle_budget::tests::a_tail_via_abs_long_to_a_noreturn_target_closes_the_path ... ok
test cycle_budget::tests::a_trailing_label_target_is_refused ... ok
test cycle_budget::tests::a_valid_enumeration_is_silent ... ok
test cycle_budget::tests::a_z80_computed_jp_enumerates ... ok
test cycle_budget::tests::an_authored_rail_terminal_closes_the_budget_where_a_hand_jmp_refuses ... ok
test cycle_budget::tests::an_empty_body_cannot_hold_a_budget ... ok
test cycle_budget::tests::an_enumerated_cycle_is_unbounded ... ok
test cycle_budget::tests::an_off_table_68k_op_is_unknown ... ok
test cycle_budget::tests::an_off_table_op_is_unknown ... ok
test cycle_budget::tests::an_undeclared_proc_is_not_walked ... ok
test cycle_budget::tests::an_unsized_68k_conditional_is_a_ceiling ... ok
test cycle_budget::tests::both_attributes_report_together ... ok
test cycle_budget::tests::cycles_exact_proves_equal_paths ... ok
test cycle_budget::tests::enumerated_targets_measures_a_computed_dispatch ... ok
test cycle_budget::tests::inline_data_is_refused ... ok
test cycle_budget::tests::enumerated_targets_leave_the_base_analyses_untouched ... ok
test cycle_budget::tests::targets_charge_the_landed_on_code_not_a_downstream_label ... ok
test cycle_budget::tests::targets_name_checks_fire ... ok
test cycle_budget::tests::targets_on_a_call_is_refused ... ok
test cycle_budget::tests::targets_on_a_direct_jmp_is_redundant ... ok
test cycle_budget::tests::the_ambiguous_branch_message_is_worded_by_class ... ok
test cycle_budget::tests::the_budget_is_checked_against_the_worst_path ... ok
test cycle_budget::tests::the_dma_drain_group_measures_72_per_entry ... ok
test cycle_budget::tests::the_walk_and_the_span_builtin_agree ... ok
test cycle_budget::tests::without_targets_the_same_jmp_refuses ... ok
test eval::classic_compress::tests::kosinski_from_data_symbolic_cell_errors ... ok
test eval::classic_compress::tests::kosinski_from_data_matches_sys_wrapper ... ok
test eval::diag::tests::all_plain_control_tokens ... ok
test eval::classic_compress::tests::kosinski_m_from_data_matches_sys_wrapper ... ok
test eval::classic_compress::tests::saxman_from_data_header_false_matches_sys_wrapper ... ok
test eval::diag::tests::cond_is_lowercased ... ok
test eval::diag::tests::assert_expansion_structure_cmp_form ... ok
test eval::diag::tests::assert_expansion_structure_tst_form ... ok
test eval::diag::tests::control_param_out_of_range_errors ... ok
test eval::diag::tests::control_tokens_encode ... ok
test eval::diag::tests::core_long_message_vector ... ok
test eval::diag::tests::core_word_message_matches_transliteration ... ok
test eval::diag::tests::empty_fstring_is_just_terminator ... ok
test eval::diag::tests::encode_fstring_ends_at_terminator_no_exit_flag ... ok
test eval::diag::tests::error_flag_vocabulary_is_address_error_only ... ok
test eval::diag::tests::exit_flag_opts_fold_address_error ... ok
test eval::diag::tests::exit_flag_parity_both_ways ... ok
test eval::diag::tests::flag_parity_follows_message_length ... ok
test eval::diag::tests::fstring_arg_operand_reg_and_imm_only ... ok
test eval::diag::tests::fstring_arg_param_variants ... ok
test eval::diag::tests::fstring_arg_widths_descriptors ... ok
test eval::diag::tests::fresh_labels_per_instantiation ... ok
test eval::diag::tests::fstring_records_arg_and_descriptor ... ok
test eval::diag::tests::param_below_0x80_rejected ... ok
test eval::diag::tests::ordered_args_multiple ... ok
test eval::diag::tests::parametrized_control_token ... ok
test eval::diag::tests::raise_error_style_message ... ok
test eval::diag::tests::raise_error_expansion_is_bare_tail ... ok
test eval::classic_compress::tests::nemesis_from_data_too_many_tiles_errors ... ok
test eval::diag::tests::rings_assert_message_vector ... ok
test eval::diag::tests::raise_exception_expansion_omits_the_frame ... ok
test eval::diag::tests::rings_full_message_matches_transliteration ... ok
test eval::diag::tests::signed_normalizes_to_hex_signed ... ok
test eval::diag::tests::tst_form_message_omits_dest ... ok
test eval::diag::tests::unknown_token_errors ... ok
test eval::diag::tests::unterminated_token_errors ... ok
test eval::env::tests::assign_immutable_errs ... ok
test eval::env::tests::assign_mutable_updates ... ok
test eval::env::tests::assign_targets_nearest_binding ... ok
test eval::env::tests::assign_undefined_errs ... ok
test eval::env::tests::clone_is_independent ... ok
test eval::env::tests::define_and_lookup ... ok
test eval::env::tests::inner_scope_shadows_outer ... ok
test eval::env::tests::pop_scope_never_empties_chain ... ok
test eval::env::tests::lookup_undefined_is_none ... ok
test eval::guards::scan_tests::unterminated_brace_returns_its_tail ... ok
test eval::guards::scan_tests::scans_escapes_and_placeholders_in_order ... ok
test eval::env::tests::pop_scope_restores_outer_binding ... ok
test eval::expr::link_expr_tests::ast_binop_maps_all_arith_logic_ops_and_refuses_concat ... ok
test eval::s4lz::tests::s4lz_from_data_byte_range_errors ... ok
test eval::s4lz::tests::s4lz_from_data_dict_matches_core_compress ... ok
test eval::s4lz::tests::s4lz_from_data_empty_input ... ok
test eval::s4lz::tests::s4lz_from_data_multibyte_scalar_errors ... ok
test eval::expr::link_expr_tests::lift_int_narrows_and_link_expr_passes_through ... ok
test eval::guards::scan_tests::empty_placeholder_is_a_placeholder ... ok
test eval::s4lz::tests::s4lz_from_data_odd_dict_errors ... ok
test eval::s4lz::tests::s4lz_from_data_tile_delta_matches_core_compress ... ok
test eval::expr::link_expr_tests::lift_rejects_out_of_i64_range_and_non_int ... ok
test eval::sandbox::tests::record_capture_appends_one_edge ... ok
test eval::s4lz::tests::s4lz_from_data_too_large_input_errors ... ok
test eval::guards::scan_tests::plain_text_is_one_segment_and_empty_is_none ... ok
test eval::sandbox::tests::resolve_sandbox_path_rejects_dotdot_escape ... ok
test eval::sandbox::tests::resolve_sandbox_path_without_root_errors ... ok
test eval::sandbox::tests::zx0_from_data_multibyte_scalar_errors ... ok
test eval::tests::bump_step_reports_budget_exhaustion ... ok
test eval::sandbox::tests::zx0_from_data_too_large_input_errors ... ok
test eval::tests::comptime_var_outside_context_is_diagnosed_but_still_bound ... ok
test eval::sandbox::tests::resolve_sandbox_path_allows_symlink_staying_in_root ... ok
test eval::tests::evaluator_error_collects_diagnostic ... ok
test eval::sandbox::tests::resolve_sandbox_path_embed_base_cannot_escape_include_root ... ok
test flag_check::edge_model_tests::a_68k_jump_to_a_closing_label_falls_off_it_does_not_transfer_out ... ok
test flag_check::edge_model_tests::a_bsr_calls_it_does_not_branch ... ok
test flag_check::edge_model_tests::a_computed_transfer_is_a_singleton_tail_out ... ok
test eval::sandbox::tests::resolve_sandbox_path_normal_in_root_file_resolves ... ok
test flag_check::edge_model_tests::a_branch_out_always_has_a_sibling_and_a_tail_out_never_does ... ok
test flag_check::edge_model_tests::a_jump_to_a_closing_label_falls_off_it_does_not_transfer_out ... ok
test eval::sandbox::tests::resolve_sandbox_path_rejects_symlink_escaping_root ... ok
test eval::sandbox::tests::resolve_sandbox_path_embed_base_allows_climbing_within_include_root ... ok
test flag_check::edge_model_tests::a_tail_conditional_return_names_its_two_ends_apart ... ok
test flag_check::edge_model_tests::a_conditional_z80_call_calls_it_does_not_branch ... ok
test flag_check::edge_model_tests::no_call_mnemonic_yields_a_transfer_out_edge ... ok
test flag_check::edge_model_tests::the_builder_owns_the_return_table_not_its_consumers ... ok
test flag_check::edge_model_tests::the_z80_return_table_is_classified_whole ... ok
test flag_check::zero_model_tests::a_complement_and_an_operand_read_of_carry_are_their_own_roles ... ok
test flag_check::edge_model_tests::a_djnz_leg_that_leaves_the_body_keeps_its_edge ... ok
test flag_check::zero_model_tests::every_encodable_68k_family_has_a_carry_role ... ok
test eval::sandbox::tests::zx0_from_data_single_byte_scalar_and_bytes_mix ... ok
test eval::sandbox::tests::resolve_sandbox_path_rejects_absolute ... ok
test eval::sandbox::tests::zx0_from_data_byte_range_errors ... ok
test eval::tests::eval_const_missing_reports_error ... ok
test flag_check::zero_model_tests::every_encodable_68k_family_has_a_zero_role ... ok
test flag_check::zero_model_tests::the_emp_words_have_a_carry_role_and_an_unknown_word_has_none ... ok
test flag_check::zero_model_tests::the_emp_words_have_a_zero_role_and_an_unknown_word_has_none ... ok
test lower::data::rel_offset_tests::cell_expr_le_override_forces_value16le_on_68k ... ok
test lower::data::rel_offset_tests::cell_expr_le_override_matches_default_on_z80 ... ok
test lower::data::rel_offset_tests::cell_expr_selects_value_kind_by_width_and_cpu ... ok
test lower::data::rel_offset_tests::encode_scalar_le_override_is_noop_on_z80 ... ok
test eval::sandbox::tests::zx0_from_data_empty_input ... ok
test lower::data::rel_offset_tests::encode_scalar_le_override_reverses_68k_byte_order ... ok
test lower::data::rel_offset_tests::rel_offset_emits_relword16be_symbol_difference ... ok
test lower::data::rel_offset_tests::rel_offset_in_z80_section_diagnoses ... ok
test lower::data::rel_offset_tests::z80_width1_symref_selects_value8_not_cross_cpu_error ... ok
test lower::data::rel_offset_tests::z80_width4_symref_still_cross_cpu_errors ... ok
test lower::hygiene::tests::export_label_is_owner_dot_name_for_a_proc ... ok
test lower::hygiene::tests::external_reference_passes_through_unchanged ... ok
test lower::hygiene::tests::non_export_asm_label_is_scoped_to_its_instantiation ... ok
test lower::hygiene::tests::non_export_local_label_is_scoped_to_its_module ... ok
test lower::hygiene::tests::non_export_proc_label_is_scoped_to_its_owner ... ok
test m68k_cycles::tests::a_bare_symbol_charges_the_long_rung_and_is_inexact ... ok
test m68k_cycles::tests::an_unsized_conditional_charges_the_word_fall_through ... ok
test m68k_cycles::tests::corpus_shapes_price_through_the_table ... ok
test m68k_cycles::tests::default_sizes_resolve_before_pricing ... ok
test m68k_cycles::tests::off_table_forms_refuse ... ok
test m68k_cycles::tests::transfer_ladders_charge_their_dearest_rung ... ok
test mul_lower::tests::corpus_strides_resolve_to_mulu ... ok
test mul_lower::tests::degenerates_and_powers_of_two ... ok
test mul_lower::tests::missing_scratch_falls_back_to_mulu ... ok
test mul_lower::tests::loop_labels_embed_the_module_id ... ok
test mul_lower::tests::mul_bounded_cost_boundary_and_candidate_gating ... ok
test mul_lower::tests::power_of_two_cost_boundary_flips_at_2_to_the_9 ... ok
test mul_lower::tests::small_factors_win_as_chains ... ok
test mul_lower::tests::refusals_are_tagged ... ok
test mul_lower::tests::mul_bounded_matches_mulu_semantics_within_bound ... ok
test mul_lower::tests::word_corpus_strides_resolve_to_chains ... ok
test mul_lower::tests::word_gate_boundary_generates_and_selects_the_ltr_arm ... ok
test mul_lower::tests::word_degenerates_and_powers ... ok
test mul_lower::tests::word_bounded_semantics_and_boundary ... ok
test mul_lower::tests::word_size_suffix_routing ... ok
test mul_lower::tests::word_upper_is_free_mulu_trashes_chain_preserves ... ok
test preserves::frame_tests::a_closed_zero_size_frame_is_balanced ... ok
test mul_lower::tests::z80_refuses_and_cpuless_defers ... ok
test preserves::frame_tests::a_link_with_no_unlk_is_unbalanced ... ok
test preserves::frame_tests::a_fall_off_end_is_charged_only_when_the_proc_declares_no_fallthrough ... ok
test preserves::frame_tests::a_paired_frame_is_balanced ... ok
test preserves::frame_tests::a_paired_frame_preserves_its_frame_pointer ... ok
test preserves::frame_tests::a_positive_link_displacement_bails ... ok
test preserves::frame_tests::an_assert_desugar_tail_is_obligation_free ... ok
test preserves::frame_tests::an_unclosed_zero_size_frame_still_carries_its_saved_pointer ... ok
test preserves::frame_tests::an_unclosed_frame_does_not_preserve_its_frame_pointer ... ok
test preserves::frame_tests::an_unlk_of_the_wrong_register_bails ... ok
test preserves::frame_tests::an_unlk_with_no_link_bails_rather_than_guessing ... ok
test preserves::frame_tests::an_unrepresentable_frame_size_bails ... ok
test resolve::placement_provenance_tests::place_sections_stamps_group_and_first_per_region_pinned ... ok
test resolve::placement_provenance_tests::place_sequential_marks_first_pinned_rest_chained_with_max_span ... ok
test resumable::tests::a_movem_list_without_a7_is_clean_unless_it_touches_sp ... ok
test resumable::tests::a_stackless_body_is_clean ... ok
test resumable::tests::a_symbolic_displacement_over_sp_fires ... ok
test resumable::tests::every_call_and_frame_mnemonic_fires ... ok
test resumable::tests::every_return_mnemonic_fires ... ok
test resumable::tests::every_sp_operand_form_fires ... ok
test resumable::tests::sp_as_a_pc_relative_index_fires ... ok
test value::tests::databuf_monoid_and_display ... ok
test value::tests::display_array ... ok
test value::tests::display_bool ... ok
test value::tests::display_enum_nullary_and_payload ... ok
test value::tests::display_float_fractional_and_whole ... ok
test value::tests::display_fn_ref ... ok
test value::tests::display_int ... ok
test value::tests::display_label ... ok
test value::tests::display_lambda ... ok
test value::tests::display_range ... ok
test value::tests::display_str_is_quoted ... ok
test value::tests::display_struct ... ok
test value::tests::display_tuple ... ok
test value::tests::display_unit_poison ... ok
test value::tests::type_names ... ok
test z80_cycles::tests::bit_is_cheaper_than_set_because_it_writes_nothing ... ok
test z80_cycles::tests::call_and_rst_bail_opaque_in_a_span ... ok
test z80_cycles::tests::cb_rotates_are_not_the_accumulator_rotates ... ok
test z80_cycles::tests::consumer_block_is_22 ... ok
test z80_cycles::tests::djnz_bails_ambiguous ... ok
test z80_cycles::tests::exx_and_nop ... ok
test z80_cycles::tests::fill_body_is_44 ... ok
test z80_cycles::tests::hl_is_the_cheap_pair_through_memory ... ok
test z80_cycles::tests::jp_cc_is_fixed_positive_control ... ok
test z80_cycles::tests::jr_cc_bails_ambiguous ... ok
test z80_cycles::tests::label_span_is_half_open ... ok
test z80_cycles::tests::max_span_bound_is_derived_from_the_two_structural_limits ... ok
test z80_cycles::tests::off_table_bails_unknown ... ok
test z80_cycles::tests::inc_costs_four_different_things ... ok
test z80_cycles::tests::sixteen_bit_adds_separate_on_the_prefix ... ok
test z80_cycles::tests::pair_inc_dec_costs ... ok
test z80_cycles::tests::push_costs_one_more_than_pop ... ok
test z80_cycles::tests::the_exchanges_are_not_all_renames ... ok
test mul_lower::tests::word_two_power_arm_is_dominated_by_ltr ... ok
test z80_cycles::tests::the_block_grid_splits_into_stepping_and_repeating ... ok
test z80_cycles::tests::the_i_and_r_loads_are_nine ... ok
test z80_cycles::tests::timer_poll_is_30 ... ok
test z80_cycles::tests::the_direct_port_is_not_a_memory_load ... ok
test z80_cycles::tests::encoder_coverage::ambiguous_branch_forms_are_the_split_forms_span_cost_reaches ... ok
test z80_cycles::tests::span_cost_past_65535_t_returns_the_true_sum ... ok
test z80_cycles::tests::encoder_coverage::every_encodable_form_is_priced ... ok
test z80_cycles::tests::encoder_coverage::budget_ambiguous_branch_is_reached_only_by_the_block_repeats ... ok
test eval::classic_compress::tests::saxman_from_data_with_header_compressed_size_exceeds_u16_errors ... ok
test mul_lower::tests::every_straight_line_candidate_prices_exactly ... ok
test mul_lower::tests::every_chosen_lowering_matches_mulu_semantics ... ok
test mul_lower::tests::word_lowering_matches_low_word_and_leaves_upper_free ... ok
test mul_lower::tests::expansion_is_deterministic ... ok
test eval::sandbox::tests::zx0_from_data_max_u16_input ... ok

test result: ok. 249 passed; 0 failed; 0 ignored; 0 measured; 0 filtered out; finished in 0.77s

     Running tests/align.rs (/home/volence/sonic_hacks/.scratch/width-suffix/target-base/release/deps/align-88df943a7c6172b4)

running 23 tests
test align_eq_inside_a_section_body_is_finite_too ... ok
test align_eq_at_item_position_is_a_finite_error ... ok
test align_non_positive_is_error ... ok
test align_stays_usable_as_an_ordinary_name ... ok
test align_as_first_item_is_fine ... ok
test align_after_relaxable_branch_is_align_provisional ... ok
test align_n_is_a_comptime_expression ... ok
test data_item_align_congruence_fails_on_placement_drift ... ok
test align_records_a_congruence_link_assert ... ok
test align_2_is_the_even_translation ... ok
test align_at_aligned_position_emits_nothing ... ok
test consecutive_aligns_compose ... ok
test align_pads_to_boundary_with_zero_fill ... ok
test data_item_align_coarser_than_granularity_still_refuses_past_a_relaxable ... ok
test pub_align_is_rejected ... ok
test align_works_in_z80_sections ... ok
test data_item_align_pads_before_the_item ... ok
test data_item_align_is_zero_when_already_aligned ... ok
test data_item_align_records_a_structural_congruence_assert ... ok
test data_item_align_without_a_relaxable_pads_like_a_bare_align ... ok
test align_respects_a_pinned_section_base ... ok
test data_item_align_survives_a_word_relaxable_with_a_real_pad ... ok
test placement_drift_fails_the_congruence_assert ... ok

test result: ok. 23 passed; 0 failed; 0 ignored; 0 measured; 0 filtered out; finished in 0.00s

     Running tests/alu_an_dest.rs (/home/volence/sonic_hacks/.scratch/width-suffix/target-base/release/deps/alu_an_dest-5adee9475511d42d)

running 3 tests
test sub_with_address_register_destination_fails_loud ... ok
test adda_spelling_assembles_clean ... ok
test add_with_address_register_destination_fails_loud ... ok

test result: ok. 3 passed; 0 failed; 0 ignored; 0 measured; 0 filtered out; finished in 0.00s

     Running tests/asm_comptime_if.rs (/home/volence/sonic_hacks/.scratch/width-suffix/target-base/release/deps/asm_comptime_if-440d3867f7e0a8d4)

running 12 tests
test same_line_statement_after_brace_is_diagnosed ... ok
test deep_nesting_is_diagnosed_not_fatal ... ok
test export_flag_disagreement_across_arms_errors ... ok
test label_in_chosen_branch_resolves ... ok
test label_in_unchosen_branch_is_loud ... ok
test else_with_newlines_on_both_sides_parses ... ok
test non_comptime_condition_errors ... ok
test define_gates_instruction_bytes ... ok
test bare_int_condition_is_truthy_nonzero ... ok
test script_label_under_if_refused ... ok
test else_and_else_if_choose_one_branch ... ok
test nested_ifs_compose ... ok

test result: ok. 12 passed; 0 failed; 0 ignored; 0 measured; 0 filtered out; finished in 0.00s

     Running tests/asm_splice.rs (/home/volence/sonic_hacks/.scratch/width-suffix/target-base/release/deps/asm_splice-e853e445b9d1c214)

running 8 tests
test splice_outside_asm_template_is_not_recognized ... ok
test empty_splice_emits_nothing ... ok
test data_splice_is_a_steering_error ... ok
test splice_inlines_helper_code ... ok
test non_code_splice_is_an_error ... ok
test splice_inside_a_spliced_fragment ... ok
test two_instantiations_of_a_label_template_do_not_collide ... ok
test conditionally_empty_reg_splice_emits_only_when_distinct ... ok

test result: ok. 8 passed; 0 failed; 0 ignored; 0 measured; 0 filtered out; finished in 0.00s

     Running tests/banks.rs (/home/volence/sonic_hacks/.scratch/width-suffix/target-base/release/deps/banks-010d77a21a18cae6)

running 28 tests
test bankid_of_fn_ref_captures_name ... ok
test bank_attr_composes_with_cpu_in_any_order ... ok
test bank_attr_threads_to_section_bank ... ok
test bank_attr_accepts_the_largest_u32_power_of_two ... ok
test bank_attr_non_power_of_two_is_diagnosed ... ok
test bank_attr_zero_is_diagnosed ... ok
test bankid_non_symbol_argument_is_diagnosed ... ok
test bankid_bareword_matches_string_form ... ok
test bank_without_vma_still_works ... ok
test bank_with_explicit_vma_still_lowers_the_section_poison_tolerant ... ok
test bank_with_explicit_vma_is_diagnosed ... ok
test bankid_width1_folds_to_bank_id_68k ... ok
test bankid_bank_zero_folds_to_zero ... ok
test bank_with_explicit_vma_is_diagnosed_regardless_of_attribute_order ... ok
test bankid_as_array_length_refuses_with_bank_message ... ok
test bankid_wrong_arity_is_diagnosed ... ok
test embed_len_is_comptime_byte_length ... ok
test embed_slice_len_is_slice_length ... ok
test bankid_width2_z80_folds_little_endian ... ok
test bank_attr_refuses_a_power_of_two_with_no_u32_spelling ... ok
test ensure_bankid_mismatch_fails_at_link ... ok
test section_without_bank_attr_has_none ... ok
test equ_bound_to_bankid_refuses_on_comptime_array_size_read ... ok
test ensure_bankid_same_bank_passes_silently ... ok
test link_expr_overflow_is_range_error ... ok
test unknown_attr_diagnostics_unchanged_alongside_bank ... ok
test link_expr_width1_emits_value8 ... ok
test link_expr_width2_68k_folds_big_endian ... ok

test result: ok. 28 passed; 0 failed; 0 ignored; 0 measured; 0 filtered out; finished in 0.00s

     Running tests/bare_calls.rs (/home/volence/sonic_hacks/.scratch/width-suffix/target-base/release/deps/bare_calls-5ceb41f8182bafbf)

running 14 tests
test bare_form_named_looking_arg_is_a_loud_parse_error ... ok
test bareword_naming_const_is_specific_error ... ok
test bare_call_with_nested_call_and_reg_args ... ok
test comptime_fn_named_jbra_does_not_shadow_mnemonic ... ok
test non_code_fn_in_statement_position_errors ... ok
test bare_zero_arg_call ... ok
test bareword_naming_enum_is_specific_error_with_correct_article ... ok
test bare_call_ending_in_rts_matches_paren_fallthrough ... ok
test bare_multi_arg_call_with_expressions ... ok
test reg_into_non_register_splice_is_typed_error ... ok
test reg_param_bare_and_paren_splice ... ok
test unknown_bareword_keeps_mnemonic_error ... ok
test register_into_non_reg_param_is_type_error ... ok
test bare_one_arg_call_matches_paren_bytes ... ok

test result: ok. 14 passed; 0 failed; 0 ignored; 0 measured; 0 filtered out; finished in 0.00s

     Running tests/branch_const.rs (/home/volence/sonic_hacks/.scratch/width-suffix/target-base/release/deps/branch_const-350ef0e78b80509d)

running 5 tests
test moveq_fed_branch_fires ... ok
test btst_spin_does_not_fire ... ok
test constant_flag_write_before_branch_fires ... ok
test cmp_branch_does_not_fire ... ok
test meet_disagreeing_constants_does_not_fire ... ok

test result: ok. 5 passed; 0 failed; 0 ignored; 0 measured; 0 filtered out; finished in 0.00s

     Running tests/calls.rs (/home/volence/sonic_hacks/.scratch/width-suffix/target-base/release/deps/calls-de18daf0aa0a68ec)

running 29 tests
test callee_without_params_is_not_checked ... ok
test caller_param_is_defined_on_entry_passes ... ok
test conditional_out_correlated_condition_still_fires ... ok
test callee_unconditional_out_credits_definition ... ok
test conditional_out_label_join_between_call_and_guard_still_fires ... ok
test callee_output_register_is_not_a_held_value_passes ... ok
test input_defined_before_call_passes ... ok
test conditional_out_z_clobber_before_guard_still_fires ... ok
test callee_preserves_the_register_passes ... ok
test conditional_out_credit_only_on_success_edge_fires_on_other ... ok
test conditional_out_credit_clears_fill_shape ... ok
test conditional_dbcc_counter_is_not_a_must_definition ... ok
test conditional_out_unrelated_guard_still_fires ... ok
test input_defined_on_only_one_branch_fires ... ok
test conditional_out_does_not_excuse_live_clobber_fires ... ok
test conditional_out_unreferenced_label_before_guard_still_fires ... ok
test intervening_clobbering_call_ends_liveness ... ok
test live_on_one_path_fires ... ok
test input_defined_on_both_branches_passes ... ok
test intervening_out_call_redefines_and_suppresses ... ok
test live_value_clobbered_across_call_fires ... ok
test movem_save_restore_around_clobbering_call_passes ... ok
test redefined_after_call_passes ... ok
test top_effective_clobbers_held_value_fires ... ok
test partial_movem_save_fires_only_for_the_unsaved_register ... ok
test unconditional_dbf_counter_is_a_must_definition ... ok
test unconditional_out_still_excuses_live_clobber_passes ... ok
test undefined_input_fires ... ok
test value_not_read_after_call_passes ... ok

test result: ok. 29 passed; 0 failed; 0 ignored; 0 measured; 0 filtered out; finished in 0.00s

     Running tests/cfg_blind_spots.rs (/home/volence/sonic_hacks/.scratch/width-suffix/target-base/release/deps/cfg_blind_spots-77c6cfd034b37588)

running 12 tests
test a_bsr_to_a_helper_that_writes_nothing_does_not_credit ... ok
test nested_local_bsr_credit_composes ... ok
test an_out_declaring_targets_dispatch_trips_the_tripwire ... ok
test the_same_dispatch_without_targets_fires ... ok
test local_bsr_helper_credits_the_caller_at_u8 ... ok
test local_bsr_credit_is_the_must_intersection_over_helper_paths ... ok
test targets_dispatch_verifies_inside_the_proc ... ok
test local_bsr_credit_without_the_width_type_still_fires ... ok
test removing_one_targets_landings_write_fires ... ok
test local_bsr_credit_reaches_a_fall_off_exit ... ok
test no_out_declaring_proc_carries_a_targets_dispatch ... FAILED
test corpus_computed_dispatch_census_is_six_sites_five_procs ... FAILED

failures:

---- no_out_declaring_proc_carries_a_targets_dispatch stdout ----

thread 'no_out_declaring_proc_carries_a_targets_dispatch' (3909125) panicked at crates/sigil-harness/src/test_support.rs:1312:9:
NO REFERENCE TREE IS NAMED, so this run can measure nothing it could attribute, and STOPS. This run DECLINED to use /home/volence/sonic_hacks/aeon, which step 3 derived from this checkout's own location: it is a working checkout outside this repository, its revision changes under a run without notice, and a result measured against it would be attributable to whatever it happened to contain rather than to the code under test.

The resolver's own answer: reference-tree: /home/volence/sonic_hacks/aeon (SUITE_PATHS step 3, DERIVED from this checkout's own location, nobody named it)

Either name a provisioned tree, AEON_DIR=<aeon checkout> (scripts/provision-aeon-ref.sh), or EMPYREAN_SUITE_ROOT=<the directory holding the suite>, or declare a partial run with SIGIL_ALLOW_PARTIAL=1, in which case every reference-dependent row is left unmeasured and the run says how many. Ruled d-18 (docs/OVERSEER-REFERENCE.md, 2026-09-02): a run that only PRINTS how much it did not measure still exits 0, and a green is trusted the moment it is in the run.

---- corpus_computed_dispatch_census_is_six_sites_five_procs stdout ----

thread 'corpus_computed_dispatch_census_is_six_sites_five_procs' (3909119) panicked at crates/sigil-harness/src/test_support.rs:1312:9:
NO REFERENCE TREE IS NAMED, so this run can measure nothing it could attribute, and STOPS. This run DECLINED to use /home/volence/sonic_hacks/aeon, which step 3 derived from this checkout's own location: it is a working checkout outside this repository, its revision changes under a run without notice, and a result measured against it would be attributable to whatever it happened to contain rather than to the code under test.

The resolver's own answer: reference-tree: /home/volence/sonic_hacks/aeon (SUITE_PATHS step 3, DERIVED from this checkout's own location, nobody named it)

Either name a provisioned tree, AEON_DIR=<aeon checkout> (scripts/provision-aeon-ref.sh), or EMPYREAN_SUITE_ROOT=<the directory holding the suite>, or declare a partial run with SIGIL_ALLOW_PARTIAL=1, in which case every reference-dependent row is left unmeasured and the run says how many. Ruled d-18 (docs/OVERSEER-REFERENCE.md, 2026-09-02): a run that only PRINTS how much it did not measure still exits 0, and a green is trusted the moment it is in the run.
note: run with `RUST_BACKTRACE=1` environment variable to display a backtrace


failures:
    corpus_computed_dispatch_census_is_six_sites_five_procs
    no_out_declaring_proc_carries_a_targets_dispatch

test result: FAILED. 10 passed; 2 failed; 0 ignored; 0 measured; 0 filtered out; finished in 0.00s

error: test failed, to rerun pass `-p sigil-frontend-emp --test cfg_blind_spots`
     Running tests/classic_compress.rs (/home/volence/sonic_hacks/.scratch/width-suffix/target-base/release/deps/classic_compress-10144a2817303916)

running 43 tests
test enigma_non_data_arg_errors ... ok
test kosinski_link_expr_input_errors ... ok
test enigma_odd_length_input_errors ... ok
test comper_odd_length_input_errors ... ok
test kosinski_m_module_size_zero_errors ... ok
test enigma_no_args_errors ... ok
test enigma_matches_t2a_golden ... ok
test kosinski_m_module_size_wrong_type_errors ... ok
test comper_matches_t2a_golden ... ok
test comper_non_data_arg_errors ... ok
test kosinski_m_module_size_over_0x1000_errors ... ok
test kosinski_no_args_errors ... ok
test kosinski_non_data_arg_errors ... ok
test kosplus_m_module_size_over_0x1000_errors ... ok
test kosplus_m_module_size_zero_errors ... ok
test kosinski_m_module_size_given_twice_errors ... ok
test kosinski_m_two_positional_args_errors ... ok
test kosinski_m_explicit_module_size_matches_sys_wrapper ... ok
test kosinski_m_unknown_named_arg_errors ... ok
test kosplus_m_explicit_module_size_matches_sys_wrapper ... ok
test kosplus_non_data_arg_errors ... ok
test nemesis_non_data_arg_errors ... ok
test nemesis_no_args_errors ... ok
test kosinski_m_default_module_size_matches_sys_wrapper ... ok
test kosinski_matches_t2a_golden ... ok
test nemesis_matches_t2a_golden ... ok
test nemesis_not_tile_aligned_errors ... ok
test rocket_no_args_errors ... ok
test rocket_non_data_arg_errors ... ok
test kosinski_m_module_size_at_max_is_accepted ... ok
test kosplus_m_default_module_size_matches_sys_wrapper ... ok
test saxman_non_data_arg_errors ... ok
test kosplus_m_unknown_named_arg_errors ... ok
test saxman_header_wrong_type_errors ... ok
test saxman_no_args_errors ... ok
test saxman_default_has_header_matches_t2a_golden ... ok
test kosplus_matches_t2a_golden ... ok
test rocket_matches_t2a_golden ... ok
test saxman_header_given_twice_errors ... ok
test saxman_two_positional_args_errors ... ok
test saxman_unknown_named_arg_errors ... ok
test saxman_header_false_matches_t2a_golden ... ok
test saxman_header_true_explicit_matches_t2a_golden ... ok

test result: ok. 43 passed; 0 failed; 0 ignored; 0 measured; 0 filtered out; finished in 0.00s

     Running tests/comptime_compare_refuses.rs (/home/volence/sonic_hacks/.scratch/width-suffix/target-base/release/deps/comptime_compare_refuses-624fafc67bd1259b)

running 6 tests
test a_unit_operand_carries_the_fold_hint_in_both_orders ... ok
test the_fold_hint_does_not_attach_to_other_cross_type_refusals ... ok
test meaningful_inequality_never_refuses ... ok
test cross_struct_type_equality_refuses_while_same_type_answers_both_ways ... ok
test array_length_annotation_is_checked_at_the_signature_both_ways ... ok
test label_vs_struct_refuses_while_struct_vs_struct_still_answers_both_ways ... ok

test result: ok. 6 passed; 0 failed; 0 ignored; 0 measured; 0 filtered out; finished in 0.00s

     Running tests/comptime_test.rs (/home/volence/sonic_hacks/.scratch/width-suffix/target-base/release/deps/comptime_test-aa84f8796d1c3160)

running 10 tests
test expect_error_passes_on_a_matching_diagnostic ... ok
test expect_error_fails_on_a_clean_body ... ok
test passing_test_reports_ok ... ok
test duplicate_names_fail_under_the_runner_too ... ok
test pub_comptime_test_is_rejected ... ok
test expect_error_does_not_pass_on_a_warning ... ok
test failing_ensure_reports_failed_with_the_message ... ok
test section_nested_test_is_rejected_loudly ... ok
test duplicate_test_names_error_at_lower ... ok
test test_blocks_emit_nothing ... ok

test result: ok. 10 passed; 0 failed; 0 ignored; 0 measured; 0 filtered out; finished in 0.00s

     Running tests/cond_branch_witnesses.rs (/home/volence/sonic_hacks/.scratch/width-suffix/target-base/release/deps/cond_branch_witnesses-a0faec640e9b033b)

running 10 tests
test the_derivation_helpers_match_a_hand_expansion ... ok
test the_seven_conditions_are_distinct_and_not_bra_or_bsr ... ok
test bmi_encodes_condition_mi ... ok
test blt_encodes_condition_lt ... ok
test bgt_encodes_condition_gt ... ok
test ble_encodes_condition_le ... ok
test bge_encodes_condition_ge ... ok
test bcc_encodes_condition_cc ... ok
test bls_encodes_condition_ls ... ok
test the_seven_spellings_lower_to_seven_different_opcodes ... ok

test result: ok. 10 passed; 0 failed; 0 ignored; 0 measured; 0 filtered out; finished in 0.00s

     Running tests/const_array_arity.rs (/home/volence/sonic_hacks/.scratch/width-suffix/target-base/release/deps/const_array_arity-0738ea34dff58e7a)

running 10 tests
test const_inside_section_is_checked ... ok
test const_non_ascii_string_reports_no_arity ... ok
test const_array_inside_tuple_is_checked ... ok
test const_record_right_tail_arity_is_clean ... ok
test untyped_const_is_unconstrained ... ok
test const_record_wrong_tail_arity_refuses ... ok
test const_nested_array_rows_are_checked ... ok
test unresolvable_const_value_yields_no_arity_diagnostic ... ok
test const_string_byte_array_length_is_checked ... ok
test const_bare_array_arity_both_directions ... ok

test result: ok. 10 passed; 0 failed; 0 ignored; 0 measured; 0 filtered out; finished in 0.00s

     Running tests/const_fold_diagnostics.rs (/home/volence/sonic_hacks/.scratch/width-suffix/target-base/release/deps/const_fold_diagnostics-0a827aa89addaa55)

running 6 tests
test plain_build_gains_no_diagnostics ... ok
test failed_fold_surfaces_its_diagnostic ... ok
test unknown_function_shortfall_stays_quiet ... ok
test non_integer_const_stays_quiet ... ok
test failed_fold_does_not_double_report ... ok
test scope_shortfall_stays_quiet ... ok

test result: ok. 6 passed; 0 failed; 0 ignored; 0 measured; 0 filtered out; finished in 0.00s

     Running tests/context_brackets.rs (/home/volence/sonic_hacks/.scratch/width-suffix/target-base/release/deps/context_brackets-4cf8e86306d82610)

running 44 tests
test a_back_edge_into_the_acquire_is_a_reacquire ... ok
test a_bsr_out_of_the_region_is_not_an_escape ... ok
test a_branch_to_a_label_inside_the_region_is_not_an_escape ... ok
test a_call_out_of_the_region_is_not_an_escape ... ok
test a_false_gate_still_lowers_nested_brackets ... ok
test a_granted_context_does_not_seed_the_bus_net ... ok
test a_loop_label_at_the_region_head_is_not_an_entry_skip ... ok
test a_bracket_discharges_a_requirement_over_its_range_only ... ok
test an_exported_label_inside_the_region_is_an_entry_skip ... ok
test a_discharged_requirement_is_censused ... ok
test a_requiring_proc_that_returns_still_held_is_silent ... ok
test a_tail_transfer_out_of_an_rte_released_body_fires ... ok
test a_declared_bus_requirement_seeds_the_inference_tier ... ok
test an_rte_inside_an_rte_released_body_is_the_release ... ok
test an_outer_bracket_nesting_a_bus_bracket_is_not_a_bus_context ... ok
test a_false_gate_lowers_the_body_bare ... ok
test an_rte_released_bracket_ending_in_rte_is_clean ... ok
test an_rte_released_bracket_that_returns_with_rts_fires ... ok
test an_rtr_exit_does_not_discharge_an_rte_released_hold ... ok
test an_rts_inside_an_rte_released_body_fires ... ok
test an_undeclared_context_reference_is_reported ... ok
test granted_and_released_by_rte_is_a_decl_error ... ok
test naming_both_release_and_released_by_rte_is_a_decl_error ... ok
test a_bracket_emits_the_same_bytes_as_the_manual_pair ... ok
test escape_fires_on_a_tail_transfer_out ... ok
test escape_fires_on_a_return_inside_the_body ... ok
test entry_skip_fires_on_a_branch_into_the_region ... ok
test escape_fires_on_a_branch_out_of_the_region ... ok
test released_by_rte_without_an_acquire_is_a_decl_error ... ok
test an_undeclared_context_clause_fails_the_per_file_gate ... ok
test naming_an_in_region_label_in_a_data_operand_is_not_an_entry_skip ... ok
test nesting_different_contexts_is_legal ... ok
test granting_an_acquired_context_is_an_error ... ok
test an_unpaired_toggle_at_proc_entry_is_invisible_without_a_declaration ... ok
test the_acquires_own_spin_is_not_a_reacquire ... ok
test reacquire_fires_on_the_same_context_nested ... ok
test the_inference_tier_cannot_see_a_branch_out_of_a_hand_written_pair ... ok
test requires_propagates_three_deep_from_a_grant_root ... ok
test work_between_an_rte_released_bracket_and_its_rte_fires ... ok
test with_on_an_unknown_context_is_an_error ... ok
test the_ordinary_flavor_still_fires_plain_escape ... ok
test unsatisfied_fires_at_an_undischarged_call_site ... ok
test the_per_file_gate_reports_an_escape_as_an_error ... ok
test with_on_a_granted_context_is_an_error ... ok

test result: ok. 44 passed; 0 failed; 0 ignored; 0 measured; 0 filtered out; finished in 0.00s

     Running tests/continuation.rs (/home/volence/sonic_hacks/.scratch/width-suffix/target-base/release/deps/continuation-f7ae4f9252483fc9)

running 8 tests
test continuation_is_a_known_attribute ... ok
test continuation_takes_no_arguments ... ok
test continuation_requires_a_declared_clobbers_set ... ok
test continuation_on_z80_is_rejected ... ok
test a_manufactured_resume_continuation_is_clean ... ok
test a_banking_stub_continuation_is_clean ... ok
test continuation_still_runs_the_clobber_lint ... ok
test the_same_body_without_the_attribute_still_fires ... ok

test result: ok. 8 passed; 0 failed; 0 ignored; 0 measured; 0 filtered out; finished in 0.00s

     Running tests/contract_closure.rs (/home/volence/sonic_hacks/.scratch/width-suffix/target-base/release/deps/contract_closure-92ebb3106bcc3f8a)

running 37 tests
test a_bounds_out_licenses_the_target_to_clobber_it ... ok
test a_conditional_out_does_not_license_the_target_to_clobber_it ... ok
test a_target_guarding_more_ccs_than_the_bound_demands_satisfies_it ... ok
test absent_falls_into_successor_is_unresolved ... ok
test conditional_out_does_not_satisfy_an_unconditional_bound_out ... ok
test a_conditional_bound_rejects_a_target_guarding_a_different_cc ... ok
test conforming_target_is_clean ... ok
test a_written_param_is_not_excused ... ok
test direct_callee_effect_unions_in ... ok
test direct_under_declaration_fires ... ok
test absent_callee_is_unresolved ... ok
test default_closure_still_trusts_the_bound ... ok
test extern_leaf_effect_is_declared_clobbers ... ok
test bounded_indirect_is_narrowed_only_under_trust ... ok
test falls_into_a_top_successor_is_top ... ok
test bounded_indirect_uses_type_clobbers ... ok
test falls_into_and_a_tail_transfer_to_the_same_successor_agree ... ok
test falls_into_propagates_through_a_caller ... ok
test falls_into_successor_effect_unions_in ... ok
test leaf_effective_is_local_writes ... ok
test missing_conditional_out_violates ... ok
test mutual_recursion_scc_terminates_and_unions ... ok
test no_contract_proc_never_fires ... ok
test out_results_and_read_only_params_are_allowed ... ok
test target_clobbers_exceeding_bound_violates ... ok
test target_missing_required_preserve_violates ... ok
test the_honest_alloc_dynamic_shape_conforms_to_a_matching_bound ... ok
test the_out_license_does_not_widen_to_arbitrary_registers ... ok
test top_propagates_to_callers ... ok
test transitive_chain_propagates ... ok
test transitive_leak_fires_as_transitive ... ok
test unbounded_effective_against_bounded_contract_fires ... ok
test unbounded_indirect_is_top ... ok
test unbounded_indirect_is_top_under_both_policies ... ok
test unconditional_out_satisfies_a_conditional_bound_out ... ok
test verified_preserves_not_inherited_by_callers ... ok
test verified_preserves_subtracts_from_effective ... ok

test result: ok. 37 passed; 0 failed; 0 ignored; 0 measured; 0 filtered out; finished in 0.00s

     Running tests/contract_grammar.rs (/home/volence/sonic_hacks/.scratch/width-suffix/target-base/release/deps/contract_grammar-3465a1b78d138344)

running 31 tests
test cond_out_guards_carry_each_registers_condition_codes ... ok
test contract_type_clobbers_bound ... ok
test contract_type_preserves_and_typed_param ... ok
test cond_out_guards_fold_the_cc_aliases ... ok
test discards_trailing_attribute_parses ... ok
test extern_ident_still_usable_as_value_read ... ok
test dispatch_bound_as_annotation_parses ... ok
test extern_proc_full_contract ... ok
test extern_proc_minimal_clobbers ... ok
test extern_proc_out_carry_flag_result ... ok
test extern_proc_pub ... ok
test scaffolding_requires_reason ... ok
test proc_out_conditional_register_result ... ok
test unanalyzable_allow_parses_at_proc_scope ... ok
test unanalyzable_allow_requires_reason ... ok
test unconditional_outs_expands_ranges_before_subtracting ... ok
test unconditional_outs_expands_z80_pairs ... ok
test unanalyzable_allow_parses_at_module_scope ... ok
test proc_out_mixed_reg_cond_and_flag ... ok
test proc_out_carry_flag_result ... ok
test scaffolding_attr_attaches_to_proc ... ok
test unconditional_outs_is_canonical_not_textual ... ok
test out_cond_invalid_cc_is_diagnosed ... ok
test unconditional_outs_of_a_proc_with_no_out_is_empty ... ok
test dispatch_bound_is_byte_neutral ... ok
test unconditional_outs_subtracts_the_guarded_registers ... ok
test out_flag_invalid_name_is_diagnosed ... ok
test boundary_decls_emit_nothing ... ok
test scaffolding_is_byte_neutral ... ok
test discards_is_byte_neutral ... ok
test flag_and_cond_results_are_byte_neutral ... ok

test result: ok. 31 passed; 0 failed; 0 ignored; 0 measured; 0 filtered out; finished in 0.00s

     Running tests/corpus.rs (/home/volence/sonic_hacks/.scratch/width-suffix/target-base/release/deps/corpus-afa27d5e3cc9cd42)

running 4 tests
test error_recovery_continues_after_bad_decl ... ok
test appendix_a_style_comptime ... ok
test section_decls ... ok
test appendix_d_pitcher_plant ... ok

test result: ok. 4 passed; 0 failed; 0 ignored; 0 measured; 0 filtered out; finished in 0.00s

     Running tests/corpus_contracts.rs (/home/volence/sonic_hacks/.scratch/width-suffix/target-base/release/deps/corpus_contracts-483af61f5d56fde2)

running 70 tests
test a_poisoned_expression_if_inside_a_comptime_fn_lands_on_the_surface ... ok
test bounded_indirect_charges_a_conditional_bound_out ... ok
test bounded_indirect_is_not_top ... ok
test a_false_word_facet_claim_fires_the_obligation_gate ... ok
test a_caller_gets_no_full_credit_through_a_word_preserving_callee ... ok
test a_poisoned_statement_if_is_invisible_at_zero_drops_and_the_surface_names_it ... ok
test a_poisoned_loop_head_lands_on_the_surface ... ok
test a_memoized_poison_const_read_in_a_condition_still_lands_on_the_surface ... ok
test bounded_indirect_with_the_out_declared_is_clean ... ok
test conditional_out_spelled_sp_is_not_credited_unconditionally ... ok
test bounded_indirect_charges_the_bounds_out ... ok
test an_unresolved_condition_name_is_a_hard_error_in_the_build_path ... ok
test a_word_facet_licenses_the_full_register_as_a_clobber ... ok
test closure_fires_when_trailing_callee_clobbers ... ok
test direct_under_declaration_fires_over_corpus ... ok
test discards_a_real_looking_name_the_callee_does_not_declare_is_refused ... ok
test declared_verified_preserves_subtracts_over_corpus ... ok
test direct_jsr_and_bsr_call_edges_propagate ... ok
test discards_matching_names_are_accepted ... ok
test flag_result_dropped_over_corpus_fires ... ok
test discards_on_an_unresolvable_target_is_refused ... ok
test extern_out_register_charges_callers ... ok
test extern_proc_collision_flagged ... ok
test extern_leaf_charges_callers ... ok
test flag_result_discarded_over_corpus_passes ... ok
test discards_in_an_unselected_comptime_arm_is_unreached ... ok
test flag_result_consumed_over_corpus_passes ... ok
test discards_typo_is_refused_naming_the_declared_results ... ok
test discards_refusal_prints_every_declared_name ... ok
test discards_on_a_tail_transfer_is_checked ... ok
test discards_on_a_callee_with_no_flag_result_is_refused ... ok
test nonresumable_jmp_indirect_still_fires_unbounded ... ok
test flip_gate_rejects_undefined_input ... ok
test genuinely_unverifiable_preserves_does_not_subtract ... ok
test falls_into_successor_credit_reaches_the_per_proc_out_check ... ok
test preserves_only_type_bounds_complement ... ok
test flip_gate_verified_credit_is_load_bearing ... ok
test resumable_jmp_through_sp_is_not_credited ... ok
test resumable_continuation_exit_is_not_unbounded ... ok
test inout_extern_credit_laundering_is_caught_by_d1b ... ok
test resumable_typed_exit_is_bounded_by_the_type_not_the_attribute ... ok
test oracle_credits_preserving_trailing_callee ... ok
test the_word_facet_is_recorded_on_the_contract_surface ... ok
test inout_credit_laundering_is_caught_by_d1b ... ok
test doctored_a5_write_fails_the_callers_lint_the_negative_probe ... ok
test transitive_callee_leak_fires_over_corpus ... ok
test unanalyzable_allow_suppresses_the_unbounded_firing ... ok
test unbounded_indirect_fires_unbounded ... ok
test unanalyzable_allow_does_not_silence_concrete_leak ... ok
test verified_individual_push_preserves_subtracts ... ok
test unconditional_out_spelled_sp_is_still_credited ... ok
test the_conditional_out_credit_surface_also_uses_verified_credit ... ok
test z80_flag_result_consumed_over_corpus_passes ... ok
test z80_discards_names_are_checked ... ok
test z80_out_cancelling_ex_de_hl_pair_fires ... ok
test z80_flag_result_dropped_over_corpus_fires ... ok
test z80_out_carry_flag_only_is_not_a_register_claim ... ok
test z80_out_carry_conditional_result_fires_on_the_failure_edge ... ok
test z80_out_call_credit ... ok
test z80_out_ex_de_hl_permutes_real_production_into_hl ... ok
test z80_out_conditional_call_does_not_bless_its_callee_out ... ok
test z80_out_never_written_fires ... ok
test z80_out_must_join_fires_on_a_merge_of_produced_and_unproduced ... ok
test z80_out_partial_pair_fires_the_unwritten_half ... ok
test the_out_residue_surface_uses_verified_credit_not_declared ... ok
test z80_out_unconditional_call_still_credits_its_callee_out ... ok
test z80_out_written_passes ... ok
test z80_out_falls_into_successor_credit ... ok
test z80_out_tail_credit_and_noreturn_exemption ... ok
test z80_out_residue_uses_verified_credit_not_declared ... ok

test result: ok. 70 passed; 0 failed; 0 ignored; 0 measured; 0 filtered out; finished in 0.00s

     Running tests/corpus_p5.rs (/home/volence/sonic_hacks/.scratch/width-suffix/target-base/release/deps/corpus_p5-6ec0e452f6adcd2e)

running 5 tests
test typed_import_through_production_lowering ... ok
test deform_table_through_production_lowering ... ok
test sandbox_and_features_in_a_placed_section ... ok
test zx0_embed_pipeline_through_production_lowering ... ok
test all_features_coexist_in_one_module ... ok

test result: ok. 5 passed; 0 failed; 0 ignored; 0 measured; 0 filtered out; finished in 0.00s

     Running tests/corpus_typeenv.rs (/home/volence/sonic_hacks/.scratch/width-suffix/target-base/release/deps/corpus_typeenv-975ad15fc0583617)

running 3 tests
test file_local_struct_shadows_ambient ... ok
test cross_file_field_resolves_with_ambient ... ok
test cross_file_field_drops_and_is_counted_without_ambient ... ok

test result: ok. 3 passed; 0 failed; 0 ignored; 0 measured; 0 filtered out; finished in 0.00s

     Running tests/cycle_budget.rs (/home/volence/sonic_hacks/.scratch/width-suffix/target-base/release/deps/cycle_budget-149424d3926b182d)

running 50 tests
test a_misspelled_attribute_is_loud ... ok
test a_68k_call_is_refused ... ok
test a_68k_computed_dispatch_is_refused_by_its_own_name ... ok
test a_declared_fallthrough_is_refused_by_its_own_name ... ok
test a_duplicate_target_refuses_end_to_end ... ok
test a_fall_off_the_end_is_refused ... ok
test a_nonlocal_target_refuses_end_to_end ... ok
test a_djnz_loop_is_refused ... ok
test a_dispatch_inline_body_checks_its_targets ... ok
test a_djnz_leg_out_of_the_body_is_refused ... ok
test a_refusal_replaces_the_conclusions ... ok
test a_budget_met_exactly_is_silent ... ok
test a_call_is_refused ... ok
test a_68k_loop_is_refused ... ok
test a_68k_budget_bounds_the_worst_path ... ok
test a_repeated_declaration_is_reported ... ok
test a_loop_is_refused ... ok
test a_script_body_checks_its_targets ... ok
test a_ceiling_refuses_an_exactness_proof_but_holds_a_budget ... ok
test an_empty_target_set_refuses_at_parse ... ok
test allow_does_not_suppress_a_budget ... ok
test a_trailing_target_refuses_end_to_end ... ok
test a_straight_line_is_trivially_exact ... ok
test a_tail_transfer_out_is_refused ... ok
test as_type_and_targets_compose_in_the_grammar ... ok
test an_enumerated_dispatch_over_budget_names_its_cost ... ok
test an_unknown_target_refuses_end_to_end ... ok
test a_section_scoped_proc_carries_its_budget ... ok
test an_enumerated_dispatch_verifies_its_budget ... ok
test an_unfoldable_budget_reports_the_form_and_stops ... ok
test budget_requires_its_resource_keyword ... ok
test a_tail_conditional_return_is_refused ... ok
test as_compat_does_not_soften_a_budget ... ok
test cycles_exact_takes_no_arguments ... ok
test both_attributes_report_together ... ok
test a_split_conditional_charges_each_edge_separately ... ok
test an_undeclared_proc_is_never_walked ... ok
test cycles_exact_fires_on_unequal_paths ... ok
test an_unsized_68k_conditional_is_charged_its_word_fall_through ... ok
test targets_on_a_call_refuses_end_to_end ... ok
test targets_on_a_direct_jmp_refuses_end_to_end ... ok
test the_budget_may_be_a_comptime_expression ... ok
test targets_on_dc_data_is_refused ... ok
test cycles_exact_proves_a_padded_pair ... ok
test an_off_table_op_is_refused ... ok
test without_the_clause_the_dispatch_still_refuses ... ok
test the_budget_bounds_the_worst_path ... ok
test inline_data_is_refused ... ok
test the_walk_agrees_with_the_cycles_builtin ... ok
test a_split_cost_conditional_is_refused_before_its_edges_are_counted ... ok

test result: ok. 50 passed; 0 failed; 0 ignored; 0 measured; 0 filtered out; finished in 0.01s

     Running tests/data_indexing.rs (/home/volence/sonic_hacks/.scratch/width-suffix/target-base/release/deps/data_indexing-61ab39cfe74a3523)

running 31 tests
test array_index_binds_tighter_than_arithmetic ... ok
test array_index_negative_is_loud ... ok
test array_index_chains ... ok
test array_index_out_of_bounds_is_loud ... ok
test array_literal_len_reads_postfix ... ok
test array_index_reads_the_element ... ok
test byte_at_refuses_symbolic_cells ... ok
test data_bytes_cells_index_as_pure_exprs ... ok
test huge_index_is_out_of_bounds_not_a_wrap ... ok
test byte_at_reads_width1_scalars_and_refuses_wider ... ok
test data_index_out_of_bounds_is_loud ... ok
test non_indexable_base_is_loud ... ok
test embed_byte_indexes_through_a_const_blob ... ok
test typed_long_view_checks_and_passes_through ... ok
test embed_call_len_reads_postfix ... ok
test typed_view_indivisible_length_is_loud ... ok
test poison_base_propagates_silently ... ok
test parenthesized_range_len_reads_postfix ... ok
test embed_call_indexes_directly ... ok
test poisoned_view_element_reports_once ... ok
test parenthesized_base_indexes ... ok
test non_int_index_is_loud ... ok
test typed_view_le_element_is_rejected ... ok
test typed_view_length_mismatch_is_loud ... ok
test postfix_field_reads_struct_fields_off_index_results ... ok
test typed_view_non_scalar_element_is_rejected ... ok
test typed_word_view_is_byte_identical_to_the_raw_embed ... ok
test typed_byte_view_checks_and_passes_through ... ok
test scalar_le_annotation_over_data_is_rejected ... ok
test index_in_operand_position_blessed_as_immediate_fenced_as_address ... ok
test sine_style_content_assert_passes_and_fails_correctly ... ok

test result: ok. 31 passed; 0 failed; 0 ignored; 0 measured; 0 filtered out; finished in 0.00s

     Running tests/dc_link_expr.rs (/home/volence/sonic_hacks/.scratch/width-suffix/target-base/release/deps/dc_link_expr-1ae54a14d133e76a)

running 1 test
test dc_l_link_expr_equ_folds_to_label_plus_offset ... ok

test result: ok. 1 passed; 0 failed; 0 ignored; 0 measured; 0 filtered out; finished in 0.00s

     Running tests/dc_self_rel.rs (/home/volence/sonic_hacks/.scratch/width-suffix/target-base/release/deps/dc_self_rel-a47c460db2bba5e4)

running 9 tests
test label_plus_label_still_rejects ... ok
test int_minus_label_still_rejects ... ok
test self_rel_negative_offset_two_complement ... ok
test label_plus_int_still_rejects ... ok
test self_rel_dc_w_emits_reloffset_words ... ok
test self_rel_dc_l_rejects ... ok
test self_rel_overflow_diagnoses ... ok
test self_rel_dc_b_rejects ... ok
test global_label_difference_rejects ... ok

test result: ok. 9 passed; 0 failed; 0 ignored; 0 measured; 0 filtered out; finished in 0.00s

     Running tests/dead_save.rs (/home/volence/sonic_hacks/.scratch/width-suffix/target-base/release/deps/dead_save-983289d498d49b7a)

running 8 tests
test save_around_preserving_call_fires ... ok
test branch_straddled_restore_fires_once ... ok
test save_with_scratch_use_no_fire ... ok
test save_around_clobbering_call_no_fire ... ok
test hole_callee_no_fire ... ok
test top_dispatch_effect_withdraws_the_advice ... ok
test one_clobbering_path_no_fire ... ok
test narrow_dispatch_effect_would_report_the_save_dead ... ok

test result: ok. 8 passed; 0 failed; 0 ignored; 0 measured; 0 filtered out; finished in 0.00s

     Running tests/deep_nesting_aborts.rs (/home/volence/sonic_hacks/.scratch/width-suffix/target-base/release/deps/deep_nesting_aborts-3d0d5fdaaccf80aa)

running 4 tests
test depth_diagnostic_does_not_flood ... ok
test paren_nesting_stays_bounded ... ok
test index_chain_does_not_abort ... ok
test array_literal_nesting_does_not_abort ... ok

test result: ok. 4 passed; 0 failed; 0 ignored; 0 measured; 0 filtered out; finished in 0.00s

     Running tests/diag_construct.rs (/home/volence/sonic_hacks/.scratch/width-suffix/target-base/release/deps/diag_construct-82897448dfbe3d22)

running 11 tests
test assert_binary_and_arith_immediates_survive_verbatim ... ok
test assert_byte_cmp_form ... ok
test assert_hex_immediate_survives_verbatim ... ok
test assert_long_cmp_form ... ok
test assert_tst_form_no_dest ... ok
test assert_word_cmp_symbol_immediate ... ok
test missing_width_errors ... ok
test assert_symbol_immediate_survives_verbatim ... ok
test raise_error_captures_fstring ... ok
test raise_error_second_arg_is_a_steering_error ... ok
test unknown_cond_lists_the_sixteen_codes ... ok

test result: ok. 11 passed; 0 failed; 0 ignored; 0 measured; 0 filtered out; finished in 0.00s

     Running tests/diag_desugar.rs (/home/volence/sonic_hacks/.scratch/width-suffix/target-base/release/deps/diag_desugar-27ca909ca4694a42)

running 16 tests
test lines_around_an_assert_stay_user_authored ... ok
test assert_debug_undefined_is_explicit_error ... ok
test the_raise_error_rail_is_desugar_authored_with_a_divergent_jmp ... ok
test the_assert_expansion_is_desugar_authored_and_sr_balanced ... ok
test the_raise_exception_rail_is_desugar_authored_with_a_divergent_jmp ... ok
test raise_error_memory_arg_is_a_steering_error ... ok
test assert_src_must_be_a_register ... ok
test an_assert_does_not_fire_sr_undeclared_on_its_proc ... ok
test assert_debug_off_emits_nothing ... ok
test the_assert_desugar_rails_diverge_the_exclusions_structural_pin ... ok
test tst_form_uses_tst_not_cmp ... ok
test core_long_form_matches_transliteration ... ok
test raise_error_has_no_gate_and_no_compare_wrapper ... ok
test two_asserts_in_one_proc_do_not_collide ... ok
test core_word_form_matches_transliteration ... ok
test rings_byte_form_matches_transliteration ... ok

test result: ok. 16 passed; 0 failed; 0 ignored; 0 measured; 0 filtered out; finished in 0.00s

     Running tests/disp_sym_ind.rs (/home/volence/sonic_hacks/.scratch/width-suffix/target-base/release/deps/disp_sym_ind-a067d5abc65f419d)

running 3 tests
test mixing_with_symbolic_absolute_is_rejected ... ok
test unknown_local_label_disp_fails_at_link ... ok
test data_register_base_is_rejected ... ok

test result: ok. 3 passed; 0 failed; 0 ignored; 0 measured; 0 filtered out; finished in 0.00s

     Running tests/dispatch.rs (/home/volence/sonic_hacks/.scratch/width-suffix/target-base/release/deps/dispatch-f814d229d464b841)

running 29 tests
test empty_dispatch_builds_and_count_is_zero ... ok
test member_named_count_is_reserved ... ok
test empty_inline_body_emits_row_and_warns ... ok
test dispatch_in_z80_section_is_non_68k ... ok
test inline_body_without_terminator_warns_fallthrough ... ok
test inline_body_statement_comptime_call_expands ... ok
test inline_body_long_ptrs_byte_exact ... ok
test duplicate_member_with_body_still_errors ... ok
test duplicate_member_name_is_an_error ... ok
test inline_body_lowers_after_table_byte_exact ... ok
test inline_body_member_parses_and_lowers_clean ... ok
test duplicate_member_reported_once_through_full_lowering ... ok
test long_ptrs_in_z80_section_is_non_68k ... ok
test inline_bodies_local_labels_are_hygienic_per_member ... ok
test long_ptrs_table_bytes_are_exact ... ok
test ordinal_via_const_is_prescaled ... ok
test long_ptrs_ordinals_are_prescaled_x4_and_count_is_unscaled ... ok
test target_dispatch_table_is_not_code ... ok
test target_data_item_is_not_code ... ok
test target_overlay_is_not_code ... ok
test target_const_is_not_code ... ok
test ordinals_are_prescaled_and_count_is_unscaled ... ok
test unknown_member_is_an_error ... ok
test undefined_target_is_left_to_link_not_module_local_error ... ok
test section_nested_dispatch_lowers ... ok
test section_nested_inline_body_lowers ... ok
test target_offsets_table_is_not_code ... ok
test word_offsets_table_bytes_are_exact ... ok
test word_offsets_and_long_ptrs_coexist_per_decl ... ok

test result: ok. 29 passed; 0 failed; 0 ignored; 0 measured; 0 filtered out; finished in 0.00s

     Running tests/doc_comments.rs (/home/volence/sonic_hacks/.scratch/width-suffix/target-base/release/deps/doc_comments-43fc04c413cfa113)

running 17 tests
test crlf_doc_text_has_no_carriage_return ... ok
test consecutive_documented_items_attach_separately ... ok
test dangling_doc_at_eof_warns ... ok
test dangling_doc_in_proc_body_warns_and_parses_on ... ok
test doc_above_struct_field_warns_dangling ... ok
test doc_as_final_bytes_without_newline_warns ... ok
test doc_before_pub_item_attaches ... ok
test doc_attaches_inside_section_bodies ... ok
test doc_comment_attaches_to_following_item ... ok
test four_slashes_is_an_ordinary_comment ... ok
test multi_line_doc_run_joins_with_newlines ... ok
test doc_above_module_attr_attaches_to_first_item ... ok
test recovery_preserves_the_next_items_docs ... ok
test trailing_same_line_doc_warns_dangling ... ok
test undocumented_item_has_no_docs ... ok
test preview_style_script_doc_attaches ... ok
test ordinary_comments_between_doc_and_item_do_not_detach ... ok

test result: ok. 17 passed; 0 failed; 0 ignored; 0 measured; 0 filtered out; finished in 0.00s

     Running tests/equ_hygiene.rs (/home/volence/sonic_hacks/.scratch/width-suffix/target-base/release/deps/equ_hygiene-75eb76bfef99b01e)

running 3 tests
test pub_equ_keeps_plain_name ... ok
test two_pub_equs_same_name_collide_naming_both_modules ... ok
test two_modules_same_private_equ_do_not_collide ... ok

test result: ok. 3 passed; 0 failed; 0 ignored; 0 measured; 0 filtered out; finished in 0.00s

     Running tests/equ_link.rs (/home/volence/sonic_hacks/.scratch/width-suffix/target-base/release/deps/equ_link-125d493d77e2fd70)

running 3 tests
test equ_string_value_is_equ_value_diagnostic ... ok
test plain_comptime_int_equ_folds_to_int ... ok
test equ_bankid_folds_to_symbol_at_link ... ok

test result: ok. 3 passed; 0 failed; 0 ignored; 0 measured; 0 filtered out; finished in 0.00s

     Running tests/eval_bitfields.rs (/home/volence/sonic_hacks/.scratch/width-suffix/target-base/release/deps/eval_bitfields-d349bdf6605fb266)

running 18 tests
test anchored_field_exceeding_repr_is_out_of_range ... ok
test bitfield_literal_omitted_field_defaults_to_zero ... ok
test enum_cast_arg_return_does_not_leak_a_spurious_out_of_range ... ok
test bitfield_literal_field_out_of_range_is_diagnosed ... ok
test bitfield_literal_unknown_field_is_diagnosed ... ok
test full_bitfield_fills_sequentially_msb_to_lsb ... ok
test anchor_places_field_at_explicit_lsb ... ok
test bitfield_literal_packs_fields_by_lsb ... ok
test oversized_bitfield_fields_report_overflow ... ok
test malformed_bitfield_reused_reports_overlap_once ... ok
test enum_cast_out_of_range_is_diagnosed ... ok
test enum_cast_duplicate_discriminant_resolves_first_match_wins ... ok
test newtype_construction_cycle_is_diagnosed_not_a_crash ... ok
test enum_cast_of_a_declared_value_yields_the_variant ... ok
test overlapping_fields_are_diagnosed ... ok
test partial_bitfield_fits_without_filling ... ok
test unanchored_field_after_anchor_continues_from_reset_cursor ... ok
test enum_cast_uses_auto_incremented_discriminants ... ok

test result: ok. 18 passed; 0 failed; 0 ignored; 0 measured; 0 filtered out; finished in 0.00s

     Running tests/eval_builtins.rs (/home/volence/sonic_hacks/.scratch/width-suffix/target-base/release/deps/eval_builtins-50582ea5e2663dc2)

running 66 tests
test bare_fn_name_is_fn_ref ... ok
test builtin_beats_user_fn_of_same_name ... ok
test calling_non_callable_value_errors ... ok
test array_len_via_bare_path ... ok
test fold_sums_with_lambda ... ok
test call_const_bound_fn_ref_by_name ... ok
test fold_on_empty_array_returns_init ... ok
test fold_wrong_arg_count_is_arity_error ... ok
test fn_ref_arity_mismatch_errors ... ok
test call_locally_bound_lambda_by_name ... ok
test lambda_captures_binding_by_value ... ok
test lambda_return_yields_from_lambda_not_enclosing_fn ... ok
test find_on_array_errors ... ok
test filter_non_bool_message ... ok
test filter_keeps_matching ... ok
test fold_with_fn_ref_combiner ... ok
test empty_range_len_is_zero ... ok
test filter_non_bool_predicate_errors ... ok
test find_empty_needle_is_zero ... ok
test free_form_map ... ok
test lambda_arity_mismatch_errors ... ok
test len_with_arg_is_arity_error ... ok
test map_on_empty_array ... ok
test local_binding_does_not_break_top_level_fn_call ... ok
test map_on_int_message_names_type ... ok
test map_on_int_errors ... ok
test map_with_fn_ref ... ok
test non_callable_map_arg_errors ... ok
test pipe_chained_map_then_fold ... ok
test lambda_return_value_becomes_mapped_element ... ok
test map_with_no_fn_is_arity_error ... ok
test map_with_lambda ... ok
test range_len_via_bare_path ... ok
test range_len_call_form_is_o1 ... ok
test pipe_map ... ok
test slice_empty_range_is_empty_string ... ok
test range_pipe_map ... ok
test range_map_squares ... ok
test slice_negative_start_errors ... ok
test string_builtin_on_array_reports_array ... ok
test slice_out_of_range_message ... ok
test string_builtin_on_range_reports_range ... ok
test string_find_absent_is_minus_one ... ok
test string_find_substring ... ok
test string_len_via_bare_path ... ok
test string_slice_full ... ok
test string_find_first_char_is_zero ... ok
test string_slice_inner ... ok
test string_find_no_last_char_bug ... ok
test string_slice_end_out_of_range_errors ... ok
test string_val_bad_errors ... ok
test string_val_binary ... ok
test string_slice_start_after_end_errors ... ok
test string_val_decimal ... ok
test struct_field_access ... ok
test string_val_negative ... ok
test string_val_hex_dollar ... ok
test struct_unknown_field_errors ... ok
test val_bad_message ... ok
test val_bare_path_form ... ok
test val_hex_0x_spelling ... ok
test val_rejects_leading_plus ... ok
test val_binary_0b_spelling ... ok
test val_rejects_plus_after_dollar ... ok
test val_rejects_sign_after_dollar ... ok
test huge_range_map_hits_budget_not_oom ... ok

test result: ok. 66 passed; 0 failed; 0 ignored; 0 measured; 0 filtered out; finished in 0.23s

     Running tests/eval_code.rs (/home/volence/sonic_hacks/.scratch/width-suffix/target-base/release/deps/eval_code-a61acc3c95bd0bf0)

running 11 tests
test asm_patch_bind_section_still_parse ... ok
test code_empty_is_identity ... ok
test display_reg ... ok
test code_empty_is_empty ... ok
test display_cc ... ok
test code_monoid_associativity ... ok
test instr_with_operands_survives_concat_and_displays ... ok
test display_code ... ok
test display_width ... ok
test type_names ... ok
test patch_and_bind_warn_that_they_are_unwired ... ok

test result: ok. 11 passed; 0 failed; 0 ignored; 0 measured; 0 filtered out; finished in 0.00s

     Running tests/eval_consts.rs (/home/volence/sonic_hacks/.scratch/width-suffix/target-base/release/deps/eval_consts-53a396d4c352434c)

running 15 tests
test const_can_read_an_equ_value_comptime ... ok
test enum_unknown_variant_poisons ... ok
test enum_variant_path_resolves ... ok
test const_references_another_const ... ok
test equ_value_resolves_lazily_like_const ... ok
test direct_cycle_is_poison ... ok
test requesting_nonexistent_const_errors ... ok
test simple_const ... ok
test struct_literal_builds_value_in_order ... ok
test equ_referencing_another_equ_resolves_lazily ... ok
test equ_direct_cycle_is_poison ... ok
test equ_can_read_a_const_value_comptime ... ok
test indirect_cycle_is_poison_and_names_chain ... ok
test unknown_name_in_const_poisons ... ok
test forward_reference_is_order_independent ... ok

test result: ok. 15 passed; 0 failed; 0 ignored; 0 measured; 0 filtered out; finished in 0.00s

     Running tests/eval_control_flow.rs (/home/volence/sonic_hacks/.scratch/width-suffix/target-base/release/deps/eval_control_flow-148e8123f130fe36)

running 19 tests
test assign_to_let_is_immutable_error ... ok
test assign_to_unbound_name_errors ... ok
test comptime_block_can_mutate_outer_comptime_var ... ok
test for_over_empty_range_yields_empty_array ... ok
test for_over_array_literal_yields_array ... ok
test field_assignment_is_not_yet_supported ... ok
test comptime_var_inside_block_is_dead_after_block ... ok
test for_over_range_yields_array_of_body_values ... ok
test for_over_non_iterable_errors ... ok
test return_inside_for_body_exits_fn ... ok
test return_inside_struct_field_expr_propagates_cleanly ... ok
test return_inside_bitfield_field_expr_propagates_cleanly ... ok
test return_inside_while_body_exits_fn ... ok
test sum_with_comptime_var_for_and_assign ... ok
test return_surfaced_from_for_iterable_exits_fn ... ok
test while_false_body_never_runs ... ok
test while_countdown_with_comptime_vars ... ok
test while_non_bool_condition_errors ... ok
test infinite_while_is_bounded_by_step_budget_not_a_hang ... ok

test result: ok. 19 passed; 0 failed; 0 ignored; 0 measured; 0 filtered out; finished in 0.05s

     Running tests/eval_corpus.rs (/home/volence/sonic_hacks/.scratch/width-suffix/target-base/release/deps/eval_corpus-e1e493776446624d)

running 25 tests
test deform_shape_builds_the_table_when_period_divides ... ok
test band_entry_declared_size_mismatch_names_fields_and_delta ... ok
test functional_pipeline_with_lambdas_and_pipe ... ok
test band_entry_data_item_lowers_to_the_right_cells_at_the_right_widths ... ok
test fixed_scale_mismatch_names_rescale ... ok
test fixed_scale_rescale_narrows_back_to_fixed_16_16 ... ok
test fixed_scale_same_scale_add_is_transparent ... ok
test integrated_pipeline_builds_a_data_table_from_bitfield_packed_bytes ... ok
test functional_pipeline_with_named_fn_refs ... ok
test fixed_scale_multiply_doubles_the_scale ... ok
test deform_shape_guard_rejects_indivisible_period ... ok
test monotonic_fold_reports_the_offending_pair ... ok
test monotonic_fold_accepts_increasing_cells ... ok
test newtype_distinctness_cross_type_is_an_error ... ok
test non_exhaustive_match_over_the_same_enum_names_the_missing_variant ... ok
test newtype_distinctness_same_type_wraps_at_u8_width ... ok
test band_entry_sizeof_and_offsets_match_the_declared_size ... ok
test packed_bitfield_literal_packs_msb_to_lsb ... ok
test parallax_config_sizeof_matches_the_declared_28_bytes ... ok
test exhaustive_match_dispatches_and_binds_each_payload ... ok
test const_dependency_graph_resolves_in_order ... ok
test refinement_out_of_range_construction_is_diagnosed ... ok
test refinement_in_range_construction_is_a_typed_value ... ok
test string_processing_key_value_parse ... ok
test recursive_factorial_and_fibonacci ... ok

test result: ok. 25 passed; 0 failed; 0 ignored; 0 measured; 0 filtered out; finished in 0.00s

     Running tests/eval_cross_module_const.rs (/home/volence/sonic_hacks/.scratch/width-suffix/target-base/release/deps/eval_cross_module_const-b76ee2244a229140)

running 6 tests
test unknown_name_in_initializer_still_errors_cleanly ... ok
test typed_const_refs_untyped_sibling ... ok
test chain_of_two_siblings_resolves ... ok
test unimported_sibling_does_not_leak_into_consumer ... ok
test cyclic_initializer_is_a_loud_diagnostic ... ok
test typed_const_refs_typed_sibling ... ok

test result: ok. 6 passed; 0 failed; 0 ignored; 0 measured; 0 filtered out; finished in 0.00s

     Running tests/eval_data.rs (/home/volence/sonic_hacks/.scratch/width-suffix/target-base/release/deps/eval_data-75d69aa9fe9b7efb)

running 50 tests
test bytes_of_non_ascii_string_is_diagnosed ... ok
test array_element_range_error_names_the_index_and_spans_only_it ... ok
test bytes_element_out_of_range_is_diagnosed ... ok
test array_of_i8_lowers_to_signed_byte_scalars ... ok
test array_wrong_length_is_diagnosed ... ok
test a_value_from_no_literal_still_names_its_field ... ok
test array_element_out_of_type_range_is_emit_error ... ok
test char_literal_emits_the_right_byte ... ok
test binary_percent_literal_emits_the_right_byte ... ok
test bytes_of_string_emits_raw_ascii_no_terminator ... ok
test bytes_of_string_with_null_escape_emits_explicit_terminator ... ok
test bytes_of_string_composes_with_an_explicit_terminator ... ok
test byte_out_of_range_is_diagnosed ... ok
test bytes_of_array_is_unchanged_by_the_string_addition ... ok
test const_named_default_stays_usable_in_expressions ... ok
test data_annotation_size_match_is_clean ... ok
test data_annotation_size_mismatch_is_diagnosed ... ok
test data_empty_alone_is_zero_bytes ... ok
test default_on_a_bitfield_field_is_an_error ... ok
test data_missing_type_and_uninferable_is_diagnosed ... ok
test newtype_lowers_at_underlying_width ... ok
test data_monoid_concat_builds_cells ... ok
test pointer_field_lowers_to_symref ... ok
test refined_lowers_at_underlying_width ... ok
test default_on_a_defaultless_field_is_an_error ... ok
test data_type_inferred_from_struct_literal ... ok
test nested_struct_field_error_names_the_whole_path ... ok
test default_on_an_undeclared_type_is_an_error ... ok
test fixed_value_emits_signed_scalar_at_byte_width ... ok
test enum_field_lowers_to_discriminant_scalar ... ok
test fixed_non_whole_byte_is_diagnosed ... ok
test missing_data_item_is_diagnosed ... ok
test omitted_defaulted_field_is_still_an_error ... ok
test retired_rest_marker_teaches_the_named_spelling ... ok
test refined_out_of_underlying_range_diagnoses_at_emission ... ok
test fixed_too_wide_to_emit_is_diagnosed ... ok
test self_referential_struct_default_does_not_crash ... ok
test struct_data_lowers_to_field_cells ... ok
test struct_default_fills_omitted_field ... ok
test struct_duplicate_field_is_diagnosed ... ok
test struct_field_type_error_names_the_field_and_spans_only_it ... ok
test struct_size_mismatch_surfaces_through_data_item ... ok
test struct_missing_field_no_default_is_diagnosed ... ok
test tuple_arity_mismatch_is_diagnosed ... ok
test tuple_lowers_each_element ... ok
test struct_unknown_field_is_diagnosed ... ok
test winptr_non_symbol_arg_is_poison_and_diagnosed ... ok
test winptr_of_string_uses_the_str_capture_path ... ok
test winptr_of_fn_ref_is_windowed_link_expr_cell ... ok
test winptr_wrong_arity_is_diagnosed ... ok

test result: ok. 50 passed; 0 failed; 0 ignored; 0 measured; 0 filtered out; finished in 0.00s

     Running tests/eval_exprs.rs (/home/volence/sonic_hacks/.scratch/width-suffix/target-base/release/deps/eval_exprs-eef254081a66d1b4)

running 18 tests
test array_and_tuple_literals ... ok
test bitwise ... ok
test arithmetic_and_precedence ... ok
test comparisons_yield_bool ... ok
test bitwise_and_shift_type_errors ... ok
test direct_arithmetic_overflow_is_an_error ... ok
test concat ... ok
test division_and_modulo_by_zero ... ok
test floats ... ok
test integer_overflow_is_an_error ... ok
test literals ... ok
test logical_short_circuit ... ok
test ordering_on_bad_types_errors ... ok
test poison_propagates_without_extra_diagnostics ... ok
test ranges ... ok
test shifts ... ok
test unary_type_errors ... ok
test unknown_name_errors ... ok

test result: ok. 18 passed; 0 failed; 0 ignored; 0 measured; 0 filtered out; finished in 0.00s

     Running tests/eval_fns.rs (/home/volence/sonic_hacks/.scratch/width-suffix/target-base/release/deps/eval_fns-0ed41b880845b30e)

running 43 tests
test default_param_overridden_positionally ... ok
test last_expr_is_block_value_without_return ... ok
test default_param_used_when_omitted ... ok
test duplicate_argument_errors ... ok
test default_param_overridden_by_name ... ok
test default_expr_resolves_a_module_const ... ok
test let_tuple_binds_elements ... ok
test all_named_args_any_order ... ok
test fibonacci_terminates ... ok
test expression_position_if_with_return_in_branch ... ok
test multiline_param_list_with_defaults ... ok
test expression_position_if_as_let_value ... ok
test named_arg_duplicate_named_and_named ... ok
test named_arg_to_builtin_is_rejected ... ok
test missing_argument_errors ... ok
test let_binding_in_body ... ok
test let_tuple_non_tuple_errors ... ok
test let_tuple_arity_mismatch_errors ... ok
test if_condition_must_be_bool ... ok
test byte_identical_named_vs_positional ... ok
test no_default_values_missing_named_param_still_errors ... ok
test param_refinement_default_in_range_passes ... ok
test multiple_defaults_partial_named_override ... ok
test named_arg_to_lambda_is_a_clean_error ... ok
test named_args_out_of_order ... ok
test named_reg_arg_binds_like_positional_reg_arg ... ok
test param_refinement_in_range_passes ... ok
test param_refinement_out_of_range_errors ... ok
test positional_after_named_does_not_silently_bind ... ok
test positional_then_named_args ... ok
test positional_after_named_errors ... ok
test recursion_that_terminates ... ok
test sequential_early_returning_calls_do_not_leak ... ok
test return_in_argument_position_exits_caller ... ok
test required_param_missing_still_errors_but_default_does_not ... ok
test simple_call_returns_value ... ok
test too_many_arguments_errors ... ok
test spawn_shaped_call_positional_then_two_named ... ok
test unknown_named_parameter_errors ... ok
test unknown_function_errors ... ok
test statement_if_with_return ... ok
test deep_abort_chain_is_truncated ... ok
test non_terminating_recursion_is_bounded_not_a_crash ... ok

test result: ok. 43 passed; 0 failed; 0 ignored; 0 measured; 0 filtered out; finished in 0.00s

     Running tests/eval_guards.rs (/home/volence/sonic_hacks/.scratch/width-suffix/target-base/release/deps/eval_guards-ef92baaaae8aebea)

running 21 tests
test bad_interpolation_still_diagnoses_no_crash ... ok
test ensure_continues_after_failure ... ok
test interpolation_of_len_expr ... ok
test divisibility_guard_fails_with_interpolated_period ... ok
test failing_guard_emits_interpolated_message ... ok
test max_size_non_int_is_an_error ... ok
test divisibility_guard_passes_silently ... ok
test max_size_accepts_newtype_wrapped_int ... ok
test ensure_fatal_aborts_evaluation ... ok
test max_size_expr_may_reference_a_const ... ok
test max_size_overflow_is_an_error_with_over_by ... ok
test max_size_negative_is_an_error ... ok
test max_size_fitting_is_silent ... ok
test non_bool_condition_is_error ... ok
test multiple_interpolations_and_escaped_braces ... ok
test vramtile_where_bound_fires_out_of_range ... ok
test wrong_arity_is_error ... ok
test string_interpolates_unquoted ... ok
test passing_guard_is_silent ... ok
test vramtile_where_bound_passes_in_range ... ok
test non_terminating_recursion_names_the_chain ... ok

test result: ok. 21 passed; 0 failed; 0 ignored; 0 measured; 0 filtered out; finished in 0.00s

     Running tests/eval_layout.rs (/home/volence/sonic_hacks/.scratch/width-suffix/target-base/release/deps/eval_layout-81a0f20c3ec0022d)

running 68 tests
test duplicate_at_offset_on_one_field_is_diagnosed ... ok
test duplicate_field_align_on_one_field_is_diagnosed ... ok
test a_leading_pad_places_before_the_first_field ... ok
test declared_size_mismatch_is_one_diagnostic_naming_fields_and_delta ... ok
test an_unknown_field_attribute_keyword_names_the_one_that_belongs ... ok
test a_fixed_pad_before_an_unclaimed_field_does_not_warn ... ok
test field_align_accepts_either_attribute_order ... ok
test correct_at_offset_assertion_is_silent ... ok
test field_align_and_at_offset_are_independent_assertions ... ok
test field_align_and_a_wrong_at_offset_both_report ... ok
test a_trailing_fixed_pad_has_no_following_field_to_pair_with ... ok
test field_align_error_is_not_silenced_by_the_odd_field_allow ... ok
test field_align_non_power_of_two_is_refused ... ok
test a_pad_does_not_shift_the_odd_field_lint_off_a_real_field ... ok
test field_align_catches_an_insertion_that_re_parities_a_bridge ... ok
test field_align_does_not_propagate_into_a_nested_structs_own_fields ... ok
test declared_size_matching_computed_is_silent ... ok
test allow_of_a_different_lint_does_not_silence_odd_field ... ok
test field_align_satisfied_is_silent ... ok
test field_align_even_offset_missing_a_wider_alignment_omits_the_cpu_claim ... ok
test field_align_zero_is_refused_not_a_modulo_by_zero ... ok
test a_pad_inside_a_nested_struct_counts_toward_the_outer_layout ... ok
test field_align_supersedes_the_odd_field_warning ... ok
test field_align_violation_is_an_error ... ok
test aligned_fields_have_no_odd_field_warning ... ok
test field_align_takes_a_comptime_expression ... ok
test field_align_one_is_the_per_field_odd_field_opt_out ... ok
test cyclic_struct_with_declared_size_reports_only_the_cycle ... ok
test final_pad_to_below_the_cursor_names_the_end_of_the_struct ... ok
test hand_counted_pad_before_an_aligned_field_warns ... ok
test a_field_named_pad_coexists_with_pad_markers ... ok
test hand_counted_pad_lint_does_not_double_report_an_unevaluatable_alignment ... ok
test hand_counted_pad_lint_is_silenced_by_its_allow ... ok
test hand_counted_pad_lint_needs_the_aligned_field_to_be_the_next_one ... ok
test module_allow_silences_odd_field ... ok
test hand_counted_pad_lint_withdraws_from_a_refused_alignment_claim ... ok
test odd_offset_word_field_is_a_warning ... ok
test non_int_pad_operand_is_refused_by_the_pad_count_rule ... ok
test mutual_size_sizeof_pair_is_cyclic_not_a_crash ... ok
test negative_pad_count_is_refused ... ok
test negative_pad_to_target_is_refused_and_says_target_not_count ... ok
test offsetof_newtype_cycle_is_diagnosed_not_a_crash ... ok
test offsetof_non_struct_is_diagnosed ... ok
test offsetof_cannot_name_a_pad ... ok
test offsetof_known_field ... ok
test offsetof_unknown_field_is_diagnosed ... ok
test offsetof_through_newtype_wrapping_a_struct ... ok
test pad_count_occupies_bytes_and_moves_the_next_field ... ok
test pad_bytes_are_exempt_from_the_odd_field_lint ... ok
test pad_overflow_takes_width_zero_so_the_size_diff_still_prints ... ok
test pad_operands_are_comptime_expressions ... ok
test pad_to_at_the_cursor_is_legal_inert_and_silent ... ok
test pad_to_below_the_cursor_is_pad_overflow ... ok
test pad_to_before_an_aligned_field_does_not_warn ... ok
test pad_to_derives_the_width_that_lands_the_next_field_on_the_target ... ok
test pad_to_last_in_the_body_sets_the_struct_total_size ... ok
test repeated_query_on_shared_evaluator_does_not_re_emit_odd_field_warning ... ok
test self_referential_size_expr_is_cyclic_not_a_crash ... ok
test self_referential_at_offset_expr_is_cyclic_not_a_crash ... ok
test size_assertion_is_never_satisfied_by_auto_padding_the_tail ... ok
test several_pads_between_the_same_two_fields_all_place ... ok
test shared_evaluator_cycle_member_direct_query_has_no_extra_diagnostics ... ok
test sizeof_counts_a_pads_bytes ... ok
test vars_form_align_on_a_struct_field_is_refused_by_name ... ok
test sizeof_array ... ok
test sizeof_struct ... ok
test sizeof_primitive ... ok
test wrong_at_offset_assertion_is_diagnosed ... ok

test result: ok. 68 passed; 0 failed; 0 ignored; 0 measured; 0 filtered out; finished in 0.00s

     Running tests/eval_match.rs (/home/volence/sonic_hacks/.scratch/width-suffix/target-base/release/deps/eval_match-9d1388eeec6deded)

running 28 tests
test nested_pattern_arity_mismatch_errors ... ok
test err_payload_string_is_bound_correctly ... ok
test first_match_wins_with_duplicate_variant_arms ... ok
test named_payload_arg_poisons_result ... ok
test nested_variant_pattern_mismatch_falls_through_to_next_arm ... ok
test match_selects_none_arm ... ok
test non_exhaustive_hit_reports_exactly_once ... ok
test non_exhaustive_match_errors_naming_missing_variant ... ok
test non_exhaustive_match_names_multiple_missing_variants ... ok
test match_on_non_enum_scrutinee_errors ... ok
test bare_payload_variant_reference_errors ... ok
test binding_catch_all_makes_match_exhaustive ... ok
test nested_arity_error_does_not_cascade_unknown_name ... ok
test match_selects_arm_and_binds_payload ... ok
test nested_variant_pattern_binds_inner_payload ... ok
test nullary_variant_of_comptime_enum_still_works ... ok
test payload_variant_construction ... ok
test payload_constructor_arg_return_not_taken_still_constructs ... ok
test payload_variant_wrong_arity_errors ... ok
test result_shaped_enum_matches_err_arm ... ok
test result_shaped_enum_matches_ok_arm ... ok
test return_inside_arm_body_does_not_leak_when_branch_not_taken ... ok
test return_inside_payload_constructor_arg_propagates ... ok
test typod_variant_pattern_is_caught_even_with_catch_all ... ok
test return_inside_arm_body_exits_enclosing_fn ... ok
test wildcard_pattern_ignores_value ... ok
test wildcard_catch_all_makes_match_exhaustive ... ok
test whole_value_binding_pattern_captures_scrutinee ... ok

test result: ok. 28 passed; 0 failed; 0 ignored; 0 measured; 0 filtered out; finished in 0.00s

     Running tests/eval_offsets.rs (/home/volence/sonic_hacks/.scratch/width-suffix/target-base/release/deps/eval_offsets-cca78375f84bc5a7)

running 9 tests
test const_alias_target_is_diagnosed_as_const ... ok
test count_is_member_count ... ok
test unknown_member_is_an_error ... ok
test ordinal_used_arithmetically ... ok
test non_label_target_is_diagnosed ... ok
test ordinals_are_zero_based_in_declaration_order ... ok
test member_named_count_is_reserved ... ok
test duplicate_member_name_is_an_error ... ok
test duplicate_member_reported_once_through_full_lowering ... ok

test result: ok. 9 passed; 0 failed; 0 ignored; 0 measured; 0 filtered out; finished in 0.00s

     Running tests/eval_typed.rs (/home/volence/sonic_hacks/.scratch/width-suffix/target-base/release/deps/eval_typed-291c329f8a4cb982)

running 28 tests
test bare_int_arithmetic_is_unchanged ... ok
test bare_int_overflow_still_errors_not_wraps ... ok
test cyclic_newtype_through_arithmetic_is_diagnosed ... ok
test cross_type_ordering_is_an_error ... ok
test fixed_same_scale_add_is_transparent ... ok
test newtype_add_wraps_at_u8_width ... ok
test fixed_multiply_doubles_the_scale ... ok
test fixed_scale_mismatch_add_names_rescale ... ok
test newtype_mul_wraps_at_u8_width ... ok
test newtype_over_fixed_vs_bare_fixed_is_cross_type ... ok
test rescale_result_is_a_bare_fixed_that_adds_at_common_scale ... ok
test rescale_narrows_a_doubled_scale ... ok
test cross_newtype_equality_refuses_naming_both_types ... ok
test signed_newtype_wraps_two_complement ... ok
test too_wide_fixed_is_diagnosed ... ok
test newtype_over_fixed_same_type_add_is_transparent ... ok
test doubled_scale_meeting_same_scale_is_a_scale_mismatch ... ok
test cross_type_mix_of_distinct_newtypes_is_an_error ... ok
test rescale_on_a_non_fixed_is_diagnosed ... ok
test subtraction_respects_operand_order_in_both_coercion_directions ... ok
test same_type_comparison_yields_bool ... ok
test typed_div_and_mod_by_zero_are_diagnosed_not_panics ... ok
test small_fixed_construction_out_of_range_is_diagnosed ... ok
test typed_equality_against_matching_int_still_coerces ... ok
test typed_equality_against_bool_refuses ... ok
test typed_valid_shift_works ... ok
test typed_plus_bare_literal_coerces_and_wraps ... ok
test typed_out_of_range_shift_is_diagnosed ... ok

test result: ok. 28 passed; 0 failed; 0 ignored; 0 measured; 0 filtered out; finished in 0.00s

     Running tests/eval_types.rs (/home/volence/sonic_hacks/.scratch/width-suffix/target-base/release/deps/eval_types-de7862d065f112a5)

running 25 tests
test check_in_range_inclusive_bounds ... ok
test by_value_self_reference_is_cyclic_not_a_hang ... ok
test newtype_cycle_is_diagnosed_not_a_stack_overflow ... ok
test by_pointer_self_reference_is_finite ... ok
test newtype_where_bound_referencing_sizeof_is_not_a_false_cycle ... ok
test newtype_construction_in_range_produces_a_typed_value ... ok
test newtype_construction_out_of_range_is_diagnosed ... ok
test mutual_struct_cycle_poisons_layout_not_just_size ... ok
test oversized_array_length_is_diagnosed_not_truncated ... ok
test check_value_fits_ty_refined_newtype_boundaries ... ok
test fixed_non_byte_multiple_is_diagnosed_not_a_panic ... ok
test self_referential_newtype_where_bound_const_is_diagnosed_not_a_crash ... ok
test newtype_without_where_still_checked_against_its_underlying_primitive ... ok
test size_of_array ... ok
test shared_evaluator_poisons_every_struct_on_the_cycle ... ok
test size_of_enum_follows_repr ... ok
test self_referential_newtype_where_bound_data_is_diagnosed_not_a_crash ... ok
test size_of_newtype_follows_underlying ... ok
test check_value_fits_ty_bare_primitive_boundaries ... ok
test size_of_pointer_is_four ... ok
test size_of_fixed ... ok
test struct_layout_offsets_no_padding ... ok
test unknown_type_is_poison_with_diagnostic ... ok
test wide_whole_byte_fixed_is_too_wide_at_layout ... ok
test size_of_primitives ... ok

test result: ok. 25 passed; 0 failed; 0 ignored; 0 measured; 0 filtered out; finished in 0.00s

     Running tests/extern_builtin.rs (/home/volence/sonic_hacks/.scratch/width-suffix/target-base/release/deps/extern_builtin-1a0608678ec74d5d)

running 7 tests
test extern_of_fn_ref_argument_captures_the_name ... ok
test extern_empty_string_argument_lowers_without_a_type_error ... ok
test extern_non_string_argument_is_diagnosed ... ok
test extern_wrong_arity_two_args_is_diagnosed ... ok
test extern_wrong_arity_zero_args_is_diagnosed ... ok
test extern_as_array_length_refuses_via_reject_if_provisional ... ok
test extern_of_label_is_raw_symbol_passthrough ... ok

test result: ok. 7 passed; 0 failed; 0 ignored; 0 measured; 0 filtered out; finished in 0.00s

     Running tests/extern_unknown_name.rs (/home/volence/sonic_hacks/.scratch/width-suffix/target-base/release/deps/extern_unknown_name-fc189af9e1f5f8f6)

running 8 tests
test an_unknown_extern_whose_value_nothing_reads_is_refused ... ok
test an_unknown_extern_const_read_by_a_z80_cycle_guard_is_refused_at_the_const ... ok
test an_unknown_extern_in_a_68k_proc_body_guard_is_refused_at_the_reference ... ok
test an_unknown_extern_in_a_guard_message_is_refused_at_the_guard ... ok
test a_defined_extern_whose_value_is_zero_resolves ... ok
test an_unknown_extern_in_an_item_guard_is_refused_at_the_reference ... ok
test a_false_body_guard_over_a_defined_extern_fires ... ok
test a_defined_extern_resolves_in_every_position_and_module_kind ... ok

test result: ok. 8 passed; 0 failed; 0 ignored; 0 measured; 0 filtered out; finished in 0.00s

     Running tests/field_operands.rs (/home/volence/sonic_hacks/.scratch/width-suffix/target-base/release/deps/field_operands-d0ec59337e60cc46)

running 18 tests
test data_item_field_cycle_is_loud_error ... ok
test jbra_dotted_target_untouched ... ok
test const_wins_over_data_value_read ... ok
test const_plus_sym_operand_commutes ... ok
test jmp_field_operand_is_absolute_address_transfer ... ok
test field_operand_high_address_selects_abs_l ... ok
test field_operand_unknown_field_is_loud_comptime_error ... ok
test field_operand_lowers_like_abs_sym_low_address ... ok
test immediate_field_read_is_value_not_address ... ok
test non_struct_item_falls_through_to_link_symbol ... ok
test data_item_enum_field_value_read ... ok
test sym_minus_const_operand_subtracts_the_offset ... ok
test cross_module_field_operand_resolves_via_prelude ... ok
test value_read_wins_over_label_fallback ... ok
test data_item_field_value_read_matches_inline ... ok
test sym_plus_const_operand_lowers_as_abs_sym_sum ... ok
test offsets_member_wins_over_data_value_read ... ok
test local_data_item_shadows_imported_type_stub ... ok

test result: ok. 18 passed; 0 failed; 0 ignored; 0 measured; 0 filtered out; finished in 0.00s

     Running tests/flag_check.rs (/home/volence/sonic_hacks/.scratch/width-suffix/target-base/release/deps/flag_check-a16c8a19bb09d7b6)

running 50 tests
test addx_between_call_and_bcs_redefines_and_fires ... ok
test invalid_path_no_redefine_still_fires ... ok
test invalid_path_read_fires ... ok
test dropped_carry_fires ... ok
test a_zero_site_is_walked_and_a_flag_without_a_model_is_not ... ok
test m68k_btst_writes_zero_and_not_carry ... ok
test invalid_path_uncond_out_redefine_clears ... ok
test discards_suppresses_the_firing ... ok
test consumed_carry_passes ... ok
test invalid_path_redefine_before_read_passes ... ok
test m68k_bit_tests_leave_carry ... ok
test invalid_path_conditional_out_does_not_kill_trap ... ok
test m68k_addx_clears_zero_only_and_the_walk_goes_on_through_it ... ok
test m68k_zero_discards_suppresses_the_firing ... ok
test move_to_sr_between_call_and_bcs_redefines_and_fires ... ok
test m68k_zero_one_unconsumed_path_at_a_join_fires ... ok
test movem_between_call_and_bcs_is_transparent ... ok
test one_unconsumed_path_at_a_join_fires ... ok
test non_flag_callee_is_never_checked ... ok
test m68k_move_from_sr_reads_carry_and_a_data_move_writes_it ... ok
test return_without_consume_fires ... ok
test valid_path_read_passes ... ok
test m68k_carry_survives_an_address_register_destination_only ... ok
test invalid_path_walk_stops_only_at_an_instruction_changing_carry ... ok
test m68k_ccr_immediate_forms_move_zero_by_bit_2 ... ok
test z80_a_conditional_call_reads_carry_only_on_a_carry_condition ... ok
test m68k_eori_to_ccr_inverts_carry_and_the_walk_goes_on_through_it ... ok
test m68k_zero_survives_instructions_that_leave_the_ccr_alone ... ok
test z80_jr_z_is_carry_transparent ... ok
test z80_jr_nc_consumes_carry ... ok
test m68k_zero_is_not_consumed_by_a_condition_without_z ... ok
test z80_jr_c_consumes_carry ... ok
test z80_one_unconsumed_path_at_a_join_fires ... ok
test m68k_ccr_immediate_forms_move_carry_by_bit_0 ... ok
test z80_return_without_consume_fires ... ok
test z80_ccf_inverts_carry_and_the_walk_goes_on_through_it ... ok
test m68k_zero_is_consumed_by_every_z_testing_condition ... ok
test z80_scf_redefines_carry_and_fires ... ok
test m68k_zero_writers_redefine_it_before_the_beq ... ok
test z80_push_af_reads_carry ... ok
test z80_zero_is_not_consumed_by_a_carry_condition ... ok
test z80_pop_af_and_ex_af_redefine_carry ... ok
test z80_carry_survives_instructions_that_leave_c_alone ... ok
test m68k_extend_family_writes_carry_and_never_reads_it ... ok
test z80_zero_is_consumed_by_the_z_conditions ... ok
test z80_zero_and_carry_disagree_where_the_manual_does ... ok
test z80_zero_survives_instructions_that_leave_z_alone ... ok
test z80_zero_writers_redefine_it_before_the_jr_z ... ok
test m68k_carry_is_consumed_by_every_c_testing_condition ... ok
test z80_an_instruction_taking_carry_as_an_operand_consumes_it ... ok

test result: ok. 50 passed; 0 failed; 0 ignored; 0 measured; 0 filtered out; finished in 0.00s

     Running tests/float_ns.rs (/home/volence/sonic_hacks/.scratch/width-suffix/target-base/release/deps/float_ns-dfea310d5411444a)

running 5 tests
test as_int_is_floor_not_trunc ... ok
test as_int_rejects_two_pow_127_boundary ... ok
test math_sin_matches_as_sin ... ok
test unknown_float_fn_errors ... ok
test deform_tables_match_goldens ... ok

test result: ok. 5 passed; 0 failed; 0 ignored; 0 measured; 0 filtered out; finished in 0.00s

     Running tests/game_contract.rs (/home/volence/sonic_hacks/.scratch/width-suffix/target-base/release/deps/game_contract-2b50c14cfc796644)

running 23 tests
test contract_keywords_do_not_break_ordinary_identifiers ... ok
test hook_conditional_out_bound_to_the_honest_alloc_shape_conforms ... ok
test hook_conditional_out_folds_the_cc_aliases ... ok
test implement_parses_bindings_and_conditional_group ... ok
test probe_hook_conditional_out_does_not_satisfy_unconditional_promise ... ok
test interface_parses_all_member_kinds ... ok
test invoke_parses_as_an_asm_statement ... ok
test probe_hook_conditional_out_rejects_a_target_guarding_a_different_cc ... ok
test probe_duplicate_impl ... ok
test probe_hook_signature ... ok
test probe_hook_survives_claim_rejects_a_target_that_clobbers_the_register ... ok
test probe_member_kind ... ok
test probe_unimplemented ... ok
test bound_hook_emits_absolute_jsr ... ok
test probe_missing_member ... ok
test empty_hook_emits_nothing ... ok
test required_hook_without_empty_default_must_be_bound ... ok
test probe_unknown_member ... ok
test empty_and_bound_differ_by_exactly_the_jsr ... ok
test well_formed_contract_binds_clean ... ok
test conditional_binding_flips_on_a_define ... ok
test proc_member_lowers_as_a_link_imm32 ... ok
test const_member_feeds_a_comptime_if ... ok

test result: ok. 23 passed; 0 failed; 0 ignored; 0 measured; 0 filtered out; finished in 0.00s

     Running tests/game_contract_build.rs (/home/volence/sonic_hacks/.scratch/width-suffix/target-base/release/deps/game_contract_build-6572ac6fc3836854)

running 3 tests
test whole_build_rejects_an_unimplemented_interface ... ok
test whole_build_rejects_a_hook_that_clobbers_too_much ... ok
test whole_build_binds_clean_and_invoke_lowers_to_a_jsr ... ok

test result: ok. 3 passed; 0 failed; 0 ignored; 0 measured; 0 filtered out; finished in 0.00s

     Running tests/harvest_pub_consts.rs (/home/volence/sonic_hacks/.scratch/width-suffix/target-base/release/deps/harvest_pub_consts-92fe6e857bef752f)

running 1 test
test harvests_every_pub_const_including_derived ... ok

test result: ok. 1 passed; 0 failed; 0 ignored; 0 measured; 0 filtered out; finished in 0.00s

     Running tests/here_placement.rs (/home/volence/sonic_hacks/.scratch/width-suffix/target-base/release/deps/here_placement-c2001c97c6cc4e46)

running 5 tests
test here_sizing_an_array_in_an_unpinned_section_refuses ... ok
test here_in_a_vma_pinned_section_is_an_exact_comptime_integer ... ok
test here_in_a_chained_section_follows_the_previous_section_growth ... ok
test here_in_a_placed_module_section_equals_its_own_label ... ok
test capacity_guard_on_here_in_a_placed_section_fails_at_the_placed_address ... ok

test result: ok. 5 passed; 0 failed; 0 ignored; 0 measured; 0 filtered out; finished in 0.00s

     Running tests/here_provisional.rs (/home/volence/sonic_hacks/.scratch/width-suffix/target-base/release/deps/here_provisional-a5fa18c93f798b29)

running 13 tests
test exact_here_still_folds_and_steers ... ok
test provisional_here_in_default_section_refuses_to_steer ... ok
test exact_item_guard_does_not_defer ... ok
test provisional_here_into_u8_field_refuses ... ok
test provisional_here_as_max_size_refuses_specifically ... ok
test provisional_here_as_array_length_refuses ... ok
test provisional_here_in_if_condition_refuses ... ok
test provisional_here_as_section_vma_refuses_specifically ... ok
test provisional_here_in_byte_refuses_specifically ... ok
test provisional_here_emits_item_final_vma_as_symref ... ok
test provisional_item_guard_defers_and_mints_anchor ... ok
test provisional_here_in_bytes_element_refuses_specifically ... ok
test provisional_here_arithmetic_then_emit_now_emits_value_cell ... ok

test result: ok. 13 passed; 0 failed; 0 ignored; 0 measured; 0 filtered out; finished in 0.00s

     Running tests/imported_enum_variant.rs (/home/volence/sonic_hacks/.scratch/width-suffix/target-base/release/deps/imported_enum_variant-5fc89f2cbd795761)

running 10 tests
test same_module_variant_argument_still_works ... ok
test a_dotted_link_symbol_at_an_enum_parameter_is_still_refused ... ok
test an_unknown_variant_of_an_imported_enum_is_loud ... ok
test named_imported_enum_variant_in_a_pub_const_initializer ... ok
test a_real_label_at_an_enum_parameter_is_still_refused ... ok
test the_wrapper_may_match_on_the_parameter_itself ... ok
test the_other_variant_binds_too ... ok
test variant_argument_to_a_fn_in_the_enums_own_module_still_works ... ok
test glob_imported_enum_variant_in_a_pub_const_initializer ... ok
test a_real_definition_fault_is_still_reported_beside_a_fallback_label ... ok

test result: ok. 10 passed; 0 failed; 0 ignored; 0 measured; 0 filtered out; finished in 0.00s

     Running tests/indexed_splice.rs (/home/volence/sonic_hacks/.scratch/width-suffix/target-base/release/deps/indexed_splice-a6b1194920f52f42)

running 5 tests
test non_register_index_errors_cleanly ... ok
test symbolic_disp_with_spliced_base_and_index ... ok
test spliced_index_register_resolves_via_eval ... ok
test long_size_suffix_after_spliced_index_selects_long_index ... ok
test word_size_suffix_after_spliced_index_parses ... ok

test result: ok. 5 passed; 0 failed; 0 ignored; 0 measured; 0 filtered out; finished in 0.00s

     Running tests/inout_verify.rs (/home/volence/sonic_hacks/.scratch/width-suffix/target-base/release/deps/inout_verify-757922e7fa0581e9)

running 9 tests
test rule3_uncond_out_callee_repairs ... ok
test rule5_clobbering_callee_breaks ... ok
test rule4_cond_out_callee_breaks ... ok
test width_asymmetry_data_word_under_long_breaks ... ok
test width_asymmetry_address_advance_under_long_passes ... ok
test rule1_full_width_write_verifies_and_narrow_breaks ... ok
test rule7_preserving_callee_is_unchanged_and_unknown_breaks ... ok
test rule6_inout_callee_is_state_preserving ... ok
test passthrough_verifies_under_inout_but_not_under_out ... ok

test result: ok. 9 passed; 0 failed; 0 ignored; 0 measured; 0 filtered out; finished in 0.00s

     Running tests/irq_frame.rs (/home/volence/sonic_hacks/.scratch/width-suffix/target-base/release/deps/irq_frame-e1c3ccb9b05e85ca)

running 14 tests
test a_clean_handler_read_is_silent ... ok
test a_nested_save_between_anchor_and_use_is_fatal ... ok
test an_accessor_after_the_restore_is_fatal ... ok
test an_ordinary_two_segment_symbol_is_untouched ... ok
test an_interposed_push_between_anchor_and_use_is_fatal ... ok
test a_second_aliasing_sp_store_still_bails ... ok
test the_canonical_shape_with_interposed_nonsp_code_is_clean ... ok
test a_pc_rewrite_preserves_the_registers ... ok
test an_unknown_field_is_fatal ... ok
test no_prior_save_is_fatal ... ok
test not_a_handler_is_fatal ... ok
test pure_read_and_redirect_stay_exempt ... ok
test read_lowers_to_the_derived_displacement ... ok
test displacement_tracks_the_save_set ... ok

test result: ok. 14 passed; 0 failed; 0 ignored; 0 measured; 0 filtered out; finished in 0.00s

     Running tests/jbra_boundary.rs (/home/volence/sonic_hacks/.scratch/width-suffix/target-base/release/deps/jbra_boundary-0efdbd682b1bb098)

running 2 tests
test jbra_just_over_short_range_widens_to_word ... ok
test jbra_within_short_range_stays_short ... ok

test result: ok. 2 passed; 0 failed; 0 ignored; 0 measured; 0 filtered out; finished in 0.00s

     Running tests/label_values.rs (/home/volence/sonic_hacks/.scratch/width-suffix/target-base/release/deps/label_values-872d0e2dff69024c)

running 35 tests
test default_label_zero_is_accepted ... ok
test default_label_in_a_u8_slot_is_refused ... ok
test default_label_string_is_refused ... ok
test bareword_label_matches_string_form_bytes ... ok
test int_into_label_param_is_type_error ... ok
test bare_name_in_const_body_still_hard_errors ... ok
test bareword_naming_data_item_matches_string_form ... ok
test default_label_nonzero_int_is_refused ... ok
test const_shadows_label_value ... ok
test default_reg_nonregister_is_refused ... ok
test default_label_bareword_resolves_to_a_label ... ok
test label_in_u8_field_is_type_error_naming_label ... ok
test label_arithmetic_is_an_error ... ok
test label_into_u8_param_is_type_error ... ok
test cross_module_bareword_after_use_resolves ... ok
test dotted_bareword_module_qualified_resolves ... ok
test null_label_zero_from_a_const_is_accepted ... ok
test label_param_lea_splice_matches_string_param ... ok
test null_label_nonzero_int_is_still_refused ... ok
test null_label_zero_is_accepted_as_a_label_argument ... ok
test null_label_negative_int_is_still_refused ... ok
test label_param_jsr_splice_matches_string_param ... ok
test null_label_zero_is_accepted_as_a_named_argument ... ok
test null_label_string_argument_is_still_refused ... ok
test null_label_zero_from_a_folded_expression_is_accepted ... ok
test null_label_zero_is_accepted_in_the_paren_spelling ... ok
test register_still_wins_over_label_in_call_arg ... ok
test nested_array_elements_in_struct_field_resolve_as_labels ... ok
test unknown_bareword_label_is_a_loud_link_error ... ok
test typo_label_in_immediate_is_a_loud_link_error ... ok
test typo_label_reference_has_no_export_hint ... ok
test top_level_data_array_bare_elements_keep_unknown_name ... ok
test objroutine_fn_matches_bare_label_difference ... ok
test unexported_label_reference_suggests_export_marker ... ok
test qualified_string_spelling_resolves_when_imported ... ok

test result: ok. 35 passed; 0 failed; 0 ignored; 0 measured; 0 filtered out; finished in 0.00s

     Running tests/layout_odd_item.rs (/home/volence/sonic_hacks/.scratch/width-suffix/target-base/release/deps/layout_odd_item-a699eb6529cac310)

running 13 tests
test access_attr_rejects_unknown_values ... ok
test unquoted_allow_arg_is_loud ... ok
test odd_pure_byte_data_is_silent ... ok
test as_compat_modules_are_exempt ... ok
test odd_word_bearing_data_is_warning ... ok
test allow_attr_opts_out_the_warning_tier_only ... ok
test odd_proc_is_error_with_fixit ... ok
test even_proc_is_silent ... ok
test z80_sections_are_exempt ... ok
test align_2_silences_the_odd_proc ... ok
test access_byte_section_exempts_data_but_not_code ... ok
test odd_offsets_table_is_warning ... ok
test odd_script_is_error ... ok

test result: ok. 13 passed; 0 failed; 0 ignored; 0 measured; 0 filtered out; finished in 0.00s

     Running tests/let_binding.rs (/home/volence/sonic_hacks/.scratch/width-suffix/target-base/release/deps/let_binding-70fd65d2923e07f3)

running 7 tests
test let_on_non_register_name_errors ... ok
test let_binding_const_fallback_resolves ... ok
test let_rebinding_retypes_the_register ... ok
test let_binding_headline_field_access ... ok
test let_binding_after_self_load ... ok
test let_binding_in_comptime_if_does_not_leak ... ok
test let_binding_is_byte_neutral_with_param ... ok

test result: ok. 7 passed; 0 failed; 0 ignored; 0 measured; 0 filtered out; finished in 0.00s

     Running tests/lexer.rs (/home/volence/sonic_hacks/.scratch/width-suffix/target-base/release/deps/lexer-47b5e5b0284c21e8)

running 33 tests
test bad_dollar_is_an_error ... ok
test binary_percent_literals ... ok
test bare_apostrophe_is_an_error_not_a_panic ... ok
test binary_percent_out_of_range_is_an_error ... ok
test binary_run_stops_at_first_non_binary_digit ... ok
test char_literal_escapes ... ok
test binary_percent_span_covers_percent_through_last_digit ... ok
test char_literal_flows_like_a_plain_int_in_context ... ok
test char_literal_span_covers_quotes ... ok
test char_literals_are_raw_ascii_ints ... ok
test dot_is_its_own_token ... ok
test empty_char_literal_is_an_error ... ok
test fat_arrow_is_one_token ... ok
test float_requires_digit_after_dot ... ok
test hex_is_case_insensitive_in_digits ... ok
test idents_punct_newlines ... ok
test multi_char_literal_is_an_error ... ok
test multichar_operators ... ok
test non_ascii_char_literal_is_an_error ... ok
test non_ascii_is_an_error_not_a_panic ... ok
test numeric_literals ... ok
test only_one_trailing_apostrophe_is_absorbed ... ok
test percent_stays_modulo_when_not_immediately_followed_by_binary_digit ... ok
test pipe_variants_disambiguate ... ok
test plain_ident_without_apostrophe_is_unaffected ... ok
test shadow_register_apostrophe_is_part_of_ident ... ok
test shadow_register_apostrophe_still_wins_over_char_literal ... ok
test spans_are_byte_offsets ... ok
test string_literal_null_escape ... ok
test string_literals_with_escapes ... ok
test unknown_escape_in_char_literal_is_an_error ... ok
test unterminated_char_literal_at_eof_is_an_error ... ok
test unterminated_char_literal_before_newline_is_an_error ... ok

test result: ok. 33 passed; 0 failed; 0 ignored; 0 measured; 0 filtered out; finished in 0.00s

     Running tests/lower_code.rs (/home/volence/sonic_hacks/.scratch/width-suffix/target-base/release/deps/lower_code-ff4caf4007f59c1d)

running 80 tests
test abs_sym_with_preceding_immediate_relaxes ... ok
test abs_sym_with_displacement_operand_diagnoses ... ok
test abs_sym_high_target_selects_long ... ok
test abs_sym_selects_width_and_links ... ok
test an_indexed_base_size_suffix_is_rejected ... ok
test an_indexed_rejects_out_of_range_displacement ... ok
test an_indexed_unsuffixed_index_defaults_to_word ... ok
test an_indexed_as_destination ... ok
test an_indexed_with_displacement_and_long_index ... ok
test an_indexed_negative_displacement ... ok
test bare_branch_without_size_is_missing_size_under_as_compat ... ok
test bare_branch_without_size_relaxes_without_as_compat ... ok
test bare_pc_indexed_without_target_gets_a_steering_error ... ok
test bare_reglist_shape_outside_movem_stays_unknown_names ... ok
test clr_w_abs_emits_relax ... ok
test const_immediate_splice_encodes_move_b ... ok
test an_indexed_zero_disp_matches_vdp_init_reference ... ok
test an_indexed_rejects_byte_index_size ... ok
test disp_ind_out_of_range_diagnoses_not_truncates ... ok
test disp_ind_valid_golden ... ok
test imm_link_bare_label_difference_matches_extern_form ... ok
test imm_link_bare_label_long_matches_extern_form ... ok
test imm_link_bare_label_plus_const_folds_addend ... ok
test imm_link_byte_size_defers_value8_fixup ... ok
test const_named_sp_still_resolves_like_any_other_identifier ... ok
test imm_link_movea_defers_value32_fixup ... ok
test imm_link_long_plus_pinned_abs_w_emits_two_fixups ... ok
test imm_link_plus_relaxable_sym_still_refused ... ok
test imm_link_word_cmpi_plus_pinned_abs_w_emits_two_fixups ... ok
test imm_link_word_defers_value16_fixup ... ok
test imm_link_word_objroutine_store_collapses_zero_disp_dest ... ok
test imm_link_word_plus_pinned_abs_w_emits_two_fixups ... ok
test intra_asm_branch_roundtrips_through_link ... ok
test intra_asm_dbra_roundtrips_through_link ... ok
test lea_abs_emits_relax ... ok
test move_l_abs_src_emits_relax ... ok
test move_w_abs_dst_emits_relax ... ok
test move_w_abs_src_emits_relax ... ok
test move_sr_is_word_only ... ok
test movem_byte_size_diagnoses ... ok
test movem_descending_range_diagnoses ... ok
test movem_empty_reglist_diagnoses_not_panics ... ok
test movem_malformed_reglist_diagnoses_not_panics ... ok
test movem_load_postinc_sp_matches_hblank_reference ... ok
test movem_reglist_in_register_operand_position_diagnoses ... ok
test movem_single_register_predec_sp ... ok
test movem_store_predec_sp_matches_hblank_reference ... ok
test movem_wide_mixed_range_list_predec_sp ... ok
test movem_word_size_form ... ok
test movep_keeps_zero_displacement ... ok
test pinned_abs_byte_width_is_rejected ... ok
test pinned_abs_l_btst_immediate_defers ... ok
test pinned_abs_l_int_lea ... ok
test pinned_abs_l_int_source ... ok
test pinned_abs_l_symbol_destination_defers_one_fixed_fixup ... ok
test pinned_abs_l_with_preceding_immediate_defers ... ok
test pinned_abs_sr_is_steered ... ok
test pinned_abs_w_followed_by_disp_operand ... ok
test pinned_abs_w_int_destination ... ok
test pinned_abs_w_out_of_window_int_is_rejected ... ok
test pinned_abs_w_symbol_source_defers_one_fixed_fixup ... ok
test pinned_plus_bare_sym_diagnoses ... ok
test quick_form_imm_link_steers_without_placeholder_leak ... ok
test register_indirect_group_size_suffix_is_rejected ... ok
test relaxable_abs_followed_by_ext_word_operand_still_deferred ... ok
test sp_alias_displacement_matches_a7_spelling ... ok
test sp_alias_in_movem_reglist_matches_a7_spelling ... ok
test sp_alias_ind_matches_a7_spelling ... ok
test sp_alias_plain_register_matches_a7_spelling ... ok
test sp_alias_postinc_matches_a7_spelling ... ok
test sp_alias_predec_matches_a7_spelling ... ok
test sr_operand_round_trips ... ok
test tst_w_abs_emits_relax ... ok
test two_pinned_abs_l_move ... ok
test two_pinned_abs_mixed_w_l_move ... ok
test two_symbolic_operands_diagnose ... ok
test two_pinned_abs_w_move_shape_and_routing ... ok
test width_size_splice_selects_word ... ok
test wrong_kind_size_splice_is_splice_kind_error ... ok
test zero_displacement_collapses_to_address_indirect ... ok

test result: ok. 80 passed; 0 failed; 0 ignored; 0 measured; 0 filtered out; finished in 0.00s

     Running tests/lower_corpus.rs (/home/volence/sonic_hacks/.scratch/width-suffix/target-base/release/deps/lower_corpus-8e1f3ecb035bcc3e)

running 9 tests
test acceptance_cross_cpu_unwindowed_pointer_from_a_real_program ... ok
test comptime_generated_table_error_names_the_generator_call_site ... ok
test acceptance_wrong_kind_asm_splice_from_a_real_program ... ok
test acceptance_falls_into_separated_from_a_real_program ... ok
test appendix_c_pbyte_dual_cpu_emits_identical_bytes ... ok
test appendix_d_declared_fallthrough_is_clean ... ok
test appendix_d_objdef_table_byte_diff ... ok
test appendix_d_comptime_fn_code_splice_lands_in_proc_body ... ok
test clean_comptime_splice_emits_no_provenance_note ... ok

test result: ok. 9 passed; 0 failed; 0 ignored; 0 measured; 0 filtered out; finished in 0.00s

     Running tests/lower_data.rs (/home/volence/sonic_hacks/.scratch/width-suffix/target-base/release/deps/lower_data-19879e9dd731a959)

running 48 tests
test define_colliding_with_module_decl_errors ... ok
test a_pad_in_an_array_of_structs_repeats_per_element ... ok
test multibyte_scalar_is_big_endian ... ok
test a_trailing_struct_pad_emits_after_the_last_field ... ok
test define_colliding_with_proc_name_errors ... ok
test dc_l_label_emits_abs32_symref_fixup ... ok
test i16_array_shows_the_sentinel_in_terminator_position ... ok
test a_leading_struct_pad_emits_before_the_first_field ... ok
test i16_neg1_lowers_to_ffff_signed_sentinel_bytes ... ok
test i8_neg1_lowers_to_ff_signed_sentinel_byte ... ok
test mixed_table_byte_diff_68k ... ok
test p2_pointer_array_of_one_string_emits_one_abs32_symref ... ok
test p1_conditional_embed_false_arm_is_zero_length_but_labeled ... ok
test p2_pointer_array_of_three_strings_emits_three_abs32_symrefs ... ok
test defines_are_visible_as_comptime_consts ... ok
test p1_conditional_embed_true_arm_emits_real_bytes ... ok
test p3_mismatched_array_length_against_const_n_is_clean_error_not_panic ... ok
test p4_ensure_len_against_pinned_const_fires_loud_message_when_unequal ... ok
test p3_if_expression_const_length_drives_matching_array_shape_debug_1 ... ok
test string_in_pointer_field_is_still_a_symbol_ref_not_bytes ... ok
test string_against_non_byte_element_array_type_stays_an_error ... ok
test roundtrip_bytes ... ok
test scalar_byte_order_per_cpu ... ok
test string_against_byte_array_rejects_non_ascii ... ok
test p4_ensure_len_against_pinned_const_passes_when_equal ... ok
test p3_if_expression_const_length_drives_matching_array_shape_debug_0 ... ok
test string_against_matching_byte_array_type_emits_ascii_bytes ... ok
test struct_pad_to_emits_the_derived_zero_run ... ok
test string_with_null_escape_sized_to_include_terminator_emits_it ... ok
test struct_pad_emits_zero_bytes_between_the_fields ... ok
test string_shorter_than_declared_byte_array_is_length_mismatch_error ... ok
test symref_makes_abs32_fixup ... ok
test symref_width4_68k_is_abs32be ... ok
test struct_pad_bytes_are_identical_under_as_compat ... ok
test t3_p3_negative_int_entry_in_pointer_array_errors_out_of_range ... ok
test t3_p3_nonzero_int_entry_in_pointer_array_folds_to_absolute_cell ... ok
test t3_p3_u32_max_int_entry_in_pointer_array_is_accepted ... ok
test t3_p3_null_entries_in_pointer_array_lower_as_zero_cells_no_fixup ... ok
test u16le_range_rules_are_identical_to_u16 ... ok
test u16_neg1_is_rejected_not_wrapped ... ok
test t3_p2_zero_byte_embed_is_labeled_zero_length_next_item_same_offset ... ok
test u16le_equals_u16_on_z80 ... ok
test u16le_scalar_in_68k_section_emits_little_endian ... ok
test t3_p3_oversized_int_entry_in_pointer_array_errors_out_of_range ... ok
test u16le_linkexpr_cell_uses_value16le_on_68k ... ok
test winptr_in_z80_is_value16le ... ok
test unwindowed_pointer_in_z80_is_error ... ok
test winptr_in_68k_is_value16be ... ok

test result: ok. 48 passed; 0 failed; 0 ignored; 0 measured; 0 filtered out; finished in 0.00s

     Running tests/lower_guards.rs (/home/volence/sonic_hacks/.scratch/width-suffix/target-base/release/deps/lower_guards-09e68671ee560bd0)

running 8 tests
test ensure_fatal_stops_remaining_items ... ok
test plain_ensure_failure_continues ... ok
test failing_top_level_ensure_diagnoses_with_interpolation ... ok
test ensure_fatal_in_section_stops_top_level_items ... ok
test unknown_name_in_guard_condition_diagnoses_without_crash ... ok
test here_in_guard_sees_current_position ... ok
test guard_sees_offsets_ordinals ... ok
test passing_guards_are_byte_neutral ... ok

test result: ok. 8 passed; 0 failed; 0 ignored; 0 measured; 0 filtered out; finished in 0.00s

     Running tests/lower_hygiene.rs (/home/volence/sonic_hacks/.scratch/width-suffix/target-base/release/deps/lower_hygiene-d59e2254464e3b3b)

running 4 tests
test reference_to_non_export_label_from_outside_does_not_resolve ... ok
test same_asm_template_from_two_procs_links_cleanly ... ok
test exported_proc_label_is_referenceable_as_owner_dot_name ... ok
test two_procs_with_same_local_label_get_distinct_symbols_and_link ... ok

test result: ok. 4 passed; 0 failed; 0 ignored; 0 measured; 0 filtered out; finished in 0.00s

     Running tests/lower_patch.rs (/home/volence/sonic_hacks/.scratch/width-suffix/target-base/release/deps/lower_patch-fe1360bf51e90c81)

running 7 tests
test bind_of_unknown_name_is_patch_unknown ... ok
test double_bind_is_patch_double_bound ... ok
test int_bind_backpatches_reserved_bytes_big_endian ... ok
test int_bind_is_little_endian_in_a_z80_section ... ok
test symbol_bind_records_a_fixup_over_the_reserved_hole ... ok
test unbound_patch_is_patch_unbound ... ok
test z80_symbol_bind_is_patch_unsupported ... ok

test result: ok. 7 passed; 0 failed; 0 ignored; 0 measured; 0 filtered out; finished in 0.00s

     Running tests/lower_proc.rs (/home/volence/sonic_hacks/.scratch/width-suffix/target-base/release/deps/lower_proc-afcb78a4c017487c)

running 181 tests
test a_clobbered_cond_out_makes_no_survives_claim ... ok
test a_dotted_non_sr_register_is_invalid ... ok
test a_hand_written_sr_write_inside_the_bracketed_body_still_fires ... ok
test a_context_that_never_restores_sr_fires_at_its_own_definition ... ok
test a_cc_guarded_result_contradicts_preserved_flags ... ok
test a_range_mention_defeats_the_cond_out_exemption ... ok
test a_cond_out_outside_the_clobbers_range_still_claims ... ok
test a_context_whose_halves_diverge_per_site_is_checked_at_every_site ... ok
test a_register_named_unconditionally_too_makes_no_survives_claim ... ok
test a_dotted_token_in_a_range_is_invalid ... ok
test a_release_that_re_masks_after_restoring_fires_at_the_definition ... ok
test absent_clobbers_still_means_no_contract ... ok
test a_save_restore_round_trip_carries_the_survives_claim ... ok
test a_half_token_declares_the_procs_sr_traffic ... ok
test a_spliced_templates_sr_write_is_charged_to_the_consumer ... ok
test an_all_unclassifiable_body_leaves_the_survives_claim_unchecked ... ok
test addx_undeclared_warns ... ok
test an_ordinary_acquire_may_still_push ... ok
test an_rte_released_acquire_is_not_charged_for_failing_to_round_trip ... ok
test an_rte_fails_a_mask_claim ... ok
test a_bracket_does_not_disturb_the_declared_sr_clauses ... ok
test an_unclassifiable_exit_is_not_charged_the_survives_claim ... ok
test an_rte_released_acquire_that_pushes_is_an_error ... ok
test as_compat_silences_clobber_undeclared ... ok
test as_compat_does_not_silence_out_contract ... ok
test autoinc_on_read_only_mnemonic_warns ... ok
test as_compat_does_not_silence_preserves ... ok
test an_unconditional_mention_defeats_the_cond_out_exemption ... ok
test bracketed_sr_traffic_is_the_contexts_declaration_not_the_consumers ... ok
test as_compat_does_not_silence_the_survives_claim ... ok
test as_compat_silences_undeclared_fallthrough ... ok
test as_compat_does_not_silence_hard_fallthrough_error ... ok
test ccr_advisory_fires_on_a_falls_into_bare_sr_proc ... ok
test ccr_advisory_silent_on_debug_rail_inside_bracket ... ok
test ccr_advisory_names_post_restore_flag_traffic ... ok
test ccr_advisory_silent_when_whole_body_bracketed ... ok
test ccr_advisory_silent_on_local_jump ... ok
test clean_inout_declaration_has_no_partition_error ... ok
test ccr_trailing_local_transfer_is_a_leave ... ok
test clobber_undeclared_warns ... ok
test body_inout_on_z80_is_unsupported ... ok
test clobbers_invalid_register_errors ... ok
test clobbers_sr_ccr_alone_does_not_silence_a_whole_sr_write ... ok
test clobbers_reglist_range_expands_for_the_lint ... ok
test cond_out_exemption_is_canonical_not_textual ... ok
test cond_out_may_not_overlap_preserves ... ok
test cond_out_may_overlap_clobbers ... ok
test cond_out_survives_claim_fires_when_the_write_precedes_the_test ... ok
test cond_out_survives_claim_proves_when_the_test_precedes_the_write ... ok
test dbcc_counter_undeclared_warns ... ok
test dbcc_counter_declared_does_not_warn ... ok
test cond_out_survives_claim_still_fires_past_an_unclassifiable_exit ... ok
test declared_autoinc_pointer_is_silent ... ok
test declared_clobber_does_not_warn ... ok
test empty_clobbers_means_touches_nothing_and_flags_any_write ... ok
test extern_inout_clobbers_overlap_is_rejected ... ok
test empty_proc_body_warns_fallthrough ... ok
test each_context_is_judged_once_on_its_own_round_trip ... ok
test empty_clobbers_on_a_no_effect_proc_is_clean ... ok
test extern_inout_on_z80_is_unsupported ... ok
test extern_inout_non_param_is_rejected ... ok
test falls_into_adjacent_ok ... ok
test falls_into_exempts_even_when_successor_leaves_it_unwritten ... ok
test falls_into_exempts_declared_out_from_unwritten ... ok
test inout_and_out_overlap_is_an_error ... ok
test inout_and_preserves_overlap_is_an_error ... ok
test inout_and_clobbers_overlap_is_an_error ... ok
test jbra_non_label_operand_is_label_only_error ... ok
test jbra_immediate_operand_is_label_only_error ... ok
test falls_into_separated_errors ... ok
test movep_load_undeclared_warns ... ok
test jbsr_does_not_terminate_proc ... ok
test movep_store_does_not_warn ... ok
test memory_destination_does_not_warn ... ok
test jbsr_with_size_suffix_is_jbra_sized_error ... ok
test lea_stack_cleanup_over_sp_is_not_a_clobber ... ok
test inout_register_must_be_a_param ... ok
test inout_narrow_address_type_is_invalid ... ok
test noreturn_on_extern_proc_parses ... ok
test noreturn_takes_no_arguments ... ok
test jbra_terminates_proc_no_fallthrough_warning ... ok
test jbra_in_z80_section_is_branch_non_68k ... ok
test no_clobber_contract_means_no_survives_claim ... ok
test noreturn_with_rts_errors ... ok
test noreturn_falls_into_returning_successor_is_refused ... ok
test noreturn_with_conditional_rts_errors ... ok
test noreturn_fall_off_end_errors ... ok
test noreturn_terminal_transfer_is_clean ... ok
test noreturn_falls_into_noreturn_successor_composes ... ok
test noreturn_trailing_local_transfer_is_a_fall_off ... ok
test nonstack_movem_load_reglist_undeclared_warns ... ok
test jbra_with_size_suffix_is_jbra_sized_error ... ok
test out_carry_overlapping_clobbers_sr_ccr_errors ... ok
test out_carry_overlapping_bare_preserves_sr_errors ... ok
test out_carry_does_not_overlap_preserves_sr_mask ... ok
test nested_brackets_keep_their_own_acquire_and_release_ranges ... ok
test out_carry_overlapping_preserves_sr_ccr_errors ... ok
test out_composes_with_clobbers_and_preserves ... ok
test out_clobbers_overlap_errors ... ok
test out_invalid_register_errors ... ok
test out_preserves_overlap_errors ... ok
test out_pointer_advanced_via_postinc_is_written ... ok
test out_register_write_is_not_an_undeclared_clobber ... ok
test predec_clobber_undeclared_warns ... ok
test out_preserves_overlap_within_a_range_errors ... ok
test out_is_byte_neutral ... ok
test out_reglist_range_all_written_is_clean ... ok
test out_unwritten_warns ... ok
test out_sr_token_overlaps_a_preserved_mask ... ok
test pop_into_dreg_keeps_a7_exempt ... ok
test out_unwritten_fires_without_falls_into ... ok
test postinc_source_clobber_undeclared_warns ... ok
test preserves_clobbers_overlap_errors ... ok
test preserves_asymmetric_restore_of_clobbered_reg_errors ... ok
test postinc_dest_clobber_undeclared_warns ... ok
test preserves_clobber_without_restore_errors ... ok
test param_register_write_is_not_an_undeclared_clobber ... ok
test preserves_disjoint_nested_save_is_allowed ... ok
test preserves_composes_with_clobbers_and_falls_into ... ok
test preserves_ccr_and_sr_range_are_rejected ... ok
test preserves_invalid_register_errors ... ok
test preserves_early_exit_wrong_list_pop_is_caught ... ok
test preserves_pop_only_underflows ... ok
test preserves_movem_w_pair_is_not_verification ... ok
test preserves_post_call_clobber_still_errors ... ok
test preserves_matching_movem_pair_ok ... ok
test preserves_reversed_range_errors ... ok
test preserves_restore_into_different_register_still_fires ... ok
test preserves_sr_ccr_refuses_a_call_outside_the_bracket ... ok
test preserves_sr_ccr_refuses_a_body_that_can_run_off_the_end ... ok
test preserves_sr_balanced_idiom_is_clean ... ok
test preserves_sr_ccr_refuses_a_flag_effect_outside_the_bracket ... ok
test preserves_sr_ccr_refuses_a_nested_save ... ok
test preserves_sr_ccr_accepts_a_fully_bracketed_body ... ok
test preserves_sr_ccr_refuses_a_tail_transfer ... ok
test preserves_sr_ccr_refuses_an_unmatched_save ... ok
test preserves_sr_clobbers_sr_overlap_errors ... ok
test preserves_sr_ccr_refuses_a_return_inside_the_bracket ... ok
test preserves_sr_ccr_refuses_a_declared_fallthrough ... ok
test preserves_sr_composes_with_reglist ... ok
test preserves_sr_missing_restore_errors ... ok
test preserves_sr_mask_clobbers_sr_ccr_partitions_cleanly ... ok
test preserves_superset_save_verifies_declared_subset ... ok
test preserves_trailing_preserving_call_defers_not_errors ... ok
test preserves_sr_vacuous_is_clean ... ok
test preserves_untouched_regs_are_vacuously_preserved ... ok
test preserves_sr_write_before_save_errors ... ok
test preserves_sr_overlapping_clobbers_sr_ccr_errors ... ok
test read_only_op_does_not_warn ... ok
test proc_emits_label_and_body ... ok
test scc_write_undeclared_warns ... ok
test sr_half_tokens_fold_with_bare_sr ... ok
test sr_mask_round_trip_returning_body_still_holds ... ok
test sr_mask_noreturn_tail_is_not_refused ... ok
test sr_mask_falls_into_is_refused ... ok
test sr_mask_tail_into_non_preserving_target_fires ... ok
test stack_pointer_replacement_is_still_a_clobber ... ok
test sr_mask_tail_into_owner_export_label_is_credited ... ok
test stack_pointer_writes_are_not_clobbers ... ok
test stack_push_pop_is_not_a_clobber ... ok
test stack_movem_restore_over_save_does_not_warn_the_rider2_trap ... ok
test stack_replacement_pop_into_sp_is_a_clobber ... ok
test terminated_proc_does_not_warn_fallthrough ... ok
test sr_mask_tail_into_owner_label_after_save_fires ... ok
test the_rte_flavor_splices_an_acquire_and_no_release ... ok
test sr_mask_tail_into_preserving_sibling_is_credited ... ok
test sr_write_without_declaration_warns ... ok
test the_survives_skip_expands_the_clobbers_reglist ... ok
test uncond_out_still_may_not_overlap_clobbers ... ok
test verified_preserves_is_not_an_undeclared_clobber ... ok
test word_facet_b_spelling_refused ... ok
test word_facet_clobbers_overlap_refused ... ok
test word_facet_l_spelling_refused ... ok
test word_facet_address_register_refused ... ok
test undeclared_fallthrough_warns ... ok
test word_facet_no_roundtrip_is_unverifiable ... ok
test word_facet_full_plus_word_is_not_an_error ... ok
test unverifiable_preserves_still_fires_clobber_undeclared_the_rider1_trap ... ok
test word_facet_non_register_refused ... ok
test word_facet_unknown_spelling_refused ... ok
test word_facet_valid_roundtrip_is_clean ... ok

test result: ok. 181 passed; 0 failed; 0 ignored; 0 measured; 0 filtered out; finished in 0.01s

     Running tests/lower_sections.rs (/home/volence/sonic_hacks/.scratch/width-suffix/target-base/release/deps/lower_sections-9cc052e2a54b3042)

running 14 tests
test unknown_section_attribute_is_diagnosed ... ok
test z80_section_serializes_little_endian ... ok
test here_outside_a_placed_section_uses_default_origin ... ok
test here_with_arguments_is_arity_error ... ok
test non_integer_vma_is_diagnosed ... ok
test here_resolves_to_item_start_vma_and_advances ... ok
test unwindowed_pointer_in_z80_section_is_error ... ok
test module_in_section_names_default_section ... ok
test here_outside_a_lowering_context_is_error ... ok
test named_section_without_vma_has_no_pinned_vma_base ... ok
test cross_cpu_bank_pointers_pick_le_and_be_by_section ... ok
test cross_section_pointer_resolves_to_target_vma ... ok
test two_sections_place_at_vma_and_continuous_lma ... ok
test winptr_data_cell_byte_identical_via_linkexpr ... ok

test result: ok. 14 passed; 0 failed; 0 ignored; 0 measured; 0 filtered out; finished in 0.00s

     Running tests/module_unreachable.rs (/home/volence/sonic_hacks/.scratch/width-suffix/target-base/release/deps/module_unreachable-dd279a5b7fe40b5e)

running 2 tests
test unreached_module_without_guards_is_silent ... ok
test unreached_guards_are_reported_and_reached_ones_are_not ... ok

test result: ok. 2 passed; 0 failed; 0 ignored; 0 measured; 0 filtered out; finished in 0.00s

     Running tests/mul_lowering.rs (/home/volence/sonic_hacks/.scratch/width-suffix/target-base/release/deps/mul_lowering-ffbcd261d344cf43)

running 14 tests
test chain_bytes_are_pinned ... ok
test out_contract_sees_the_expanded_writes ... ok
test bounded_loop_labels_link_and_are_unique ... ok
test z80_bodies_refuse_the_construct ... ok
test word_scratch_clobber_is_seen_by_the_clobber_lint ... ok
test word_byte_suffix_refuses ... ok
test scratch_clobber_is_seen_by_the_clobber_lint ... ok
test lowering_is_deterministic_end_to_end ... ok
test bounded_above_boundary_is_byte_identical_to_mulu ... ok
test word_through_a_comptime_asm_template_is_byte_identical ... ok
test refusals_surface_through_the_pipeline ... ok
test a_sizeof_multiplier_derives_from_the_struct ... ok
test word_strides_are_byte_identical_to_hand_chains ... ok
test mulu_winning_mul_const_is_byte_identical_to_hand_mulu ... ok

test result: ok. 14 passed; 0 failed; 0 ignored; 0 measured; 0 filtered out; finished in 0.00s

     Running tests/name_shadow_lints.rs (/home/volence/sonic_hacks/.scratch/width-suffix/target-base/release/deps/name_shadow_lints-a5d3bfaba066c583)

running 6 tests
test comptime_fn_named_like_a_68k_mnemonic_fires ... ok
test a_z80_only_mnemonic_fires_and_names_the_z80 ... ok
test ordinary_fn_names_are_silent ... ok
test the_cpu_neutral_reserved_words_fire ... ok
test a_local_data_item_shadowing_an_import_fires ... ok
test distinct_names_alongside_an_import_are_silent ... ok

test result: ok. 6 passed; 0 failed; 0 ignored; 0 measured; 0 filtered out; finished in 0.00s

     Running tests/niche_option.rs (/home/volence/sonic_hacks/.scratch/width-suffix/target-base/release/deps/niche_option-a702b5d4c2c6cd90)

running 25 tests
test niche_valid_does_not_fire ... ok
test assume_some_on_non_register_errors ... ok
test assume_some_on_a_pointer_payload_names_what_it_got ... ok
test niche_overlap_ranged_fires ... ok
test assume_some_on_unknown_payload_errors ... ok
test non_sentinel_immediate_into_option_field_does_not_warn ... ok
test niche_overlap_unranged_fires ... ok
test negative_sentinel_on_unsigned_ranged_payload_overlaps ... ok
test negative_sentinel_on_unsigned_payload_overlaps ... ok
test none_into_option_field_does_not_warn ... ok
test negative_sentinel_on_signed_payload_is_a_real_niche ... ok
test assume_some_on_a_non_option_payload_errors ... ok
test inline_where_then_sentinel_parses_and_resolves ... ok
test assume_some_extraction_clears_the_firing ... ok
test assume_some_emits_zero_bytes ... ok
test extraction_does_not_leak_across_the_join ... ok
test none_on_a_non_option_newtype_errors ... ok
test sentinel_wider_than_the_payload_storage_is_refused ... ok
test typo_member_on_an_option_errors ... ok
test raw_sentinel_into_option_field_warns ... ok
test plain_slot_mismatch_keeps_its_own_id ... ok
test same_shape_without_the_marker_still_fires ... ok
test none_operand_is_byte_identical_to_raw_sentinel ... ok
test unguarded_use_fires_and_is_the_only_firing ... ok
test wrap_direction_constructs_the_payload ... ok

test result: ok. 25 passed; 0 failed; 0 ignored; 0 measured; 0 filtered out; finished in 0.00s

     Running tests/offsets_cross_module.rs (/home/volence/sonic_hacks/.scratch/width-suffix/target-base/release/deps/offsets_cross_module-e158ba39aa3664c3)

running 5 tests
test repeated_cross_module_target_emits_a_word_per_member ... ok
test cross_module_ref_target_needs_no_local_definition ... ok
test undefined_cross_module_target_fails_loudly_at_link ... ok
test count_ordinal_available_for_the_sync_guard ... ok
test cross_module_ref_lowers_like_the_extern_difference_form ... ok

test result: ok. 5 passed; 0 failed; 0 ignored; 0 measured; 0 filtered out; finished in 0.00s

     Running tests/offsets_inline.rs (/home/volence/sonic_hacks/.scratch/width-suffix/target-base/release/deps/offsets_inline-d7d42f041525f282)

running 10 tests
test inline_bodies_emit_after_table_in_decl_order ... ok
test builtin_type_without_initializer_names_the_fix ... ok
test odd_inline_body_with_words_warns_layout_odd_item ... ok
test struct_typed_inline_body_works ... ok
test inline_offsets_in_z80_section_still_refused ... ok
test in_block_ordinal_self_reference ... ok
test short_initializer_is_a_type_error ... ok
test inline_body_reads_another_tables_ordinal ... ok
test ordinals_and_count_cover_inline_members ... ok
test mixed_inline_and_reference_members ... ok

test result: ok. 10 passed; 0 failed; 0 ignored; 0 measured; 0 filtered out; finished in 0.00s

     Running tests/operand_const_as_address.rs (/home/volence/sonic_hacks/.scratch/width-suffix/target-base/release/deps/operand_const_as_address-c43952f7996fc74a)

running 11 tests
test as_compat_module_is_inert ... ok
test the_value_probe_does_not_swallow_a_real_const_error ... ok
test pointer_typed_const_is_silent ... ok
test bare_equ_operand_fires_and_names_its_kind ... ok
test hardware_address_const_is_silent ... ok
test a_32_bit_vdp_command_long_fires_but_the_port_beside_it_does_not ... ok
test bare_label_operand_is_silent ... ok
test bare_const_operand_fires_and_the_immediate_form_does_not ... ok
test allow_attr_suppresses_only_in_string_form ... ok
test equ_of_a_label_is_silent ... ok
test the_hardware_range_is_exact_at_both_ends ... ok

test result: ok. 11 passed; 0 failed; 0 ignored; 0 measured; 0 filtered out; finished in 0.00s

     Running tests/out_verify.rs (/home/volence/sonic_hacks/.scratch/width-suffix/target-base/release/deps/out_verify-9ab07a7305b6bd65)

running 37 tests
test a_conditional_branch_out_is_not_a_required_return_path ... ok
test conditional_out_produced_everywhere_verifies ... ok
test callee_sourced_out_verifies ... ok
test a_falls_into_procs_fall_off_charges_the_successor ... ok
test conditional_out_verifies_via_branch_split ... ok
test conditional_out_cc_true_at_return_unproduced_fires ... ok
test advanced_cursor_on_all_paths_verifies ... ok
test cascade_conditional_callee_out_verifies ... ok
test cascade_without_conditional_credit_fires ... ok
test conditional_out_unknown_cc_at_return_fires ... ok
test a_conditional_branch_out_does_not_excuse_the_returning_path ... ok
test conditional_out_verifies_via_moveq_fold ... ok
test a_call_on_the_not_cc_path_defers_rather_than_fires_per_file ... ok
test a_tail_exit_on_the_not_cc_path_is_an_exit_but_its_target_is_not_charged ... ok
test dbf_counter_does_not_satisfy_out ... ok
test falls_into_credit_does_not_reach_an_rts_on_another_path ... ok
test fixpoint_extern_out_seeds_verified ... ok
test long_write_of_data_reg_verifies ... ok
test fixpoint_without_extern_seed_fires ... ok
test movem_load_produces_reglist ... ok
test movem_store_does_not_produce_reglist ... ok
test moveq_is_full_width_production ... ok
test fixpoint_mutual_cycle_stays_unverified ... ok
test fixpoint_chain_grounds_through_local_producer ... ok
test movem_load_word_size_still_full_width ... ok
test produced_on_all_paths_verifies ... ok
test tail_to_known_producer_verifies ... ok
test tail_to_external_symbol_fires ... ok
test falls_into_successor_credit_reaches_the_fixpoint ... ok
test same_body_unconditional_out_fires ... ok
test tail_to_non_producer_fires ... ok
test the_same_target_reached_unconditionally_is_a_required_return_path ... ok
test unadvanced_cursor_param_fires ... ok
test unproduced_on_some_return_fires ... ok
test the_oracle_settles_a_call_blocked_survives_claim_both_ways ... ok
test word_write_of_data_reg_does_not_verify ... ok
test the_out_residue_is_a_width_gap_not_a_control_flow_one ... ok

test result: ok. 37 passed; 0 failed; 0 ignored; 0 measured; 0 filtered out; finished in 0.00s

     Running tests/out_width.rs (/home/volence/sonic_hacks/.scratch/width-suffix/target-base/release/deps/out_width-515c2fabae2de5f9)

running 30 tests
test a_niche_option_narrows_to_its_payload_width ... ok
test a_word_write_proves_a_word_claim_and_not_a_bare_one ... ok
test a_typed_out_composes_with_the_conditional_form ... ok
test a_newtype_declared_inside_a_section_resolves ... ok
test a_simple_unresolvable_out_type_credits_what_a_bare_out_would ... ok
test a_newtype_narrows_to_its_underlying_type_transitively ... ok
test a_merge_charges_the_narrower_incoming_width ... ok
test an_address_out_credits_a_full_long_whatever_its_type_says ... ok
test a_later_narrower_write_does_not_retract_a_wider_production ... ok
test a_typed_conditional_out_is_still_unobligated_on_the_not_cc_return ... ok
test a_wider_write_satisfies_a_narrower_claim ... ok
test a_fixed_point_type_narrows_by_its_bit_count ... ok
test a_duplicated_proc_name_cannot_relax_a_bare_out ... ok
test a_byte_write_does_not_reach_a_word_claim ... ok
test a_typed_out_inside_a_section_is_collected ... ok
test an_externs_typed_out_caps_its_callers ... ok
test an_inline_where_refinement_narrows_to_its_inner_type ... ok
test an_ext_after_a_call_cannot_launder_a_capped_credit ... ok
test an_underivable_out_type_keeps_the_bare_32_bit_claim ... ok
test an_unresolvable_reading_under_a_collision_credits_narrower_than_bare ... ok
test an_out_type_the_corpus_cannot_resolve_is_reported ... ok
test callee_out_credit_is_capped_at_the_callees_declared_width ... ok
test falls_into_credit_is_capped_at_the_successors_declared_width ... ok
test tail_target_credit_is_capped_at_the_targets_declared_width ... ok
test ext_makes_no_production_of_its_own ... ok
test single_bit_writers_produce_nothing_but_scc_produces_its_byte ... ok
test the_width_diagnostic_names_produced_then_claimed ... ok
test a_narrow_type_on_an_address_result_is_refused_on_every_declaration_form ... ok
test the_conditional_out_edge_credit_draws_the_credit_side ... ok
test a_colliding_newtype_name_is_strict_for_its_owner_and_stingy_for_its_callers ... ok

test result: ok. 30 passed; 0 failed; 0 ignored; 0 measured; 0 filtered out; finished in 0.00s

     Running tests/overlay.rs (/home/volence/sonic_hacks/.scratch/width-suffix/target-base/release/deps/overlay-c85ca4c7d26f58ab)

running 39 tests
test bare_window_scan_does_not_validate_unrelated_structs ... ok
test field_access_const_fallback_on_typed_reg ... ok
test field_access_field_wins_over_same_named_const ... ok
test field_access_untyped_reg_comptime_evals_const ... ok
test field_access_overrun_wider_than_field ... ok
test field_access_headline_subq ... ok
test field_access_untyped_reg_does_not_consult_field_space ... ok
test field_access_direct_struct_field ... ok
test overlay_ambiguous_window ... ok
test field_access_ambiguous_field ... ok
test field_access_narrower_than_field_is_legal ... ok
test field_access_reg_typing_is_per_proc ... ok
test field_access_multi_param_types_the_right_register ... ok
test overlay_dotted_window_disambiguates ... ok
test overlay_dotted_window_matches_bare ... ok
test overlay_non_byte_array_window_rejected ... ok
test overlay_odd_window_base_no_false_positive ... ok
test overlay_error_reported_once_across_passes ... ok
test overlay_odd_window_base_catches_odd_memory_offset ... ok
test field_access_overlay_field_nonzero_offset ... ok
test field_access_is_byte_neutral_with_literal ... ok
test overlay_three_segment_window_path_rejected ... ok
test overlay_shadows_field ... ok
test overlay_offsetof_unknown_field ... ok
test overlay_signed_byte_array_window_rejected ... ok
test overlay_unknown_window ... ok
test overlay_window_overflow_is_always_on ... ok
test overlay_offsetof_and_sizeof_bytes ... ok
test qualified_overlay_field_on_untyped_reg ... ok
test sized_override_authorizes_wide_overlay_write ... ok
test qualified_field_overrun ... ok
test qualified_struct_field_on_untyped_reg ... ok
test sized_override_bounded_by_struct_end ... ok
test qualified_form_disambiguates_ambiguous_overlays ... ok
test qualified_struct_unknown_field_names_struct ... ok
test qualified_overlay_unknown_field_names_overlay ... ok
test sized_override_narrower_access_is_legal ... ok
test sized_override_is_a_stated_width_not_a_mute_switch ... ok
test qualified_offsets_ordinal_stays_comptime ... ok

test result: ok. 39 passed; 0 failed; 0 ignored; 0 measured; 0 filtered out; finished in 0.00s

     Running tests/parser_bodies.rs (/home/volence/sonic_hacks/.scratch/width-suffix/target-base/release/deps/parser_bodies-ca8b903717d4afd6)

running 21 tests
test addressing_mode_operands ... ok
test call_normalized_dispind_keeps_sizes ... ok
test asm_template_with_splices ... ok
test dangling_else_is_diagnosed ... ok
test comptime_fn_with_stmts ... ok
test instr_span_excludes_newline ... ok
test instructions_and_labels ... ok
test export_label ... ok
test let_tuple_if_while_var_block ... ok
test mnemonic_size_is_restricted_to_bwls ... ok
test match_as_a_bare_statement ... ok
test no_struct_lit_in_condition_position ... ok
test proc_all_three_contracts_compose ... ok
test patch_and_bind_are_contextual_let_is_reserved ... ok
test proc_clobbers_out_accept_reglist_ranges ... ok
test proc_header_forms ... ok
test proc_out_clause_forms ... ok
test spaced_paren_operand_is_not_a_call ... ok
test statement_position_call ... ok
test spliced_mnemonic_width_and_label ... ok
test deep_block_nesting_is_an_error_not_an_abort ... ok

test result: ok. 21 passed; 0 failed; 0 ignored; 0 measured; 0 filtered out; finished in 0.00s

     Running tests/parser_decls.rs (/home/volence/sonic_hacks/.scratch/width-suffix/target-base/release/deps/parser_decls-6237cc8a02720dc3)

running 64 tests
test a_module_may_not_be_named_with_the_blank_marker ... ok
test bitfield_decl ... ok
test a_struct_field_named_pad_or_pad_to_still_parses ... ok
test data_align_attribute_parses ... ok
test a_vars_region_keeps_its_own_pad_form ... ok
test comptime_enum_with_payload ... ok
test comptime_enum_may_have_explicit_repr ... ok
test data_max_size_and_align_compose_in_either_order ... ok
test data_align_without_a_type_annotation ... ok
test data_attribute_list_tolerates_a_trailing_comma ... ok
test const_decls ... ok
test data_unknown_attribute_key_is_a_finite_error ... ok
test decl_spans_cover_whole_declaration ... ok
test data_decls ... ok
test dispatch_decl_parses ... ok
test dispatch_decl_parses_long_ptrs ... ok
test dispatch_inline_body_parses_as_body_target ... ok
test dispatch_requires_encoding ... ok
test empty_attr_args ... ok
test ensure_ident_not_followed_by_paren_still_errors_as_declaration ... ok
test ensure_usable_as_ordinary_data_name ... ok
test enum_decl ... ok
test equ_decls ... ok
test equ_is_reserved_as_a_declaration_name ... ok
test fixed_missing_param_is_diagnosed_not_panicking ... ok
test fixed_point_type ... ok
test huge_bit_width_is_diagnosed_not_truncated ... ok
test item_level_ensure_fatal_parses_in_section ... ok
test missing_bit_width_does_not_drop_next_field ... ok
test item_level_ensure_parses ... ok
test missing_module_header_is_diagnosed ... ok
test missing_module_header_still_parses_items ... ok
test module_header_plain_and_in_section ... ok
test module_level_attributes ... ok
test nested_section_is_rejected ... ok
test newtype_plain ... ok
test newtype_with_where_refinement ... ok
test offsets_decl_parses_members ... ok
test pad_to_cycles_is_not_a_pad_marker ... ok
test pad_to_in_a_vars_region_is_refused_by_name ... ok
test path_in_error_position_has_non_inverted_span ... ok
test plain_enum_still_requires_repr ... ok
test pub_dispatch_parses ... ok
test pub_on_guard_is_diagnosed ... ok
test pub_use_is_diagnosed ... ok
test refined_type_in_ordinary_type_position ... ok
test region_item_forms ... ok
test region_vars_all_field_kinds ... ok
test region_vars_conditional_else ... ok
test struct_decl_with_size_offsets_defaults ... ok
test struct_pad_markers_parse_as_anonymous_pads ... ok
test types_parse ... ok
test use_base_span_excludes_names ... ok
test use_blank_marker_must_end_the_path ... ok
test use_blank_marker_parses_as_its_own_form ... ok
test use_decls ... ok
test use_list_accepts_a_multi_line_form_with_trailing_comma ... ok
test use_list_accepts_a_trailing_comma ... ok
test use_list_empty_braces_stays_an_error ... ok
test use_list_multi_line_without_a_trailing_comma_also_parses ... ok
test use_path_may_not_start_with_the_blank_marker ... ok
test vars_region_and_overlay_forms ... ok
test where_with_no_range_is_diagnosed_not_panicking ... ok
test deep_pointer_type_is_an_error_not_an_abort ... ok

test result: ok. 64 passed; 0 failed; 0 ignored; 0 measured; 0 filtered out; finished in 0.00s

     Running tests/parser_exprs.rs (/home/volence/sonic_hacks/.scratch/width-suffix/target-base/release/deps/parser_exprs-d24bd88c28aabb26)

running 29 tests
test calls_with_named_args ... ok
test concat_and_method_style_calls ... ok
test lambda_one_param ... ok
test lambda_multi_param ... ok
test match_trailing_comma_allowed ... ok
test infix_bitor_and_or_unaffected ... ok
test error_arm_preserves_closers ... ok
test method_paths_still_parse ... ok
test match_nullary_and_payload_variant_arms ... ok
test offsetof_missing_field_is_diagnosed_not_panicking ... ok
test offsetof_type_and_field ... ok
test match_with_no_arms_is_diagnosed_not_panicking ... ok
test match_wildcard_and_binding_arms ... ok
test deep_nesting_is_an_error_not_an_abort ... ok
test pipe_chains_left_assoc ... ok
test pipe_into_bare_name ... ok
test pipe_into_call_prepends_arg ... ok
test pipe_into_call_with_lambda_arg ... ok
test pipe_into_non_call_target_diagnoses ... ok
test pipe_is_loosest_precedence ... ok
test precedence_and_associativity ... ok
test rescale_as_name_compared_with_lt_is_a_binary_not_a_builtin ... ok
test rescale_type_args_and_value ... ok
test sizeof_of_a_type ... ok
test sizeof_offsetof_rescale_are_not_reserved ... ok
test struct_array_and_range_literals ... ok
test trailing_commas_and_one_tuple ... ok
test unary_and_parens ... ok
test deep_unary_chain_is_an_error_not_an_abort ... ok

test result: ok. 29 passed; 0 failed; 0 ignored; 0 measured; 0 filtered out; finished in 0.00s

     Running tests/parser_recovery_hang.rs (/home/volence/sonic_hacks/.scratch/width-suffix/target-base/release/deps/parser_recovery_hang-07240cf42bda629b)

running 5 tests
test recover_does_not_spin_on_bare_extern_at_item_position ... ok
test the_seven_byte_input_terminates ... ok
test recovery_terminates_on_extern_disp_in_context ... ok
test every_declaration_opener_terminates_at_top_level ... ok
test every_declaration_opener_terminates_inside_a_section_body ... ok

test result: ok. 5 passed; 0 failed; 0 ignored; 0 measured; 0 filtered out; finished in 0.00s

     Running tests/preserve_oracle_threading.rs (/home/volence/sonic_hacks/.scratch/width-suffix/target-base/release/deps/preserve_oracle_threading-ba22d535b382fafa)

running 4 tests
test base_credit_needs_the_real_map_when_the_terminal_tail_is_dead ... ok
test oracle_inputs_need_the_real_mask_preservers_map ... ok
test base_credit_is_tail_poisoned_when_the_terminal_tail_is_reachable ... ok
test the_word_obligation_survives_an_unrelated_clause_error ... ok

test result: ok. 4 passed; 0 failed; 0 ignored; 0 measured; 0 filtered out; finished in 0.00s

     Running tests/preserves.rs (/home/volence/sonic_hacks/.scratch/width-suffix/target-base/release/deps/preserves-6d8e50f10d5d0a09)

running 67 tests
test call_without_restore_not_preserved ... ok
test checkring_single_register_movem_around_call_preserves ... ok
test bailout_on_returning_path_is_unverifiable ... ok
test a_long_pop_over_two_word_slots_does_not_credit_the_full_register ... ok
test adda_suba_immediates_round_trip_verifies ... ok
test bailout_on_noreturn_path_does_not_poison_returns ... ok
test computed_sp_is_unverifiable ... ok
test displaced_sp_read_into_sp_still_bails ... ok
test displaced_sp_read_into_reg_is_safe ... ok
test computed_tail_preserves_nothing ... ok
test displaced_sp_rmw_still_bails ... ok
test displaced_sp_write_target_still_bails ... ok
test displaced_sp_store_is_unverifiable ... ok
test dbf_loop_between_save_and_restore_preserves ... ok
test dbcc_target_is_second_operand ... ok
test fresh_load_makes_delta_untrackable ... ok
test fall_off_into_clobbering_successor_fires ... ok
test empty_body_falls_into_preserving_successor_holds ... ok
test empty_body_falls_into_clobbering_successor_fires ... ok
test checkring_debug_assert_after_restore_preserves ... ok
test entry_exit_movem_fast_path_preserves ... ok
test individual_push_pop_preserves ... ok
test midbody_movem_around_call_preserves ... ok
test full_peek_of_a_word_save_credits_nothing ... ok
test fall_off_into_preserving_successor_holds ... ok
test movem_w_pair_does_not_preserve ... ok
test multi_return_paths_all_preserve ... ok
test never_written_is_preserved ... ok
test non_noreturn_tail_is_charged ... ok
test noreturn_tail_carries_no_obligation ... ok
test pea_displaced_sp_still_bails ... ok
test peek_then_final_pop_preserves ... ok
test pointer_advance_then_restore_verifies ... ok
test pointer_advance_without_restore_not_preserved ... ok
test sp_cleanup_computed_increase_register_stays_bailing ... ok
test runtime_loop_advance_is_not_falsely_verified ... ok
test pop_underflow_is_unverifiable ... ok
test sp_cleanup_constant_decrease_stays_bailing ... ok
test sp_cleanup_immediate_increase_over_word_slot_preserves ... ok
test sp_cleanup_movem_word_members_are_two_bytes_each ... ok
test sp_cleanup_over_drop_reads_wrong_slot_refutes ... ok
test sp_cleanup_partial_slot_drop_bails ... ok
test sp_cleanup_probe_core_missing_restore_does_not_preserve ... ok
test sp_cleanup_probe_core_shape_with_call_preserves_a0 ... ok
test sp_cleanup_word_slot_width_is_two_bytes ... ok
test sp_escape_to_areg_is_unverifiable ... ok
test t24_callee_without_preserves_still_clobbers ... ok
test t24_sp_hazard_is_not_deferrable ... ok
test t24_unknown_or_cycle_callee_stays_conservative ... ok
test t24_top_effect_callee_clobbers ... ok
test t24_genuine_local_clobber_is_not_deferrable ... ok
test tail_credit_to_preserving_callee_holds ... ok
test tail_only_false_preserve_fires ... ok
test tail_credit_to_clobbering_callee_fires ... ok
test tail_only_honest_preserve_holds ... ok
test word_b_roundtrip_refuses_word ... ok
test trailing_call_optimistic_probe_verifies ... ok
test trailing_call_conservative_is_not_preserved ... ok
test trailing_call_oracle_preserving_callee_verifies ... ok
test word_no_roundtrip_refuses ... ok
test word_caller_through_w_preserving_callee_refuses ... ok
test word_pop_of_a_long_save_credits_nothing ... ok
test word_l_roundtrip_proves_word_and_full ... ok
test word_peek_of_a_long_save_credits_nothing ... ok
test word_write_after_restore_refutes ... ok
test word_w_roundtrip_verifies_word_but_refuses_full ... ok
test written_without_restore_not_preserved ... ok

test result: ok. 67 passed; 0 failed; 0 ignored; 0 measured; 0 filtered out; finished in 0.00s

     Running tests/region_lower.rs (/home/volence/sonic_hacks/.scratch/width-suffix/target-base/release/deps/region_lower-23fe53e61b70eb03)

running 20 tests
test multiple_owners_check ... ok
test mark_alias_pad_align ... ok
test chained_engine_game_fixture ... ok
test conditional_group_accepts_comparison_condition ... ok
test place_sections_skips_ram_reserve_section ... ok
test region_not_w_addressable ... ok
test conditional_group_shape_divergent ... ok
test conditional_group_shape_invariant_needs_no_annotation ... ok
test determinism_same_input_same_addresses ... ok
test region_chain_cycle ... ok
test region_overflow ... ok
test scalar_and_array_widths ... ok
test ram_report_rows_carry_geometry_and_padding ... ok
test layout_odd_field ... ok
test region_duplicate ... ok
test cross_module_after_chains_across_modules ... ok
test cross_module_after_cycle_reported ... ok
test region_unknown ... ok
test struct_and_struct_array_sizes ... ok
test vars_shape_divergent ... ok

test result: ok. 20 passed; 0 failed; 0 ignored; 0 measured; 0 filtered out; finished in 0.00s

     Running tests/resolve_imports.rs (/home/volence/sonic_hacks/.scratch/width-suffix/target-base/release/deps/resolve_imports-28a9de7b086b7c51)

running 16 tests
test canonical_is_module_qualified ... ok
test duplicate_module_in_index_does_not_look_ambiguous ... ok
test glob_imports_all_exports ... ok
test glob_on_unknown_base_errors ... ok
test private_equ_is_not_exported ... ok
test has_module_tells_an_empty_module_from_a_missing_one ... ok
test suggest_use_is_none_when_two_modules_export_the_name ... ok
test pub_equ_import_binds_the_bare_link_name ... ok
test the_import_rule_and_the_resolve_pass_refuse_identically ... ok
test the_import_rule_refuses_each_listed_name_the_module_does_not_export ... ok
test unimported_but_exported_elsewhere_yields_add_use_fixit ... ok
test the_import_rule_refuses_only_a_glob_that_brings_nothing ... ok
test use_list_of_nonexistent_pub_name_errors ... ok
test use_shadows_prelude_silently ... ok
test use_list_resolves_to_defining_module_canonical ... ok
test use_vs_use_conflict_still_errors ... ok

test result: ok. 16 passed; 0 failed; 0 ignored; 0 measured; 0 filtered out; finished in 0.00s

     Running tests/resolve_manifest.rs (/home/volence/sonic_hacks/.scratch/width-suffix/target-base/release/deps/resolve_manifest-343603b73b1b7e1f)

running 6 tests
test nonexistent_root_reports_an_error ... ok
test duplicate_module_id_is_an_error ... ok
test path_mismatch_lint_carries_its_id ... ok
test indexes_modules_by_header_and_lints_path_mismatch ... ok
test source_index_locates_real_spans_and_declines_unreadable_ones ... ok
test scan_ignores_nested_checkouts ... ok

test result: ok. 6 passed; 0 failed; 0 ignored; 0 measured; 0 filtered out; finished in 0.00s

     Running tests/resolve_rename.rs (/home/volence/sonic_hacks/.scratch/width-suffix/target-base/release/deps/resolve_rename-a52c64e88896d2ec)

running 4 tests
test module_qualified_reference_resolves_to_canonical ... ok
test renames_labels_and_fixup_targets ... ok
test proc_local_symbols_pass_through_unchanged ... ok
test renames_cross_module_branch_target ... ok

test result: ok. 4 passed; 0 failed; 0 ignored; 0 measured; 0 filtered out; finished in 0.00s

     Running tests/resumable.rs (/home/volence/sonic_hacks/.scratch/width-suffix/target-base/release/deps/resumable-6cbe240fdbc71d9d)

running 25 tests
test pea_is_fatal ... ok
test a_with_bracket_that_emits_a_push_is_caught ... ok
test a_clean_resumable_proc_has_no_diagnostics ... ok
test bsr_is_fatal ... ok
test movem_involving_sp_is_fatal ... ok
test a_body_with_a_nonexport_dunder_end_does_not_collide ... ok
test a_register_outside_the_declared_set_errors ... ok
test a_body_exporting_dunder_end_collides_and_errors ... ok
test explicit_sp_write_is_fatal ... ok
test displaced_sp_access_is_fatal ... ok
test jbsr_is_fatal ... ok
test extent_symbol_resolves_from_another_module ... ok
test resumable_takes_no_arguments ... ok
test jsr_is_fatal ... ok
test extent_symbol_is_emitted_at_end_of_body ... ok
test link_is_fatal ... ok
test resumable_is_a_known_attribute ... ok
test no_extent_symbol_for_a_plain_proc ... ok
test postincrement_pop_is_fatal ... ok
test top_of_stack_indirect_is_fatal ... ok
test unlk_is_fatal ... ok
test predecrement_push_is_fatal ... ok
test resumable_on_z80_is_rejected ... ok
test resumable_requires_a_declared_clobbers_set ... ok
test rts_is_fatal ... ok

test result: ok. 25 passed; 0 failed; 0 ignored; 0 measured; 0 filtered out; finished in 0.00s

     Running tests/s4lz_vectors.rs (/home/volence/sonic_hacks/.scratch/width-suffix/target-base/release/deps/s4lz_vectors-4077da9abfa51642)

running 21 tests
test s4lz_edge_both_extended_matches_python ... ok
test s4lz_dict_wrong_type_errors ... ok
test s4lz_edge_empty_matches_python ... ok
test s4lz_dict_given_twice_errors ... ok
test s4lz_dict_and_tile_delta_together_errors ... ok
test s4lz_non_data_arg_errors ... ok
test s4lz_edge_boundary_offset_512_matches_python ... ok
test s4lz_edge_boundary_offset_510_matches_python ... ok
test s4lz_edge_odd1_matches_python ... ok
test s4lz_no_args_errors ... ok
test s4lz_odd_dict_errors ... ok
test s4lz_payload_744_dict_matches_python ... ok
test s4lz_shield_block_768_plain_matches_python ... ok
test s4lz_tile_delta_5tiles_matches_python ... ok
test s4lz_two_positional_args_errors ... ok
test s4lz_payload_744_plain_matches_python ... ok
test s4lz_unknown_named_arg_errors ... ok
test s4lz_tile_delta_wrong_type_errors ... ok
test s4lz_shield_block_768_dict768_matches_python ... ok
test s4lz_shield_block_768_dict1536_matches_python ... ok
test s4lz_shield_block_768_dict2304_matches_python ... ok

test result: ok. 21 passed; 0 failed; 0 ignored; 0 measured; 0 filtered out; finished in 0.00s

     Running tests/sandbox_embed.rs (/home/volence/sonic_hacks/.scratch/width-suffix/target-base/release/deps/sandbox_embed-4313b4bcf0bbd6ae)

running 9 tests
test embed_missing_file_names_resolved_path ... ok
test embed_missing_file ... ok
test embed_explicit_length_exact_ok ... ok
test embed_explicit_length_mismatch_rejected ... ok
test embed_full_file ... ok
test embed_infers_length_without_annotation ... ok
test embed_path_escape_rejected ... ok
test embed_with_skip_and_len ... ok
test embed_range_out_of_bounds ... ok

test result: ok. 9 passed; 0 failed; 0 ignored; 0 measured; 0 filtered out; finished in 0.00s

     Running tests/sandbox_hermeticity.rs (/home/volence/sonic_hacks/.scratch/width-suffix/target-base/release/deps/sandbox_hermeticity-e601e8f1f353f60d)

running 5 tests
test eval_data_captures_records_exactly_one_edge_with_pinned_hash ... ok
test eval_data_captures_is_deterministic_across_runs ... ok
test lower_module_without_include_root_reports_no_root ... ok
test lower_module_with_include_root_resolves_embed ... ok
test no_hidden_external_world_edges_outside_sandbox_rs ... ok

test result: ok. 5 passed; 0 failed; 0 ignored; 0 measured; 0 filtered out; finished in 0.00s

     Running tests/sandbox_import.rs (/home/volence/sonic_hacks/.scratch/width-suffix/target-base/release/deps/sandbox_import-99f8a495745e305a)

running 13 tests
test import_bad_format ... ok
test import_integral_valued_float_is_float ... ok
test import_shape_mismatch_extra_field ... ok
test import_missing_file ... ok
test import_wide_unsigned_int_is_int ... ok
test import_path_escape_rejected ... ok
test import_json_null_is_unit ... ok
test import_shape_mismatch_missing_field ... ok
test import_toml_datetime_unsupported ... ok
test import_toml_untyped ... ok
test import_json_untyped ... ok
test import_parse_error ... ok
test import_typed_struct ... ok

test result: ok. 13 passed; 0 failed; 0 ignored; 0 measured; 0 filtered out; finished in 0.00s

     Running tests/sandbox_zx0.rs (/home/volence/sonic_hacks/.scratch/width-suffix/target-base/release/deps/sandbox_zx0-83643a71cb939a0b)

running 4 tests
test zx0_non_data_arg_errors ... ok
test zx0_link_expr_input_errors ... ok
test zx0_wraps_and_compresses ... ok
test zx0_matches_build_sh_reference ... ok

test result: ok. 4 passed; 0 failed; 0 ignored; 0 measured; 0 filtered out; finished in 0.00s

     Running tests/script.rs (/home/volence/sonic_hacks/.scratch/width-suffix/target-base/release/deps/script-e79a4b6e7db1fb9b)

running 39 tests
test retired_bare_label_yield_is_a_targeted_error ... ok
test script_decl_parses_with_loop_yield_and_shows ... ok
test deep_loop_nesting_is_an_error_not_an_abort ... ok
test script_requires_encoding_attr ... ok
test bare_yield_without_epilogue_errors ... ok
test ambiguous_resume_slot_errors ... ok
test resume_width_errors ... ok
test bad_then_good_wait_frames_keeps_the_queue_aligned ... ok
test script_in_z80_section_errors ... ok
test repeated_yield_dot_same_label_shares_a_member ... ok
test comptime_call_inside_script_expands ... ok
test one_yield_word_offsets_byte_exact ... ok
test script_fallthrough_warns ... ok
test one_yield_long_ptrs_byte_exact ... ok
test nested_loops_get_distinct_labels ... ok
test forward_defined_named_resume_target_works ... ok
test script_without_scriptpc_field_errors ... ok
test interleaved_yield_kinds_keep_ordinals_and_rows_aligned ... ok
test loop_desugars_to_label_plus_jbra_back ... ok
test script_under_as_compat_silences_fallthrough ... ok
test duplicate_script_labels_error_early_with_a_span ... ok
test wait_frames_needs_an_epilogue ... ok
test wait_frames_literal_zero_is_an_error ... ok
test trailing_wait_frames_warns_fallthrough_precisely ... ok
test wait_frames_outside_a_script_stays_loud ... ok
test user_label_crosses_yield_boundary ... ok
test yield_tolerates_same_line_close ... ok
test wait_frames_unknown_slot_field_is_an_error ... ok
test yield_local_epilogue_resolves ... ok
test yield_dot_creates_no_site_resume_point ... ok
test yield_dot_scales_by_encoding ... ok
test wait_frames_slot_can_live_in_an_overlay ... ok
test yield_dot_label_stores_target_ordinal ... ok
test yield_dot_undefined_label_is_an_error ... ok
test wait_frames_expands_to_exactly_the_tick_idiom ... ok
test zero_yield_script_emits_entry_only_table ... ok
test wait_frames_out_of_range_literals_are_refused ... ok
test yield_per_site_epilogue_overrides_shows ... ok
test wait_frames_u16_slot_uses_word_width ... ok

test result: ok. 39 passed; 0 failed; 0 ignored; 0 measured; 0 filtered out; finished in 0.00s

     Running tests/span_primitive.rs (/home/volence/sonic_hacks/.scratch/width-suffix/target-base/release/deps/span_primitive-77398f352f16dcd6)

running 7 tests
test span_on_a_code_body_is_not_data ... ok
test span_measures_emitted_bytes_and_ensure_passes ... ok
test span_doctored_descriptor_count_fires_the_ensure ... ok
test span_unknown_proc_errors ... ok
test span_doctored_ptr_table_fires_the_revived_guard ... ok
test span_counts_link_deferred_word_cells ... ok
test span_derives_pub_const_count_and_ptr_guard_passes ... ok

test result: ok. 7 passed; 0 failed; 0 ignored; 0 measured; 0 filtered out; finished in 0.00s

     Running tests/stack_balance.rs (/home/volence/sonic_hacks/.scratch/width-suffix/target-base/release/deps/stack_balance-adb8a1f8d13eb64f)

running 28 tests
test a_real_per_path_imbalance_survives_a_tainted_merge ... ok
test a_balanced_loop_is_silent ... ok
test a_local_bsr_does_not_charge_its_helper_with_the_callers_stack ... ok
test a_matched_movem_pair_is_silent ... ok
test a_declared_fallthrough_end_is_not_a_return ... ok
test a_tail_transfer_out_is_not_charged ... ok
test a_computed_sp_advance_silences_the_checker ... ok
test a_call_nets_zero_on_the_stack ... ok
test a_pop_underflow_silences_the_checker ... ok
test a_top_of_stack_read_is_not_a_hazard ... ok
test a_width_mismatched_pop_silences_the_checker ... ok
test a_loop_that_grows_the_stack_is_a_merge_mismatch ... ok
test a_mid_slot_cleanup_silences_the_checker ... ok
test a_bare_sp_operand_silences_the_checker ... ok
test a_displaced_sp_write_silences_the_checker ... ok
test a_top_of_stack_store_silences_the_checker ... ok
test allow_is_keyed_per_lint_id ... ok
test a_z80_body_is_not_checked ... ok
test an_immediate_sp_cleanup_balances_a_push ... ok
test allow_suppresses_the_finding ... ok
test an_undeclared_fall_off_end_is_still_charged ... ok
test as_compat_softens_the_finding_to_a_warning ... ok
test as_compat_softens_the_merge_mismatch_too ... ok
test an_indexed_sp_access_silences_the_checker ... ok
test one_sided_push_is_a_merge_mismatch ... ok
test push_without_pop_is_unbalanced ... ok
test an_over_draining_cleanup_silences_the_checker ... ok
test sp_as_an_index_register_silences_the_checker ... ok

test result: ok. 28 passed; 0 failed; 0 ignored; 0 measured; 0 filtered out; finished in 0.00s

     Running tests/struct_field_disp_plus_n.rs (/home/volence/sonic_hacks/.scratch/width-suffix/target-base/release/deps/struct_field_disp_plus_n-566715e5357932d2)

running 3 tests
test natural_field_plus_n_does_not_compose_today ... ok
test bare_field_disp_is_the_offset_control ... ok
test offsetof_plus_n_fallback_composes ... ok

test result: ok. 3 passed; 0 failed; 0 ignored; 0 measured; 0 filtered out; finished in 0.00s

     Running tests/t40_cycles.rs (/home/volence/sonic_hacks/.scratch/width-suffix/target-base/release/deps/t40_cycles-75e60368e1b18cbf)

running 26 tests
test cycles_doctored_fires_the_ensure ... ok
test cycles_jp_cc_is_the_positive_control ... ok
test cycles_passes_on_correct_count ... ok
test cycles_on_a_68000_proc_does_not_blame_the_z80_table ... ok
test cycles_on_a_68000_proc_refuses ... ok
test cycles_unconditional_jr_doctored_fires ... ok
test cycles_jr_cc_in_span_bails ... ok
test pad_to_cycles_dense_with_nop_remainder ... ok
test pad_to_cycles_dense_exact_multiple_of_twelve ... ok
test cycles_unconditional_jr_is_twelve ... ok
test pad_to_cycles_dense_labels_do_not_collide ... ok
test pad_to_cycles_dense_still_requires_multiple_of_four ... ok
test cycles_ambiguous_branch_advice_fits_what_was_refused ... ok
test pad_to_cycles_derives_from_a_cycles_span ... ok
test pad_to_cycles_dense_false_is_the_sparse_shape ... ok
test cycles_ret_cc_and_call_cc_are_refused_before_the_cost_is_read ... ok
test pad_to_cycles_emits_the_derived_count ... ok
test pad_to_cycles_non_bool_dense_errors ... ok
test pad_to_cycles_sparse_on_a_68000_proc_refuses_too ... ok
test pad_to_cycles_over_budget_errors ... ok
test pad_to_cycles_on_a_68000_proc_refuses ... ok
test pad_to_cycles_non_multiple_of_4_errors ... ok
test pad_to_cycles_wrong_keyword_errors ... ok
test the_guard_leaves_z80_spans_working ... ok
test the_wrong_cpu_refusal_names_the_actual_problem ... ok
test cycles_off_table_bails ... ok

test result: ok. 26 passed; 0 failed; 0 ignored; 0 measured; 0 filtered out; finished in 0.00s

     Running tests/table_construct.rs (/home/volence/sonic_hacks/.scratch/width-suffix/target-base/release/deps/table_construct-f9ff5ef78c172d5c)

running 12 tests
test err_key_out_of_range ... ok
test err_index_needs_key ... ok
test err_unordered_key ... ok
test record_list_header_count_minus_one ... ok
test exhaustive_all_keys_present ... ok
test err_hole_needs_key ... ok
test err_exhaustive_missing_keys ... ok
test err_duplicate_key ... ok
test record_list_name_on_header ... ok
test index_header_before_name_anchor ... ok
test index_mode_sparse_payload_and_cells ... ok
test derived_facts ... ok

test result: ok. 12 passed; 0 failed; 0 ignored; 0 measured; 0 filtered out; finished in 0.00s

     Running tests/table_name_collision.rs (/home/volence/sonic_hacks/.scratch/width-suffix/target-base/release/deps/table_name_collision-e2eeb8fb2ce0b8da)

running 8 tests
test offsets_and_dispatch_of_one_name_collide ... ok
test the_named_winner_follows_the_ladder_not_the_declaration_order ... ok
test a_section_nested_declaration_still_collides ... ok
test distinct_names_are_silent ... ok
test the_same_kind_twice_collides_too ... ok
test an_enum_pair_is_warn_tier_in_both_orders ... ok
test the_shadowed_member_still_misreports_which_table_it_checked ... ok
test table_never_wins_the_ladder ... ok

test result: ok. 8 passed; 0 failed; 0 ignored; 0 measured; 0 filtered out; finished in 0.00s

     Running tests/todo_trap.rs (/home/volence/sonic_hacks/.scratch/width-suffix/target-base/release/deps/todo_trap-2f87b84342addb17)

running 9 tests
test empty_paren_todo_is_the_bare_form ... ok
test todo_reports_present_diagnostic_with_message ... ok
test todo_lowers_to_illegal_opcode ... ok
test each_todo_site_reports_separately ... ok
test todo_before_closing_brace_on_same_line ... ok
test bare_todo_reports_present_without_message ... ok
test todo_in_z80_section_is_non_68k_error ... ok
test unreachable_lowers_to_the_same_trap_silently ... ok
test todo_inside_script_body_parses_and_lowers ... ok

test result: ok. 9 passed; 0 failed; 0 ignored; 0 measured; 0 filtered out; finished in 0.00s

     Running tests/tranche28_extern_disp.rs (/home/volence/sonic_hacks/.scratch/width-suffix/target-base/release/deps/tranche28_extern_disp-b8ff226a2350c6dc)

running 3 tests
test wrapped_paren_extern_displacement_parses_as_dispind ... ok
test wrapped_field_arithmetic_disp_parses_but_does_not_lower ... ok
test wrapped_and_unwrapped_displacement_emit_identical_bytes ... ok

test result: ok. 3 passed; 0 failed; 0 ignored; 0 measured; 0 filtered out; finished in 0.00s

     Running tests/tranche28_leftmost_local.rs (/home/volence/sonic_hacks/.scratch/width-suffix/target-base/release/deps/tranche28_leftmost_local-6cd9ff1fbd9248ba)

running 2 tests
test undefined_leftmost_local_label_is_loud ... ok
test leftmost_and_interior_local_label_immediate_are_byte_identical ... ok

test result: ok. 2 passed; 0 failed; 0 ignored; 0 measured; 0 filtered out; finished in 0.00s

     Running tests/tranche7_code_concat.rs (/home/volence/sonic_hacks/.scratch/width-suffix/target-base/release/deps/tranche7_code_concat-a7c6110edb692d0b)

running 4 tests
test cross_fragment_label_fails_loudly ... ok
test empty_code_is_concat_identity ... ok
test code_concat_appends_in_emission_order ... ok
test a_struct_sized_copy_run_grows_with_the_struct ... ok

test result: ok. 4 passed; 0 failed; 0 ignored; 0 measured; 0 filtered out; finished in 0.00s

     Running tests/tranche7_comptime_fn_import.rs (/home/volence/sonic_hacks/.scratch/width-suffix/target-base/release/deps/tranche7_comptime_fn_import-45598bb3d31bb69d)

running 5 tests
test non_pub_comptime_fn_is_not_importable ... ok
test imported_fn_referencing_home_private_const_fails_loudly ... ok
test imported_comptime_fn_resolves_and_calls ... ok
test imported_template_with_caller_local_label_hygiene ... ok
test imported_comptime_fn_bytes_match_inlined ... ok

test result: ok. 5 passed; 0 failed; 0 ignored; 0 measured; 0 filtered out; finished in 0.00s

     Running tests/tranche7_disp_splice.rs (/home/volence/sonic_hacks/.scratch/width-suffix/target-base/release/deps/tranche7_disp_splice-2a7658576a3456b9)

running 5 tests
test splice_disp_over_splice_reg_parses ... ok
test splice_disp_over_literal_reg_parses ... ok
test reg_splice_in_disp_position_is_splice_kind ... ok
test splice_disp_bytes_match_literal ... ok
test splice_disp_indexed_bytes_match_literal ... ok

test result: ok. 5 passed; 0 failed; 0 ignored; 0 measured; 0 filtered out; finished in 0.00s

     Running tests/tranche7_local_label_arg.rs (/home/volence/sonic_hacks/.scratch/width-suffix/target-base/release/deps/tranche7_local_label_arg-112ecc54a16cc0b4)

running 7 tests
test dot_name_parses_as_local_label_in_call_arg ... ok
test local_label_in_const_initializer_is_rejected ... ok
test unknown_local_label_arg_is_loud_naming_it ... ok
test const_with_local_label_body_referenced_from_call_arg_is_rejected ... ok
test local_label_arg_forward_reference_links ... ok
test caller_local_label_distinct_from_template_internal_label ... ok
test local_label_arg_bytes_match_direct_branch ... ok

test result: ok. 7 passed; 0 failed; 0 ignored; 0 measured; 0 filtered out; finished in 0.00s

     Running tests/type_slice.rs (/home/volence/sonic_hacks/.scratch/width-suffix/target-base/release/deps/type_slice-51ee890f9102b4f9)

running 18 tests
test matching_frame_type_satisfies_slot ... ok
test animframe_into_mappingframe_slot_fires ... ok
test mappingframe_into_animframe_slot_fires ... ok
test clobber_across_call_degrades ... ok
test preserved_across_call_keeps_type ... ok
test as_bless_accepted ... ok
test copy_propagates_type ... ok
test sfxid_bless_satisfies_playsfx ... ok
test out_born_sectionid_accepted ... ok
test arithmetic_degrades_type ... ok
test correctly_typed_two_axis_passes ... ok
test join_disagreement_degrades ... ok
test join_agreement_passes ... ok
test primitive_and_no_param_slots_check_nothing ... ok
test songid_into_sfxid_slot_fires ... ok
test sfxid_into_songid_slot_fires ... ok
test swap_pin_fires_both_axes ... ok
test untyped_into_typed_fires ... ok

test result: ok. 18 passed; 0 failed; 0 ignored; 0 measured; 0 filtered out; finished in 0.00s

     Running tests/typed_extern.rs (/home/volence/sonic_hacks/.scratch/width-suffix/target-base/release/deps/typed_extern-d6f0fcfe4e408ee4)

running 5 tests
test extern_const_parses_with_a_type ... ok
test extern_const_requires_a_type ... ok
test extern_disambiguates_from_the_extern_call_and_extern_proc ... ok
test typed_extern_into_a_wrong_newtype_data_slot_is_an_error ... ok
test a_plain_int_still_fills_a_matching_newtype_slot ... ok

test result: ok. 5 passed; 0 failed; 0 ignored; 0 measured; 0 filtered out; finished in 0.00s

     Running tests/typed_jmp.rs (/home/volence/sonic_hacks/.scratch/width-suffix/target-base/release/deps/typed_jmp-385041692a90b549)

running 6 tests
test jmp_as_type_parses_the_dispatch_bound ... ok
test unbounded_jmp_is_top ... ok
test bounded_jmp_charges_only_the_bound ... ok
test bounded_jmp_under_declaration_fires ... ok
test resumable_terminal_typed_jmp_passes_the_stackless_scan ... ok
test jmp_as_type_is_byte_neutral ... ok

test result: ok. 6 passed; 0 failed; 0 ignored; 0 measured; 0 filtered out; finished in 0.00s

     Running tests/z80_bus.rs (/home/volence/sonic_hacks/.scratch/width-suffix/target-base/release/deps/z80_bus-712d64b01b36a7be)

running 8 tests
test start_without_stop_fires ... ok
test balanced_pair_does_not_fire ... ok
test btst_read_is_not_a_toggle ... ok
test stopped_at_return_fires ... ok
test vdp_write_while_stopped_does_not_fire ... ok
test disagreeing_join_does_not_fire ... ok
test double_stop_fires ... ok
test vdp_write_while_running_fires ... ok

test result: ok. 8 passed; 0 failed; 0 ignored; 0 measured; 0 filtered out; finished in 0.00s

     Running tests/z80_contracts.rs (/home/volence/sonic_hacks/.scratch/width-suffix/target-base/release/deps/z80_contracts-8f8d433993f5d15e)

running 62 tests
test m68k_known_registers_expand ... ok
test m68k_unknown_register_af_errors ... ok
test z80_declared_writes_stay_silent ... ok
test module_invariant_preserves_ix_accepted ... ok
test z80_clobbers_validates_against_z80_regfile ... ok
test m68k_clobbers_z80_name_still_invalid ... ok
test z80_conditional_jr_fallthrough_clobber_fires ... ok
test module_invariant_ix_inherited_and_proven ... ok
test z80_call_to_unknown_callee_conservative ... ok
test module_invariant_ix_broken_fires_via_inheritance ... ok
test z80_djnz_writes_counter_b_fires ... ok
test module_invariant_malformed_errors ... ok
test module_invariant_holds_value_form_represented ... ok
test z80_call_to_non_preserving_callee_fires ... ok
test z80_call_to_ix_preserving_local_callee_verifies ... ok
test module_invariant_bad_register_errors ... ok
test z80_empty_body_falls_into_clobbering_successor_fires ... ok
test z80_clobbers_out_68k_name_still_invalid ... ok
test z80_ex_sp_hl_trampoline_bails_declared_preserve ... ok
test z80_empty_body_falls_into_preserving_successor_holds ... ok
test z80_half_split_leaves_sibling_unlisted ... ok
test z80_exit_with_balanced_stack_holds ... ok
test z80_index_is_a_unit ... ok
test z80_extern_callee_preserves_credited ... ok
test z80_exit_with_live_slot_bails ... ok
test z80_ldir_writes_hl_fires ... ok
test z80_falls_into_tail_preserving_successor_holds ... ok
test z80_init_style_drain_without_contract_is_silent ... ok
test z80_falls_into_tail_clobbering_successor_fires ... ok
test z80_pair_expands_to_halves ... ok
test z80_out_cond_preserves_f_overlap_fires ... ok
test z80_out_carry_preserves_a_no_overlap ... ok
test z80_out_carry_preserves_af_overlap_fires ... ok
test z80_out_carry_clobbers_f_stays_legal ... ok
test z80_out_cond_preserves_b_no_overlap ... ok
test z80_out_carry_preserves_f_overlap_fires ... ok
test z80_move_idiom_preserves_source_not_dest ... ok
test z80_out_register_is_not_an_undeclared_clobber ... ok
test z80_out_unwritten_not_false_fired ... ok
test z80_range_form_rejected ... ok
test z80_out_reg_validates_against_z80_regfile ... ok
test z80_preserves_af_pure_ld_body_holds ... ok
test z80_preserves_f_16bit_inc_holds ... ok
test z80_preserves_af_push_pop_bracket_holds ... ok
test z80_preserves_f_8bit_inc_fires ... ok
test z80_preserves_f_scf_body_fires ... ok
test z80_preserves_written_unrestored_fires ... ok
test z80_preserves_via_push_pop_bracket_proven ... ok
test z80_sp_hazard_bails_declared_preserve ... ok
test z80_tail_into_noreturn_carries_no_preserve_obligation ... ok
test z80_tail_jp_clobber_fires ... ok
test z80_unknown_register_d0_errors ... ok
test z80_tail_into_ordinary_clobbering_callee_still_fires ... ok
test z80_tail_jp_genuine_preserve_holds ... ok
test z80_tail_jp_unknown_callee_conservative ... ok
test z80_trampoline_locally_written_invariant_still_fires ... ok
test z80_trampoline_module_invariant_survives_bail ... ok
test z80_trampoline_untouched_noninvariant_preserve_is_unverifiable ... ok
test z80_unconditional_jr_keeps_single_edge ... ok
test z80_undeclared_write_of_iy_fires ... ok
test z80_verified_preserves_silences_the_lint ... ok
test z80_undeclared_write_of_a_plain_register_fires ... ok

test result: ok. 62 passed; 0 failed; 0 ignored; 0 measured; 0 filtered out; finished in 0.00s

     Running tests/z80_expr_imm16.rs (/home/volence/sonic_hacks/.scratch/width-suffix/target-base/release/deps/z80_expr_imm16-6700f24914af5811)

running 7 tests
test comptime_arith_imm16_still_folds_no_fixup ... ok
test expr_ld_bc_const_minus_label_links ... ok
test expr_jp_label_plus_1_links ... ok
test expr_ld_de_defers_value16le_with_addend ... ok
test symbol_expr_in_imm8_position_still_unsupported ... ok
test expr_ld_de_links_little_endian ... ok
test bare_label_unchanged_regression ... ok

test result: ok. 7 passed; 0 failed; 0 ignored; 0 measured; 0 filtered out; finished in 0.00s

     Running tests/z80_new_mnemonic_write_sets.rs (/home/volence/sonic_hacks/.scratch/width-suffix/target-base/release/deps/z80_new_mnemonic_write_sets-439c1f3a991c980a)

running 9 tests
test cp_block_searches_clobber_bc_and_hl_but_not_de ... ok
test in_writes_its_destination_and_out_writes_none ... ok
test the_flag_writers_and_the_flag_neutrals ... ok
test io_block_transfers_clobber_b_and_hl_but_not_c ... ok
test the_block_grid_is_priced_by_family_in_the_cycle_table ... ok
test ld_block_moves_clobber_bc_de_hl ... ok
test the_nibble_rotates_write_the_accumulator ... ok
test the_i_and_r_reads_write_flags_while_the_writes_do_not ... ok
test the_returns_write_nothing ... ok

test result: ok. 9 passed; 0 failed; 0 ignored; 0 measured; 0 filtered out; finished in 0.00s

     Running tests/z80_operands.rs (/home/volence/sonic_hacks/.scratch/width-suffix/target-base/release/deps/z80_operands-981021b4c9df4bf3)

running 38 tests
test ld_bc_imm16_comptime ... ok
test ld_indhl_imm8 ... ok
test indexed_disp_128_is_i8_range_error ... ok
test jp_call_conditional_absolute ... ok
test bit_number_out_of_range_errors ... ok
test bit_number_on_register ... ok
test im_1 ... ok
test ld_a_c_reads_c_as_register ... ok
test bit_number_on_indexed ... ok
test ex_af_afshadow ... ok
test indexed_disp_127_accepted ... ok
test ld_indhl_reg ... ok
test jr_z_conditional_relative ... ok
test ld_i_a ... ok
test jp_indhl ... ok
test ld_r_a ... ok
test jr_c_conditional_relative ... ok
test module_cpu_z80_lowers_top_level_as_z80 ... ok
test ld_sp_hl ... ok
test module_no_cpu_attr_defaults_m68000_and_z80_mnemonic_is_unrecognized ... ok
test reg68k_spliced_in_z80_section_is_splice_kind_error ... ok
test module_cpu_z80_opening_m68000_section_mismatches ... ok
test ret_carry_is_condition_not_register ... ok
test ret_condition_code ... ok
test pop_ix ... ok
test probe_ld_a_imm8 ... ok
test pop_de ... ok
test set_bit_on_indexed ... ok
test res_bit_on_indexed ... ok
test symbolic_ld_hl_defers_value16le_fixup ... ok
test xor_a ... ok
test symbolic_jp_defers_and_links ... ok
test z80_bare_const_folds_in_imm8_positions ... ok
test z80_proc_param_ix_splices_in_z80_section ... ok
test symbolic_ld_hl_links_little_endian ... ok
test z80_bare_const_bit_number_folds ... ok
test z80_bare_label_still_symbol ... ok
test z80_reg_spliced_in_m68000_section_is_splice_kind_error ... ok

test result: ok. 38 passed; 0 failed; 0 ignored; 0 measured; 0 filtered out; finished in 0.00s

     Running tests/z80_relax.rs (/home/volence/sonic_hacks/.scratch/width-suffix/target-base/release/deps/z80_relax-35a3ec4470e1a3a0)

running 6 tests
test in_reach_jr_stays_two_bytes ... ok
test out_of_reach_jr_c_relaxes_to_jp_c ... ok
test in_reach_jr_cc_stays_two_bytes ... ok
test out_of_range_djnz_is_a_hard_error ... ok
test out_of_reach_jr_relaxes_to_jp ... ok
test out_of_reach_jr_cc_relaxes_to_jp_cc ... ok

test result: ok. 6 passed; 0 failed; 0 ignored; 0 measured; 0 filtered out; finished in 0.00s

     Running tests/z80_resident_cell.rs (/home/volence/sonic_hacks/.scratch/width-suffix/target-base/release/deps/z80_resident_cell-7c5e112a3db2a097)

running 4 tests
test resident_dcw_defers_value16le ... ok
test resident_dcw_68k_address_is_out_of_range ... ok
test dcl_width4_in_z80_still_unwindowed_pointer_error ... ok
test resident_dcw_links_little_endian ... ok

test result: ok. 4 passed; 0 failed; 0 ignored; 0 measured; 0 filtered out; finished in 0.00s

     Running unittests src/lib.rs (/home/volence/sonic_hacks/.scratch/width-suffix/target-base/release/deps/sigil_harness-76c46838d2a7f381)

running 228 tests
test diag_render::tests::a_span_inside_an_expansion_of_the_map_is_located_in_its_body_file ... ok
test diag_render::tests::located_line_carries_path_line_col_and_the_level_token ... ok
test diag_render::tests::unlocatable_span_keeps_its_bytes_and_the_level_token ... ok
test atomic_write::tests::installs_the_bytes_and_leaves_no_temporary ... ok
test atomic_write::tests::a_failed_write_leaves_the_previous_file_intact ... ok
test atomic_write::tests::replacing_a_longer_file_leaves_no_tail ... ok
test game_defines::tests::a_define_becomes_an_equate_row_carrying_its_value ... ok
test atomic_write::tests::the_destinations_mode_survives_the_rename ... ok
test game_defines::tests::a_define_colliding_with_a_published_equate_names_both_origins ... ok
test game_defines::tests::a_game_declared_define_collision_names_the_map_file_not_the_profile ... ok
test game_defines::tests::a_game_declared_toggle_pinned_to_one_polarity_is_named ... ok
test game_defines::tests::a_game_declared_toggle_walked_in_both_polarities_passes ... ok
test diag_render::tests::verdict_is_ok_without_errors_and_lists_every_error_otherwise ... ok
test game_defines::tests::a_game_declared_value_pinned_to_one_size_is_named ... ok
test game_defines::tests::a_game_declared_value_walked_at_two_sizes_passes ... ok
test game_defines::tests::a_name_the_program_does_not_publish_is_not_a_collision ... ok
test game_defines::tests::a_negative_define_renders_as_its_twos_complement_pattern ... ok
test game_defines::tests::a_value_wider_than_the_listing_word_is_refused_not_truncated ... ok
test game_defines::tests::an_exempted_key_is_named_rather_than_absent ... ok
test game_defines::tests::an_exemption_for_a_key_no_shape_declares_is_stale_and_rejected ... ok
test game_defines::tests::an_exemption_with_no_reason_is_rejected ... ok
test game_defines::tests::a_string_body_shaped_like_a_defines_table_is_not_scanned ... ok
test game_defines::tests::duplicate_key_in_another_table_does_not_trip_the_defines_scan ... ok
test game_defines::tests::every_colliding_define_is_reported_never_just_the_first ... ok
test game_defines::tests::duplicate_key_in_defines_table_is_a_loud_error_naming_key_and_both_lines ... ok
test game_defines::tests::map_without_defines_table_parses_to_no_rows ... ok
test game_defines::tests::defines_table_parses_rows_and_ignores_placement_keys ... ok
test game_defines::tests::merge_fresh_game_key_joins_the_builtin_rows ... ok
test game_defines::tests::merge_game_key_shadowing_a_builtin_is_a_loud_error_naming_both_sources ... ok
test game_defines::tests::non_identifier_define_key_is_a_loud_error ... ok
test game_defines::tests::no_game_declared_rows_is_an_empty_walk_not_an_error ... ok
test game_defines::tests::non_integer_define_value_is_a_loud_error ... ok
test harness_root::root_derivation::a_told_root_that_does_not_verify_is_refused_by_name ... ok
test harness_root::root_derivation::an_override_that_does_not_verify_is_refused_and_an_empty_one_too ... ok
test harness_root::root_derivation::a_told_root_disagreeing_with_the_override_is_refused_naming_both ... ok
test map_placement::tests::region_only_map_parses_to_empty_placement ... ok
test import_check::tests::a_given_file_outranks_the_trees_copy_of_its_module ... ok
test harness_root::root_derivation::derivation_failure_refuses_instead_of_falling_back_to_the_build_tree ... ok
test map_placement::tests::section_row_is_the_prefixed_spelling_only ... ok
test map_placement::tests::bare_section_prefix_is_rejected_at_load ... ok
test native::align_recompute_tests::in_bounds_is_byte_neutral ... ok
test native::align_recompute_tests::overshoot_not_trailing_pad_is_left_for_the_linker ... ok
test map_placement::tests::no_label_can_spell_the_section_prefix ... ok
test native::align_recompute_tests::overshoot_trims_trailing_pad_to_span ... ok
test map_placement::tests::parses_anchors_holes_budget_order_with_when ... ok
test native::allowlist_tests::any_poison_guard_is_rejected_against_the_empty_allowlist ... ok
test native::allowlist_tests::empty_allowlist_passes_with_no_poison ... ok
test harness_root::root_derivation::every_repin_spawning_shape_carries_the_root ... ok
test import_check::tests::a_use_outside_the_files_is_checked_against_the_tree ... ok
test native::allowlist_tests::stale_allowlist_is_rejected ... ok
test import_check::tests::a_tree_rewritten_in_place_is_scanned_again ... ok
test harness_root::root_derivation::the_compile_time_manifest_dir_is_only_ever_displayed ... ok
test native::declared_alignment_tests::a_declared_section_at_a_conforming_base_passes ... ok
test native::declared_alignment_tests::a_label_less_blob_is_out_of_both_halves_scope ... ok
test native::declared_alignment_tests::a_section_with_no_declaration_is_refused_by_name_before_the_walk ... ok
test native::declared_alignment_tests::a_resolved_base_that_violates_the_declaration_is_refused ... ok
test native::declared_alignment_tests::an_unpinned_section_needs_a_declaration_and_is_measured_after_the_walk ... ok
test native::declared_alignment_tests::every_faulting_section_is_named_in_one_report ... ok
test native::declared_alignment_tests::packed_chained_base_rounds_to_the_declared_alignment_only ... ok
test native::declared_alignment_tests::the_bank_window_requirement_is_measured_on_the_resolved_anchor ... ok
test native::derived_layout_tests::an_undeclared_head_label_is_refused_by_the_walk_itself ... ok
test native::derived_layout_tests::an_unresolvable_operand_refuses_loud ... ok
test native::derived_layout_tests::drift_warning_names_section_and_delta ... ok
test native::derived_layout_tests::base_dependent_length_reproduces_provisional_bases_at_frozen_sizes ... ok
test native::derived_layout_tests::grown_pure_data_packs_downstream_and_warns_with_the_delta ... ok
test native::derived_layout_tests::growth_within_tolerance_moves_the_neighbour_silently ... ok
test native::derived_layout_tests::growth_into_a_declared_anchor_still_fails_loud ... ok
test native::derived_layout_tests::the_zero_byte_terminus_packs_to_the_image_end_by_declaration ... ok
test native::derived_layout_tests::the_walk_packs_to_the_declared_alignment_not_the_pin_residue ... ok
test native::derived_layout_tests::stale_provisional_gap_is_an_island_only_when_declared ... ok
test native::derived_layout_tests::growth_across_the_boundary_places_the_successor_from_the_long_form ... ok
test native::entry_synth_tests::extra_entries_ride_the_use_edge_list ... ok
test native::entry_synth_tests::synthetic_entry_emits_no_code ... ok
test native::error_handler_placement_tests::a_declared_island_with_no_blob_label_fires ... ok
test native::error_handler_placement_tests::an_undeclared_island_whose_label_appears_fires ... ok
test native::error_handler_placement_tests::appendix_short_of_blob_end_fires ... ok
test native::error_handler_placement_tests::blob_last_passes ... ok
test native::derived_layout_tests::a_reference_into_the_far_scratch_measures_abs_l_at_every_slot_ordinal ... ok
test native::derived_layout_tests::unchanged_sizes_reproduce_provisional_bases_with_no_warning ... ok
test native::derived_layout_tests::width_flip_report_names_the_relaxing_site ... ok
test native::error_handler_placement_tests::inert_for_a_shape_that_declares_no_island ... ok
test native::derived_layout_tests::an_unpinned_section_packs_to_its_declaration_too ... ok
test native::error_handler_placement_tests::section_after_blob_fires ... ok
test native::extra_entry_tests::an_extra_entry_resolves_by_id_and_by_path ... ok
test native::extra_entry_tests::an_unresolvable_extra_entry_is_an_error ... ok
test native::phase_marker_tests::a_phased_section_yields_vma_and_lma_and_a_plain_one_yields_neither ... ok
test native::placement_validation_tests::a_hole_whose_filler_module_is_unknown_is_refused ... ok
test native::placement_validation_tests::a_hole_with_no_interior_is_refused_rather_than_passing_empty ... ok
test native::placement_validation_tests::a_partial_overlap_reports_the_overlapping_bytes_only ... ok
test native::extra_entry_tests::only_a_comptime_only_extra_entry_is_accepted ... ok
test native::placement_validation_tests::a_hole_holding_only_its_filler_has_no_faults ... ok
test native::placement_validation_tests::a_hole_whose_after_label_is_absent_cannot_be_measured ... ok
test native::placement_validation_tests::a_section_inside_the_hole_interior_is_named ... ok
test native::phase_marker_tests::a_reserve_only_ram_block_is_not_reported_as_phased ... ok
test native::placement_validation_tests::a_hole_whose_after_label_resolves_twice_cannot_be_measured ... ok
test native::placement_validation_tests::a_hole_whose_filler_is_not_placed_is_refused ... ok
test native::helper_import_tests::an_unread_helper_import_of_a_missing_name_is_refused ... ok
test native::placement_validation_tests::anchor_absent_fires ... ok
test native::placement_validation_tests::correct_map_passes ... ok
test native::placement_validation_tests::a_shape_gated_hole_is_absent_from_that_shape ... ok
test native::placement_validation_tests::drives_order_by_map_rank ... ok
test native::placement_validation_tests::order_diverged_fires ... ok
test native::placement_validation_tests::hole_anchor_missing_fires ... ok
test native::placement_validation_tests::order_undeclared_fires ... ok
test native::placement_validation_tests::double_declared_section_fires ... ok
test native::placement_validation_tests::section_row_drives_the_packer_rank ... ok
test native::placement_validation_tests::section_row_satisfies_completeness ... ok
test native::placement_validation_tests::section_row_ranks_where_it_sits_in_validation ... ok
test native::placement_validation_tests::shape_gated_sound_bank_anchor ... ok
test native::placement_validation_tests::the_build_path_names_every_occupant_of_one_hole ... ok
test native::placement_validation_tests::the_build_path_refuses_a_degenerate_hole ... ok
test native::helper_import_tests::an_unread_helper_import_of_a_pub_name_is_accepted ... ok
test native::placement_validation_tests::the_build_path_refuses_an_ambiguous_hole_anchor ... ok
test native::placement_validation_tests::the_build_path_refuses_a_filler_the_build_did_not_place ... ok
test native::placement_validation_tests::the_build_path_refuses_an_unknown_filler_module ... ok
test native::placement_validation_tests::the_build_path_refuses_an_occupied_hole_interior ... ok
test native::placement_validation_tests::undeclared_island_fires ... ok
test native::warn_tier_tests::an_unbracketed_message_has_no_id_and_an_unlocatable_span_renders_bare ... ok
test native::placement_validation_tests::unknown_section_row_fires ... ok
test native::placement_validation_tests::zero_byte_section_row_is_inert ... ok
test native::warn_tier_tests::collects_only_reportable_non_errors ... ok
test native::warn_tier_tests::errors_alone_produce_an_empty_tier ... ok
test provenance::tests::a_byte_neutral_entry_is_not_asked_for_a_witness ... ok
test native::warn_tier_tests::deduplicates_a_replayed_diagnostic_but_not_distinct_sites ... ok
test provenance::tests::a_chain_that_keeps_naming_revisions_is_clean ... ok
test provenance::tests::a_chain_with_no_aeon_rev_anywhere_is_clean ... ok
test native::helper_import_tests::an_unread_helper_import_of_a_private_name_is_refused ... ok
test provenance::tests::a_chain_with_no_strict_record_anywhere_is_clean ... ok
test provenance::tests::a_green_outcome_that_names_failures_is_incoherent ... ok
test provenance::tests::a_green_entry_cannot_be_abandoned ... ok
test native::warn_tier_tests::a_failing_warn_level_link_assert_survives_the_error_filter ... ok
test provenance::tests::a_freeze_can_still_append_after_a_strict_table ... ok
test harness_root::root_derivation::a_tree_without_the_markers_is_refused_with_what_where_and_expected ... ok
test provenance::tests::a_malformed_record_does_not_arm_the_monotonic_rule ... ok
test provenance::tests::a_malformed_value_does_not_arm_the_monotonic_rule ... ok
test provenance::tests::a_pre_aeon_rev_entry_with_a_bare_ab_is_not_flagged ... ok
test provenance::tests::a_pre_field_entry_appended_after_an_attested_tip_is_not_a_violation ... ok
test provenance::tests::a_pre_field_entry_appended_after_the_tip_is_not_a_violation ... ok
test provenance::tests::a_present_but_malformed_aeon_rev_is_flagged_anywhere ... ok
test provenance::tests::a_record_missing_a_target_the_entry_freezes_is_rejected ... ok
test provenance::tests::a_record_naming_a_target_the_entry_does_not_freeze_is_rejected ... ok
test provenance::tests::a_record_of_a_run_against_a_different_aeon_tree_is_rejected ... ok
test provenance::tests::a_record_of_a_run_that_reached_no_strict_body_is_rejected ... ok
test provenance::tests::a_record_whose_goldens_are_not_this_entrys_is_rejected ... ok
test provenance::tests::a_red_outcome_with_nothing_red_is_incoherent ... ok
test provenance::tests::a_red_record_arms_the_rule ... ok
test provenance::tests::a_record_with_a_bad_revision_is_rejected_wherever_it_sits ... ok
test provenance::tests::a_superseded_entry_satisfies_the_monotonic_rule ... ok
test provenance::tests::a_vacuous_record_does_not_satisfy_the_append_gate ... ok
test provenance::tests::absent_aeon_rev_key_parses_as_none ... ok
test provenance::tests::absent_strict_key_parses_as_none ... ok
test provenance::tests::a_supersede_then_freeze_append_lands_on_the_right_entries ... ok
test provenance::tests::an_empty_ab_in_the_regime_reports_the_floor_rule_once ... ok
test provenance::tests::an_entry_after_the_first_armed_one_may_not_drop_the_field ... ok
test provenance::tests::an_empty_successor_name_is_rejected ... ok
test provenance::tests::an_appended_strict_table_attaches_to_the_last_entry_and_leaves_the_rest_untouched ... ok
test provenance::tests::an_entry_that_was_built_on_without_a_strict_run_is_flagged ... ok
test provenance::tests::an_entry_with_no_red_run_cannot_be_abandoned ... ok
test provenance::tests::an_unmeasurable_run_is_never_green ... ok
test provenance::tests::anchor_move_with_a_bare_branch_name_as_ab_is_flagged_in_the_aeon_rev_regime ... ok
test provenance::tests::anchor_move_with_a_chain_entry_name_as_ab_is_flagged_in_the_aeon_rev_regime ... ok
test provenance::tests::anchor_move_with_ab_ok_full_crc_free ... ok
test provenance::tests::anchor_move_without_ab_is_flagged ... ok
test provenance::tests::every_built_on_entry_after_the_armer_is_checked_not_just_the_last ... ok
test provenance::tests::every_entry_after_the_armed_one_is_checked_not_just_the_tip ... ok
test provenance::tests::is_full_sha_rejects_near_misses ... ok
test provenance::tests::render_roundtrips ... ok
test provenance::tests::root_ab_sentinel_required ... ok
test provenance::tests::rendered_values_escape_quotes_and_backslashes ... ok
test provenance::tests::superseded_must_name_the_entry_that_actually_follows ... ok
test provenance::tests::the_append_gate_allows_an_attested_tip ... ok
test provenance::tests::the_append_gate_demands_an_explicit_abandonment_when_the_tip_is_red ... ok
test provenance::tests::the_append_gate_is_a_ratchet_while_no_entry_records_a_run ... ok
test provenance::tests::render_strict_roundtrips_every_field ... ok
test provenance::tests::the_append_gate_refuses_to_build_on_an_entry_whose_suite_never_ran ... ok
test provenance::tests::the_first_entry_to_name_a_revision_needs_nothing_before_it ... ok
test repin::tests::a_tests_field_is_a_manifest_parse_error ... ok
test repin::tests::diff_reports_changed_added_and_removed_pins ... ok
test provenance::tests::the_tip_cannot_be_superseded ... ok
test repin::tests::debug_only_region_resolves_debug_listing_only ... ok
test provenance::tests::the_tip_is_exempt_from_the_monotonic_rule ... ok
test repin::tests::strip_provenance_drops_only_the_stamp_lines ... ok
test repin::tests::end_measures_declares_the_contract_and_the_strict_reading_is_the_default ... ok
test repin::tests::non_invariant_offset_without_per_shape_is_rejected ... ok
test repin::tests::phase_bank_region_pins_the_lma_not_the_vma ... ok
test repin::tests::manifest_validation_rejects_bad_shapes ... ok
test repin::tests::upper_snake_covers_the_inventory_shapes ... ok
test repin::tests::resolve_and_render_from_the_excerpt ... ok
test repin::tests::zero_consumer_pins_matches_whole_tokens_only ... ok
test repin::tests::section_end_spelling_measures_the_owning_section_not_the_successor_base ... ok
test repin::tests::zero_consumer_report_is_not_gate_text ... ok
test repin::tests::zero_consumer_report_carries_no_failure_grammar ... ok
test seam2::tests::bank_anchors_reads_the_two_declared_anchors ... ok
test seam2::tests::missing_order_label_fails_loud ... ok
test seam2::tests::missing_sound_bank_anchor_fails_loud ... ok
test seam2::tests::reordered_sound_bank_order_desyncs_loud ... ok
test strict_census::tests::a_shape_the_census_does_not_know_is_unclassified_not_ignored ... ok
test seam2::tests::sound_bank_anchor_without_vma_fails_loud ... ok
test section_align::tests::an_undeclared_label_reads_as_none ... ok
test strict_census::tests::a_test_that_lost_its_guard_is_caught_by_detector_b ... ok
test section_align::tests::every_declared_alignment_is_a_power_of_two ... ok
test provenance::tests::witness_shaped_abs_pass ... ok
test section_align::tests::every_row_names_its_source ... ok
test strict_census::tests::a_witness_line_without_a_test_name_is_reported_not_swallowed ... ok
test strict_census::tests::code_of_ignores_prose_about_the_idiom ... ok
test strict_census::tests::an_absolute_witness_path_still_compares ... ok
test strict_census::tests::the_definition_line_holding_both_occurrences_is_plumbing ... ok
test section_align::tests::no_label_is_declared_twice ... ok
test native::helper_import_tests::a_stale_helper_import_outside_the_build_is_not_reported ... ok
test strict_census::tests::a_dark_gate_is_named_not_counted ... ok
test strict_census::tests::the_four_corpus_idioms_classify ... ok
test strict_census::tests::a_matching_population_has_no_defects ... ok
test strict_census::tests::the_witness_is_sites_not_executions ... ok
test strict_census::tests::a_reached_site_the_census_did_not_predict_is_a_model_failure ... ok
test test_support::tests::a_read_with_no_named_tree_refuses_by_name_and_is_not_a_skip ... ok
test test_support::tests::override_of_unknown_constant_panics - should panic ... ok
test test_support::tests::a_supply_that_cannot_be_derived_names_the_tree ... ok
test test_support::tests::act_sec_rows_keep_exactly_the_four_supplied_structs ... ok
test test_support::tests::sst_supply_blob_carries_the_field_addresses ... ok
test test_support::tests::engine_constant_equs_is_empty_after_the_flips ... ok
test test_support::tests::act_sec_supply_sizes_each_struct_it_names ... FAILED
test test_support::strict_witness_tests::concurrent_writers_never_tear_a_line ... ok
test harness_root::root_derivation::a_child_told_nothing_derives_from_its_own_tree_and_still_refuses_a_bad_one ... ok
test native::derived_layout_tests::zero_byte_sections_ahead_of_a_never_pinned_target_move_nothing ... ok
test harness_root::root_derivation::a_linked_worktree_resolves_to_itself_not_to_the_checkout_it_was_made_from ... ok
test test_support::tests::the_partial_run_banner_carries_a_derived_size ... ok
test test_support::tests::the_partial_run_suite_root_banner_names_the_class_and_its_derived_size ... ok
test harness_root::root_derivation::a_told_root_wins_over_the_childs_own_surroundings ... ok

failures:

---- test_support::tests::act_sec_supply_sizes_each_struct_it_names stdout ----

thread 'test_support::tests::act_sec_supply_sizes_each_struct_it_names' (3917849) panicked at crates/sigil-harness/src/test_support.rs:1312:9:
NO REFERENCE TREE IS NAMED, so this run can measure nothing it could attribute, and STOPS. This run DECLINED to use /home/volence/sonic_hacks/aeon, which step 3 derived from this checkout's own location: it is a working checkout outside this repository, its revision changes under a run without notice, and a result measured against it would be attributable to whatever it happened to contain rather than to the code under test.

The resolver's own answer: reference-tree: /home/volence/sonic_hacks/aeon (SUITE_PATHS step 3, DERIVED from this checkout's own location, nobody named it)

Either name a provisioned tree, AEON_DIR=<aeon checkout> (scripts/provision-aeon-ref.sh), or EMPYREAN_SUITE_ROOT=<the directory holding the suite>, or declare a partial run with SIGIL_ALLOW_PARTIAL=1, in which case every reference-dependent row is left unmeasured and the run says how many. Ruled d-18 (docs/OVERSEER-REFERENCE.md, 2026-09-02): a run that only PRINTS how much it did not measure still exits 0, and a green is trusted the moment it is in the run.


failures:
    test_support::tests::act_sec_supply_sizes_each_struct_it_names

test result: FAILED. 227 passed; 1 failed; 0 ignored; 0 measured; 0 filtered out; finished in 0.01s

error: test failed, to rerun pass `-p sigil-harness --lib`
     Running unittests src/bin/cycle_fraction.rs (/home/volence/sonic_hacks/.scratch/width-suffix/target-base/release/deps/cycle_fraction-48754a47949b285b)

running 0 tests

test result: ok. 0 passed; 0 failed; 0 ignored; 0 measured; 0 filtered out; finished in 0.00s

     Running unittests src/bin/derive_offcanon.rs (/home/volence/sonic_hacks/.scratch/width-suffix/target-base/release/deps/derive_offcanon-e7ba9ea4e198f6d6)

running 0 tests

test result: ok. 0 passed; 0 failed; 0 ignored; 0 measured; 0 filtered out; finished in 0.00s

     Running unittests src/bin/emit_sound_blob.rs (/home/volence/sonic_hacks/.scratch/width-suffix/target-base/release/deps/emit_sound_blob-3d1db71aea7df2b9)

running 0 tests

test result: ok. 0 passed; 0 failed; 0 ignored; 0 measured; 0 filtered out; finished in 0.00s

     Running unittests src/bin/refreeze.rs (/home/volence/sonic_hacks/.scratch/width-suffix/target-base/release/deps/refreeze-1b2a601977699ea6)

running 13 tests
test step_journal::each_step_claims_exactly_the_artifacts_the_tool_reads_and_writes ... ok
test tests::an_unwritten_witness_reads_as_zero_not_as_absent ... ok
test step_journal::every_regeneration_step_runs_through_the_journal_wrapper ... ok
test tests::counts_are_summed_across_every_test_binary ... ok
test tests::a_log_with_no_result_line_measures_zero ... ok
test tests::attest_accepts_a_named_legacy_oracle_tree_and_refuses_a_derived_one ... ok
test tests::the_ratchet_baseline_is_the_last_run_that_passed ... ok
test tests::the_strict_body_ratchet_fails_on_a_shrink_and_has_a_named_exit ... ok
test step_journal::the_modes_that_judge_the_tree_consult_the_journal ... ok
test child_handover::repin_is_spawned_only_through_the_shared_invocation_builder ... ok
test tests::the_witness_counts_distinct_call_sites ... ok
test tests::expect_test_sees_a_test_that_executed_and_not_one_that_did_not ... ok
test tests::the_live_chain_baseline_skips_the_failed_run_that_recorded_thirty ... ok

test result: ok. 13 passed; 0 failed; 0 ignored; 0 measured; 0 filtered out; finished in 0.01s

     Running unittests src/bin/repin.rs (/home/volence/sonic_hacks/.scratch/width-suffix/target-base/release/deps/repin-8a150c304ab17446)

running 0 tests

test result: ok. 0 passed; 0 failed; 0 ignored; 0 measured; 0 filtered out; finished in 0.00s

     Running tests/ab_cart_check.rs (/home/volence/sonic_hacks/.scratch/width-suffix/target-base/release/deps/ab_cart_check-f465b5bc72987df5)

running 24 tests
test every_bus_driving_instrument_calls_the_cart_check ... ok
test missing_rom_path_refuses ... ok
test sampled_fallback_passes ... ok
test stale_caveat_refuses ... ok
test short_read_refuses ... ok
test banked_region_refuses ... ok
test one_byte_outside_every_window_escapes_the_sample ... ok
test one_byte_outside_every_window_is_caught_by_the_total_hash ... ok
test missing_rom_bytes_refuses ... ok
test status_bus_error_refuses ... ok
test could_not_check_caveat_refuses ... ok
test same_size_different_bytes_refuses ... ok
test tail_bytes_differ_refuses ... ok
test same_size_different_bytes_refuses_sampled ... ok
test exact_match_passes ... ok
test real_build_pair_refuses ... ok
test read_memory_error_refuses ... ok
test the_rust_gate_runs_every_case_the_module_declares ... ok
test unrelated_caveat_passes ... ok
test wrong_rom_bytes_refuses ... ok
test unreadable_file_refuses ... ok
test wrong_rom_path_refuses ... ok
test the_whole_case_set_behaves_as_declared ... ok
test the_self_test_runner_actually_goes_red ... ok

test result: ok. 24 passed; 0 failed; 0 ignored; 0 measured; 0 filtered out; finished in 0.17s

     Running tests/attest_names_the_oracle_tree.rs (/home/volence/sonic_hacks/.scratch/width-suffix/target-base/release/deps/attest_names_the_oracle_tree-1d2fec3ba233562e)

running 4 tests
test an_oracle_dir_naming_no_directory_is_refused_and_the_suite_root_does_not_answer_instead ... ok
test a_suite_root_names_the_tree_and_the_suite_is_handed_it_explicitly ... ok
test a_named_oracle_dir_is_accepted_stamped_and_handed_to_the_suite ... ok
test an_attest_that_names_no_legacy_oracle_tree_is_refused_before_the_suite ... ok

test result: ok. 4 passed; 0 failed; 0 ignored; 0 measured; 0 filtered out; finished in 0.06s

     Running tests/banked_carrier_drift.rs (/home/volence/sonic_hacks/.scratch/width-suffix/target-base/release/deps/banked_carrier_drift-2e6c0623e9ac4d7e)

running 2 tests
test the_derivation_produces_the_three_head_members_in_order ... FAILED
test banked_carriers_agree_with_the_seam2_derivation ... FAILED

failures:

---- the_derivation_produces_the_three_head_members_in_order stdout ----

thread 'the_derivation_produces_the_three_head_members_in_order' (3918118) panicked at crates/sigil-harness/src/test_support.rs:1312:9:
NO REFERENCE TREE IS NAMED, so this run can measure nothing it could attribute, and STOPS. This run DECLINED to use /home/volence/sonic_hacks/aeon, which step 3 derived from this checkout's own location: it is a working checkout outside this repository, its revision changes under a run without notice, and a result measured against it would be attributable to whatever it happened to contain rather than to the code under test.

The resolver's own answer: reference-tree: /home/volence/sonic_hacks/aeon (SUITE_PATHS step 3, DERIVED from this checkout's own location, nobody named it)

Either name a provisioned tree, AEON_DIR=<aeon checkout> (scripts/provision-aeon-ref.sh), or EMPYREAN_SUITE_ROOT=<the directory holding the suite>, or declare a partial run with SIGIL_ALLOW_PARTIAL=1, in which case every reference-dependent row is left unmeasured and the run says how many. Ruled d-18 (docs/OVERSEER-REFERENCE.md, 2026-09-02): a run that only PRINTS how much it did not measure still exits 0, and a green is trusted the moment it is in the run.
note: run with `RUST_BACKTRACE=1` environment variable to display a backtrace

---- banked_carriers_agree_with_the_seam2_derivation stdout ----

thread 'banked_carriers_agree_with_the_seam2_derivation' (3918117) panicked at crates/sigil-harness/src/test_support.rs:1312:9:
NO REFERENCE TREE IS NAMED, so this run can measure nothing it could attribute, and STOPS. This run DECLINED to use /home/volence/sonic_hacks/aeon, which step 3 derived from this checkout's own location: it is a working checkout outside this repository, its revision changes under a run without notice, and a result measured against it would be attributable to whatever it happened to contain rather than to the code under test.

The resolver's own answer: reference-tree: /home/volence/sonic_hacks/aeon (SUITE_PATHS step 3, DERIVED from this checkout's own location, nobody named it)

Either name a provisioned tree, AEON_DIR=<aeon checkout> (scripts/provision-aeon-ref.sh), or EMPYREAN_SUITE_ROOT=<the directory holding the suite>, or declare a partial run with SIGIL_ALLOW_PARTIAL=1, in which case every reference-dependent row is left unmeasured and the run says how many. Ruled d-18 (docs/OVERSEER-REFERENCE.md, 2026-09-02): a run that only PRINTS how much it did not measure still exits 0, and a green is trusted the moment it is in the run.


failures:
    banked_carriers_agree_with_the_seam2_derivation
    the_derivation_produces_the_three_head_members_in_order

test result: FAILED. 0 passed; 2 failed; 0 ignored; 0 measured; 0 filtered out; finished in 0.00s

error: test failed, to rerun pass `-p sigil-harness --test banked_carrier_drift`
     Running tests/bare_run_refuses.rs (/home/volence/sonic_hacks/.scratch/width-suffix/target-base/release/deps/bare_run_refuses-e865ceac08d16998)

running 5 tests
test the_child_opens_a_reference_dependent_gate ... ok
test the_child_opens_the_legacy_oracle_gate ... ok
test strict_and_partial_together_are_refused ... ok
test the_legacy_oracle_tree_is_named_or_the_run_refuses ... ok
test a_bare_run_refuses_and_a_declared_partial_run_says_its_size ... ok

test result: ok. 5 passed; 0 failed; 0 ignored; 0 measured; 0 filtered out; finished in 0.01s

     Running tests/boot_read_bound.rs (/home/volence/sonic_hacks/.scratch/width-suffix/target-base/release/deps/boot_read_bound-537f7af90606cbc4)

running 2 tests
test the_bound_actually_refuses_something ... ok
test the_boot_read_is_inside_its_byte_bound ... ok

test result: ok. 2 passed; 0 failed; 0 ignored; 0 measured; 0 filtered out; finished in 0.00s

     Running tests/check_only_census.rs (/home/volence/sonic_hacks/.scratch/width-suffix/target-base/release/deps/check_only_census-8b0d04a5f1f18413)

running 9 tests
test a_gated_off_twin_is_recorded_unresolvable_and_matched_to_the_partition ... ok
test a_drifted_extern_guard_fails_the_verdict_with_its_line ... ok
test comptime_verdicts_are_counted_where_asserts_are_drained ... ok
test an_inapplicable_with_no_unresolvable_condition_is_refused ... ok
test a_failed_comptime_guard_is_still_a_verdict ... ok
test an_undefined_extern_is_refused_at_each_reference ... ok
test a_failing_link_guard_is_decided_not_missing ... ok
test every_defined_extern_guard_is_decided ... ok
test a_condition_that_folded_to_nothing_is_not_counted_decided ... ok

test result: ok. 9 passed; 0 failed; 0 ignored; 0 measured; 0 filtered out; finished in 0.00s

     Running tests/drift_anchor_is_named.rs (/home/volence/sonic_hacks/.scratch/width-suffix/target-base/release/deps/drift_anchor_is_named-984b5527250a3f37)

running 5 tests
test with_no_tracking_ref_the_anchor_says_the_remote_position_is_unknown ... ok
test a_published_head_is_reported_against_the_named_ref_and_its_tip ... ok
test an_unpublished_head_is_reported_as_a_position_not_a_fault ... ok
test the_correspondence_verdict_names_its_anchor_when_it_passes ... ok
test the_correspondence_refusal_names_its_anchor_too ... ok

test result: ok. 5 passed; 0 failed; 0 ignored; 0 measured; 0 filtered out; finished in 0.01s

     Running tests/error_handler_island_membership.rs (/home/volence/sonic_hacks/.scratch/width-suffix/target-base/release/deps/error_handler_island_membership-f0816235e7cf8e09)

running 4 tests
test the_declared_answer_refuses_a_profile_whose_two_records_disagree ... ok
test renaming_the_blob_label_in_the_engine_tree_makes_the_gate_red ... FAILED
test a_shape_that_declares_no_island_but_emits_one_is_named ... FAILED
test every_shipped_shape_emits_the_island_label_exactly_when_it_declares_one ... FAILED

failures:

---- renaming_the_blob_label_in_the_engine_tree_makes_the_gate_red stdout ----

thread 'renaming_the_blob_label_in_the_engine_tree_makes_the_gate_red' (3918361) panicked at crates/sigil-harness/src/test_support.rs:1312:9:
NO REFERENCE TREE IS NAMED, so this run can measure nothing it could attribute, and STOPS. This run DECLINED to use /home/volence/sonic_hacks/aeon, which step 3 derived from this checkout's own location: it is a working checkout outside this repository, its revision changes under a run without notice, and a result measured against it would be attributable to whatever it happened to contain rather than to the code under test.

The resolver's own answer: reference-tree: /home/volence/sonic_hacks/aeon (SUITE_PATHS step 3, DERIVED from this checkout's own location, nobody named it)

Either name a provisioned tree, AEON_DIR=<aeon checkout> (scripts/provision-aeon-ref.sh), or EMPYREAN_SUITE_ROOT=<the directory holding the suite>, or declare a partial run with SIGIL_ALLOW_PARTIAL=1, in which case every reference-dependent row is left unmeasured and the run says how many. Ruled d-18 (docs/OVERSEER-REFERENCE.md, 2026-09-02): a run that only PRINTS how much it did not measure still exits 0, and a green is trusted the moment it is in the run.
note: run with `RUST_BACKTRACE=1` environment variable to display a backtrace

---- a_shape_that_declares_no_island_but_emits_one_is_named stdout ----

thread 'a_shape_that_declares_no_island_but_emits_one_is_named' (3918359) panicked at crates/sigil-harness/src/test_support.rs:1312:9:
NO REFERENCE TREE IS NAMED, so this run can measure nothing it could attribute, and STOPS. This run DECLINED to use /home/volence/sonic_hacks/aeon, which step 3 derived from this checkout's own location: it is a working checkout outside this repository, its revision changes under a run without notice, and a result measured against it would be attributable to whatever it happened to contain rather than to the code under test.

The resolver's own answer: reference-tree: /home/volence/sonic_hacks/aeon (SUITE_PATHS step 3, DERIVED from this checkout's own location, nobody named it)

Either name a provisioned tree, AEON_DIR=<aeon checkout> (scripts/provision-aeon-ref.sh), or EMPYREAN_SUITE_ROOT=<the directory holding the suite>, or declare a partial run with SIGIL_ALLOW_PARTIAL=1, in which case every reference-dependent row is left unmeasured and the run says how many. Ruled d-18 (docs/OVERSEER-REFERENCE.md, 2026-09-02): a run that only PRINTS how much it did not measure still exits 0, and a green is trusted the moment it is in the run.

---- every_shipped_shape_emits_the_island_label_exactly_when_it_declares_one stdout ----

thread 'every_shipped_shape_emits_the_island_label_exactly_when_it_declares_one' (3918360) panicked at crates/sigil-harness/src/test_support.rs:1312:9:
NO REFERENCE TREE IS NAMED, so this run can measure nothing it could attribute, and STOPS. This run DECLINED to use /home/volence/sonic_hacks/aeon, which step 3 derived from this checkout's own location: it is a working checkout outside this repository, its revision changes under a run without notice, and a result measured against it would be attributable to whatever it happened to contain rather than to the code under test.

The resolver's own answer: reference-tree: /home/volence/sonic_hacks/aeon (SUITE_PATHS step 3, DERIVED from this checkout's own location, nobody named it)

Either name a provisioned tree, AEON_DIR=<aeon checkout> (scripts/provision-aeon-ref.sh), or EMPYREAN_SUITE_ROOT=<the directory holding the suite>, or declare a partial run with SIGIL_ALLOW_PARTIAL=1, in which case every reference-dependent row is left unmeasured and the run says how many. Ruled d-18 (docs/OVERSEER-REFERENCE.md, 2026-09-02): a run that only PRINTS how much it did not measure still exits 0, and a green is trusted the moment it is in the run.


failures:
    a_shape_that_declares_no_island_but_emits_one_is_named
    every_shipped_shape_emits_the_island_label_exactly_when_it_declares_one
    renaming_the_blob_label_in_the_engine_tree_makes_the_gate_red

test result: FAILED. 1 passed; 3 failed; 0 ignored; 0 measured; 0 filtered out; finished in 0.00s

error: test failed, to rerun pass `-p sigil-harness --test error_handler_island_membership`
     Running tests/error_handler_island_order.rs (/home/volence/sonic_hacks/.scratch/width-suffix/target-base/release/deps/error_handler_island_order-f1b5b0f8ecf540d0)

running 6 tests
test a_declared_island_with_no_blob_label_is_refused ... ok
test a_section_emitted_after_the_blob_is_refused_by_name ... ok
test an_appendix_starting_before_blob_end_is_refused_with_the_other_diagnosis ... ok
test an_undeclared_island_whose_label_appears_is_refused ... ok
test an_undeclared_island_lets_an_islandless_listing_through ... ok
test the_exact_blob_end_placement_passes_the_guard_and_proceeds ... ok

test result: ok. 6 passed; 0 failed; 0 ignored; 0 measured; 0 filtered out; finished in 0.00s

     Running tests/freeze_step_gap.rs (/home/volence/sonic_hacks/.scratch/width-suffix/target-base/release/deps/freeze_step_gap-ef8c409d51f347e7)

running 21 tests
test a_journal_that_cannot_be_created_refuses_rather_than_running_blind ... ok
test no_interrupted_freeze_is_outstanding_in_this_tree ... ok
test a_run_stopped_at_the_capture_to_sizes_joint_cannot_close_its_journal ... ok
test a_run_stopped_at_the_sizes_to_pins_joint_cannot_close_its_journal ... ok
test an_ordinary_step_failure_leaves_the_journal_standing ... ok
test a_run_stopped_at_the_pins_to_ledger_joint_cannot_close_its_journal ... ok
test a_completed_run_removes_its_journal_and_the_tree_is_clean ... ok
test the_journal_header_sends_the_reader_to_check_and_never_to_ls ... ok
test the_sizes_to_pins_joint_is_recorded_and_agrees_with_the_disk ... ok
test an_unreadable_journal_could_not_measure_and_is_never_a_pass ... ok
test the_capture_to_sizes_report_names_the_paths_and_the_way_back ... ok
test the_pins_to_ledger_joint_is_recorded_and_agrees_with_the_disk ... ok
test the_capture_to_sizes_joint_is_recorded_and_agrees_with_the_disk ... ok
test the_journal_is_git_ignored ... ok
test an_unremoved_journal_from_a_finished_run_is_a_note_and_not_a_fault ... ok
test a_byte_neutral_kill_at_the_last_joint_is_invisible_without_a_journal ... ok
test the_pins_to_ledger_report_names_the_paths_and_the_way_back ... ok
test the_sizes_to_pins_report_names_the_paths_and_the_way_back ... ok
test the_unjournaled_capture_to_sizes_joint_says_nothing_about_itself ... ok
test the_unjournaled_sizes_to_pins_joint_says_nothing_about_itself ... ok
test the_unjournaled_pins_to_ledger_joint_says_nothing_about_itself ... ok

test result: ok. 21 passed; 0 failed; 0 ignored; 0 measured; 0 filtered out; finished in 0.00s

     Running tests/game_config_defines.rs (/home/volence/sonic_hacks/.scratch/width-suffix/target-base/release/deps/game_config_defines-2736f6052200a492)

running 13 tests
test a_duplicated_key_in_the_defines_table_is_a_loud_error ... ok
test a_malformed_game_map_is_loud ... ok
test an_empty_game_map_file_is_enough_to_walk ... ok
test a_game_row_shadowing_a_builtin_is_a_loud_error_naming_both_sources ... ok
test a_game_declared_row_reaches_the_shape_define_env ... ok
test a_tree_with_no_game_map_fails_naming_the_file ... ok
test a_map_without_a_defines_table_yields_exactly_the_builtin_rows ... ok
test shapes_sharing_a_game_map_carry_the_same_builtin_key_set ... ok
test a_game_declared_toggle_row_is_caught_by_the_polarity_audit ... ok
test a_game_declared_toggle_walked_in_both_polarities_is_accepted ... ok
test a_planted_game_row_is_judged_exactly_as_the_maps_declare_it ... ok
test every_shipped_shape_merges_cleanly_against_the_real_tree ... FAILED
test the_shipped_maps_game_declared_rows_are_polarity_covered ... FAILED

failures:

---- every_shipped_shape_merges_cleanly_against_the_real_tree stdout ----

thread 'every_shipped_shape_merges_cleanly_against_the_real_tree' (3918404) panicked at crates/sigil-harness/src/test_support.rs:1312:9:
NO REFERENCE TREE IS NAMED, so this run can measure nothing it could attribute, and STOPS. This run DECLINED to use /home/volence/sonic_hacks/aeon, which step 3 derived from this checkout's own location: it is a working checkout outside this repository, its revision changes under a run without notice, and a result measured against it would be attributable to whatever it happened to contain rather than to the code under test.

The resolver's own answer: reference-tree: /home/volence/sonic_hacks/aeon (SUITE_PATHS step 3, DERIVED from this checkout's own location, nobody named it)

Either name a provisioned tree, AEON_DIR=<aeon checkout> (scripts/provision-aeon-ref.sh), or EMPYREAN_SUITE_ROOT=<the directory holding the suite>, or declare a partial run with SIGIL_ALLOW_PARTIAL=1, in which case every reference-dependent row is left unmeasured and the run says how many. Ruled d-18 (docs/OVERSEER-REFERENCE.md, 2026-09-02): a run that only PRINTS how much it did not measure still exits 0, and a green is trusted the moment it is in the run.
note: run with `RUST_BACKTRACE=1` environment variable to display a backtrace

---- the_shipped_maps_game_declared_rows_are_polarity_covered stdout ----

thread 'the_shipped_maps_game_declared_rows_are_polarity_covered' (3918406) panicked at crates/sigil-harness/src/test_support.rs:1312:9:
NO REFERENCE TREE IS NAMED, so this run can measure nothing it could attribute, and STOPS. This run DECLINED to use /home/volence/sonic_hacks/aeon, which step 3 derived from this checkout's own location: it is a working checkout outside this repository, its revision changes under a run without notice, and a result measured against it would be attributable to whatever it happened to contain rather than to the code under test.

The resolver's own answer: reference-tree: /home/volence/sonic_hacks/aeon (SUITE_PATHS step 3, DERIVED from this checkout's own location, nobody named it)

Either name a provisioned tree, AEON_DIR=<aeon checkout> (scripts/provision-aeon-ref.sh), or EMPYREAN_SUITE_ROOT=<the directory holding the suite>, or declare a partial run with SIGIL_ALLOW_PARTIAL=1, in which case every reference-dependent row is left unmeasured and the run says how many. Ruled d-18 (docs/OVERSEER-REFERENCE.md, 2026-09-02): a run that only PRINTS how much it did not measure still exits 0, and a green is trusted the moment it is in the run.


failures:
    every_shipped_shape_merges_cleanly_against_the_real_tree
    the_shipped_maps_game_declared_rows_are_polarity_covered

test result: FAILED. 11 passed; 2 failed; 0 ignored; 0 measured; 0 filtered out; finished in 0.00s

error: test failed, to rerun pass `-p sigil-harness --test game_config_defines`
     Running tests/golden_freeze_atomicity.rs (/home/volence/sonic_hacks/.scratch/width-suffix/target-base/release/deps/golden_freeze_atomicity-5d5969aa3d538d99)

running 9 tests
test a_leftover_from_a_part_way_commit_refuses_the_next_run ... ok
test the_direct_write_path_leaves_a_truncated_golden_when_killed_mid_file ... ok
test a_kill_during_staging_leaves_the_complete_old_committed_set ... ok
test a_copy_stalled_mid_file_cannot_disturb_the_committed_golden ... ok
test a_completed_staged_capture_commits_the_whole_set_and_leaves_no_staging_area ... ok
test a_leftover_from_an_abandoned_capture_is_discarded_and_the_run_proceeds ... ok
test abandon_clears_capture_output_and_declines_to_erase_a_part_way_commit ... ok
test the_direct_write_path_leaves_a_mixed_set_when_killed_between_targets ... ok
test a_commit_that_stops_part_way_leaves_a_mixture_that_names_what_did_not_land ... ok

test result: ok. 9 passed; 0 failed; 0 ignored; 0 measured; 0 filtered out; finished in 0.03s

     Running tests/golden_header_currency.rs (/home/volence/sonic_hacks/.scratch/width-suffix/target-base/release/deps/golden_header_currency-5652257e3d188bb3)

running 4 tests
test a_missing_header_is_a_failure_not_a_pass ... ok
test the_check_fires_when_the_generator_moves ... ok
test the_inverse_round_trips_both_banner_shapes ... ok
test committed_golden_headers_are_current ... ok

test result: ok. 4 passed; 0 failed; 0 ignored; 0 measured; 0 filtered out; finished in 0.00s

     Running tests/golden_write_gate.rs (/home/volence/sonic_hacks/.scratch/width-suffix/target-base/release/deps/golden_write_gate-badbc855c5c6b7ca)

running 6 tests
test an_unacknowledged_hand_write_is_refused_before_any_build ... ok
test a_hand_write_that_cannot_be_recorded_is_refused ... ok
test a_capture_without_write_is_neither_gated_nor_writing ... ok
test the_journalled_caller_writes_the_whole_set ... ok
test refreeze_hands_the_script_a_token_it_accepts ... ok
test an_acknowledged_hand_write_is_recorded_and_announced ... ok

test result: ok. 6 passed; 0 failed; 0 ignored; 0 measured; 0 filtered out; finished in 0.52s

     Running tests/harness_root_handover.rs (/home/volence/sonic_hacks/.scratch/width-suffix/target-base/release/deps/harness_root_handover-0f214d8f534b4cfd)

running 4 tests
test the_child_refuses_a_root_that_does_not_verify ... ok
test the_child_told_nothing_outside_a_harness_tree_refuses_rather_than_guessing ... ok
test the_prebuilt_binary_path_carries_the_root_and_the_child_says_the_trees_differ ... ok
test the_child_operates_on_the_tree_the_parent_resolved_not_the_one_it_stands_in ... ok

test result: ok. 4 passed; 0 failed; 0 ignored; 0 measured; 0 filtered out; finished in 0.01s

     Running tests/landing_verdict.rs (/home/volence/sonic_hacks/.scratch/width-suffix/target-base/release/deps/landing_verdict-9099f87e2770d5ff)

running 23 tests
test a_log_without_an_exit_line_is_refused_not_judged ... ok
test a_log_without_a_ledger_exit_line_is_refused_not_judged ... ok
test a_required_features_target_is_excluded_by_name_not_silently ... ok
test a_doctest_launch_that_reports_is_not_counted_as_silent ... ok
test a_log_predating_the_census_stamp_says_so_rather_than_failing ... ok
test a_scoped_run_reports_the_census_rather_than_gating_on_it ... ok
test a_binary_that_dies_with_others_still_to_run_is_still_named ... ok
test a_silent_ledger_gate_is_not_a_clean_one ... ok
test a_census_that_undercounts_cargo_is_a_finding_of_its_own ... ok
test a_census_that_could_not_be_taken_fails_rather_than_passing_quietly ... ok
test a_signal_killed_binary_is_named_even_though_no_test_line_says_failed ... ok
test a_ledger_prefix_quoted_in_the_test_span_is_not_a_measurement ... ok
test a_log_with_no_launch_lines_is_not_read_as_complete ... ok
test a_running_line_quoted_by_clippy_is_not_a_launch ... ok
test a_skip_word_quoted_by_clippy_is_not_a_skipped_gate ... ok
test an_unmeasurable_ledger_gate_fails_the_landing_verdict ... ok
test the_ledger_report_is_reprinted_in_the_verdict ... ok
test a_census_shortfall_fails_a_run_whose_log_agrees_with_itself ... ok
test the_second_spelling_fails_the_landing_verdict_too ... ok
test a_red_ledger_gate_fails_the_landing_verdict ... ok
test the_census_counts_what_cargo_would_launch ... ok
test a_binary_that_launched_and_never_reported_fails_the_landing_verdict ... ok
test a_skip_line_under_strict_fails_the_landing_verdict ... ok

test result: ok. 23 passed; 0 failed; 0 ignored; 0 measured; 0 filtered out; finished in 0.08s

     Running tests/ledger_gate.rs (/home/volence/sonic_hacks/.scratch/width-suffix/target-base/release/deps/ledger_gate-0aeb1bafc1166d06)

running 11 tests
test a_missing_audit_tool_is_unmeasurable_not_clean ... ok
test running_the_gate_leaves_no_bytecode_behind ... ok
test repeated_ids_are_reported_and_do_not_fail_the_gate ... ok
test a_count_below_the_pin_is_green_and_asks_for_a_tighter_pin ... ok
test an_empty_ledger_is_refused_not_reported_as_clean ... ok
test the_repo_ledgers_hold_the_pin_today ... ok
test a_docs_directory_with_no_ledgers_is_refused ... ok
test a_vacuous_audit_is_unmeasurable_not_clean ... ok
test the_ratchet_fails_on_growth_and_only_on_growth ... ok
test an_unparseable_line_is_hard_red_whatever_the_ratchet_says ... ok
test a_missing_trailing_newline_is_hard_red ... ok

test result: ok. 11 passed; 0 failed; 0 ignored; 0 measured; 0 filtered out; finished in 0.08s

     Running tests/link_assert_reporting.rs (/home/volence/sonic_hacks/.scratch/width-suffix/target-base/release/deps/link_assert_reporting-923532f8b4d12f3c)

running 5 tests
test agreeing_authority_passes_both_verdicts ... ok
test emitter_verdict_renders_every_failing_guard_located ... ok
test declared_chain_verdict_renders_every_failing_guard_located ... ok
test emit_generated_returns_its_failure_and_creates_nothing ... ok
test declared_chain_verdict_refuses_an_undefined_extern_and_still_reports_real_drift ... ok

test result: ok. 5 passed; 0 failed; 0 ignored; 0 measured; 0 filtered out; finished in 0.00s

     Running tests/listing_defines.rs (/home/volence/sonic_hacks/.scratch/width-suffix/target-base/release/deps/listing_defines-6f378daa99c8930f)

running 6 tests
test a_debug_only_equate_is_the_allowed_direction_and_is_not_a_fault ... ok
test a_release_only_equate_is_named_even_when_the_totals_match ... ok
test identical_equate_sets_are_contained_and_not_a_fault ... ok
test a_residual_as_equate_named_like_a_define_refuses_the_build_naming_both_origins ... FAILED
test every_games_release_equates_are_contained_in_its_debug_equates ... FAILED
test every_shipped_shape_publishes_its_command_line_defines_in_its_listing ... FAILED

failures:

---- a_residual_as_equate_named_like_a_define_refuses_the_build_naming_both_origins stdout ----

thread 'a_residual_as_equate_named_like_a_define_refuses_the_build_naming_both_origins' (3920569) panicked at crates/sigil-harness/src/test_support.rs:1312:9:
NO REFERENCE TREE IS NAMED, so this run can measure nothing it could attribute, and STOPS. This run DECLINED to use /home/volence/sonic_hacks/aeon, which step 3 derived from this checkout's own location: it is a working checkout outside this repository, its revision changes under a run without notice, and a result measured against it would be attributable to whatever it happened to contain rather than to the code under test.

The resolver's own answer: reference-tree: /home/volence/sonic_hacks/aeon (SUITE_PATHS step 3, DERIVED from this checkout's own location, nobody named it)

Either name a provisioned tree, AEON_DIR=<aeon checkout> (scripts/provision-aeon-ref.sh), or EMPYREAN_SUITE_ROOT=<the directory holding the suite>, or declare a partial run with SIGIL_ALLOW_PARTIAL=1, in which case every reference-dependent row is left unmeasured and the run says how many. Ruled d-18 (docs/OVERSEER-REFERENCE.md, 2026-09-02): a run that only PRINTS how much it did not measure still exits 0, and a green is trusted the moment it is in the run.
note: run with `RUST_BACKTRACE=1` environment variable to display a backtrace

---- every_games_release_equates_are_contained_in_its_debug_equates stdout ----

thread 'every_games_release_equates_are_contained_in_its_debug_equates' (3920570) panicked at crates/sigil-harness/src/test_support.rs:1312:9:
NO REFERENCE TREE IS NAMED, so this run can measure nothing it could attribute, and STOPS. This run DECLINED to use /home/volence/sonic_hacks/aeon, which step 3 derived from this checkout's own location: it is a working checkout outside this repository, its revision changes under a run without notice, and a result measured against it would be attributable to whatever it happened to contain rather than to the code under test.

The resolver's own answer: reference-tree: /home/volence/sonic_hacks/aeon (SUITE_PATHS step 3, DERIVED from this checkout's own location, nobody named it)

Either name a provisioned tree, AEON_DIR=<aeon checkout> (scripts/provision-aeon-ref.sh), or EMPYREAN_SUITE_ROOT=<the directory holding the suite>, or declare a partial run with SIGIL_ALLOW_PARTIAL=1, in which case every reference-dependent row is left unmeasured and the run says how many. Ruled d-18 (docs/OVERSEER-REFERENCE.md, 2026-09-02): a run that only PRINTS how much it did not measure still exits 0, and a green is trusted the moment it is in the run.

---- every_shipped_shape_publishes_its_command_line_defines_in_its_listing stdout ----

thread 'every_shipped_shape_publishes_its_command_line_defines_in_its_listing' (3920571) panicked at crates/sigil-harness/src/test_support.rs:1312:9:
NO REFERENCE TREE IS NAMED, so this run can measure nothing it could attribute, and STOPS. This run DECLINED to use /home/volence/sonic_hacks/aeon, which step 3 derived from this checkout's own location: it is a working checkout outside this repository, its revision changes under a run without notice, and a result measured against it would be attributable to whatever it happened to contain rather than to the code under test.

The resolver's own answer: reference-tree: /home/volence/sonic_hacks/aeon (SUITE_PATHS step 3, DERIVED from this checkout's own location, nobody named it)

Either name a provisioned tree, AEON_DIR=<aeon checkout> (scripts/provision-aeon-ref.sh), or EMPYREAN_SUITE_ROOT=<the directory holding the suite>, or declare a partial run with SIGIL_ALLOW_PARTIAL=1, in which case every reference-dependent row is left unmeasured and the run says how many. Ruled d-18 (docs/OVERSEER-REFERENCE.md, 2026-09-02): a run that only PRINTS how much it did not measure still exits 0, and a green is trusted the moment it is in the run.


failures:
    a_residual_as_equate_named_like_a_define_refuses_the_build_naming_both_origins
    every_games_release_equates_are_contained_in_its_debug_equates
    every_shipped_shape_publishes_its_command_line_defines_in_its_listing

test result: FAILED. 3 passed; 3 failed; 0 ignored; 0 measured; 0 filtered out; finished in 0.00s

error: test failed, to rerun pass `-p sigil-harness --test listing_defines`
     Running tests/listing_phase_marker.rs (/home/volence/sonic_hacks/.scratch/width-suffix/target-base/release/deps/listing_phase_marker-e87fd9f081722fd7)

running 1 test
test every_shipped_shape_declares_which_of_its_addresses_are_phased ... FAILED

failures:

---- every_shipped_shape_declares_which_of_its_addresses_are_phased stdout ----

thread 'every_shipped_shape_declares_which_of_its_addresses_are_phased' (3920575) panicked at crates/sigil-harness/src/test_support.rs:1312:9:
NO REFERENCE TREE IS NAMED, so this run can measure nothing it could attribute, and STOPS. This run DECLINED to use /home/volence/sonic_hacks/aeon, which step 3 derived from this checkout's own location: it is a working checkout outside this repository, its revision changes under a run without notice, and a result measured against it would be attributable to whatever it happened to contain rather than to the code under test.

The resolver's own answer: reference-tree: /home/volence/sonic_hacks/aeon (SUITE_PATHS step 3, DERIVED from this checkout's own location, nobody named it)

Either name a provisioned tree, AEON_DIR=<aeon checkout> (scripts/provision-aeon-ref.sh), or EMPYREAN_SUITE_ROOT=<the directory holding the suite>, or declare a partial run with SIGIL_ALLOW_PARTIAL=1, in which case every reference-dependent row is left unmeasured and the run says how many. Ruled d-18 (docs/OVERSEER-REFERENCE.md, 2026-09-02): a run that only PRINTS how much it did not measure still exits 0, and a green is trusted the moment it is in the run.
note: run with `RUST_BACKTRACE=1` environment variable to display a backtrace


failures:
    every_shipped_shape_declares_which_of_its_addresses_are_phased

test result: FAILED. 0 passed; 1 failed; 0 ignored; 0 measured; 0 filtered out; finished in 0.00s

error: test failed, to rerun pass `-p sigil-harness --test listing_phase_marker`
     Running tests/m1b_gate.rs (/home/volence/sonic_hacks/.scratch/width-suffix/target-base/release/deps/m1b_gate-b5c8ead913a92f5f)

running 5 tests
test multi_section_jsr_and_branch_link_correctly ... ok
test abs_l_jmp_flows_through_emit_rom ... ok
test header_checksum_reproduces_reference_rom_18e ... FAILED
test oracle_loadfromaslisting_resolves_emit_listing ... FAILED
test s4budget_parses_emit_listing ... FAILED

failures:

---- header_checksum_reproduces_reference_rom_18e stdout ----

thread 'header_checksum_reproduces_reference_rom_18e' (3920579) panicked at crates/sigil-harness/src/test_support.rs:1312:9:
NO REFERENCE TREE IS NAMED, so this run can measure nothing it could attribute, and STOPS. This run DECLINED to use /home/volence/sonic_hacks/aeon, which step 3 derived from this checkout's own location: it is a working checkout outside this repository, its revision changes under a run without notice, and a result measured against it would be attributable to whatever it happened to contain rather than to the code under test.

The resolver's own answer: reference-tree: /home/volence/sonic_hacks/aeon (SUITE_PATHS step 3, DERIVED from this checkout's own location, nobody named it)

Either name a provisioned tree, AEON_DIR=<aeon checkout> (scripts/provision-aeon-ref.sh), or EMPYREAN_SUITE_ROOT=<the directory holding the suite>, or declare a partial run with SIGIL_ALLOW_PARTIAL=1, in which case every reference-dependent row is left unmeasured and the run says how many. Ruled d-18 (docs/OVERSEER-REFERENCE.md, 2026-09-02): a run that only PRINTS how much it did not measure still exits 0, and a green is trusted the moment it is in the run.
note: run with `RUST_BACKTRACE=1` environment variable to display a backtrace

---- oracle_loadfromaslisting_resolves_emit_listing stdout ----

thread 'oracle_loadfromaslisting_resolves_emit_listing' (3920581) panicked at crates/sigil-harness/src/test_support.rs:1312:9:
NO REFERENCE TREE IS NAMED, so this run can measure nothing it could attribute, and STOPS. This run DECLINED to use /home/volence/sonic_hacks/oracle-old, which step 3 derived from this checkout's own location: it is a working checkout outside this repository, its revision changes under a run without notice, and a result measured against it would be attributable to whatever it happened to contain rather than to the code under test.

The resolver's own answer: reference-tree: /home/volence/sonic_hacks/oracle-old (SUITE_PATHS step 3, DERIVED from this checkout's own location, nobody named it)

Either name a provisioned tree, ORACLE_DIR=<oracle-old checkout> (a checkout of the legacy Exodus port, the tree carrying linux-port/gui/Symbols.cpp), or EMPYREAN_SUITE_ROOT=<the directory holding the suite>, or declare a partial run with SIGIL_ALLOW_PARTIAL=1, in which case every reference-dependent row is left unmeasured and the run says how many. Ruled d-18 (docs/OVERSEER-REFERENCE.md, 2026-09-02): a run that only PRINTS how much it did not measure still exits 0, and a green is trusted the moment it is in the run.

---- s4budget_parses_emit_listing stdout ----

thread 's4budget_parses_emit_listing' (3920582) panicked at crates/sigil-harness/src/test_support.rs:1312:9:
NO REFERENCE TREE IS NAMED, so this run can measure nothing it could attribute, and STOPS. This run DECLINED to use /home/volence/sonic_hacks/aeon, which step 3 derived from this checkout's own location: it is a working checkout outside this repository, its revision changes under a run without notice, and a result measured against it would be attributable to whatever it happened to contain rather than to the code under test.

The resolver's own answer: reference-tree: /home/volence/sonic_hacks/aeon (SUITE_PATHS step 3, DERIVED from this checkout's own location, nobody named it)

Either name a provisioned tree, AEON_DIR=<aeon checkout> (scripts/provision-aeon-ref.sh), or EMPYREAN_SUITE_ROOT=<the directory holding the suite>, or declare a partial run with SIGIL_ALLOW_PARTIAL=1, in which case every reference-dependent row is left unmeasured and the run says how many. Ruled d-18 (docs/OVERSEER-REFERENCE.md, 2026-09-02): a run that only PRINTS how much it did not measure still exits 0, and a green is trusted the moment it is in the run.


failures:
    header_checksum_reproduces_reference_rom_18e
    oracle_loadfromaslisting_resolves_emit_listing
    s4budget_parses_emit_listing

test result: FAILED. 2 passed; 3 failed; 0 ignored; 0 measured; 0 filtered out; finished in 0.00s

error: test failed, to rerun pass `-p sigil-harness --test m1b_gate`
     Running tests/m1c_vector_table.rs (/home/volence/sonic_hacks/.scratch/width-suffix/target-base/release/deps/m1c_vector_table-ac40650dc4497ea0)

running 1 test
test vector_table_matches_reference_rom_first_256_bytes ... FAILED

failures:

---- vector_table_matches_reference_rom_first_256_bytes stdout ----

thread 'vector_table_matches_reference_rom_first_256_bytes' (3920585) panicked at crates/sigil-harness/src/test_support.rs:1312:9:
NO REFERENCE TREE IS NAMED, so this run can measure nothing it could attribute, and STOPS. This run DECLINED to use /home/volence/sonic_hacks/aeon, which step 3 derived from this checkout's own location: it is a working checkout outside this repository, its revision changes under a run without notice, and a result measured against it would be attributable to whatever it happened to contain rather than to the code under test.

The resolver's own answer: reference-tree: /home/volence/sonic_hacks/aeon (SUITE_PATHS step 3, DERIVED from this checkout's own location, nobody named it)

Either name a provisioned tree, AEON_DIR=<aeon checkout> (scripts/provision-aeon-ref.sh), or EMPYREAN_SUITE_ROOT=<the directory holding the suite>, or declare a partial run with SIGIL_ALLOW_PARTIAL=1, in which case every reference-dependent row is left unmeasured and the run says how many. Ruled d-18 (docs/OVERSEER-REFERENCE.md, 2026-09-02): a run that only PRINTS how much it did not measure still exits 0, and a green is trusted the moment it is in the run.
note: run with `RUST_BACKTRACE=1` environment variable to display a backtrace


failures:
    vector_table_matches_reference_rom_first_256_bytes

test result: FAILED. 0 passed; 1 failed; 0 ignored; 0 measured; 0 filtered out; finished in 0.00s

error: test failed, to rerun pass `-p sigil-harness --test m1c_vector_table`
     Running tests/m68k_capstone_stream.rs (/home/volence/sonic_hacks/.scratch/width-suffix/target-base/release/deps/m68k_capstone_stream-2d99a6f993e0eaca)

running 1 test
test every_emitted_m68k_instruction_agrees_with_capstone ... FAILED

failures:

---- every_emitted_m68k_instruction_agrees_with_capstone stdout ----

thread 'every_emitted_m68k_instruction_agrees_with_capstone' (3920588) panicked at crates/sigil-harness/src/test_support.rs:1312:9:
NO REFERENCE TREE IS NAMED, so this run can measure nothing it could attribute, and STOPS. This run DECLINED to use /home/volence/sonic_hacks/aeon, which step 3 derived from this checkout's own location: it is a working checkout outside this repository, its revision changes under a run without notice, and a result measured against it would be attributable to whatever it happened to contain rather than to the code under test.

The resolver's own answer: reference-tree: /home/volence/sonic_hacks/aeon (SUITE_PATHS step 3, DERIVED from this checkout's own location, nobody named it)

Either name a provisioned tree, AEON_DIR=<aeon checkout> (scripts/provision-aeon-ref.sh), or EMPYREAN_SUITE_ROOT=<the directory holding the suite>, or declare a partial run with SIGIL_ALLOW_PARTIAL=1, in which case every reference-dependent row is left unmeasured and the run says how many. Ruled d-18 (docs/OVERSEER-REFERENCE.md, 2026-09-02): a run that only PRINTS how much it did not measure still exits 0, and a green is trusted the moment it is in the run.
note: run with `RUST_BACKTRACE=1` environment variable to display a backtrace


failures:
    every_emitted_m68k_instruction_agrees_with_capstone

test result: FAILED. 0 passed; 1 failed; 0 ignored; 0 measured; 0 filtered out; finished in 0.00s

error: test failed, to rerun pass `-p sigil-harness --test m68k_capstone_stream`
     Running tests/m68k_roundtrip_stream.rs (/home/volence/sonic_hacks/.scratch/width-suffix/target-base/release/deps/m68k_roundtrip_stream-6091dac05a7b597e)

running 1 test
test every_emitted_m68k_instruction_roundtrips_in_every_shipped_shape ... FAILED

failures:

---- every_emitted_m68k_instruction_roundtrips_in_every_shipped_shape stdout ----

thread 'every_emitted_m68k_instruction_roundtrips_in_every_shipped_shape' (3920591) panicked at crates/sigil-harness/src/test_support.rs:1312:9:
NO REFERENCE TREE IS NAMED, so this run can measure nothing it could attribute, and STOPS. This run DECLINED to use /home/volence/sonic_hacks/aeon, which step 3 derived from this checkout's own location: it is a working checkout outside this repository, its revision changes under a run without notice, and a result measured against it would be attributable to whatever it happened to contain rather than to the code under test.

The resolver's own answer: reference-tree: /home/volence/sonic_hacks/aeon (SUITE_PATHS step 3, DERIVED from this checkout's own location, nobody named it)

Either name a provisioned tree, AEON_DIR=<aeon checkout> (scripts/provision-aeon-ref.sh), or EMPYREAN_SUITE_ROOT=<the directory holding the suite>, or declare a partial run with SIGIL_ALLOW_PARTIAL=1, in which case every reference-dependent row is left unmeasured and the run says how many. Ruled d-18 (docs/OVERSEER-REFERENCE.md, 2026-09-02): a run that only PRINTS how much it did not measure still exits 0, and a green is trusted the moment it is in the run.
note: run with `RUST_BACKTRACE=1` environment variable to display a backtrace


failures:
    every_emitted_m68k_instruction_roundtrips_in_every_shipped_shape

test result: FAILED. 0 passed; 1 failed; 0 ignored; 0 measured; 0 filtered out; finished in 0.00s

error: test failed, to rerun pass `-p sigil-harness --test m68k_roundtrip_stream`
     Running tests/offcanon_assembled_bar.rs (/home/volence/sonic_hacks/.scratch/width-suffix/target-base/release/deps/offcanon_assembled_bar-ae7c553c6ca24775)

running 4 tests
test canonical_pins_agree_with_the_canonical_size_tables ... ok
test every_frozen_size_table_is_gated ... ok
test size_table_header_agrees_with_its_endofrom_row ... ok
test assembled_len_matches_provenance_tip_for_every_shape ... ok

test result: ok. 4 passed; 0 failed; 0 ignored; 0 measured; 0 filtered out; finished in 0.04s

     Running tests/pipefail_sigpipe_lint.rs (/home/volence/sonic_hacks/.scratch/width-suffix/target-base/release/deps/pipefail_sigpipe_lint-c0e9b301d3e20fea)

running 3 tests
test a_substitution_assignment_really_does_carry_141_under_errexit ... ok
test the_substitution_position_rule_agrees_with_bash ... ok
test no_pipefail_decision_rests_on_an_early_exiting_reader ... ok

test result: ok. 3 passed; 0 failed; 0 ignored; 0 measured; 0 filtered out; finished in 0.02s

     Running tests/provenance_chain.rs (/home/volence/sonic_hacks/.scratch/width-suffix/target-base/release/deps/provenance_chain-57d4450f175a557b)

running 10 tests
test a_target_key_that_is_not_a_bare_key_is_refused ... ok
test an_erroring_append_leaves_a_ledger_that_still_parses ... ok
test ledger_prose_survives_the_quotes_a_human_types ... ok
test the_ledger_install_leaves_no_temporary_behind ... ok
test unrepresentable_prose_is_refused_by_name ... ok
test the_append_gate_agrees_with_the_chains_own_records ... ok
test aeon_dir_matches_the_provenance_tip ... FAILED
test tip_covers_all_seven_targets ... ok
test the_refusal_accepts_every_entry_the_chain_already_holds ... ok
test provenance_chain_holds ... ok

failures:

---- aeon_dir_matches_the_provenance_tip stdout ----

thread 'aeon_dir_matches_the_provenance_tip' (3920651) panicked at crates/sigil-harness/src/test_support.rs:1312:9:
NO REFERENCE TREE IS NAMED, so this run can measure nothing it could attribute, and STOPS. This run DECLINED to use /home/volence/sonic_hacks/aeon, which step 3 derived from this checkout's own location: it is a working checkout outside this repository, its revision changes under a run without notice, and a result measured against it would be attributable to whatever it happened to contain rather than to the code under test.

The resolver's own answer: reference-tree: /home/volence/sonic_hacks/aeon (SUITE_PATHS step 3, DERIVED from this checkout's own location, nobody named it)

Either name a provisioned tree, AEON_DIR=<aeon checkout> (scripts/provision-aeon-ref.sh), or EMPYREAN_SUITE_ROOT=<the directory holding the suite>, or declare a partial run with SIGIL_ALLOW_PARTIAL=1, in which case every reference-dependent row is left unmeasured and the run says how many. Ruled d-18 (docs/OVERSEER-REFERENCE.md, 2026-09-02): a run that only PRINTS how much it did not measure still exits 0, and a green is trusted the moment it is in the run.
note: run with `RUST_BACKTRACE=1` environment variable to display a backtrace


failures:
    aeon_dir_matches_the_provenance_tip

test result: FAILED. 9 passed; 1 failed; 0 ignored; 0 measured; 0 filtered out; finished in 0.02s

error: test failed, to rerun pass `-p sigil-harness --test provenance_chain`
     Running tests/reference_env_read_is_routed.rs (/home/volence/sonic_hacks/.scratch/width-suffix/target-base/release/deps/reference_env_read_is_routed-fbabc951062f15f3)

running 1 test
test no_test_reads_a_reference_tree_variable_for_itself ... ok

test result: ok. 1 passed; 0 failed; 0 ignored; 0 measured; 0 filtered out; finished in 0.03s

     Running tests/reference_tree_named_write.rs (/home/volence/sonic_hacks/.scratch/width-suffix/target-base/release/deps/reference_tree_named_write-90cb6aded8e71a85)

running 1 test
test a_write_into_the_reference_tree_refuses_unless_aeon_dir_named_it ... ok

test result: ok. 1 passed; 0 failed; 0 ignored; 0 measured; 0 filtered out; finished in 0.00s

     Running tests/reference_tree_write_guard.rs (/home/volence/sonic_hacks/.scratch/width-suffix/target-base/release/deps/reference_tree_write_guard-12b96ca9323b0ea2)

running 2 tests
test ensure_generated_refuses_before_it_touches_an_absent_tree ... ok
test no_emitter_creates_anything_under_an_absent_reference_tree ... ok

test result: ok. 2 passed; 0 failed; 0 ignored; 0 measured; 0 filtered out; finished in 0.00s

     Running tests/region_end_contracts.rs (/home/volence/sonic_hacks/.scratch/width-suffix/target-base/release/deps/region_end_contracts-2e5cae0bfd956b9a)

running 2 tests
test every_region_end_contract_holds_against_the_live_layout ... FAILED
test deleting_an_allotment_declaration_refuses_the_live_manifest ... FAILED

failures:

---- every_region_end_contract_holds_against_the_live_layout stdout ----

thread 'every_region_end_contract_holds_against_the_live_layout' (3920677) panicked at crates/sigil-harness/src/test_support.rs:1312:9:
NO REFERENCE TREE IS NAMED, so this run can measure nothing it could attribute, and STOPS. This run DECLINED to use /home/volence/sonic_hacks/aeon, which step 3 derived from this checkout's own location: it is a working checkout outside this repository, its revision changes under a run without notice, and a result measured against it would be attributable to whatever it happened to contain rather than to the code under test.

The resolver's own answer: reference-tree: /home/volence/sonic_hacks/aeon (SUITE_PATHS step 3, DERIVED from this checkout's own location, nobody named it)

Either name a provisioned tree, AEON_DIR=<aeon checkout> (scripts/provision-aeon-ref.sh), or EMPYREAN_SUITE_ROOT=<the directory holding the suite>, or declare a partial run with SIGIL_ALLOW_PARTIAL=1, in which case every reference-dependent row is left unmeasured and the run says how many. Ruled d-18 (docs/OVERSEER-REFERENCE.md, 2026-09-02): a run that only PRINTS how much it did not measure still exits 0, and a green is trusted the moment it is in the run.

---- deleting_an_allotment_declaration_refuses_the_live_manifest stdout ----

thread 'deleting_an_allotment_declaration_refuses_the_live_manifest' (3920676) panicked at crates/sigil-harness/src/test_support.rs:1312:9:
NO REFERENCE TREE IS NAMED, so this run can measure nothing it could attribute, and STOPS. This run DECLINED to use /home/volence/sonic_hacks/aeon, which step 3 derived from this checkout's own location: it is a working checkout outside this repository, its revision changes under a run without notice, and a result measured against it would be attributable to whatever it happened to contain rather than to the code under test.

The resolver's own answer: reference-tree: /home/volence/sonic_hacks/aeon (SUITE_PATHS step 3, DERIVED from this checkout's own location, nobody named it)

Either name a provisioned tree, AEON_DIR=<aeon checkout> (scripts/provision-aeon-ref.sh), or EMPYREAN_SUITE_ROOT=<the directory holding the suite>, or declare a partial run with SIGIL_ALLOW_PARTIAL=1, in which case every reference-dependent row is left unmeasured and the run says how many. Ruled d-18 (docs/OVERSEER-REFERENCE.md, 2026-09-02): a run that only PRINTS how much it did not measure still exits 0, and a green is trusted the moment it is in the run.
note: run with `RUST_BACKTRACE=1` environment variable to display a backtrace


failures:
    deleting_an_allotment_declaration_refuses_the_live_manifest
    every_region_end_contract_holds_against_the_live_layout

test result: FAILED. 0 passed; 2 failed; 0 ignored; 0 measured; 0 filtered out; finished in 0.00s

error: test failed, to rerun pass `-p sigil-harness --test region_end_contracts`
     Running tests/repin_gate_message.rs (/home/volence/sonic_hacks/.scratch/width-suffix/target-base/release/deps/repin_gate_message-c66c45438af749e9)

running 10 tests
test the_remediation_falls_back_to_named_placeholders ... ok
test the_remediation_carries_both_variables_and_the_emitter_build ... ok
test an_identical_render_is_current ... ok
test a_provenance_only_difference_is_not_drift ... ok
test a_moved_pin_value_is_counted_and_named ... ok
test a_comment_only_drift_says_no_pin_value_moved_and_why ... ok
test a_reordering_is_named_rather_than_reported_as_zeroes ... ok
test the_whole_file_verdict_survives_a_comment_only_drift ... ok
test a_reformatted_declaration_is_reported_rather_than_lost ... ok
test every_drift_case_prints_the_remediation ... ok

test result: ok. 10 passed; 0 failed; 0 ignored; 0 measured; 0 filtered out; finished in 0.00s

     Running tests/repin_pins.rs (/home/volence/sonic_hacks/.scratch/width-suffix/target-base/release/deps/repin_pins-9f2427a346daa4b9)

running 3 tests
test secondary_pin_classes_match_the_hand_typed_baseline ... ignored, RETIRED by Wave-B B-0 (packed placement): this test asserts literal pin VALUES,
which now legitimately move on every layout-shifting parcel, the hand-typed baseline is the
pin-tax class the packing walk exists to kill. Repin correctness stays covered by
generated_pins_match_the_hand_typed_baseline (generator-vs-file) and pins_rs_is_current
(file-vs-resolve). The pin-history narration in this body is preserved for archaeology.
test generated_pins_match_the_hand_typed_baseline ... ok
test pins_rs_is_current ... FAILED

failures:

---- pins_rs_is_current stdout ----

thread 'pins_rs_is_current' (3920692) panicked at crates/sigil-harness/src/test_support.rs:1312:9:
NO REFERENCE TREE IS NAMED, so this run can measure nothing it could attribute, and STOPS. This run DECLINED to use /home/volence/sonic_hacks/aeon, which step 3 derived from this checkout's own location: it is a working checkout outside this repository, its revision changes under a run without notice, and a result measured against it would be attributable to whatever it happened to contain rather than to the code under test.

The resolver's own answer: reference-tree: /home/volence/sonic_hacks/aeon (SUITE_PATHS step 3, DERIVED from this checkout's own location, nobody named it)

Either name a provisioned tree, AEON_DIR=<aeon checkout> (scripts/provision-aeon-ref.sh), or EMPYREAN_SUITE_ROOT=<the directory holding the suite>, or declare a partial run with SIGIL_ALLOW_PARTIAL=1, in which case every reference-dependent row is left unmeasured and the run says how many. Ruled d-18 (docs/OVERSEER-REFERENCE.md, 2026-09-02): a run that only PRINTS how much it did not measure still exits 0, and a green is trusted the moment it is in the run.
note: run with `RUST_BACKTRACE=1` environment variable to display a backtrace


failures:
    pins_rs_is_current

test result: FAILED. 1 passed; 1 failed; 1 ignored; 0 measured; 0 filtered out; finished in 0.00s

error: test failed, to rerun pass `-p sigil-harness --test repin_pins`
     Running tests/rev_reachability.rs (/home/volence/sonic_hacks/.scratch/width-suffix/target-base/release/deps/rev_reachability-562157b9260298c3)

running 17 tests
test a_malformed_revision_is_unmeasurable_rather_than_reachable ... ok
test a_committed_but_unpushed_revision_is_ahead_not_orphaned ... ok
test a_revision_a_rebase_left_behind_is_divergent_and_says_it_is_permanent ... ok
test a_remote_that_cannot_be_reached_is_not_a_pass ... ok
test a_revision_reachable_from_the_remote_branch_does_not_fire ... ok
test every_recorded_revision_is_walked_with_its_field_and_chain_position ... ok
test the_orphan_is_reported_before_the_merely_unmeasured ... ok
test a_repository_that_cannot_be_asked_reads_as_could_not_measure ... ok
test an_unavailable_repository_is_summarised_as_unmeasured_not_as_clean ... ok
test a_failure_names_the_parcel_the_chain_position_the_revision_and_the_state ... ok
test an_object_this_clone_does_not_hold_is_absent_not_orphaned ... ok
test an_all_reachable_ledger_reports_nothing_notable ... ok
test one_unanswerable_repository_is_one_finding_and_still_names_every_entry ... ok
test the_walk_covers_the_committed_ledger_and_finds_only_well_formed_revisions ... ok
test a_repository_with_no_such_remote_is_unmeasurable_and_names_why ... ok
test the_git_oracle_reads_the_remote_rather_than_the_local_tracking_ref ... ok
test the_git_oracle_separates_the_states_over_real_repositories ... ok

test result: ok. 17 passed; 0 failed; 0 ignored; 0 measured; 0 filtered out; finished in 0.28s

     Running tests/s8_seam_size.rs (/home/volence/sonic_hacks/.scratch/width-suffix/target-base/release/deps/s8_seam_size-88c34204afe95dfc)

running 4 tests
test a_header_field_of_digits_is_never_read_as_a_row ... ok
test a_seam_total_that_does_not_balance_is_still_refused - should panic ... ok
test the_seam_report_arithmetic_agrees_with_itself ... ok
test a_module_missing_from_under_the_seam_table_refuses_instead_of_undercounting ... ok

test result: ok. 4 passed; 0 failed; 0 ignored; 0 measured; 0 filtered out; finished in 0.06s

     Running tests/scripts_name_their_tree.rs (/home/volence/sonic_hacks/.scratch/width-suffix/target-base/release/deps/scripts_name_their_tree-b9ae3c1ad4567c49)

running 7 tests
test no_resolver_caller_regrows_a_home_literal ... ok
test the_announce_is_not_counted_as_a_skipped_gate ... ok
test a_set_but_wrong_variable_stops_the_resolution_by_name ... ok
test step_one_wins_and_is_announced ... ok
test step_four_refuses_naming_every_variable_and_every_path ... ok
test step_two_joins_the_suite_root ... ok
test step_three_derives_the_sibling_from_inside_a_linked_worktree ... ok

test result: ok. 7 passed; 0 failed; 0 ignored; 0 measured; 0 filtered out; finished in 0.04s

     Running tests/seam1_import_check.rs (/home/volence/sonic_hacks/.scratch/width-suffix/target-base/release/deps/seam1_import_check-ded65781d6e7d1c1)

running 5 tests
test an_unread_resident_import_of_a_real_pub_name_is_accepted ... FAILED
test an_unread_resident_import_of_a_private_name_is_refused ... FAILED
test an_unread_resident_import_reaches_the_emitter_as_an_error ... FAILED
test an_unread_resident_import_of_a_missing_name_is_refused ... FAILED
test an_unread_resident_import_of_a_missing_module_is_refused ... FAILED

failures:

---- an_unread_resident_import_of_a_real_pub_name_is_accepted stdout ----

thread 'an_unread_resident_import_of_a_real_pub_name_is_accepted' (3921229) panicked at crates/sigil-harness/src/test_support.rs:1312:9:
NO REFERENCE TREE IS NAMED, so this run can measure nothing it could attribute, and STOPS. This run DECLINED to use /home/volence/sonic_hacks/aeon, which step 3 derived from this checkout's own location: it is a working checkout outside this repository, its revision changes under a run without notice, and a result measured against it would be attributable to whatever it happened to contain rather than to the code under test.

The resolver's own answer: reference-tree: /home/volence/sonic_hacks/aeon (SUITE_PATHS step 3, DERIVED from this checkout's own location, nobody named it)

Either name a provisioned tree, AEON_DIR=<aeon checkout> (scripts/provision-aeon-ref.sh), or EMPYREAN_SUITE_ROOT=<the directory holding the suite>, or declare a partial run with SIGIL_ALLOW_PARTIAL=1, in which case every reference-dependent row is left unmeasured and the run says how many. Ruled d-18 (docs/OVERSEER-REFERENCE.md, 2026-09-02): a run that only PRINTS how much it did not measure still exits 0, and a green is trusted the moment it is in the run.

---- an_unread_resident_import_of_a_private_name_is_refused stdout ----

thread 'an_unread_resident_import_of_a_private_name_is_refused' (3921227) panicked at crates/sigil-harness/src/test_support.rs:1312:9:
NO REFERENCE TREE IS NAMED, so this run can measure nothing it could attribute, and STOPS. This run DECLINED to use /home/volence/sonic_hacks/aeon, which step 3 derived from this checkout's own location: it is a working checkout outside this repository, its revision changes under a run without notice, and a result measured against it would be attributable to whatever it happened to contain rather than to the code under test.

The resolver's own answer: reference-tree: /home/volence/sonic_hacks/aeon (SUITE_PATHS step 3, DERIVED from this checkout's own location, nobody named it)

Either name a provisioned tree, AEON_DIR=<aeon checkout> (scripts/provision-aeon-ref.sh), or EMPYREAN_SUITE_ROOT=<the directory holding the suite>, or declare a partial run with SIGIL_ALLOW_PARTIAL=1, in which case every reference-dependent row is left unmeasured and the run says how many. Ruled d-18 (docs/OVERSEER-REFERENCE.md, 2026-09-02): a run that only PRINTS how much it did not measure still exits 0, and a green is trusted the moment it is in the run.
note: run with `RUST_BACKTRACE=1` environment variable to display a backtrace

---- an_unread_resident_import_reaches_the_emitter_as_an_error stdout ----

thread 'an_unread_resident_import_reaches_the_emitter_as_an_error' (3921230) panicked at crates/sigil-harness/src/test_support.rs:1312:9:
NO REFERENCE TREE IS NAMED, so this run can measure nothing it could attribute, and STOPS. This run DECLINED to use /home/volence/sonic_hacks/aeon, which step 3 derived from this checkout's own location: it is a working checkout outside this repository, its revision changes under a run without notice, and a result measured against it would be attributable to whatever it happened to contain rather than to the code under test.

The resolver's own answer: reference-tree: /home/volence/sonic_hacks/aeon (SUITE_PATHS step 3, DERIVED from this checkout's own location, nobody named it)

Either name a provisioned tree, AEON_DIR=<aeon checkout> (scripts/provision-aeon-ref.sh), or EMPYREAN_SUITE_ROOT=<the directory holding the suite>, or declare a partial run with SIGIL_ALLOW_PARTIAL=1, in which case every reference-dependent row is left unmeasured and the run says how many. Ruled d-18 (docs/OVERSEER-REFERENCE.md, 2026-09-02): a run that only PRINTS how much it did not measure still exits 0, and a green is trusted the moment it is in the run.

---- an_unread_resident_import_of_a_missing_name_is_refused stdout ----

thread 'an_unread_resident_import_of_a_missing_name_is_refused' (3921226) panicked at crates/sigil-harness/src/test_support.rs:1312:9:
NO REFERENCE TREE IS NAMED, so this run can measure nothing it could attribute, and STOPS. This run DECLINED to use /home/volence/sonic_hacks/aeon, which step 3 derived from this checkout's own location: it is a working checkout outside this repository, its revision changes under a run without notice, and a result measured against it would be attributable to whatever it happened to contain rather than to the code under test.

The resolver's own answer: reference-tree: /home/volence/sonic_hacks/aeon (SUITE_PATHS step 3, DERIVED from this checkout's own location, nobody named it)

Either name a provisioned tree, AEON_DIR=<aeon checkout> (scripts/provision-aeon-ref.sh), or EMPYREAN_SUITE_ROOT=<the directory holding the suite>, or declare a partial run with SIGIL_ALLOW_PARTIAL=1, in which case every reference-dependent row is left unmeasured and the run says how many. Ruled d-18 (docs/OVERSEER-REFERENCE.md, 2026-09-02): a run that only PRINTS how much it did not measure still exits 0, and a green is trusted the moment it is in the run.

---- an_unread_resident_import_of_a_missing_module_is_refused stdout ----

thread 'an_unread_resident_import_of_a_missing_module_is_refused' (3921225) panicked at crates/sigil-harness/src/test_support.rs:1312:9:
NO REFERENCE TREE IS NAMED, so this run can measure nothing it could attribute, and STOPS. This run DECLINED to use /home/volence/sonic_hacks/aeon, which step 3 derived from this checkout's own location: it is a working checkout outside this repository, its revision changes under a run without notice, and a result measured against it would be attributable to whatever it happened to contain rather than to the code under test.

The resolver's own answer: reference-tree: /home/volence/sonic_hacks/aeon (SUITE_PATHS step 3, DERIVED from this checkout's own location, nobody named it)

Either name a provisioned tree, AEON_DIR=<aeon checkout> (scripts/provision-aeon-ref.sh), or EMPYREAN_SUITE_ROOT=<the directory holding the suite>, or declare a partial run with SIGIL_ALLOW_PARTIAL=1, in which case every reference-dependent row is left unmeasured and the run says how many. Ruled d-18 (docs/OVERSEER-REFERENCE.md, 2026-09-02): a run that only PRINTS how much it did not measure still exits 0, and a green is trusted the moment it is in the run.


failures:
    an_unread_resident_import_of_a_missing_module_is_refused
    an_unread_resident_import_of_a_missing_name_is_refused
    an_unread_resident_import_of_a_private_name_is_refused
    an_unread_resident_import_of_a_real_pub_name_is_accepted
    an_unread_resident_import_reaches_the_emitter_as_an_error

test result: FAILED. 0 passed; 5 failed; 0 ignored; 0 measured; 0 filtered out; finished in 0.00s

error: test failed, to rerun pass `-p sigil-harness --test seam1_import_check`
     Running tests/seam1_link_verdict.rs (/home/volence/sonic_hacks/.scratch/width-suffix/target-base/release/deps/seam1_link_verdict-4bdac805292d567a)

running 3 tests
test an_unknown_extern_in_a_resident_item_guard_is_refused ... FAILED
test a_defined_extern_in_a_resident_module_resolves_and_its_guard_is_decided ... FAILED
test an_unknown_extern_read_by_the_driver_cycle_guards_is_refused ... FAILED

failures:

---- an_unknown_extern_in_a_resident_item_guard_is_refused stdout ----

thread 'an_unknown_extern_in_a_resident_item_guard_is_refused' (3921233) panicked at crates/sigil-harness/src/test_support.rs:1312:9:
NO REFERENCE TREE IS NAMED, so this run can measure nothing it could attribute, and STOPS. This run DECLINED to use /home/volence/sonic_hacks/aeon, which step 3 derived from this checkout's own location: it is a working checkout outside this repository, its revision changes under a run without notice, and a result measured against it would be attributable to whatever it happened to contain rather than to the code under test.

The resolver's own answer: reference-tree: /home/volence/sonic_hacks/aeon (SUITE_PATHS step 3, DERIVED from this checkout's own location, nobody named it)

Either name a provisioned tree, AEON_DIR=<aeon checkout> (scripts/provision-aeon-ref.sh), or EMPYREAN_SUITE_ROOT=<the directory holding the suite>, or declare a partial run with SIGIL_ALLOW_PARTIAL=1, in which case every reference-dependent row is left unmeasured and the run says how many. Ruled d-18 (docs/OVERSEER-REFERENCE.md, 2026-09-02): a run that only PRINTS how much it did not measure still exits 0, and a green is trusted the moment it is in the run.
note: run with `RUST_BACKTRACE=1` environment variable to display a backtrace

---- a_defined_extern_in_a_resident_module_resolves_and_its_guard_is_decided stdout ----

thread 'a_defined_extern_in_a_resident_module_resolves_and_its_guard_is_decided' (3921232) panicked at crates/sigil-harness/src/test_support.rs:1312:9:
NO REFERENCE TREE IS NAMED, so this run can measure nothing it could attribute, and STOPS. This run DECLINED to use /home/volence/sonic_hacks/aeon, which step 3 derived from this checkout's own location: it is a working checkout outside this repository, its revision changes under a run without notice, and a result measured against it would be attributable to whatever it happened to contain rather than to the code under test.

The resolver's own answer: reference-tree: /home/volence/sonic_hacks/aeon (SUITE_PATHS step 3, DERIVED from this checkout's own location, nobody named it)

Either name a provisioned tree, AEON_DIR=<aeon checkout> (scripts/provision-aeon-ref.sh), or EMPYREAN_SUITE_ROOT=<the directory holding the suite>, or declare a partial run with SIGIL_ALLOW_PARTIAL=1, in which case every reference-dependent row is left unmeasured and the run says how many. Ruled d-18 (docs/OVERSEER-REFERENCE.md, 2026-09-02): a run that only PRINTS how much it did not measure still exits 0, and a green is trusted the moment it is in the run.

---- an_unknown_extern_read_by_the_driver_cycle_guards_is_refused stdout ----

thread 'an_unknown_extern_read_by_the_driver_cycle_guards_is_refused' (3921234) panicked at crates/sigil-harness/src/test_support.rs:1312:9:
NO REFERENCE TREE IS NAMED, so this run can measure nothing it could attribute, and STOPS. This run DECLINED to use /home/volence/sonic_hacks/aeon, which step 3 derived from this checkout's own location: it is a working checkout outside this repository, its revision changes under a run without notice, and a result measured against it would be attributable to whatever it happened to contain rather than to the code under test.

The resolver's own answer: reference-tree: /home/volence/sonic_hacks/aeon (SUITE_PATHS step 3, DERIVED from this checkout's own location, nobody named it)

Either name a provisioned tree, AEON_DIR=<aeon checkout> (scripts/provision-aeon-ref.sh), or EMPYREAN_SUITE_ROOT=<the directory holding the suite>, or declare a partial run with SIGIL_ALLOW_PARTIAL=1, in which case every reference-dependent row is left unmeasured and the run says how many. Ruled d-18 (docs/OVERSEER-REFERENCE.md, 2026-09-02): a run that only PRINTS how much it did not measure still exits 0, and a green is trusted the moment it is in the run.


failures:
    a_defined_extern_in_a_resident_module_resolves_and_its_guard_is_decided
    an_unknown_extern_in_a_resident_item_guard_is_refused
    an_unknown_extern_read_by_the_driver_cycle_guards_is_refused

test result: FAILED. 0 passed; 3 failed; 0 ignored; 0 measured; 0 filtered out; finished in 0.00s

error: test failed, to rerun pass `-p sigil-harness --test seam1_link_verdict`
     Running tests/shared_target_defaults.rs (/home/volence/sonic_hacks/.scratch/width-suffix/target-base/release/deps/shared_target_defaults-95cf86e325ca4968)

running 13 tests
test no_script_supplies_a_default_for_cargo_target_dir ... ok
test a_size_derivation_given_a_build_directory_moves_on_to_the_next_requirement ... ok
test a_size_derivation_with_no_build_directory_refuses_before_anything_else ... ok
test a_capture_given_a_build_directory_is_not_refused_for_lacking_one ... ok
test a_capture_with_no_assembler_named_refuses_and_says_what_it_declined ... ok
test a_capture_given_the_binary_itself_needs_no_build_directory ... ok
test a_checkouts_default_target_is_refused_by_name ... ok
test ref_target_outranks_the_ambient_cargo_target_dir ... ok
test refreeze_tells_its_children_which_build_directory_to_use ... ok
test refreeze_passes_an_explicit_build_directory_through_unchanged ... ok
test an_explicit_cargo_target_dir_is_what_the_run_builds_into ... ok
test a_bare_run_gets_a_directory_of_its_own_tree_not_a_suite_shared_one ... ok
test from_a_linked_worktree_the_main_checkouts_target_is_refused_too ... ok

test result: ok. 13 passed; 0 failed; 0 ignored; 0 measured; 0 filtered out; finished in 0.02s

     Running tests/shipped_shapes.rs (/home/volence/sonic_hacks/.scratch/width-suffix/target-base/release/deps/shipped_shapes-a2abfc84254f2e76)

running 2 tests
test every_comptime_toggle_is_walked_in_both_polarities ... ok
test the_shipped_shape_set_is_the_seven_the_byte_bar_builds ... ok

test result: ok. 2 passed; 0 failed; 0 ignored; 0 measured; 0 filtered out; finished in 0.00s

     Running tests/skip_marker_lint.rs (/home/volence/sonic_hacks/.scratch/width-suffix/target-base/release/deps/skip_marker_lint-acfdc65665d78811)

running 6 tests
test a_continued_literal_is_read_whole ... ok
test a_literal_that_starts_on_the_next_line_is_read ... ok
test a_wrapped_literal_carrying_the_marker_is_a_compliant_site ... ok
test single_line_and_value_argument_shapes_are_unchanged ... ok
test the_nightly_script_derives_the_marker_from_the_constant ... ok
test every_announced_early_return_carries_the_skip_marker ... ok

test result: ok. 6 passed; 0 failed; 0 ignored; 0 measured; 0 filtered out; finished in 0.03s

     Running tests/source_gate_classification.rs (/home/volence/sonic_hacks/.scratch/width-suffix/target-base/release/deps/source_gate_classification-8a7e140be312e0dd)

running 3 tests
test the_bucket_counts_reconcile_against_the_scanned_population ... ok
test the_derived_accessor_set_is_the_declared_guard_set ... ok
test every_selected_test_file_is_classified ... ok

test result: ok. 3 passed; 0 failed; 0 ignored; 0 measured; 0 filtered out; finished in 0.28s

     Running tests/stdout_broken_pipe.rs (/home/volence/sonic_hacks/.scratch/width-suffix/target-base/release/deps/stdout_broken_pipe-9915e960b2fb3836)

running 1 test
test refreeze_into_a_closed_pipe_ends_as_it_would_have ... ok

test result: ok. 1 passed; 0 failed; 0 ignored; 0 measured; 0 filtered out; finished in 0.03s

     Running tests/stdout_writer_population.rs (/home/volence/sonic_hacks/.scratch/width-suffix/target-base/release/deps/stdout_writer_population-0d7755e0866bfb28)

running 2 tests
test the_detector_answers_known_snippets ... ok
test every_stdout_write_in_a_binary_goes_through_the_broken_pipe_rule ... ok

test result: ok. 2 passed; 0 failed; 0 ignored; 0 measured; 0 filtered out; finished in 0.01s

     Running tests/strict_census_lint.rs (/home/volence/sonic_hacks/.scratch/width-suffix/target-base/release/deps/strict_census_lint-ffbc11e3db0c3944)

running 5 tests
test libtest_names_the_test_thread_after_the_test ... ok
test a_census_that_cannot_walk_the_tree_refuses_rather_than_finding_nothing ... ok
test the_strict_gate_census_can_be_taken_and_classifies_every_occurrence ... ok
test every_declared_site_and_test_is_where_the_census_says_it_is ... ok
test the_comparison_names_the_gate_that_went_dark ... ok

test result: ok. 5 passed; 0 failed; 0 ignored; 0 measured; 0 filtered out; finished in 0.02s

     Running tests/suite_paths_precedence.rs (/home/volence/sonic_hacks/.scratch/width-suffix/target-base/release/deps/suite_paths_precedence-dabf4d94ad46208e)

running 3 tests
test the_step_3_derivation_is_proven_from_a_linked_worktree ... ok
test step_3_survives_every_shape_git_rev_parse_can_answer ... ok
test the_resolver_follows_the_contract_precedence ... ok

test result: ok. 3 passed; 0 failed; 0 ignored; 0 measured; 0 filtered out; finished in 0.05s

     Running tests/supersede_fixpoint.rs (/home/volence/sonic_hacks/.scratch/width-suffix/target-base/release/deps/supersede_fixpoint-f538f556597a7ac2)

running 6 tests
test a_byte_neutral_refreeze_without_the_flag_appends_nothing_and_leaves_the_file_untouched ... ok
test a_green_tip_is_still_refused ... ok
test a_tip_with_no_strict_run_is_still_refused ... ok
test a_byte_moving_supersede_still_appends_and_is_not_byte_neutral ... ok
test a_byte_neutral_supersede_of_a_red_tip_appends_an_entry ... ok
test the_appended_entry_repeats_its_predecessors_goldens_and_the_chain_still_validates ... ok

test result: ok. 6 passed; 0 failed; 0 ignored; 0 measured; 0 filtered out; finished in 0.00s

     Running tests/tool_text_dash_lint.rs (/home/volence/sonic_hacks/.scratch/width-suffix/target-base/release/deps/tool_text_dash_lint-667d9454e2832a9d)

running 2 tests
test lexer_finds_dashes_in_strings_and_only_in_strings ... ok
test no_em_or_en_dash_in_any_rust_string_literal ... ok

test result: ok. 2 passed; 0 failed; 0 ignored; 0 measured; 0 filtered out; finished in 0.03s

     Running unittests src/lib.rs (/home/volence/sonic_hacks/.scratch/width-suffix/target-base/release/deps/sigil_ir-92518848a8fb6c7f)

running 52 tests
test align::tests::align_one_is_always_a_noop ... ok
test align::tests::reproduces_every_measured_asl_row ... ok
test backend::tests::backend_lowers_to_fragment ... ok
test align::tests::the_rows_that_leave_the_32_bit_space_wrap ... ok
test builder::tests::builds_two_sections_with_labels_fills_and_fixups ... ok
test backend::tests::ir_streamer_collects_data_and_fixups ... ok
test backend::tests::lower_error_carries_message ... ok
test builder::tests::diag_is_collected_and_finish_returns_it ... ok
test builder::tests::current_offset_tracks_open_section_cursor ... ok
test builder::tests::emit_fragment_pushes_raw_fragment_and_advances_cursor_by_given_amount ... ok
test builder::tests::extent_tracks_high_water_mark_across_a_backward_seek ... ok
test builder::tests::section_has_relaxable_flips_after_a_relaxable_fragment ... ok
test builder::tests::seek_forward_beyond_extent_still_updates_extent ... ok
test builder::tests::switch_section_lma_stamps_placement_provenance ... ok
test expr::tests::division_truncates_toward_zero ... ok
test expr::tests::fault_outranks_poison_on_either_side ... ok
test expr::tests::int_folds_to_itself ... ok
test expr::tests::logical_or_and_and_fold_to_neutral_0_1 ... ok
test expr::tests::modulo_by_zero_faults ... ok
test expr::tests::modulo_matches_asl_hash_operator ... ok
test expr::tests::operators_fold ... ok
test expr::tests::overflow_and_shift_faults_name_the_operation ... ok
test expr::tests::poison_propagates_and_div_by_zero_faults ... ok
test expr::tests::symbol_resolves_via_lookup ... ok
test expr::tests::timer_a_reload_59_folds_to_122 ... ok
test expr::tests::unknown_symbol_poisons ... ok
test expr::tests::xor_folds ... ok
test fixup::tests::byte_width_matches_kind ... ok
test fixup::tests::byte_width_of_new_68k_kinds ... ok
test fixup::tests::rel_word_16_be_is_two_bytes ... ok
test map::tests::a_refusal_names_the_non_rom_region_holding_the_lma ... ok
test map::tests::a_refusal_outside_every_region_lists_the_rom_windows ... ok
test map::tests::check_budget_reports_usage_and_catches_overflow ... ok
test map::tests::mega_drive_map_names_the_cartridge_and_work_ram_windows ... ok
test map::tests::region_for_finds_containing_rom_region ... ok
test map::tests::the_last_cartridge_byte_fits_and_the_next_overflows_by_one ... ok
test map::tests::validate_section_rejects_region_overflow ... ok
test symbols::tests::dotted_cross_scope_reference ... ok
test symbols::tests::global_lookup ... ok
test symbols::tests::local_reference_qualifies_with_current_scope ... ok
test symbols::tests::lookup_closure_bridges_to_fold ... ok
test symbols::tests::poison_value_resolves_to_none ... ok
test tests::data_fragment_holds_bytes_and_span ... ok
test tests::jmpjsr_sym_variant_constructs ... ok
test tests::module_builder_streams_and_assembles ... ok
test tests::org_backpatch_overwrites_in_place_and_resumes ... ok
test tests::org_forward_seek_gap_fills_with_fill_byte ... ok
test tests::org_trailing_backward_seek_does_not_truncate ... ok
test tests::section_image_bytes_concatenates_fragments ... ok
test tests::section_is_phase_aware_and_fragments_size ... ok
test tests::symbol_constructs ... ok
test width::tests::fits_abs_w_agrees_with_the_width_rule_at_every_edge ... ok

test result: ok. 52 passed; 0 failed; 0 ignored; 0 measured; 0 filtered out; finished in 0.00s

     Running unittests src/lib.rs (/home/volence/sonic_hacks/.scratch/width-suffix/target-base/release/deps/sigil_isa-9145631c15769ecc)

running 63 tests
test asl_provenance::tests::md5_matches_rfc1321_test_suite ... ok
test m68k::vocab_tests::family_name_is_onto_all_family_names ... ok
test m68k::vocab_tests::alu_ea_rejects_address_register_destination ... ok
test asl_provenance::tests::refuses_a_binary_it_cannot_identify ... ok
test m68k::vocab_tests::new_vocab_constructs_and_move_still_dispatches ... ok
test asl_provenance::tests::stamp_tracks_the_bytes_it_is_given ... ok
test m68k::vocab_tests::writes_last_operand_classifies_the_whole_mnemonic_set ... ok
test m68k_cycles::tests::base_spellings_price_as_their_refined_forms ... ok
test m68k_cycles::tests::bit_op_rows_match_table_8_8 ... ok
test m68k_cycles::tests::control_rows_match_tables_8_6_and_8_9 ... ok
test m68k_cycles::tests::data_dependent_maxima_are_ceilings_not_exact ... ok
test m68k_cycles::tests::ea_calculation_times_match_table_8_2 ... ok
test m68k_cycles::tests::immediate_and_quick_rows_match_table_8_5 ... ok
test m68k_cycles::tests::move_families_match_tables_8_1_and_8_6 ... ok
test m68k_cycles::tests::move_matrix_cells_match_table_8_1 ... ok
test m68k_cycles::tests::movem_rows_match_table_8_9 ... ok
test m68k_cycles::tests::mulu_immediate_prices_on_its_ones_count ... ok
test m68k_cycles::tests::off_table_forms_are_unmodeled ... ok
test m68k_cycles::tests::shift_rows_match_table_8_7 ... ok
test m68k_cycles::tests::single_operand_rows_match_table_8_6 ... ok
test m68k_cycles::tests::standard_alu_rows_match_table_8_4 ... ok
test m68k_decode::tests::alias_words_do_not_decode_as_their_misspelling ... ok
test m68k_decode::tests::bad_extension_bits_are_loud ... ok
test m68k_decode::tests::canonical_equivalences_hold_and_nothing_looser ... ok
test m68k_decode::tests::divide_and_memory_shift_roundtrip ... ok
test m68k_decode::tests::movem_predec_mask_reverses_back_to_canonical ... ok
test m68k_decode::tests::newly_covered_lines_decode_to_their_instruction ... ok
test m68k_decode::tests::out_of_range_register_fails_the_roundtrip ... ok
test m68k_decode::tests::oversized_width_stored_immediate_is_field_compared ... ok
test m68k_decode::tests::short_branch_placeholder_is_slice_delimited ... ok
test m68k_decode::tests::trailing_bytes_fail_exact_decode ... ok
test m68k_decode::tests::unknown_real_instructions_are_named_not_guessed ... ok
test z80::index_tests::add_index_pair ... ok
test z80::index_tests::add_index_pair_rejects_illegal ... ok
test z80::index_tests::alu_indexed ... ok
test z80::index_tests::dd_fd_group_task5b ... ok
test z80::index_tests::dd_fd_group_asl_table ... ok
test z80::index_tests::ddcb_bit_number_out_of_range ... ok
test z80::index_tests::ddcb_fdcb_bit ... ok
test z80::index_tests::ddcb_fdcb_res ... ok
test z80::index_tests::ddcb_fdcb_set ... ok
test z80::index_tests::inc_dec_indexed ... ok
test z80::index_tests::ld_index_mem ... ok
test z80::index_tests::ld_indexed_imm ... ok
test z80::index_tests::ld_indexed_reg ... ok
test z80::index_tests::ld_ix_iy_nn ... ok
test z80::index_tests::ld_reg_indexed ... ok
test z80::index_tests::push_pop_index ... ok
test z80::tests::cb_bit_number_out_of_range_errors ... ok
test z80::tests::cb_bit_res_set_on_r_and_hl ... ok
test z80::tests::cb_rejects_unsupported_targets_and_shapes ... ok
test z80::tests::cb_shifts_rotates_on_r_and_hl ... ok
test z80::tests::encodes_ed_im1 ... ok
test z80::tests::encodes_ed_ld_mem_pair_stores ... ok
test z80::tests::encodes_ed_ld_i_and_r ... ok
test z80::tests::encodes_ed_ld_pair_mem_loads ... ok
test z80::tests::encodes_ed_neg_and_ldir ... ok
test z80::tests::encodes_migrated_forms ... ok
test z80::tests::ind_hl_forms_encode_in_base_group ... ok
test z80::tests::ldir_with_an_operand_is_refused_like_its_siblings ... ok
test z80::tests::neg_takes_no_operand_but_the_accumulator ... ok
test z80::tests::primitive_codes_match_z80_fields ... ok
test asl_provenance::tests::no_digest_literal_in_this_source ... ok

test result: ok. 63 passed; 0 failed; 0 ignored; 0 measured; 0 filtered out; finished in 0.00s

     Running unittests src/bin/gen_m68k_vectors.rs (/home/volence/sonic_hacks/.scratch/width-suffix/target-base/release/deps/gen_m68k_vectors-786547132120d33e)

running 0 tests

test result: ok. 0 passed; 0 failed; 0 ignored; 0 measured; 0 filtered out; finished in 0.00s

     Running unittests src/bin/gen_z80_vectors.rs (/home/volence/sonic_hacks/.scratch/width-suffix/target-base/release/deps/gen_z80_vectors-d7815d1353c68fc0)

running 0 tests

test result: ok. 0 passed; 0 failed; 0 ignored; 0 measured; 0 filtered out; finished in 0.00s

     Running tests/capstone_pipe_discipline.rs (/home/volence/sonic_hacks/.scratch/width-suffix/target-base/release/deps/capstone_pipe_discipline-e6b36bc00bafff83)

running 4 tests
test a_failing_child_reports_its_stderr_not_the_broken_pipe ... ok
test a_write_the_child_never_reads_surfaces_as_err ... ok
test a_child_that_fills_its_stdout_before_reading_stdin_completes ... ok
test the_real_oracle_pair_survives_an_input_past_both_pipes ... ok

test result: ok. 4 passed; 0 failed; 0 ignored; 0 measured; 0 filtered out; finished in 0.51s

     Running tests/completeness.rs (/home/volence/sonic_hacks/.scratch/width-suffix/target-base/release/deps/completeness-233bebb9d4f15bce)

running 1 test
test every_golden_form_is_encoded ... ok

test result: ok. 1 passed; 0 failed; 0 ignored; 0 measured; 0 filtered out; finished in 0.00s

     Running tests/disassemble.rs (/home/volence/sonic_hacks/.scratch/width-suffix/target-base/release/deps/disassemble-fce6344acf8792f6)

running 12 tests
test disassemble_add_a_reg ... ok
test disassemble_ld_reg_imm ... ok
test disassemble_jp_imm ... ok
test disassemble_consumes_only_its_own_bytes ... ok
test hl_add_a_reg_is_err ... ok
test disassemble_ld_reg_reg ... ok
test disassemble_nop ... ok
test hl_dst_ld_reg_reg_is_err ... ok
test hl_ld_reg_imm_is_err ... ok
test hl_src_ld_reg_reg_is_err ... ok
test round_trip_representative_list ... ok
test unknown_opcode_is_err ... ok

test result: ok. 12 passed; 0 failed; 0 ignored; 0 measured; 0 filtered out; finished in 0.00s

     Running tests/ea_class_rejects.rs (/home/volence/sonic_hacks/.scratch/width-suffix/target-base/release/deps/ea_class_rejects-4a5f2b59895c728a)

running 12 tests
test address_register_has_no_byte_form ... ok
test address_register_is_not_a_data_operand ... ok
test address_register_stays_legal_where_the_isa_allows_it ... ok
test alias_classes_are_rejected ... ok
test control_addressing_rejects_non_addresses ... ok
test movem_direction_governs_its_modes ... ok
test exg_and_usp_take_registers_only ... ok
test bchg_and_move_to_ccr_rows ... ok
test non_alterable_modes_cannot_be_written ... ok
test single_operand_shift_row ... ok
test size_locked_forms_reject_every_other_size ... ok
test tst_destination_is_data_alterable ... ok

test result: ok. 12 passed; 0 failed; 0 ignored; 0 measured; 0 filtered out; finished in 0.00s

     Running tests/encode_base16_control.rs (/home/volence/sonic_hacks/.scratch/width-suffix/target-base/release/deps/encode_base16_control-57dc86cf272b03e3)

running 13 tests
test add_hl_pair ... ok
test call_and_call_cc ... ok
test exchange_and_hl_transfer ... ok
test jp_and_jp_cc ... ok
test djnz_relative ... ok
test inc_dec_pair ... ok
test jr_relative ... ok
test jr_rejects_non_flag_conditions ... ok
test ld_pair_imm16 ... ok
test no_operand_fixed_opcodes ... ok
test push_and_pop ... ok
test ret_and_ret_cc ... ok
test ld_hl_absolute_memory ... ok

test result: ok. 13 passed; 0 failed; 0 ignored; 0 measured; 0 filtered out; finished in 0.00s

     Running tests/encode_base_8bit.rs (/home/volence/sonic_hacks/.scratch/width-suffix/target-base/release/deps/encode_base_8bit-ddd79aad3258e31d)

running 6 tests
test alu_immediate ... ok
test alu_reg_and_hl ... ok
test inc_dec_reg_and_hl ... ok
test ld_hl_indirect ... ok
test ld_indirect_pair_and_absolute ... ok
test ld_reg_reg_and_reg_imm ... ok

test result: ok. 6 passed; 0 failed; 0 ignored; 0 measured; 0 filtered out; finished in 0.00s

     Running tests/encode_m68k.rs (/home/volence/sonic_hacks/.scratch/width-suffix/target-base/release/deps/encode_m68k-f00342cf155bc942)

running 22 tests
test absolute_pcrel_immediate ... ok
test all_forms_roundtrip_through_the_decoder ... ok
test all_forms_match_golden ... ok
test alu_ea_family ... ok
test alu_immediate_family ... ok
test bit_ops_family ... ok
test dest_ea_field_swap_is_proven ... ok
test immediate_and_pcrel_are_illegal_dest ... ok
test control_misc_family ... ok
test displacement_and_brief_extension_word ... ok
test dbcc_is_fixed_four_bytes ... ok
test memory_shift_by_one ... ok
test branch_family_is_two_wide_only ... ok
test memory_indirect_source_and_dest ... ok
test movea_family ... ok
test movem_predecrement_mask_is_reversed ... ok
test mulu_word_multiply ... ok
test quick_family ... ok
test shift_rotate_family ... ok
test reg_direct ... ok
test single_ea_family ... ok
test specials_family ... ok

test result: ok. 22 passed; 0 failed; 0 ignored; 0 measured; 0 filtered out; finished in 0.00s

     Running tests/m68k_capstone_differential.rs (/home/volence/sonic_hacks/.scratch/width-suffix/target-base/release/deps/m68k_capstone_differential-2bd341c7e9707821)

running 1 test
test opcode_sweep_agrees_with_capstone ... ok

test result: ok. 1 passed; 0 failed; 0 ignored; 0 measured; 0 filtered out; finished in 0.50s

     Running tests/m68k_golden.rs (/home/volence/sonic_hacks/.scratch/width-suffix/target-base/release/deps/m68k_golden-311623b20badc968)

running 3 tests
test golden_file_parses_and_is_nonempty ... ok
test golden_covers_the_full_corpus ... ok
test golden_snippets_are_unique ... ok

test result: ok. 3 passed; 0 failed; 0 ignored; 0 measured; 0 filtered out; finished in 0.00s

     Running tests/m68k_opcode_sweep.rs (/home/volence/sonic_hacks/.scratch/width-suffix/target-base/release/deps/m68k_opcode_sweep-ed957f8283981e53)

running 1 test
test every_decodable_word_reencodes_to_the_consumed_bytes ... ok

test result: ok. 1 passed; 0 failed; 0 ignored; 0 measured; 0 filtered out; finished in 0.00s

     Running tests/z80_golden.rs (/home/volence/sonic_hacks/.scratch/width-suffix/target-base/release/deps/z80_golden-506c896360934831)

running 7 tests
test corpus_covers_full_isa ... ok
test golden_covers_full_isa ... ok
test golden_and_corpus_agree_line_for_line ... ok
test known_anchor_vectors_present ... ok
test parse_golden_parses_inline_sample ... ok
test golden_file_parses ... ok
test golden_snippets_are_unique ... ok

test result: ok. 7 passed; 0 failed; 0 ignored; 0 measured; 0 filtered out; finished in 0.00s

     Running tests/z80_missing_primitives.rs (/home/volence/sonic_hacks/.scratch/width-suffix/target-base/release/deps/z80_missing_primitives-1cdc3bbb791fb422)

running 3 tests
test rst_encodes_every_page_zero_vector ... ok
test rst_refuses_a_target_that_is_not_a_vector ... ok
test the_one_byte_accumulator_and_flag_primitives_encode ... ok

test result: ok. 3 passed; 0 failed; 0 ignored; 0 measured; 0 filtered out; finished in 0.00s

     Running unittests src/lib.rs (/home/volence/sonic_hacks/.scratch/width-suffix/target-base/release/deps/sigil_link-0c7a33a21530eebe)

running 155 tests
test blob::tests::an_unimplemented_p2bin_format_is_refused_by_name ... ok
test blob::tests::the_pad_grammar_is_p2bins ... ok
test blob::tests::the_blob_grammar_is_p2bins ... ok
test listing::tests::an_equate_never_reaches_the_phase_table ... ok
test listing::tests::emits_oracle_body_lines_before_symbol_table ... ok
test listing::tests::emits_s4budget_parseable_rows ... ok
test listing::tests::demangler_is_asm_block_scope_precise ... ok
test listing::tests::equate_row_never_parses_as_an_address_row ... ok
test listing::tests::demangler_keeps_proc_local_and_offsets_drops_plumbing ... ok
test listing::tests::equates_get_a_value_row_and_no_address_row ... ok
test listing::tests::phase_lines_never_parse_as_an_address_row ... ok
test listing::tests::equates_do_not_disturb_the_two_view_cross_check ... ok
test listing::tests::phase_table_does_not_disturb_the_two_view_cross_check ... ok
test listing::tests::phased_symbols_get_vma_and_lma_rows ... ok
test listing::tests::regex_intersection_matches_each_row ... ok
test listing::tests::source_digest_keywords_are_prefix_disjoint ... ok
test listing::tests::source_digest_lines_never_parse_as_a_consumer_row ... ok
test listing::tests::source_digest_parser_finds_fields_by_key ... ok
test listing::tests::source_digest_parser_refuses_a_doctored_section ... ok
test listing::tests::source_digest_parser_reads_a_read_row_root_before_its_crc ... ok
test listing::tests::source_digest_parser_reads_rom_fields_in_any_order ... ok
test listing::tests::source_digest_parser_passes_over_an_unknown_field ... ok
test listing::tests::source_digest_parser_refuses_a_repeated_field_naming_it ... ok
test listing::tests::source_digest_parser_keeps_the_root_and_output_rules ... ok
test map_load::tests::rejects_unknown_kind ... ok
test relax::tests::a_second_space_section_is_refused_even_where_the_image_is_empty ... ok
test listing::tests::source_digest_parser_refuses_a_missing_field_naming_it ... ok
test relax::tests::a_collision_inside_one_space_is_still_an_overlap ... ok
test listing::tests::source_digest_round_trips_through_its_parser ... ok
test relax::tests::baseline_len_agrees_with_frag_len_at_rung_zero ... ok
test listing::tests::source_digest_scan_identity_is_the_crc_of_sorted_paths ... ok
test listing::tests::unphased_listing_still_carries_a_count_zero_phase_table ... ok
test listing::tests::source_digest_parser_refuses_a_token_that_is_not_a_field ... ok
test relax::tests::a_second_space_section_is_refused_for_its_placement_not_as_an_overlap ... ok
test relax::tests::dash_a_does_not_change_width ... ok
test listing::tests::source_digest_refuses_what_its_grammar_cannot_carry ... ok
test relax::tests::cross_section_fixup_targets_equ_symbol ... ok
test listing::tests::source_digest_spells_the_committed_grammar ... ok
test relax::tests::duplicate_equ_name_is_dup_symbol_error ... ok
test relax::tests::empty_ladder_is_a_loud_construction_error_in_release ... ok
test map_load::tests::loads_regions_in_order_with_default_fill ... ok
test relax::tests::equ_bankid_folds_to_symbol_at_link ... ok
test relax::tests::equ_chain_folds_and_cycle_is_loud ... ok
test relax::tests::equ_referencing_undefined_symbol_is_loud ... ok
test relax::tests::frag_start_vma_is_exact_across_a_backward_org ... ok
test relax::tests::inst_len_is_4_for_w_and_6_for_l ... ok
test relax::tests::jbra_targeting_a_near_integer_equ_is_a_loud_error_not_a_pcrel_branch ... ok
test relax::tests::jbra_targeting_an_equ_alias_of_a_label_is_refused_by_review_ruling ... ok
test relax::tests::jmp_jsr_sym_targeting_an_equ_selects_abs_w ... ok
test relax::tests::jmpjsr_unresolved_equ_target_names_the_equ_cycle ... ok
test relax::tests::jmpjsr_unresolved_target_names_symbol_with_cross_seam_steer ... ok
test relax::tests::ladder_conditional_backward_out_of_reach_reports_negative_distance ... ok
test relax::tests::ladder_conditional_out_of_reach_reports_signed_distance ... ok
test relax::tests::ladder_reports_unresolved_target_as_poison ... ok
test relax::tests::ladder_growth_cascade_pushes_second_branch_across_reach_boundary ... ok
test relax::tests::ladder_selects_bra_s_for_backward_target ... ok
test relax::tests::ladder_selects_bra_s_for_near_forward_target ... ok
test relax::tests::ladder_selects_bra_w_for_far_forward_target ... ok
test relax::tests::ladder_selects_jmp_absl_for_high_far_target ... ok
test relax::tests::ladder_same_length_rung_move_converges ... ok
test relax::tests::ladder_selects_jmp_absw_for_low_far_target ... ok
test relax::tests::misordered_ladder_is_a_loud_construction_error_in_release ... ok
test relax::tests::ladder_skips_bra_s_on_disp_zero ... ok
test relax::tests::org_backward_growth_keeps_a_post_org_label_org_anchored ... ok
test relax::tests::multiple_orgs_three_runs_shift_run_locally ... ok
test relax::tests::org_backward_growth_ladder_measures_reach_from_its_real_site ... ok
test relax::tests::org_backward_growth_shifts_a_label_in_the_grown_run ... ok
test relax::tests::org_backward_overwrite_with_earlier_relaxable_is_byte_identical ... ok
test relax::tests::org_forward_run_growth_past_barrier_errors_loudly ... ok
test relax::tests::pcrel8_boundaries_are_exact ... ok
test relax::tests::org_forward_relaxable_grows_within_run_and_post_org_content_is_pinned ... ok
test relax::tests::pcrel_disp16_boundaries_are_exact ... ok
test relax::tests::relax_abs_sym_targeting_a_never_resolving_equ_names_the_symbol ... ok
test relax::tests::relax_abs_sym_targeting_an_equ_chain_selects_short ... ok
test relax::tests::relax_abs_sym_targeting_an_equ_selects_long ... ok
test relax::tests::relax_abs_sym_targeting_an_equ_derived_from_a_label_matches_direct_label ... ok
test relax::tests::relax_abs_sym_targeting_an_equ_selects_short ... ok
test relax::tests::reserve_only_section_does_not_collide_at_shared_lma ... ok
test relax::tests::resolve_boundary_wrap_terminates_safely ... ok
test relax::tests::resolve_grows_jmp_to_absl_and_shifts_following_label ... ok
test relax::tests::resolve_layout_allows_org_alone_with_no_jmpjsr ... ok
test relax::tests::resolve_layout_allows_org_and_jmpjsr_in_the_same_section ... ok
test relax::tests::resolve_layout_allows_org_and_ladder_in_the_same_section ... ok
test relax::tests::resolve_layout_refuses_org_and_reserve_in_the_same_section ... ok
test relax::tests::resolve_lowers_jmp_to_absl_for_high_target ... ok
test relax::tests::resolve_lowers_jmp_to_absw_for_low_target ... ok
test relax::tests::resolve_lowers_jsr_uses_4eb8_4eb9 ... ok
test relax::tests::resolve_multi_jmp_cascade_converges ... ok
test relax::tests::resolve_phased_section_shifts_correctly ... ok
test relax::tests::resolve_relax_abs_grows_and_shifts_following_label ... ok
test relax::tests::resolve_relax_abs_selects_long_for_mid_rom_target ... ok
test relax::tests::resolve_relax_abs_selects_short_for_low_target ... ok
test relax::tests::resolve_relax_abs_selects_short_for_ram_target ... ok
test relax::tests::resolve_reports_unresolved_target ... ok
test relax::tests::the_measuring_entry_point_does_not_refuse_a_second_space ... ok
test relax::tests::two_second_spaces_are_refused_separately_and_never_collide ... ok
test relax::tests::unsettled_report_names_what_moved_and_never_an_attempt_count ... ok
test relax::tests::wide_rungs_always_reach ... ok
test relax::tests::width_rule_matches_asl_boundary_sweep ... ok
test relax::tests::z80_jr_rel8_boundaries_are_exact ... ok
test tests::a_fixup_after_a_reservation_lands_behind_the_gap ... ok
test tests::a_non_cartridge_image_is_not_touched ... ok
test tests::abs16be_window_is_the_shared_24_bit_predicate ... ok
test tests::abs16be_writes_big_endian_and_rejects_overflow ... ok
test tests::abs32be_writes_big_endian_target_vma ... ok
test tests::an_image_shorter_than_the_header_is_not_touched ... ok
test tests::an_unlowered_jmpjsr_with_a_resolvable_target_names_the_contract ... ok
test tests::an_unlowered_jmpjsr_with_an_absent_target_is_a_diagnostic ... ok
test tests::bankptr16le_at_fragment_boundary_diagnoses ... ok
test tests::check_image_bounds_locates_each_refusal_at_its_emitting_fragment ... ok
test tests::cross_region_fixup_resolves_to_phased_vma_little_endian ... ok
test tests::dw_bank_pointer_from_functions_emits_little_endian ... ok
test tests::emit_rom_places_sections_and_validates_regions ... ok
test tests::emit_rom_rejects_section_outside_region ... ok
test tests::fixup_offset_past_fragment_diagnoses ... ok
test tests::flatten_checked_errors_on_overlap ... ok
test tests::flatten_checked_ok_when_disjoint ... ok
test tests::flatten_places_sections_at_lma_with_gap_fill ... ok
test tests::flatten_refuses_a_byte_outside_the_cartridge_window_by_name ... ok
test tests::flatten_refuses_a_work_ram_byte_and_ignores_a_reserve_only_ram_section ... ok
test tests::header_checksum_handles_odd_trailing_byte ... ok
test tests::header_checksum_is_be_wordsum_over_200_to_eof_at_18e ... ok
test tests::imm_word16_be_accepts_the_full_word_immediate_union ... ok
test tests::link_assert_collects_all_failures ... ok
test tests::link_assert_cond_resolves_an_equ_defined_symbol_not_just_labels ... ok
test tests::link_assert_fails_when_cond_zero_and_renders_message ... ok
test tests::link_assert_passes_when_cond_nonzero ... ok
test tests::link_assert_unresolved_cond_names_missing_symbol_with_standalone_guidance ... ok
test tests::link_assert_unresolved_cond_names_only_the_missing_symbol_in_a_mix ... ok
test tests::link_assert_unresolved_here_anchor_leaf_is_still_internal_contract_error ... ok
test tests::link_reports_duplicate_section_symbol ... ok
test tests::pcrel8_disp_zero_is_rejected ... ok
test tests::pcrel8_measured_from_op_plus_two ... ok
test tests::pcrel8_out_of_range_diagnoses ... ok
test tests::pcrel_disp16_measured_from_extension_word ... ok
test tests::pcrel_out_of_range_messages_name_the_target_symbol ... ok
test tests::rel_word_16_be_negative_offset_two_complement ... ok
test tests::rel_word_16_be_overflow_diagnoses ... ok
test tests::rel_word_16_be_writes_symbol_difference ... ok
test tests::resolved_equates_returns_only_equates_including_label_derived_ones ... ok
test tests::sega_header_fix_is_idempotent_and_leaves_no_stale_field ... ok
test tests::sega_header_fix_rewrites_both_fields_and_reports_what_moved ... ok
test tests::the_space_prefixed_console_name_is_a_cartridge ... ok
test tests::unresolved_names_the_symbol ... ok
test tests::value16_be_folds_big_endian ... ok
test tests::value16_le_folds_little_endian ... ok
test tests::unresolved_target_diagnoses ... ok
test tests::value16_overflow_is_range_error ... ok
test tests::value8_negative_fold_is_range_error ... ok
test tests::value8_writes_verbatim_in_window ... ok
test tests::value_fixup_refuses_link_time_arithmetic_faults ... ok
test tests::z80_jr_rel8_in_range_resolves ... ok
test tests::z80_jr_rel8_out_of_range_diagnoses ... ok
test tests::flatten_accepts_the_last_cartridge_byte_and_refuses_the_straddle ... ok
test relax::tests::a_worst_case_growth_cascade_settles_inside_the_derived_guard ... ok

test result: ok. 155 passed; 0 failed; 0 ignored; 0 measured; 0 filtered out; finished in 0.00s

     Running tests/final_placement.rs (/home/volence/sonic_hacks/.scratch/width-suffix/target-base/release/deps/final_placement-3ebde3aad2f00b90)

running 10 tests
test bank_bump_feeds_the_placement_fixpoint ... ok
test a_reservation_inside_a_section_counts_toward_its_overlap_extent ... ok
test bank_section_over_bank_size_is_a_loud_error ... ok
test chained_bank_section_stays_when_it_fits_before_boundary ... ok
test chained_bank_section_bumps_when_it_would_straddle ... ok
test chained_successor_follows_grown_predecessor_final_size ... ok
test pinned_bank_section_straddling_is_a_loud_error_not_moved ... ok
test colliding_pins_are_a_loud_link_error ... ok
test placement_growth_feeds_relaxation_growth_to_a_joint_fixpoint ... ok
test max_span_reservation_holds_gap_when_final_is_smaller ... ok

test result: ok. 10 passed; 0 failed; 0 ignored; 0 measured; 0 filtered out; finished in 0.00s

     Running tests/two_section_ab.rs (/home/volence/sonic_hacks/.scratch/width-suffix/target-base/release/deps/two_section_ab-972dd98def7d0655)

running 1 test
test two_section_ab_layout_and_cross_fixup ... ok

test result: ok. 1 passed; 0 failed; 0 ignored; 0 measured; 0 filtered out; finished in 0.00s

     Running unittests src/lib.rs (/home/volence/sonic_hacks/.scratch/width-suffix/target-base/release/deps/sigil_s4lz-6b49443a513c73e7)

running 11 tests
test tests::build_token_caps_at_15 ... ok
test tests::tile_delta_encode_first_tile_unchanged ... ok
test tests::build_token_packs_nibbles ... ok
test tests::tile_delta_encode_empty_is_empty ... ok
test tests::try_compress_empty_input_is_header_plus_eos ... ok
test tests::compress_panics_on_error - should panic ... ok
test tests::tile_delta_encode_handles_partial_final_tile ... ok
test tests::try_compress_rejects_dict_and_tile_delta_together ... ok
test tests::tile_delta_encode_second_tile_xored_against_first ... ok
test tests::try_compress_rejects_odd_dictionary_length ... ok
test tests::try_compress_rejects_window_overflow ... ok

test result: ok. 11 passed; 0 failed; 0 ignored; 0 measured; 0 filtered out; finished in 0.00s

     Running tests/byte_exact.rs (/home/volence/sonic_hacks/.scratch/width-suffix/target-base/release/deps/byte_exact-1ccd531e26108c3a)

running 13 tests
test edge_both_extended_matches_python ... ok
test edge_empty_matches_python ... ok
test edge_odd1_matches_python ... ok
test edge_boundary_offset_512_matches_python ... ok
test edge_boundary_offset_510_matches_python ... ok
test compress_is_deterministic ... ok
test payload_744_plain_matches_python ... ok
test tile_delta_5tiles_matches_python ... ok
test payload_744_dict_matches_python ... ok
test shield_block_768_plain_matches_python ... ok
test shield_block_768_dict768_matches_python ... ok
test shield_block_768_dict1536_matches_python ... ok
test shield_block_768_dict2304_matches_python ... ok

test result: ok. 13 passed; 0 failed; 0 ignored; 0 measured; 0 filtered out; finished in 0.00s

     Running unittests src/lib.rs (/home/volence/sonic_hacks/.scratch/width-suffix/target-base/release/deps/sigil_salvador_sys-10b18613766f3a07)

running 0 tests

test result: ok. 0 passed; 0 failed; 0 ignored; 0 measured; 0 filtered out; finished in 0.00s

     Running tests/byte_exact.rs (/home/volence/sonic_hacks/.scratch/width-suffix/target-base/release/deps/byte_exact-3c36e5de7f95c650)

running 2 tests
test compress_empty_input_does_not_panic ... ok
test compress_matches_reference_salvador_cli_output ... ok

test result: ok. 2 passed; 0 failed; 0 ignored; 0 measured; 0 filtered out; finished in 0.02s

     Running unittests src/lib.rs (/home/volence/sonic_hacks/.scratch/width-suffix/target-base/release/deps/sigil_span-28d0bc7661975e22)

running 18 tests
test read_set::tests::crc32_matches_the_standard_check_value ... ok
test tests::a_nested_trail_through_a_loop_spells_every_frame_as_asl_does ... ok
test read_set::tests::a_file_read_with_two_contents_is_a_conflict_not_a_row ... ok
test tests::contains_answers_for_files_and_this_maps_own_expansions ... ok
test tests::a_span_in_a_macro_run_labels_as_the_call_then_the_macro_line ... ok
test tests::an_unknown_expansion_id_labels_as_nothing ... ok
test tests::diagnostic_display_matches_contract ... ok
test tests::label_names_the_source_the_span_belongs_to ... ok
test read_set::tests::a_scan_records_its_membership_and_a_changed_walk_conflicts ... ok
test tests::location_columns_count_characters_not_bytes ... ok
test read_set::tests::a_generated_write_and_a_tool_mark_their_reads ... ok
test tests::source_map_add_text_and_location ... ok
test tests::span_and_source_id_are_copy_with_public_fields ... ok
test tests::loop_frames_spell_rept_while_irp_and_irpc_as_asl_does ... ok
test tests::two_runs_of_one_body_differ_by_id_and_agree_physically ... ok
test read_set::tests::a_read_records_the_bytes_it_returned ... ok
test read_set::tests::two_spellings_of_one_file_are_one_record ... ok
test tests::location_at_the_bottom_costs_no_more_than_at_the_top ... ok

test result: ok. 18 passed; 0 failed; 0 ignored; 0 measured; 0 filtered out; finished in 0.00s

     Running tests/read_set_gate.rs (/home/volence/sonic_hacks/.scratch/width-suffix/target-base/release/deps/read_set_gate-5f404eda5cd388ed)

running 3 tests
test the_matcher_flags_raw_reads_and_passes_the_recorder ... ok
test the_shipping_cut_keeps_code_and_drops_the_test_module ... ok
test no_build_reachable_read_bypasses_the_recorder ... ok

test result: ok. 3 passed; 0 failed; 0 ignored; 0 measured; 0 filtered out; finished in 0.02s

   Doc-tests sigil_backend_m68k

running 0 tests

test result: ok. 0 passed; 0 failed; 0 ignored; 0 measured; 0 filtered out; finished in 0.00s

   Doc-tests sigil_backend_z80

running 0 tests

test result: ok. 0 passed; 0 failed; 0 ignored; 0 measured; 0 filtered out; finished in 0.00s

   Doc-tests sigil_clownlzss_sys

running 0 tests

test result: ok. 0 passed; 0 failed; 0 ignored; 0 measured; 0 filtered out; finished in 0.00s

   Doc-tests sigil_clownnemesis_sys

running 0 tests

test result: ok. 0 passed; 0 failed; 0 ignored; 0 measured; 0 filtered out; finished in 0.00s

   Doc-tests sigil_frontend_as

running 0 tests

test result: ok. 0 passed; 0 failed; 0 ignored; 0 measured; 0 filtered out; finished in 0.00s

   Doc-tests sigil_frontend_emp

running 0 tests

test result: ok. 0 passed; 0 failed; 0 ignored; 0 measured; 0 filtered out; finished in 0.00s

   Doc-tests sigil_harness

running 0 tests

test result: ok. 0 passed; 0 failed; 0 ignored; 0 measured; 0 filtered out; finished in 0.00s

   Doc-tests sigil_ir

running 0 tests

test result: ok. 0 passed; 0 failed; 0 ignored; 0 measured; 0 filtered out; finished in 0.00s

   Doc-tests sigil_isa

running 0 tests

test result: ok. 0 passed; 0 failed; 0 ignored; 0 measured; 0 filtered out; finished in 0.00s

   Doc-tests sigil_link

running 0 tests

test result: ok. 0 passed; 0 failed; 0 ignored; 0 measured; 0 filtered out; finished in 0.00s

   Doc-tests sigil_s4lz

running 0 tests

test result: ok. 0 passed; 0 failed; 0 ignored; 0 measured; 0 filtered out; finished in 0.00s

   Doc-tests sigil_salvador_sys

running 0 tests

test result: ok. 0 passed; 0 failed; 0 ignored; 0 measured; 0 filtered out; finished in 0.00s

   Doc-tests sigil_span

running 0 tests

test result: ok. 0 passed; 0 failed; 0 ignored; 0 measured; 0 filtered out; finished in 0.00s

error: 121 targets failed:
    `-p sigil-cli --test act_descriptor_port`
    `-p sigil-cli --test animate_port`
    `-p sigil-cli --test bg_anim_port`
    `-p sigil-cli --test bg_port`
    `-p sigil-cli --test boot_data_port`
    `-p sigil-cli --test boot_port`
    `-p sigil-cli --test buffers_port`
    `-p sigil-cli --test build_check`
    `-p sigil-cli --test camera_port`
    `-p sigil-cli --test children_port`
    `-p sigil-cli --test collision_data_port`
    `-p sigil-cli --test collision_lookup_port`
    `-p sigil-cli --test collision_port`
    `-p sigil-cli --test compression_selftest_port`
    `-p sigil-cli --test contract_closure_corpus`
    `-p sigil-cli --test controllers_port`
    `-p sigil-cli --test core_negative_probes`
    `-p sigil-cli --test core_port`
    `-p sigil-cli --test corpus_builds`
    `-p sigil-cli --test dac_bank_port`
    `-p sigil-cli --test dac_port`
    `-p sigil-cli --test dead_save_corpus`
    `-p sigil-cli --test demo_native_port`
    `-p sigil-cli --test derived_layout`
    `-p sigil-cli --test diag_assert_vector`
    `-p sigil-cli --test dma_queue_port`
    `-p sigil-cli --test dplc_negative_probes`
    `-p sigil-cli --test dplc_port`
    `-p sigil-cli --test emp_cpu_attr_spelling`
    `-p sigil-cli --test entity_window_port`
    `-p sigil-cli --test error_handler_port`
    `-p sigil-cli --test extra_entry`
    `-p sigil-cli --test game_contract_env_coverage`
    `-p sigil-cli --test game_debug_port`
    `-p sigil-cli --test game_loop_port`
    `-p sigil-cli --test hblank_negative_probes`
    `-p sigil-cli --test hblank_port`
    `-p sigil-cli --test header_port`
    `-p sigil-cli --test hole_interior_reserved`
    `-p sigil-cli --test keystone_flip_relocation`
    `-p sigil-cli --test load_art_port`
    `-p sigil-cli --test load_object_port`
    `-p sigil-cli --test lst_source_digest`
    `-p sigil-cli --test math_port`
    `-p sigil-cli --test measure_at_packed_base`
    `-p sigil-cli --test movem_restore_guard_corpus`
    `-p sigil-cli --test mt_bank_port`
    `-p sigil-cli --test mt_negative_probes`
    `-p sigil-cli --test mt_port`
    `-p sigil-cli --test native_declared_chain`
    `-p sigil-cli --test native_full_rom`
    `-p sigil-cli --test native_object_bank_budget`
    `-p sigil-cli --test native_offcanonical_full`
    `-p sigil-cli --test native_offcanonical_placement`
    `-p sigil-cli --test native_offcanonical_rom`
    `-p sigil-cli --test native_rom`
    `-p sigil-cli --test objdef_port`
    `-p sigil-cli --test ojz_run_a_port`
    `-p sigil-cli --test ojz_run_b_port`
    `-p sigil-cli --test out_verify_corpus`
    `-p sigil-cli --test p5_constants_flip`
    `-p sigil-cli --test parallax_port`
    `-p sigil-cli --test parcel_8b_stage_gen_touchers`
    `-p sigil-cli --test particle_anims_port`
    `-p sigil-cli --test plane_buffer_port`
    `-p sigil-cli --test preserves_corpus`
    `-p sigil-cli --test raster_negative_probes`
    `-p sigil-cli --test raster_port`
    `-p sigil-cli --test rings_port`
    `-p sigil-cli --test s4lz_port`
    `-p sigil-cli --test scene_registry_port`
    `-p sigil-cli --test seam1_native_link`
    `-p sigil-cli --test section_alignment_declared`
    `-p sigil-cli --test section_port`
    `-p sigil-cli --test sfx_bank_port`
    `-p sigil-cli --test sfx_negative_probes`
    `-p sigil-cli --test sfx_port`
    `-p sigil-cli --test slot_type_corpus`
    `-p sigil-cli --test sonic_anims_port`
    `-p sigil-cli --test sound_api_port`
    `-p sigil-cli --test soundbankhead_port`
    `-p sigil-cli --test sprites_port`
    `-p sigil-cli --test structs_module`
    `-p sigil-cli --test test_g1_objects_port`
    `-p sigil-cli --test test_g2_objects_port`
    `-p sigil-cli --test test_g3_objects_port`
    `-p sigil-cli --test test_g4_final_objects_port`
    `-p sigil-cli --test test_mappings_port`
    `-p sigil-cli --test test_objects_port`
    `-p sigil-cli --test test_p1_player_port`
    `-p sigil-cli --test test_p2_player_states_port`
    `-p sigil-cli --test test_p4_player_sensors_port`
    `-p sigil-cli --test tile_cache_port`
    `-p sigil-cli --test tranche24_spelling_probes`
    `-p sigil-cli --test tranche2_negative_probes`
    `-p sigil-cli --test tranche3_negative_probes`
    `-p sigil-cli --test tranche4_negative_probes`
    `-p sigil-cli --test tranche5_negative_probes`
    `-p sigil-cli --test tranche6_negative_probes`
    `-p sigil-cli --test tranche7_negative_probes`
    `-p sigil-cli --test vblank_port`
    `-p sigil-cli --test vdp_init_port`
    `-p sigil-cli --test vectors_port`
    `-p sigil-cli --test warn_tier_corpus`
    `-p sigil-cli --test z80_clobbers_incomplete`
    `-p sigil-frontend-emp --test cfg_blind_spots`
    `-p sigil-harness --lib`
    `-p sigil-harness --test banked_carrier_drift`
    `-p sigil-harness --test error_handler_island_membership`
    `-p sigil-harness --test game_config_defines`
    `-p sigil-harness --test listing_defines`
    `-p sigil-harness --test listing_phase_marker`
    `-p sigil-harness --test m1b_gate`
    `-p sigil-harness --test m1c_vector_table`
    `-p sigil-harness --test m68k_capstone_stream`
    `-p sigil-harness --test m68k_roundtrip_stream`
    `-p sigil-harness --test provenance_chain`
    `-p sigil-harness --test region_end_contracts`
    `-p sigil-harness --test repin_pins`
    `-p sigil-harness --test seam1_import_check`
    `-p sigil-harness --test seam1_link_verdict`
BASE_SUITE_DONE rc=101
