 AS V1.42 Beta [Bld 212] - Source File t_abs.asm - Page 1 - 09/12/2026 05:50:15 AM


       1/       0 :                     	cpu 68000
       2/       0 :                     	padding off
       3/       0 :                     	org 0
       4/       0 : 0000 0000 0000      	dc.l abs($0)>>32,abs($0)&$FFFFFFFF
                6 : 0000             
       5/       8 : 0000 0000 0000      	dc.l abs($1)>>32,abs($1)&$FFFFFFFF
                E : 0001             
       6/      10 : 0000 0000 0000      	dc.l abs($2)>>32,abs($2)&$FFFFFFFF
               16 : 0002             
       7/      18 : 0000 0000 0000      	dc.l abs($3)>>32,abs($3)&$FFFFFFFF
               1E : 0003             
       8/      20 : 0000 0000 0000      	dc.l abs($4)>>32,abs($4)&$FFFFFFFF
               26 : 0004             
       9/      28 : 0000 0000 0000      	dc.l abs($5)>>32,abs($5)&$FFFFFFFF
               2E : 0005             
      10/      30 : 0000 0000 0000      	dc.l abs($6)>>32,abs($6)&$FFFFFFFF
               36 : 0006             
      11/      38 : 0000 0000 0000      	dc.l abs($7)>>32,abs($7)&$FFFFFFFF
               3E : 0007             
      12/      40 : 0000 0000 0000      	dc.l abs($8)>>32,abs($8)&$FFFFFFFF
               46 : 0008             
      13/      48 : 0000 0000 0000      	dc.l abs($9)>>32,abs($9)&$FFFFFFFF
               4E : 0009             
      14/      50 : 0000 0000 0000      	dc.l abs($A)>>32,abs($A)&$FFFFFFFF
               56 : 000A             
      15/      58 : 0000 0000 0000      	dc.l abs($B)>>32,abs($B)&$FFFFFFFF
               5E : 000B             
      16/      60 : 0000 0000 0000      	dc.l abs($C)>>32,abs($C)&$FFFFFFFF
               66 : 000C             
      17/      68 : 0000 0000 0000      	dc.l abs($D)>>32,abs($D)&$FFFFFFFF
               6E : 000D             
      18/      70 : 0000 0000 0000      	dc.l abs($E)>>32,abs($E)&$FFFFFFFF
               76 : 000E             
      19/      78 : 0000 0000 0000      	dc.l abs($F)>>32,abs($F)&$FFFFFFFF
               7E : 000F             
      20/      80 : 0000 0000 0000      	dc.l abs($10)>>32,abs($10)&$FFFFFFFF
               86 : 0010             
      21/      88 : 0000 0000 0000      	dc.l abs($11)>>32,abs($11)&$FFFFFFFF
               8E : 0011             
      22/      90 : 0000 0000 0000      	dc.l abs($12)>>32,abs($12)&$FFFFFFFF
               96 : 0012             
      23/      98 : 0000 0000 0000      	dc.l abs($13)>>32,abs($13)&$FFFFFFFF
               9E : 0013             
      24/      A0 : 0000 0000 0000      	dc.l abs($14)>>32,abs($14)&$FFFFFFFF
               A6 : 0014             
      25/      A8 : 0000 0000 0000      	dc.l abs($15)>>32,abs($15)&$FFFFFFFF
               AE : 0015             
      26/      B0 : 0000 0000 0000      	dc.l abs($16)>>32,abs($16)&$FFFFFFFF
               B6 : 0016             
      27/      B8 : 0000 0000 0000      	dc.l abs($17)>>32,abs($17)&$FFFFFFFF
               BE : 0017             
      28/      C0 : 0000 0000 0000      	dc.l abs($18)>>32,abs($18)&$FFFFFFFF
               C6 : 0018             
      29/      C8 : 0000 0000 0000      	dc.l abs($19)>>32,abs($19)&$FFFFFFFF
               CE : 0019             
      30/      D0 : 0000 0000 0000      	dc.l abs($1A)>>32,abs($1A)&$FFFFFFFF
               D6 : 001A             
      31/      D8 : 0000 0000 0000      	dc.l abs($1B)>>32,abs($1B)&$FFFFFFFF
               DE : 001B             
      32/      E0 : 0000 0000 0000      	dc.l abs($1C)>>32,abs($1C)&$FFFFFFFF
 AS V1.42 Beta [Bld 212] - Source File t_abs.asm - Page 2 - 09/12/2026 05:50:15 AM


               E6 : 001C             
      33/      E8 : 0000 0000 0000      	dc.l abs($1D)>>32,abs($1D)&$FFFFFFFF
               EE : 001D             
      34/      F0 : 0000 0000 0000      	dc.l abs($1E)>>32,abs($1E)&$FFFFFFFF
               F6 : 001E             
      35/      F8 : 0000 0000 0000      	dc.l abs($1F)>>32,abs($1F)&$FFFFFFFF
               FE : 001F             
      36/     100 : 0000 0000 0000      	dc.l abs($20)>>32,abs($20)&$FFFFFFFF
              106 : 0020             
      37/     108 : 0000 0000 0000      	dc.l abs($21)>>32,abs($21)&$FFFFFFFF
              10E : 0021             
      38/     110 : 0000 0000 0000      	dc.l abs($22)>>32,abs($22)&$FFFFFFFF
              116 : 0022             
      39/     118 : 0000 0000 0000      	dc.l abs($23)>>32,abs($23)&$FFFFFFFF
              11E : 0023             
      40/     120 : 0000 0000 0000      	dc.l abs($24)>>32,abs($24)&$FFFFFFFF
              126 : 0024             
      41/     128 : 0000 0000 0000      	dc.l abs($25)>>32,abs($25)&$FFFFFFFF
              12E : 0025             
      42/     130 : 0000 0000 0000      	dc.l abs($26)>>32,abs($26)&$FFFFFFFF
              136 : 0026             
      43/     138 : 0000 0000 0000      	dc.l abs($27)>>32,abs($27)&$FFFFFFFF
              13E : 0027             
      44/     140 : 0000 0000 0000      	dc.l abs($28)>>32,abs($28)&$FFFFFFFF
              146 : 0028             
      45/     148 : 0000 0000 0000      	dc.l abs($29)>>32,abs($29)&$FFFFFFFF
              14E : 0029             
      46/     150 : 0000 0000 0000      	dc.l abs($2A)>>32,abs($2A)&$FFFFFFFF
              156 : 002A             
      47/     158 : 0000 0000 0000      	dc.l abs($2B)>>32,abs($2B)&$FFFFFFFF
              15E : 002B             
      48/     160 : 0000 0000 0000      	dc.l abs($2C)>>32,abs($2C)&$FFFFFFFF
              166 : 002C             
      49/     168 : 0000 0000 0000      	dc.l abs($2D)>>32,abs($2D)&$FFFFFFFF
              16E : 002D             
      50/     170 : 0000 0000 0000      	dc.l abs($2E)>>32,abs($2E)&$FFFFFFFF
              176 : 002E             
      51/     178 : 0000 0000 0000      	dc.l abs($2F)>>32,abs($2F)&$FFFFFFFF
              17E : 002F             
      52/     180 : 0000 0000 0000      	dc.l abs($30)>>32,abs($30)&$FFFFFFFF
              186 : 0030             
      53/     188 : 0000 0000 0000      	dc.l abs($31)>>32,abs($31)&$FFFFFFFF
              18E : 0031             
      54/     190 : 0000 0000 0000      	dc.l abs($32)>>32,abs($32)&$FFFFFFFF
              196 : 0032             
      55/     198 : 0000 0000 0000      	dc.l abs($33)>>32,abs($33)&$FFFFFFFF
              19E : 0033             
      56/     1A0 : 0000 0000 0000      	dc.l abs($34)>>32,abs($34)&$FFFFFFFF
              1A6 : 0034             
      57/     1A8 : 0000 0000 0000      	dc.l abs($35)>>32,abs($35)&$FFFFFFFF
              1AE : 0035             
      58/     1B0 : 0000 0000 0000      	dc.l abs($36)>>32,abs($36)&$FFFFFFFF
              1B6 : 0036             
      59/     1B8 : 0000 0000 0000      	dc.l abs($37)>>32,abs($37)&$FFFFFFFF
              1BE : 0037             
      60/     1C0 : 0000 0000 0000      	dc.l abs($38)>>32,abs($38)&$FFFFFFFF
              1C6 : 0038             
      61/     1C8 : 0000 0000 0000      	dc.l abs($39)>>32,abs($39)&$FFFFFFFF
              1CE : 0039             
      62/     1D0 : 0000 0000 0000      	dc.l abs($3A)>>32,abs($3A)&$FFFFFFFF
 AS V1.42 Beta [Bld 212] - Source File t_abs.asm - Page 3 - 09/12/2026 05:50:15 AM


              1D6 : 003A             
      63/     1D8 : 0000 0000 0000      	dc.l abs($3B)>>32,abs($3B)&$FFFFFFFF
              1DE : 003B             
      64/     1E0 : 0000 0000 0000      	dc.l abs($3C)>>32,abs($3C)&$FFFFFFFF
              1E6 : 003C             
      65/     1E8 : 0000 0000 0000      	dc.l abs($3D)>>32,abs($3D)&$FFFFFFFF
              1EE : 003D             
      66/     1F0 : 0000 0000 0000      	dc.l abs($3E)>>32,abs($3E)&$FFFFFFFF
              1F6 : 003E             
      67/     1F8 : 0000 0000 0000      	dc.l abs($3F)>>32,abs($3F)&$FFFFFFFF
              1FE : 003F             
      68/     200 : 0000 0000 0000      	dc.l abs($40)>>32,abs($40)&$FFFFFFFF
              206 : 0040             
      69/     208 : 0000 0000 0000      	dc.l abs($41)>>32,abs($41)&$FFFFFFFF
              20E : 0041             
      70/     210 : 0000 0000 0000      	dc.l abs($42)>>32,abs($42)&$FFFFFFFF
              216 : 0042             
      71/     218 : 0000 0000 0000      	dc.l abs($43)>>32,abs($43)&$FFFFFFFF
              21E : 0043             
      72/     220 : 0000 0000 0000      	dc.l abs($44)>>32,abs($44)&$FFFFFFFF
              226 : 0044             
      73/     228 : 0000 0000 0000      	dc.l abs($45)>>32,abs($45)&$FFFFFFFF
              22E : 0045             
      74/     230 : 0000 0000 0000      	dc.l abs($46)>>32,abs($46)&$FFFFFFFF
              236 : 0046             
      75/     238 : 0000 0000 0000      	dc.l abs($47)>>32,abs($47)&$FFFFFFFF
              23E : 0047             
      76/     240 : 0000 0000 0000      	dc.l abs($48)>>32,abs($48)&$FFFFFFFF
              246 : 0048             
      77/     248 : 0000 0000 0000      	dc.l abs($49)>>32,abs($49)&$FFFFFFFF
              24E : 0049             
      78/     250 : 0000 0000 0000      	dc.l abs($4A)>>32,abs($4A)&$FFFFFFFF
              256 : 004A             
      79/     258 : 0000 0000 0000      	dc.l abs($4B)>>32,abs($4B)&$FFFFFFFF
              25E : 004B             
      80/     260 : 0000 0000 0000      	dc.l abs($4C)>>32,abs($4C)&$FFFFFFFF
              266 : 004C             
      81/     268 : 0000 0000 0000      	dc.l abs($4D)>>32,abs($4D)&$FFFFFFFF
              26E : 004D             
      82/     270 : 0000 0000 0000      	dc.l abs($4E)>>32,abs($4E)&$FFFFFFFF
              276 : 004E             
      83/     278 : 0000 0000 0000      	dc.l abs($4F)>>32,abs($4F)&$FFFFFFFF
              27E : 004F             
      84/     280 : 0000 0000 0000      	dc.l abs($50)>>32,abs($50)&$FFFFFFFF
              286 : 0050             
      85/     288 : 0000 0000 0000      	dc.l abs($51)>>32,abs($51)&$FFFFFFFF
              28E : 0051             
      86/     290 : 0000 0000 0000      	dc.l abs($52)>>32,abs($52)&$FFFFFFFF
              296 : 0052             
      87/     298 : 0000 0000 0000      	dc.l abs($53)>>32,abs($53)&$FFFFFFFF
              29E : 0053             
      88/     2A0 : 0000 0000 0000      	dc.l abs($54)>>32,abs($54)&$FFFFFFFF
              2A6 : 0054             
      89/     2A8 : 0000 0000 0000      	dc.l abs($55)>>32,abs($55)&$FFFFFFFF
              2AE : 0055             
      90/     2B0 : 0000 0000 0000      	dc.l abs($56)>>32,abs($56)&$FFFFFFFF
              2B6 : 0056             
      91/     2B8 : 0000 0000 0000      	dc.l abs($57)>>32,abs($57)&$FFFFFFFF
              2BE : 0057             
      92/     2C0 : 0000 0000 0000      	dc.l abs($58)>>32,abs($58)&$FFFFFFFF
 AS V1.42 Beta [Bld 212] - Source File t_abs.asm - Page 4 - 09/12/2026 05:50:15 AM


              2C6 : 0058             
      93/     2C8 : 0000 0000 0000      	dc.l abs($59)>>32,abs($59)&$FFFFFFFF
              2CE : 0059             
      94/     2D0 : 0000 0000 0000      	dc.l abs($5A)>>32,abs($5A)&$FFFFFFFF
              2D6 : 005A             
      95/     2D8 : 0000 0000 0000      	dc.l abs($5B)>>32,abs($5B)&$FFFFFFFF
              2DE : 005B             
      96/     2E0 : 0000 0000 0000      	dc.l abs($5C)>>32,abs($5C)&$FFFFFFFF
              2E6 : 005C             
      97/     2E8 : 0000 0000 0000      	dc.l abs($5D)>>32,abs($5D)&$FFFFFFFF
              2EE : 005D             
      98/     2F0 : 0000 0000 0000      	dc.l abs($5E)>>32,abs($5E)&$FFFFFFFF
              2F6 : 005E             
      99/     2F8 : 0000 0000 0000      	dc.l abs($5F)>>32,abs($5F)&$FFFFFFFF
              2FE : 005F             
     100/     300 : 0000 0000 0000      	dc.l abs($60)>>32,abs($60)&$FFFFFFFF
              306 : 0060             
     101/     308 : 0000 0000 0000      	dc.l abs($61)>>32,abs($61)&$FFFFFFFF
              30E : 0061             
     102/     310 : 0000 0000 0000      	dc.l abs($62)>>32,abs($62)&$FFFFFFFF
              316 : 0062             
     103/     318 : 0000 0000 0000      	dc.l abs($63)>>32,abs($63)&$FFFFFFFF
              31E : 0063             
     104/     320 : 0000 0000 0000      	dc.l abs($64)>>32,abs($64)&$FFFFFFFF
              326 : 0064             
     105/     328 : 0000 0000 0000      	dc.l abs($65)>>32,abs($65)&$FFFFFFFF
              32E : 0065             
     106/     330 : 0000 0000 0000      	dc.l abs($66)>>32,abs($66)&$FFFFFFFF
              336 : 0066             
     107/     338 : 0000 0000 0000      	dc.l abs($67)>>32,abs($67)&$FFFFFFFF
              33E : 0067             
     108/     340 : 0000 0000 0000      	dc.l abs($68)>>32,abs($68)&$FFFFFFFF
              346 : 0068             
     109/     348 : 0000 0000 0000      	dc.l abs($69)>>32,abs($69)&$FFFFFFFF
              34E : 0069             
     110/     350 : 0000 0000 0000      	dc.l abs($6A)>>32,abs($6A)&$FFFFFFFF
              356 : 006A             
     111/     358 : 0000 0000 0000      	dc.l abs($6B)>>32,abs($6B)&$FFFFFFFF
              35E : 006B             
     112/     360 : 0000 0000 0000      	dc.l abs($6C)>>32,abs($6C)&$FFFFFFFF
              366 : 006C             
     113/     368 : 0000 0000 0000      	dc.l abs($6D)>>32,abs($6D)&$FFFFFFFF
              36E : 006D             
     114/     370 : 0000 0000 0000      	dc.l abs($6E)>>32,abs($6E)&$FFFFFFFF
              376 : 006E             
     115/     378 : 0000 0000 0000      	dc.l abs($6F)>>32,abs($6F)&$FFFFFFFF
              37E : 006F             
     116/     380 : 0000 0000 0000      	dc.l abs($70)>>32,abs($70)&$FFFFFFFF
              386 : 0070             
     117/     388 : 0000 0000 0000      	dc.l abs($71)>>32,abs($71)&$FFFFFFFF
              38E : 0071             
     118/     390 : 0000 0000 0000      	dc.l abs($72)>>32,abs($72)&$FFFFFFFF
              396 : 0072             
     119/     398 : 0000 0000 0000      	dc.l abs($73)>>32,abs($73)&$FFFFFFFF
              39E : 0073             
     120/     3A0 : 0000 0000 0000      	dc.l abs($74)>>32,abs($74)&$FFFFFFFF
              3A6 : 0074             
     121/     3A8 : 0000 0000 0000      	dc.l abs($75)>>32,abs($75)&$FFFFFFFF
              3AE : 0075             
     122/     3B0 : 0000 0000 0000      	dc.l abs($76)>>32,abs($76)&$FFFFFFFF
 AS V1.42 Beta [Bld 212] - Source File t_abs.asm - Page 5 - 09/12/2026 05:50:15 AM


              3B6 : 0076             
     123/     3B8 : 0000 0000 0000      	dc.l abs($77)>>32,abs($77)&$FFFFFFFF
              3BE : 0077             
     124/     3C0 : 0000 0000 0000      	dc.l abs($78)>>32,abs($78)&$FFFFFFFF
              3C6 : 0078             
     125/     3C8 : 0000 0000 0000      	dc.l abs($79)>>32,abs($79)&$FFFFFFFF
              3CE : 0079             
     126/     3D0 : 0000 0000 0000      	dc.l abs($7A)>>32,abs($7A)&$FFFFFFFF
              3D6 : 007A             
     127/     3D8 : 0000 0000 0000      	dc.l abs($7B)>>32,abs($7B)&$FFFFFFFF
              3DE : 007B             
     128/     3E0 : 0000 0000 0000      	dc.l abs($7C)>>32,abs($7C)&$FFFFFFFF
              3E6 : 007C             
     129/     3E8 : 0000 0000 0000      	dc.l abs($7D)>>32,abs($7D)&$FFFFFFFF
              3EE : 007D             
     130/     3F0 : 0000 0000 0000      	dc.l abs($7E)>>32,abs($7E)&$FFFFFFFF
              3F6 : 007E             
     131/     3F8 : 0000 0000 0000      	dc.l abs($7F)>>32,abs($7F)&$FFFFFFFF
              3FE : 007F             
     132/     400 : 0000 0000 0000      	dc.l abs($80)>>32,abs($80)&$FFFFFFFF
              406 : 0080             
     133/     408 : 0000 0000 0000      	dc.l abs($81)>>32,abs($81)&$FFFFFFFF
              40E : 0081             
     134/     410 : 0000 0000 0000      	dc.l abs($82)>>32,abs($82)&$FFFFFFFF
              416 : 0082             
     135/     418 : 0000 0000 0000      	dc.l abs($83)>>32,abs($83)&$FFFFFFFF
              41E : 0083             
     136/     420 : 0000 0000 0000      	dc.l abs($84)>>32,abs($84)&$FFFFFFFF
              426 : 0084             
     137/     428 : 0000 0000 0000      	dc.l abs($85)>>32,abs($85)&$FFFFFFFF
              42E : 0085             
     138/     430 : 0000 0000 0000      	dc.l abs($86)>>32,abs($86)&$FFFFFFFF
              436 : 0086             
     139/     438 : 0000 0000 0000      	dc.l abs($87)>>32,abs($87)&$FFFFFFFF
              43E : 0087             
     140/     440 : 0000 0000 0000      	dc.l abs($88)>>32,abs($88)&$FFFFFFFF
              446 : 0088             
     141/     448 : 0000 0000 0000      	dc.l abs($89)>>32,abs($89)&$FFFFFFFF
              44E : 0089             
     142/     450 : 0000 0000 0000      	dc.l abs($8A)>>32,abs($8A)&$FFFFFFFF
              456 : 008A             
     143/     458 : 0000 0000 0000      	dc.l abs($8B)>>32,abs($8B)&$FFFFFFFF
              45E : 008B             
     144/     460 : 0000 0000 0000      	dc.l abs($8C)>>32,abs($8C)&$FFFFFFFF
              466 : 008C             
     145/     468 : 0000 0000 0000      	dc.l abs($8D)>>32,abs($8D)&$FFFFFFFF
              46E : 008D             
     146/     470 : 0000 0000 0000      	dc.l abs($8E)>>32,abs($8E)&$FFFFFFFF
              476 : 008E             
     147/     478 : 0000 0000 0000      	dc.l abs($8F)>>32,abs($8F)&$FFFFFFFF
              47E : 008F             
     148/     480 : 0000 0000 0000      	dc.l abs($90)>>32,abs($90)&$FFFFFFFF
              486 : 0090             
     149/     488 : 0000 0000 0000      	dc.l abs($91)>>32,abs($91)&$FFFFFFFF
              48E : 0091             
     150/     490 : 0000 0000 0000      	dc.l abs($92)>>32,abs($92)&$FFFFFFFF
              496 : 0092             
     151/     498 : 0000 0000 0000      	dc.l abs($93)>>32,abs($93)&$FFFFFFFF
              49E : 0093             
     152/     4A0 : 0000 0000 0000      	dc.l abs($94)>>32,abs($94)&$FFFFFFFF
 AS V1.42 Beta [Bld 212] - Source File t_abs.asm - Page 6 - 09/12/2026 05:50:15 AM


              4A6 : 0094             
     153/     4A8 : 0000 0000 0000      	dc.l abs($95)>>32,abs($95)&$FFFFFFFF
              4AE : 0095             
     154/     4B0 : 0000 0000 0000      	dc.l abs($96)>>32,abs($96)&$FFFFFFFF
              4B6 : 0096             
     155/     4B8 : 0000 0000 0000      	dc.l abs($97)>>32,abs($97)&$FFFFFFFF
              4BE : 0097             
     156/     4C0 : 0000 0000 0000      	dc.l abs($98)>>32,abs($98)&$FFFFFFFF
              4C6 : 0098             
     157/     4C8 : 0000 0000 0000      	dc.l abs($99)>>32,abs($99)&$FFFFFFFF
              4CE : 0099             
     158/     4D0 : 0000 0000 0000      	dc.l abs($9A)>>32,abs($9A)&$FFFFFFFF
              4D6 : 009A             
     159/     4D8 : 0000 0000 0000      	dc.l abs($9B)>>32,abs($9B)&$FFFFFFFF
              4DE : 009B             
     160/     4E0 : 0000 0000 0000      	dc.l abs($9C)>>32,abs($9C)&$FFFFFFFF
              4E6 : 009C             
     161/     4E8 : 0000 0000 0000      	dc.l abs($9D)>>32,abs($9D)&$FFFFFFFF
              4EE : 009D             
     162/     4F0 : 0000 0000 0000      	dc.l abs($9E)>>32,abs($9E)&$FFFFFFFF
              4F6 : 009E             
     163/     4F8 : 0000 0000 0000      	dc.l abs($9F)>>32,abs($9F)&$FFFFFFFF
              4FE : 009F             
     164/     500 : 0000 0000 0000      	dc.l abs($A0)>>32,abs($A0)&$FFFFFFFF
              506 : 00A0             
     165/     508 : 0000 0000 0000      	dc.l abs($A1)>>32,abs($A1)&$FFFFFFFF
              50E : 00A1             
     166/     510 : 0000 0000 0000      	dc.l abs($A2)>>32,abs($A2)&$FFFFFFFF
              516 : 00A2             
     167/     518 : 0000 0000 0000      	dc.l abs($A3)>>32,abs($A3)&$FFFFFFFF
              51E : 00A3             
     168/     520 : 0000 0000 0000      	dc.l abs($A4)>>32,abs($A4)&$FFFFFFFF
              526 : 00A4             
     169/     528 : 0000 0000 0000      	dc.l abs($A5)>>32,abs($A5)&$FFFFFFFF
              52E : 00A5             
     170/     530 : 0000 0000 0000      	dc.l abs($A6)>>32,abs($A6)&$FFFFFFFF
              536 : 00A6             
     171/     538 : 0000 0000 0000      	dc.l abs($A7)>>32,abs($A7)&$FFFFFFFF
              53E : 00A7             
     172/     540 : 0000 0000 0000      	dc.l abs($A8)>>32,abs($A8)&$FFFFFFFF
              546 : 00A8             
     173/     548 : 0000 0000 0000      	dc.l abs($A9)>>32,abs($A9)&$FFFFFFFF
              54E : 00A9             
     174/     550 : 0000 0000 0000      	dc.l abs($AA)>>32,abs($AA)&$FFFFFFFF
              556 : 00AA             
     175/     558 : 0000 0000 0000      	dc.l abs($AB)>>32,abs($AB)&$FFFFFFFF
              55E : 00AB             
     176/     560 : 0000 0000 0000      	dc.l abs($AC)>>32,abs($AC)&$FFFFFFFF
              566 : 00AC             
     177/     568 : 0000 0000 0000      	dc.l abs($AD)>>32,abs($AD)&$FFFFFFFF
              56E : 00AD             
     178/     570 : 0000 0000 0000      	dc.l abs($AE)>>32,abs($AE)&$FFFFFFFF
              576 : 00AE             
     179/     578 : 0000 0000 0000      	dc.l abs($AF)>>32,abs($AF)&$FFFFFFFF
              57E : 00AF             
     180/     580 : 0000 0000 0000      	dc.l abs($B0)>>32,abs($B0)&$FFFFFFFF
              586 : 00B0             
     181/     588 : 0000 0000 0000      	dc.l abs($B1)>>32,abs($B1)&$FFFFFFFF
              58E : 00B1             
     182/     590 : 0000 0000 0000      	dc.l abs($B2)>>32,abs($B2)&$FFFFFFFF
 AS V1.42 Beta [Bld 212] - Source File t_abs.asm - Page 7 - 09/12/2026 05:50:15 AM


              596 : 00B2             
     183/     598 : 0000 0000 0000      	dc.l abs($B3)>>32,abs($B3)&$FFFFFFFF
              59E : 00B3             
     184/     5A0 : 0000 0000 0000      	dc.l abs($B4)>>32,abs($B4)&$FFFFFFFF
              5A6 : 00B4             
     185/     5A8 : 0000 0000 0000      	dc.l abs($B5)>>32,abs($B5)&$FFFFFFFF
              5AE : 00B5             
     186/     5B0 : 0000 0000 0000      	dc.l abs($B6)>>32,abs($B6)&$FFFFFFFF
              5B6 : 00B6             
     187/     5B8 : 0000 0000 0000      	dc.l abs($B7)>>32,abs($B7)&$FFFFFFFF
              5BE : 00B7             
     188/     5C0 : 0000 0000 0000      	dc.l abs($B8)>>32,abs($B8)&$FFFFFFFF
              5C6 : 00B8             
     189/     5C8 : 0000 0000 0000      	dc.l abs($B9)>>32,abs($B9)&$FFFFFFFF
              5CE : 00B9             
     190/     5D0 : 0000 0000 0000      	dc.l abs($BA)>>32,abs($BA)&$FFFFFFFF
              5D6 : 00BA             
     191/     5D8 : 0000 0000 0000      	dc.l abs($BB)>>32,abs($BB)&$FFFFFFFF
              5DE : 00BB             
     192/     5E0 : 0000 0000 0000      	dc.l abs($BC)>>32,abs($BC)&$FFFFFFFF
              5E6 : 00BC             
     193/     5E8 : 0000 0000 0000      	dc.l abs($BD)>>32,abs($BD)&$FFFFFFFF
              5EE : 00BD             
     194/     5F0 : 0000 0000 0000      	dc.l abs($BE)>>32,abs($BE)&$FFFFFFFF
              5F6 : 00BE             
     195/     5F8 : 0000 0000 0000      	dc.l abs($BF)>>32,abs($BF)&$FFFFFFFF
              5FE : 00BF             
     196/     600 : 0000 0000 0000      	dc.l abs($C0)>>32,abs($C0)&$FFFFFFFF
              606 : 00C0             
     197/     608 : 0000 0000 0000      	dc.l abs($C1)>>32,abs($C1)&$FFFFFFFF
              60E : 00C1             
     198/     610 : 0000 0000 0000      	dc.l abs($C2)>>32,abs($C2)&$FFFFFFFF
              616 : 00C2             
     199/     618 : 0000 0000 0000      	dc.l abs($C3)>>32,abs($C3)&$FFFFFFFF
              61E : 00C3             
     200/     620 : 0000 0000 0000      	dc.l abs($C4)>>32,abs($C4)&$FFFFFFFF
              626 : 00C4             
     201/     628 : 0000 0000 0000      	dc.l abs($C5)>>32,abs($C5)&$FFFFFFFF
              62E : 00C5             
     202/     630 : 0000 0000 0000      	dc.l abs($C6)>>32,abs($C6)&$FFFFFFFF
              636 : 00C6             
     203/     638 : 0000 0000 0000      	dc.l abs($C7)>>32,abs($C7)&$FFFFFFFF
              63E : 00C7             
     204/     640 : 0000 0000 0000      	dc.l abs($C8)>>32,abs($C8)&$FFFFFFFF
              646 : 00C8             
     205/     648 : 0000 0000 0000      	dc.l abs($C9)>>32,abs($C9)&$FFFFFFFF
              64E : 00C9             
     206/     650 : 0000 0000 0000      	dc.l abs($CA)>>32,abs($CA)&$FFFFFFFF
              656 : 00CA             
     207/     658 : 0000 0000 0000      	dc.l abs($CB)>>32,abs($CB)&$FFFFFFFF
              65E : 00CB             
     208/     660 : 0000 0000 0000      	dc.l abs($CC)>>32,abs($CC)&$FFFFFFFF
              666 : 00CC             
     209/     668 : 0000 0000 0000      	dc.l abs($CD)>>32,abs($CD)&$FFFFFFFF
              66E : 00CD             
     210/     670 : 0000 0000 0000      	dc.l abs($CE)>>32,abs($CE)&$FFFFFFFF
              676 : 00CE             
     211/     678 : 0000 0000 0000      	dc.l abs($CF)>>32,abs($CF)&$FFFFFFFF
              67E : 00CF             
     212/     680 : 0000 0000 0000      	dc.l abs($D0)>>32,abs($D0)&$FFFFFFFF
 AS V1.42 Beta [Bld 212] - Source File t_abs.asm - Page 8 - 09/12/2026 05:50:15 AM


              686 : 00D0             
     213/     688 : 0000 0000 0000      	dc.l abs($D1)>>32,abs($D1)&$FFFFFFFF
              68E : 00D1             
     214/     690 : 0000 0000 0000      	dc.l abs($D2)>>32,abs($D2)&$FFFFFFFF
              696 : 00D2             
     215/     698 : 0000 0000 0000      	dc.l abs($D3)>>32,abs($D3)&$FFFFFFFF
              69E : 00D3             
     216/     6A0 : 0000 0000 0000      	dc.l abs($D4)>>32,abs($D4)&$FFFFFFFF
              6A6 : 00D4             
     217/     6A8 : 0000 0000 0000      	dc.l abs($D5)>>32,abs($D5)&$FFFFFFFF
              6AE : 00D5             
     218/     6B0 : 0000 0000 0000      	dc.l abs($D6)>>32,abs($D6)&$FFFFFFFF
              6B6 : 00D6             
     219/     6B8 : 0000 0000 0000      	dc.l abs($D7)>>32,abs($D7)&$FFFFFFFF
              6BE : 00D7             
     220/     6C0 : 0000 0000 0000      	dc.l abs($D8)>>32,abs($D8)&$FFFFFFFF
              6C6 : 00D8             
     221/     6C8 : 0000 0000 0000      	dc.l abs($D9)>>32,abs($D9)&$FFFFFFFF
              6CE : 00D9             
     222/     6D0 : 0000 0000 0000      	dc.l abs($DA)>>32,abs($DA)&$FFFFFFFF
              6D6 : 00DA             
     223/     6D8 : 0000 0000 0000      	dc.l abs($DB)>>32,abs($DB)&$FFFFFFFF
              6DE : 00DB             
     224/     6E0 : 0000 0000 0000      	dc.l abs($DC)>>32,abs($DC)&$FFFFFFFF
              6E6 : 00DC             
     225/     6E8 : 0000 0000 0000      	dc.l abs($DD)>>32,abs($DD)&$FFFFFFFF
              6EE : 00DD             
     226/     6F0 : 0000 0000 0000      	dc.l abs($DE)>>32,abs($DE)&$FFFFFFFF
              6F6 : 00DE             
     227/     6F8 : 0000 0000 0000      	dc.l abs($DF)>>32,abs($DF)&$FFFFFFFF
              6FE : 00DF             
     228/     700 : 0000 0000 0000      	dc.l abs($E0)>>32,abs($E0)&$FFFFFFFF
              706 : 00E0             
     229/     708 : 0000 0000 0000      	dc.l abs($E1)>>32,abs($E1)&$FFFFFFFF
              70E : 00E1             
     230/     710 : 0000 0000 0000      	dc.l abs($E2)>>32,abs($E2)&$FFFFFFFF
              716 : 00E2             
     231/     718 : 0000 0000 0000      	dc.l abs($E3)>>32,abs($E3)&$FFFFFFFF
              71E : 00E3             
     232/     720 : 0000 0000 0000      	dc.l abs($E4)>>32,abs($E4)&$FFFFFFFF
              726 : 00E4             
     233/     728 : 0000 0000 0000      	dc.l abs($E5)>>32,abs($E5)&$FFFFFFFF
              72E : 00E5             
     234/     730 : 0000 0000 0000      	dc.l abs($E6)>>32,abs($E6)&$FFFFFFFF
              736 : 00E6             
     235/     738 : 0000 0000 0000      	dc.l abs($E7)>>32,abs($E7)&$FFFFFFFF
              73E : 00E7             
     236/     740 : 0000 0000 0000      	dc.l abs($E8)>>32,abs($E8)&$FFFFFFFF
              746 : 00E8             
     237/     748 : 0000 0000 0000      	dc.l abs($E9)>>32,abs($E9)&$FFFFFFFF
              74E : 00E9             
     238/     750 : 0000 0000 0000      	dc.l abs($EA)>>32,abs($EA)&$FFFFFFFF
              756 : 00EA             
     239/     758 : 0000 0000 0000      	dc.l abs($EB)>>32,abs($EB)&$FFFFFFFF
              75E : 00EB             
     240/     760 : 0000 0000 0000      	dc.l abs($EC)>>32,abs($EC)&$FFFFFFFF
              766 : 00EC             
     241/     768 : 0000 0000 0000      	dc.l abs($ED)>>32,abs($ED)&$FFFFFFFF
              76E : 00ED             
     242/     770 : 0000 0000 0000      	dc.l abs($EE)>>32,abs($EE)&$FFFFFFFF
 AS V1.42 Beta [Bld 212] - Source File t_abs.asm - Page 9 - 09/12/2026 05:50:15 AM


              776 : 00EE             
     243/     778 : 0000 0000 0000      	dc.l abs($EF)>>32,abs($EF)&$FFFFFFFF
              77E : 00EF             
     244/     780 : 0000 0000 0000      	dc.l abs($F0)>>32,abs($F0)&$FFFFFFFF
              786 : 00F0             
     245/     788 : 0000 0000 0000      	dc.l abs($F1)>>32,abs($F1)&$FFFFFFFF
              78E : 00F1             
     246/     790 : 0000 0000 0000      	dc.l abs($F2)>>32,abs($F2)&$FFFFFFFF
              796 : 00F2             
     247/     798 : 0000 0000 0000      	dc.l abs($F3)>>32,abs($F3)&$FFFFFFFF
              79E : 00F3             
     248/     7A0 : 0000 0000 0000      	dc.l abs($F4)>>32,abs($F4)&$FFFFFFFF
              7A6 : 00F4             
     249/     7A8 : 0000 0000 0000      	dc.l abs($F5)>>32,abs($F5)&$FFFFFFFF
              7AE : 00F5             
     250/     7B0 : 0000 0000 0000      	dc.l abs($F6)>>32,abs($F6)&$FFFFFFFF
              7B6 : 00F6             
     251/     7B8 : 0000 0000 0000      	dc.l abs($F7)>>32,abs($F7)&$FFFFFFFF
              7BE : 00F7             
     252/     7C0 : 0000 0000 0000      	dc.l abs($F8)>>32,abs($F8)&$FFFFFFFF
              7C6 : 00F8             
     253/     7C8 : 0000 0000 0000      	dc.l abs($F9)>>32,abs($F9)&$FFFFFFFF
              7CE : 00F9             
     254/     7D0 : 0000 0000 0000      	dc.l abs($FA)>>32,abs($FA)&$FFFFFFFF
              7D6 : 00FA             
     255/     7D8 : 0000 0000 0000      	dc.l abs($FB)>>32,abs($FB)&$FFFFFFFF
              7DE : 00FB             
     256/     7E0 : 0000 0000 0000      	dc.l abs($FC)>>32,abs($FC)&$FFFFFFFF
              7E6 : 00FC             
     257/     7E8 : 0000 0000 0000      	dc.l abs($FD)>>32,abs($FD)&$FFFFFFFF
              7EE : 00FD             
     258/     7F0 : 0000 0000 0000      	dc.l abs($FE)>>32,abs($FE)&$FFFFFFFF
              7F6 : 00FE             
     259/     7F8 : 0000 0000 0000      	dc.l abs($FF)>>32,abs($FF)&$FFFFFFFF
              7FE : 00FF             
     260/     800 : 0000 0000 0000      	dc.l abs($100)>>32,abs($100)&$FFFFFFFF
              806 : 0100             
     261/     808 : 0000 0000 0000      	dc.l abs($101)>>32,abs($101)&$FFFFFFFF
              80E : 0101             
     262/     810 : 0000 0000 0000      	dc.l abs($102)>>32,abs($102)&$FFFFFFFF
              816 : 0102             
     263/     818 : 0000 0000 0000      	dc.l abs($103)>>32,abs($103)&$FFFFFFFF
              81E : 0103             
     264/     820 : 0000 0000 0000      	dc.l abs($104)>>32,abs($104)&$FFFFFFFF
              826 : 0104             
     265/     828 : 0000 0000 0000      	dc.l abs($105)>>32,abs($105)&$FFFFFFFF
              82E : 0105             
     266/     830 : 0000 0000 0000      	dc.l abs($106)>>32,abs($106)&$FFFFFFFF
              836 : 0106             
     267/     838 : 0000 0000 0000      	dc.l abs($107)>>32,abs($107)&$FFFFFFFF
              83E : 0107             
     268/     840 : 0000 0000 0000      	dc.l abs($108)>>32,abs($108)&$FFFFFFFF
              846 : 0108             
     269/     848 : 0000 0000 0000      	dc.l abs($109)>>32,abs($109)&$FFFFFFFF
              84E : 0109             
     270/     850 : 0000 0000 0000      	dc.l abs($10A)>>32,abs($10A)&$FFFFFFFF
              856 : 010A             
     271/     858 : 0000 0000 0000      	dc.l abs($10B)>>32,abs($10B)&$FFFFFFFF
              85E : 010B             
     272/     860 : 0000 0000 0000      	dc.l abs($10C)>>32,abs($10C)&$FFFFFFFF
 AS V1.42 Beta [Bld 212] - Source File t_abs.asm - Page 10 - 09/12/2026 05:50:15 AM


              866 : 010C             
     273/     868 : 0000 0000 0000      	dc.l abs($10D)>>32,abs($10D)&$FFFFFFFF
              86E : 010D             
     274/     870 : 0000 0000 0000      	dc.l abs($10E)>>32,abs($10E)&$FFFFFFFF
              876 : 010E             
     275/     878 : 0000 0000 0000      	dc.l abs($10F)>>32,abs($10F)&$FFFFFFFF
              87E : 010F             
     276/     880 : 0000 0000 0000      	dc.l abs($110)>>32,abs($110)&$FFFFFFFF
              886 : 0110             
     277/     888 : 0000 0000 0000      	dc.l abs($111)>>32,abs($111)&$FFFFFFFF
              88E : 0111             
     278/     890 : 0000 0000 0000      	dc.l abs($112)>>32,abs($112)&$FFFFFFFF
              896 : 0112             
     279/     898 : 0000 0000 0000      	dc.l abs($113)>>32,abs($113)&$FFFFFFFF
              89E : 0113             
     280/     8A0 : 0000 0000 0000      	dc.l abs($114)>>32,abs($114)&$FFFFFFFF
              8A6 : 0114             
     281/     8A8 : 0000 0000 0000      	dc.l abs($115)>>32,abs($115)&$FFFFFFFF
              8AE : 0115             
     282/     8B0 : 0000 0000 0000      	dc.l abs($116)>>32,abs($116)&$FFFFFFFF
              8B6 : 0116             
     283/     8B8 : 0000 0000 0000      	dc.l abs($117)>>32,abs($117)&$FFFFFFFF
              8BE : 0117             
     284/     8C0 : 0000 0000 0000      	dc.l abs($118)>>32,abs($118)&$FFFFFFFF
              8C6 : 0118             
     285/     8C8 : 0000 0000 0000      	dc.l abs($119)>>32,abs($119)&$FFFFFFFF
              8CE : 0119             
     286/     8D0 : 0000 0000 0000      	dc.l abs($11A)>>32,abs($11A)&$FFFFFFFF
              8D6 : 011A             
     287/     8D8 : 0000 0000 0000      	dc.l abs($11B)>>32,abs($11B)&$FFFFFFFF
              8DE : 011B             
     288/     8E0 : 0000 0000 0000      	dc.l abs($11C)>>32,abs($11C)&$FFFFFFFF
              8E6 : 011C             
     289/     8E8 : 0000 0000 0000      	dc.l abs($11D)>>32,abs($11D)&$FFFFFFFF
              8EE : 011D             
     290/     8F0 : 0000 0000 0000      	dc.l abs($11E)>>32,abs($11E)&$FFFFFFFF
              8F6 : 011E             
     291/     8F8 : 0000 0000 0000      	dc.l abs($11F)>>32,abs($11F)&$FFFFFFFF
              8FE : 011F             
     292/     900 : 0000 0000 0000      	dc.l abs($120)>>32,abs($120)&$FFFFFFFF
              906 : 0120             
     293/     908 : 0000 0000 0000      	dc.l abs($121)>>32,abs($121)&$FFFFFFFF
              90E : 0121             
     294/     910 : 0000 0000 0000      	dc.l abs($122)>>32,abs($122)&$FFFFFFFF
              916 : 0122             
     295/     918 : 0000 0000 0000      	dc.l abs($123)>>32,abs($123)&$FFFFFFFF
              91E : 0123             
     296/     920 : 0000 0000 0000      	dc.l abs($124)>>32,abs($124)&$FFFFFFFF
              926 : 0124             
     297/     928 : 0000 0000 0000      	dc.l abs($125)>>32,abs($125)&$FFFFFFFF
              92E : 0125             
     298/     930 : 0000 0000 0000      	dc.l abs($126)>>32,abs($126)&$FFFFFFFF
              936 : 0126             
     299/     938 : 0000 0000 0000      	dc.l abs($127)>>32,abs($127)&$FFFFFFFF
              93E : 0127             
     300/     940 : 0000 0000 0000      	dc.l abs($128)>>32,abs($128)&$FFFFFFFF
              946 : 0128             
     301/     948 : 0000 0000 0000      	dc.l abs($129)>>32,abs($129)&$FFFFFFFF
              94E : 0129             
     302/     950 : 0000 0000 0000      	dc.l abs($12A)>>32,abs($12A)&$FFFFFFFF
 AS V1.42 Beta [Bld 212] - Source File t_abs.asm - Page 11 - 09/12/2026 05:50:15 AM


              956 : 012A             
     303/     958 : 0000 0000 0000      	dc.l abs($12B)>>32,abs($12B)&$FFFFFFFF
              95E : 012B             
     304/     960 : 0000 0000 0000      	dc.l abs($12C)>>32,abs($12C)&$FFFFFFFF
              966 : 012C             
     305/     968 : 0000 0000 0000      	dc.l abs($12D)>>32,abs($12D)&$FFFFFFFF
              96E : 012D             
     306/     970 : 0000 0000 0000      	dc.l abs($12E)>>32,abs($12E)&$FFFFFFFF
              976 : 012E             
     307/     978 : 0000 0000 0000      	dc.l abs($12F)>>32,abs($12F)&$FFFFFFFF
              97E : 012F             
     308/     980 : 0000 0000 0000      	dc.l abs($130)>>32,abs($130)&$FFFFFFFF
              986 : 0130             
     309/     988 : 0000 0000 0000      	dc.l abs($131)>>32,abs($131)&$FFFFFFFF
              98E : 0131             
     310/     990 : 0000 0000 0000      	dc.l abs($132)>>32,abs($132)&$FFFFFFFF
              996 : 0132             
     311/     998 : 0000 0000 0000      	dc.l abs($133)>>32,abs($133)&$FFFFFFFF
              99E : 0133             
     312/     9A0 : 0000 0000 0000      	dc.l abs($134)>>32,abs($134)&$FFFFFFFF
              9A6 : 0134             
     313/     9A8 : 0000 0000 0000      	dc.l abs($135)>>32,abs($135)&$FFFFFFFF
              9AE : 0135             
     314/     9B0 : 0000 0000 0000      	dc.l abs($136)>>32,abs($136)&$FFFFFFFF
              9B6 : 0136             
     315/     9B8 : 0000 0000 0000      	dc.l abs($137)>>32,abs($137)&$FFFFFFFF
              9BE : 0137             
     316/     9C0 : 0000 0000 0000      	dc.l abs($138)>>32,abs($138)&$FFFFFFFF
              9C6 : 0138             
     317/     9C8 : 0000 0000 0000      	dc.l abs($139)>>32,abs($139)&$FFFFFFFF
              9CE : 0139             
     318/     9D0 : 0000 0000 0000      	dc.l abs($13A)>>32,abs($13A)&$FFFFFFFF
              9D6 : 013A             
     319/     9D8 : 0000 0000 0000      	dc.l abs($13B)>>32,abs($13B)&$FFFFFFFF
              9DE : 013B             
     320/     9E0 : 0000 0000 0000      	dc.l abs($13C)>>32,abs($13C)&$FFFFFFFF
              9E6 : 013C             
     321/     9E8 : 0000 0000 0000      	dc.l abs($13D)>>32,abs($13D)&$FFFFFFFF
              9EE : 013D             
     322/     9F0 : 0000 0000 0000      	dc.l abs($13E)>>32,abs($13E)&$FFFFFFFF
              9F6 : 013E             
     323/     9F8 : 0000 0000 0000      	dc.l abs($13F)>>32,abs($13F)&$FFFFFFFF
              9FE : 013F             
     324/     A00 : 0000 0000 0000      	dc.l abs($140)>>32,abs($140)&$FFFFFFFF
              A06 : 0140             
     325/     A08 : 0000 0000 0000      	dc.l abs($141)>>32,abs($141)&$FFFFFFFF
              A0E : 0141             
     326/     A10 : 0000 0000 0000      	dc.l abs($142)>>32,abs($142)&$FFFFFFFF
              A16 : 0142             
     327/     A18 : 0000 0000 0000      	dc.l abs($143)>>32,abs($143)&$FFFFFFFF
              A1E : 0143             
     328/     A20 : 0000 0000 0000      	dc.l abs($144)>>32,abs($144)&$FFFFFFFF
              A26 : 0144             
     329/     A28 : 0000 0000 0000      	dc.l abs($145)>>32,abs($145)&$FFFFFFFF
              A2E : 0145             
     330/     A30 : 0000 0000 0000      	dc.l abs($146)>>32,abs($146)&$FFFFFFFF
              A36 : 0146             
     331/     A38 : 0000 0000 0000      	dc.l abs($147)>>32,abs($147)&$FFFFFFFF
              A3E : 0147             
     332/     A40 : 0000 0000 0000      	dc.l abs($148)>>32,abs($148)&$FFFFFFFF
 AS V1.42 Beta [Bld 212] - Source File t_abs.asm - Page 12 - 09/12/2026 05:50:15 AM


              A46 : 0148             
     333/     A48 : 0000 0000 0000      	dc.l abs($149)>>32,abs($149)&$FFFFFFFF
              A4E : 0149             
     334/     A50 : 0000 0000 0000      	dc.l abs($14A)>>32,abs($14A)&$FFFFFFFF
              A56 : 014A             
     335/     A58 : 0000 0000 0000      	dc.l abs($14B)>>32,abs($14B)&$FFFFFFFF
              A5E : 014B             
     336/     A60 : 0000 0000 0000      	dc.l abs($14C)>>32,abs($14C)&$FFFFFFFF
              A66 : 014C             
     337/     A68 : 0000 0000 0000      	dc.l abs($14D)>>32,abs($14D)&$FFFFFFFF
              A6E : 014D             
     338/     A70 : 0000 0000 0000      	dc.l abs($14E)>>32,abs($14E)&$FFFFFFFF
              A76 : 014E             
     339/     A78 : 0000 0000 0000      	dc.l abs($14F)>>32,abs($14F)&$FFFFFFFF
              A7E : 014F             
     340/     A80 : 0000 0000 0000      	dc.l abs($150)>>32,abs($150)&$FFFFFFFF
              A86 : 0150             
     341/     A88 : 0000 0000 0000      	dc.l abs($151)>>32,abs($151)&$FFFFFFFF
              A8E : 0151             
     342/     A90 : 0000 0000 0000      	dc.l abs($152)>>32,abs($152)&$FFFFFFFF
              A96 : 0152             
     343/     A98 : 0000 0000 0000      	dc.l abs($153)>>32,abs($153)&$FFFFFFFF
              A9E : 0153             
     344/     AA0 : 0000 0000 0000      	dc.l abs($154)>>32,abs($154)&$FFFFFFFF
              AA6 : 0154             
     345/     AA8 : 0000 0000 0000      	dc.l abs($155)>>32,abs($155)&$FFFFFFFF
              AAE : 0155             
     346/     AB0 : 0000 0000 0000      	dc.l abs($156)>>32,abs($156)&$FFFFFFFF
              AB6 : 0156             
     347/     AB8 : 0000 0000 0000      	dc.l abs($157)>>32,abs($157)&$FFFFFFFF
              ABE : 0157             
     348/     AC0 : 0000 0000 0000      	dc.l abs($158)>>32,abs($158)&$FFFFFFFF
              AC6 : 0158             
     349/     AC8 : 0000 0000 0000      	dc.l abs($159)>>32,abs($159)&$FFFFFFFF
              ACE : 0159             
     350/     AD0 : 0000 0000 0000      	dc.l abs($15A)>>32,abs($15A)&$FFFFFFFF
              AD6 : 015A             
     351/     AD8 : 0000 0000 0000      	dc.l abs($15B)>>32,abs($15B)&$FFFFFFFF
              ADE : 015B             
     352/     AE0 : 0000 0000 0000      	dc.l abs($15C)>>32,abs($15C)&$FFFFFFFF
              AE6 : 015C             
     353/     AE8 : 0000 0000 0000      	dc.l abs($15D)>>32,abs($15D)&$FFFFFFFF
              AEE : 015D             
     354/     AF0 : 0000 0000 0000      	dc.l abs($15E)>>32,abs($15E)&$FFFFFFFF
              AF6 : 015E             
     355/     AF8 : 0000 0000 0000      	dc.l abs($15F)>>32,abs($15F)&$FFFFFFFF
              AFE : 015F             
     356/     B00 : 0000 0000 0000      	dc.l abs($160)>>32,abs($160)&$FFFFFFFF
              B06 : 0160             
     357/     B08 : 0000 0000 0000      	dc.l abs($161)>>32,abs($161)&$FFFFFFFF
              B0E : 0161             
     358/     B10 : 0000 0000 0000      	dc.l abs($162)>>32,abs($162)&$FFFFFFFF
              B16 : 0162             
     359/     B18 : 0000 0000 0000      	dc.l abs($163)>>32,abs($163)&$FFFFFFFF
              B1E : 0163             
     360/     B20 : 0000 0000 0000      	dc.l abs($164)>>32,abs($164)&$FFFFFFFF
              B26 : 0164             
     361/     B28 : 0000 0000 0000      	dc.l abs($165)>>32,abs($165)&$FFFFFFFF
              B2E : 0165             
     362/     B30 : 0000 0000 0000      	dc.l abs($166)>>32,abs($166)&$FFFFFFFF
 AS V1.42 Beta [Bld 212] - Source File t_abs.asm - Page 13 - 09/12/2026 05:50:15 AM


              B36 : 0166             
     363/     B38 : 0000 0000 0000      	dc.l abs($167)>>32,abs($167)&$FFFFFFFF
              B3E : 0167             
     364/     B40 : 0000 0000 0000      	dc.l abs($168)>>32,abs($168)&$FFFFFFFF
              B46 : 0168             
     365/     B48 : 0000 0000 0000      	dc.l abs($169)>>32,abs($169)&$FFFFFFFF
              B4E : 0169             
     366/     B50 : 0000 0000 0000      	dc.l abs($16A)>>32,abs($16A)&$FFFFFFFF
              B56 : 016A             
     367/     B58 : 0000 0000 0000      	dc.l abs($16B)>>32,abs($16B)&$FFFFFFFF
              B5E : 016B             
     368/     B60 : 0000 0000 0000      	dc.l abs($16C)>>32,abs($16C)&$FFFFFFFF
              B66 : 016C             
     369/     B68 : 0000 0000 0000      	dc.l abs($16D)>>32,abs($16D)&$FFFFFFFF
              B6E : 016D             
     370/     B70 : 0000 0000 0000      	dc.l abs($16E)>>32,abs($16E)&$FFFFFFFF
              B76 : 016E             
     371/     B78 : 0000 0000 0000      	dc.l abs($16F)>>32,abs($16F)&$FFFFFFFF
              B7E : 016F             
     372/     B80 : 0000 0000 0000      	dc.l abs($170)>>32,abs($170)&$FFFFFFFF
              B86 : 0170             
     373/     B88 : 0000 0000 0000      	dc.l abs($171)>>32,abs($171)&$FFFFFFFF
              B8E : 0171             
     374/     B90 : 0000 0000 0000      	dc.l abs($172)>>32,abs($172)&$FFFFFFFF
              B96 : 0172             
     375/     B98 : 0000 0000 0000      	dc.l abs($173)>>32,abs($173)&$FFFFFFFF
              B9E : 0173             
     376/     BA0 : 0000 0000 0000      	dc.l abs($174)>>32,abs($174)&$FFFFFFFF
              BA6 : 0174             
     377/     BA8 : 0000 0000 0000      	dc.l abs($175)>>32,abs($175)&$FFFFFFFF
              BAE : 0175             
     378/     BB0 : 0000 0000 0000      	dc.l abs($176)>>32,abs($176)&$FFFFFFFF
              BB6 : 0176             
     379/     BB8 : 0000 0000 0000      	dc.l abs($177)>>32,abs($177)&$FFFFFFFF
              BBE : 0177             
     380/     BC0 : 0000 0000 0000      	dc.l abs($178)>>32,abs($178)&$FFFFFFFF
              BC6 : 0178             
     381/     BC8 : 0000 0000 0000      	dc.l abs($179)>>32,abs($179)&$FFFFFFFF
              BCE : 0179             
     382/     BD0 : 0000 0000 0000      	dc.l abs($17A)>>32,abs($17A)&$FFFFFFFF
              BD6 : 017A             
     383/     BD8 : 0000 0000 0000      	dc.l abs($17B)>>32,abs($17B)&$FFFFFFFF
              BDE : 017B             
     384/     BE0 : 0000 0000 0000      	dc.l abs($17C)>>32,abs($17C)&$FFFFFFFF
              BE6 : 017C             
     385/     BE8 : 0000 0000 0000      	dc.l abs($17D)>>32,abs($17D)&$FFFFFFFF
              BEE : 017D             
     386/     BF0 : 0000 0000 0000      	dc.l abs($17E)>>32,abs($17E)&$FFFFFFFF
              BF6 : 017E             
     387/     BF8 : 0000 0000 0000      	dc.l abs($17F)>>32,abs($17F)&$FFFFFFFF
              BFE : 017F             
     388/     C00 : 0000 0000 0000      	dc.l abs($180)>>32,abs($180)&$FFFFFFFF
              C06 : 0180             
     389/     C08 : 0000 0000 0000      	dc.l abs($181)>>32,abs($181)&$FFFFFFFF
              C0E : 0181             
     390/     C10 : 0000 0000 0000      	dc.l abs($182)>>32,abs($182)&$FFFFFFFF
              C16 : 0182             
     391/     C18 : 0000 0000 0000      	dc.l abs($183)>>32,abs($183)&$FFFFFFFF
              C1E : 0183             
     392/     C20 : 0000 0000 0000      	dc.l abs($184)>>32,abs($184)&$FFFFFFFF
 AS V1.42 Beta [Bld 212] - Source File t_abs.asm - Page 14 - 09/12/2026 05:50:15 AM


              C26 : 0184             
     393/     C28 : 0000 0000 0000      	dc.l abs($185)>>32,abs($185)&$FFFFFFFF
              C2E : 0185             
     394/     C30 : 0000 0000 0000      	dc.l abs($186)>>32,abs($186)&$FFFFFFFF
              C36 : 0186             
     395/     C38 : 0000 0000 0000      	dc.l abs($187)>>32,abs($187)&$FFFFFFFF
              C3E : 0187             
     396/     C40 : 0000 0000 0000      	dc.l abs($188)>>32,abs($188)&$FFFFFFFF
              C46 : 0188             
     397/     C48 : 0000 0000 0000      	dc.l abs($189)>>32,abs($189)&$FFFFFFFF
              C4E : 0189             
     398/     C50 : 0000 0000 0000      	dc.l abs($18A)>>32,abs($18A)&$FFFFFFFF
              C56 : 018A             
     399/     C58 : 0000 0000 0000      	dc.l abs($18B)>>32,abs($18B)&$FFFFFFFF
              C5E : 018B             
     400/     C60 : 0000 0000 0000      	dc.l abs($18C)>>32,abs($18C)&$FFFFFFFF
              C66 : 018C             
     401/     C68 : 0000 0000 0000      	dc.l abs($18D)>>32,abs($18D)&$FFFFFFFF
              C6E : 018D             
     402/     C70 : 0000 0000 0000      	dc.l abs($18E)>>32,abs($18E)&$FFFFFFFF
              C76 : 018E             
     403/     C78 : 0000 0000 0000      	dc.l abs($18F)>>32,abs($18F)&$FFFFFFFF
              C7E : 018F             
     404/     C80 : 0000 0000 0000      	dc.l abs($190)>>32,abs($190)&$FFFFFFFF
              C86 : 0190             
     405/     C88 : 0000 0000 0000      	dc.l abs($191)>>32,abs($191)&$FFFFFFFF
              C8E : 0191             
     406/     C90 : 0000 0000 0000      	dc.l abs($192)>>32,abs($192)&$FFFFFFFF
              C96 : 0192             
     407/     C98 : 0000 0000 0000      	dc.l abs($193)>>32,abs($193)&$FFFFFFFF
              C9E : 0193             
     408/     CA0 : 0000 0000 0000      	dc.l abs($194)>>32,abs($194)&$FFFFFFFF
              CA6 : 0194             
     409/     CA8 : 0000 0000 0000      	dc.l abs($195)>>32,abs($195)&$FFFFFFFF
              CAE : 0195             
     410/     CB0 : 0000 0000 0000      	dc.l abs($196)>>32,abs($196)&$FFFFFFFF
              CB6 : 0196             
     411/     CB8 : 0000 0000 0000      	dc.l abs($197)>>32,abs($197)&$FFFFFFFF
              CBE : 0197             
     412/     CC0 : 0000 0000 0000      	dc.l abs($198)>>32,abs($198)&$FFFFFFFF
              CC6 : 0198             
     413/     CC8 : 0000 0000 0000      	dc.l abs($199)>>32,abs($199)&$FFFFFFFF
              CCE : 0199             
     414/     CD0 : 0000 0000 0000      	dc.l abs($19A)>>32,abs($19A)&$FFFFFFFF
              CD6 : 019A             
     415/     CD8 : 0000 0000 0000      	dc.l abs($19B)>>32,abs($19B)&$FFFFFFFF
              CDE : 019B             
     416/     CE0 : 0000 0000 0000      	dc.l abs($19C)>>32,abs($19C)&$FFFFFFFF
              CE6 : 019C             
     417/     CE8 : 0000 0000 0000      	dc.l abs($19D)>>32,abs($19D)&$FFFFFFFF
              CEE : 019D             
     418/     CF0 : 0000 0000 0000      	dc.l abs($19E)>>32,abs($19E)&$FFFFFFFF
              CF6 : 019E             
     419/     CF8 : 0000 0000 0000      	dc.l abs($19F)>>32,abs($19F)&$FFFFFFFF
              CFE : 019F             
     420/     D00 : 0000 0000 0000      	dc.l abs($1A0)>>32,abs($1A0)&$FFFFFFFF
              D06 : 01A0             
     421/     D08 : 0000 0000 0000      	dc.l abs($1A1)>>32,abs($1A1)&$FFFFFFFF
              D0E : 01A1             
     422/     D10 : 0000 0000 0000      	dc.l abs($1A2)>>32,abs($1A2)&$FFFFFFFF
 AS V1.42 Beta [Bld 212] - Source File t_abs.asm - Page 15 - 09/12/2026 05:50:15 AM


              D16 : 01A2             
     423/     D18 : 0000 0000 0000      	dc.l abs($1A3)>>32,abs($1A3)&$FFFFFFFF
              D1E : 01A3             
     424/     D20 : 0000 0000 0000      	dc.l abs($1A4)>>32,abs($1A4)&$FFFFFFFF
              D26 : 01A4             
     425/     D28 : 0000 0000 0000      	dc.l abs($1A5)>>32,abs($1A5)&$FFFFFFFF
              D2E : 01A5             
     426/     D30 : 0000 0000 0000      	dc.l abs($1A6)>>32,abs($1A6)&$FFFFFFFF
              D36 : 01A6             
     427/     D38 : 0000 0000 0000      	dc.l abs($1A7)>>32,abs($1A7)&$FFFFFFFF
              D3E : 01A7             
     428/     D40 : 0000 0000 0000      	dc.l abs($1A8)>>32,abs($1A8)&$FFFFFFFF
              D46 : 01A8             
     429/     D48 : 0000 0000 0000      	dc.l abs($1A9)>>32,abs($1A9)&$FFFFFFFF
              D4E : 01A9             
     430/     D50 : 0000 0000 0000      	dc.l abs($1AA)>>32,abs($1AA)&$FFFFFFFF
              D56 : 01AA             
     431/     D58 : 0000 0000 0000      	dc.l abs($1AB)>>32,abs($1AB)&$FFFFFFFF
              D5E : 01AB             
     432/     D60 : 0000 0000 0000      	dc.l abs($1AC)>>32,abs($1AC)&$FFFFFFFF
              D66 : 01AC             
     433/     D68 : 0000 0000 0000      	dc.l abs($1AD)>>32,abs($1AD)&$FFFFFFFF
              D6E : 01AD             
     434/     D70 : 0000 0000 0000      	dc.l abs($1AE)>>32,abs($1AE)&$FFFFFFFF
              D76 : 01AE             
     435/     D78 : 0000 0000 0000      	dc.l abs($1AF)>>32,abs($1AF)&$FFFFFFFF
              D7E : 01AF             
     436/     D80 : 0000 0000 0000      	dc.l abs($1B0)>>32,abs($1B0)&$FFFFFFFF
              D86 : 01B0             
     437/     D88 : 0000 0000 0000      	dc.l abs($1B1)>>32,abs($1B1)&$FFFFFFFF
              D8E : 01B1             
     438/     D90 : 0000 0000 0000      	dc.l abs($1B2)>>32,abs($1B2)&$FFFFFFFF
              D96 : 01B2             
     439/     D98 : 0000 0000 0000      	dc.l abs($1B3)>>32,abs($1B3)&$FFFFFFFF
              D9E : 01B3             
     440/     DA0 : 0000 0000 0000      	dc.l abs($1B4)>>32,abs($1B4)&$FFFFFFFF
              DA6 : 01B4             
     441/     DA8 : 0000 0000 0000      	dc.l abs($1B5)>>32,abs($1B5)&$FFFFFFFF
              DAE : 01B5             
     442/     DB0 : 0000 0000 0000      	dc.l abs($1B6)>>32,abs($1B6)&$FFFFFFFF
              DB6 : 01B6             
     443/     DB8 : 0000 0000 0000      	dc.l abs($1B7)>>32,abs($1B7)&$FFFFFFFF
              DBE : 01B7             
     444/     DC0 : 0000 0000 0000      	dc.l abs($1B8)>>32,abs($1B8)&$FFFFFFFF
              DC6 : 01B8             
     445/     DC8 : 0000 0000 0000      	dc.l abs($1B9)>>32,abs($1B9)&$FFFFFFFF
              DCE : 01B9             
     446/     DD0 : 0000 0000 0000      	dc.l abs($1BA)>>32,abs($1BA)&$FFFFFFFF
              DD6 : 01BA             
     447/     DD8 : 0000 0000 0000      	dc.l abs($1BB)>>32,abs($1BB)&$FFFFFFFF
              DDE : 01BB             
     448/     DE0 : 0000 0000 0000      	dc.l abs($1BC)>>32,abs($1BC)&$FFFFFFFF
              DE6 : 01BC             
     449/     DE8 : 0000 0000 0000      	dc.l abs($1BD)>>32,abs($1BD)&$FFFFFFFF
              DEE : 01BD             
     450/     DF0 : 0000 0000 0000      	dc.l abs($1BE)>>32,abs($1BE)&$FFFFFFFF
              DF6 : 01BE             
     451/     DF8 : 0000 0000 0000      	dc.l abs($1BF)>>32,abs($1BF)&$FFFFFFFF
              DFE : 01BF             
     452/     E00 : 0000 0000 0000      	dc.l abs($1C0)>>32,abs($1C0)&$FFFFFFFF
 AS V1.42 Beta [Bld 212] - Source File t_abs.asm - Page 16 - 09/12/2026 05:50:15 AM


              E06 : 01C0             
     453/     E08 : 0000 0000 0000      	dc.l abs($1C1)>>32,abs($1C1)&$FFFFFFFF
              E0E : 01C1             
     454/     E10 : 0000 0000 0000      	dc.l abs($1C2)>>32,abs($1C2)&$FFFFFFFF
              E16 : 01C2             
     455/     E18 : 0000 0000 0000      	dc.l abs($1C3)>>32,abs($1C3)&$FFFFFFFF
              E1E : 01C3             
     456/     E20 : 0000 0000 0000      	dc.l abs($1C4)>>32,abs($1C4)&$FFFFFFFF
              E26 : 01C4             
     457/     E28 : 0000 0000 0000      	dc.l abs($1C5)>>32,abs($1C5)&$FFFFFFFF
              E2E : 01C5             
     458/     E30 : 0000 0000 0000      	dc.l abs($1C6)>>32,abs($1C6)&$FFFFFFFF
              E36 : 01C6             
     459/     E38 : 0000 0000 0000      	dc.l abs($1C7)>>32,abs($1C7)&$FFFFFFFF
              E3E : 01C7             
     460/     E40 : 0000 0000 0000      	dc.l abs($1C8)>>32,abs($1C8)&$FFFFFFFF
              E46 : 01C8             
     461/     E48 : 0000 0000 0000      	dc.l abs($1C9)>>32,abs($1C9)&$FFFFFFFF
              E4E : 01C9             
     462/     E50 : 0000 0000 0000      	dc.l abs($1CA)>>32,abs($1CA)&$FFFFFFFF
              E56 : 01CA             
     463/     E58 : 0000 0000 0000      	dc.l abs($1CB)>>32,abs($1CB)&$FFFFFFFF
              E5E : 01CB             
     464/     E60 : 0000 0000 0000      	dc.l abs($1CC)>>32,abs($1CC)&$FFFFFFFF
              E66 : 01CC             
     465/     E68 : 0000 0000 0000      	dc.l abs($1CD)>>32,abs($1CD)&$FFFFFFFF
              E6E : 01CD             
     466/     E70 : 0000 0000 0000      	dc.l abs($1CE)>>32,abs($1CE)&$FFFFFFFF
              E76 : 01CE             
     467/     E78 : 0000 0000 0000      	dc.l abs($1CF)>>32,abs($1CF)&$FFFFFFFF
              E7E : 01CF             
     468/     E80 : 0000 0000 0000      	dc.l abs($1D0)>>32,abs($1D0)&$FFFFFFFF
              E86 : 01D0             
     469/     E88 : 0000 0000 0000      	dc.l abs($1D1)>>32,abs($1D1)&$FFFFFFFF
              E8E : 01D1             
     470/     E90 : 0000 0000 0000      	dc.l abs($1D2)>>32,abs($1D2)&$FFFFFFFF
              E96 : 01D2             
     471/     E98 : 0000 0000 0000      	dc.l abs($1D3)>>32,abs($1D3)&$FFFFFFFF
              E9E : 01D3             
     472/     EA0 : 0000 0000 0000      	dc.l abs($1D4)>>32,abs($1D4)&$FFFFFFFF
              EA6 : 01D4             
     473/     EA8 : 0000 0000 0000      	dc.l abs($1D5)>>32,abs($1D5)&$FFFFFFFF
              EAE : 01D5             
     474/     EB0 : 0000 0000 0000      	dc.l abs($1D6)>>32,abs($1D6)&$FFFFFFFF
              EB6 : 01D6             
     475/     EB8 : 0000 0000 0000      	dc.l abs($1D7)>>32,abs($1D7)&$FFFFFFFF
              EBE : 01D7             
     476/     EC0 : 0000 0000 0000      	dc.l abs($1D8)>>32,abs($1D8)&$FFFFFFFF
              EC6 : 01D8             
     477/     EC8 : 0000 0000 0000      	dc.l abs($1D9)>>32,abs($1D9)&$FFFFFFFF
              ECE : 01D9             
     478/     ED0 : 0000 0000 0000      	dc.l abs($1DA)>>32,abs($1DA)&$FFFFFFFF
              ED6 : 01DA             
     479/     ED8 : 0000 0000 0000      	dc.l abs($1DB)>>32,abs($1DB)&$FFFFFFFF
              EDE : 01DB             
     480/     EE0 : 0000 0000 0000      	dc.l abs($1DC)>>32,abs($1DC)&$FFFFFFFF
              EE6 : 01DC             
     481/     EE8 : 0000 0000 0000      	dc.l abs($1DD)>>32,abs($1DD)&$FFFFFFFF
              EEE : 01DD             
     482/     EF0 : 0000 0000 0000      	dc.l abs($1DE)>>32,abs($1DE)&$FFFFFFFF
 AS V1.42 Beta [Bld 212] - Source File t_abs.asm - Page 17 - 09/12/2026 05:50:15 AM


              EF6 : 01DE             
     483/     EF8 : 0000 0000 0000      	dc.l abs($1DF)>>32,abs($1DF)&$FFFFFFFF
              EFE : 01DF             
     484/     F00 : 0000 0000 0000      	dc.l abs($1E0)>>32,abs($1E0)&$FFFFFFFF
              F06 : 01E0             
     485/     F08 : 0000 0000 0000      	dc.l abs($1E1)>>32,abs($1E1)&$FFFFFFFF
              F0E : 01E1             
     486/     F10 : 0000 0000 0000      	dc.l abs($1E2)>>32,abs($1E2)&$FFFFFFFF
              F16 : 01E2             
     487/     F18 : 0000 0000 0000      	dc.l abs($1E3)>>32,abs($1E3)&$FFFFFFFF
              F1E : 01E3             
     488/     F20 : 0000 0000 0000      	dc.l abs($1E4)>>32,abs($1E4)&$FFFFFFFF
              F26 : 01E4             
     489/     F28 : 0000 0000 0000      	dc.l abs($1E5)>>32,abs($1E5)&$FFFFFFFF
              F2E : 01E5             
     490/     F30 : 0000 0000 0000      	dc.l abs($1E6)>>32,abs($1E6)&$FFFFFFFF
              F36 : 01E6             
     491/     F38 : 0000 0000 0000      	dc.l abs($1E7)>>32,abs($1E7)&$FFFFFFFF
              F3E : 01E7             
     492/     F40 : 0000 0000 0000      	dc.l abs($1E8)>>32,abs($1E8)&$FFFFFFFF
              F46 : 01E8             
     493/     F48 : 0000 0000 0000      	dc.l abs($1E9)>>32,abs($1E9)&$FFFFFFFF
              F4E : 01E9             
     494/     F50 : 0000 0000 0000      	dc.l abs($1EA)>>32,abs($1EA)&$FFFFFFFF
              F56 : 01EA             
     495/     F58 : 0000 0000 0000      	dc.l abs($1EB)>>32,abs($1EB)&$FFFFFFFF
              F5E : 01EB             
     496/     F60 : 0000 0000 0000      	dc.l abs($1EC)>>32,abs($1EC)&$FFFFFFFF
              F66 : 01EC             
     497/     F68 : 0000 0000 0000      	dc.l abs($1ED)>>32,abs($1ED)&$FFFFFFFF
              F6E : 01ED             
     498/     F70 : 0000 0000 0000      	dc.l abs($1EE)>>32,abs($1EE)&$FFFFFFFF
              F76 : 01EE             
     499/     F78 : 0000 0000 0000      	dc.l abs($1EF)>>32,abs($1EF)&$FFFFFFFF
              F7E : 01EF             
     500/     F80 : 0000 0000 0000      	dc.l abs($1F0)>>32,abs($1F0)&$FFFFFFFF
              F86 : 01F0             
     501/     F88 : 0000 0000 0000      	dc.l abs($1F1)>>32,abs($1F1)&$FFFFFFFF
              F8E : 01F1             
     502/     F90 : 0000 0000 0000      	dc.l abs($1F2)>>32,abs($1F2)&$FFFFFFFF
              F96 : 01F2             
     503/     F98 : 0000 0000 0000      	dc.l abs($1F3)>>32,abs($1F3)&$FFFFFFFF
              F9E : 01F3             
     504/     FA0 : 0000 0000 0000      	dc.l abs($1F4)>>32,abs($1F4)&$FFFFFFFF
              FA6 : 01F4             
     505/     FA8 : 0000 0000 0000      	dc.l abs($1F5)>>32,abs($1F5)&$FFFFFFFF
              FAE : 01F5             
     506/     FB0 : 0000 0000 0000      	dc.l abs($1F6)>>32,abs($1F6)&$FFFFFFFF
              FB6 : 01F6             
     507/     FB8 : 0000 0000 0000      	dc.l abs($1F7)>>32,abs($1F7)&$FFFFFFFF
              FBE : 01F7             
     508/     FC0 : 0000 0000 0000      	dc.l abs($1F8)>>32,abs($1F8)&$FFFFFFFF
              FC6 : 01F8             
     509/     FC8 : 0000 0000 0000      	dc.l abs($1F9)>>32,abs($1F9)&$FFFFFFFF
              FCE : 01F9             
     510/     FD0 : 0000 0000 0000      	dc.l abs($1FA)>>32,abs($1FA)&$FFFFFFFF
              FD6 : 01FA             
     511/     FD8 : 0000 0000 0000      	dc.l abs($1FB)>>32,abs($1FB)&$FFFFFFFF
              FDE : 01FB             
     512/     FE0 : 0000 0000 0000      	dc.l abs($1FC)>>32,abs($1FC)&$FFFFFFFF
 AS V1.42 Beta [Bld 212] - Source File t_abs.asm - Page 18 - 09/12/2026 05:50:15 AM


              FE6 : 01FC             
     513/     FE8 : 0000 0000 0000      	dc.l abs($1FD)>>32,abs($1FD)&$FFFFFFFF
              FEE : 01FD             
     514/     FF0 : 0000 0000 0000      	dc.l abs($1FE)>>32,abs($1FE)&$FFFFFFFF
              FF6 : 01FE             
     515/     FF8 : 0000 0000 0000      	dc.l abs($1FF)>>32,abs($1FF)&$FFFFFFFF
              FFE : 01FF             
     516/    1000 : 0000 0000 0000      	dc.l abs($200)>>32,abs($200)&$FFFFFFFF
             1006 : 0200             
     517/    1008 : 0000 0000 0000      	dc.l abs($201)>>32,abs($201)&$FFFFFFFF
             100E : 0201             
     518/    1010 : 0000 0000 0000      	dc.l abs($202)>>32,abs($202)&$FFFFFFFF
             1016 : 0202             
     519/    1018 : 0000 0000 0000      	dc.l abs($203)>>32,abs($203)&$FFFFFFFF
             101E : 0203             
     520/    1020 : 0000 0000 0000      	dc.l abs($204)>>32,abs($204)&$FFFFFFFF
             1026 : 0204             
     521/    1028 : 0000 0000 0000      	dc.l abs($205)>>32,abs($205)&$FFFFFFFF
             102E : 0205             
     522/    1030 : 0000 0000 0000      	dc.l abs($206)>>32,abs($206)&$FFFFFFFF
             1036 : 0206             
     523/    1038 : 0000 0000 0000      	dc.l abs($207)>>32,abs($207)&$FFFFFFFF
             103E : 0207             
     524/    1040 : 0000 0000 0000      	dc.l abs($208)>>32,abs($208)&$FFFFFFFF
             1046 : 0208             
     525/    1048 : 0000 0000 0000      	dc.l abs($209)>>32,abs($209)&$FFFFFFFF
             104E : 0209             
     526/    1050 : 0000 0000 0000      	dc.l abs($20A)>>32,abs($20A)&$FFFFFFFF
             1056 : 020A             
     527/    1058 : 0000 0000 0000      	dc.l abs($20B)>>32,abs($20B)&$FFFFFFFF
             105E : 020B             
     528/    1060 : 0000 0000 0000      	dc.l abs($20C)>>32,abs($20C)&$FFFFFFFF
             1066 : 020C             
     529/    1068 : 0000 0000 0000      	dc.l abs($20D)>>32,abs($20D)&$FFFFFFFF
             106E : 020D             
     530/    1070 : 0000 0000 0000      	dc.l abs($20E)>>32,abs($20E)&$FFFFFFFF
             1076 : 020E             
     531/    1078 : 0000 0000 0000      	dc.l abs($20F)>>32,abs($20F)&$FFFFFFFF
             107E : 020F             
     532/    1080 : 0000 0000 0000      	dc.l abs($210)>>32,abs($210)&$FFFFFFFF
             1086 : 0210             
     533/    1088 : 0000 0000 0000      	dc.l abs($211)>>32,abs($211)&$FFFFFFFF
             108E : 0211             
     534/    1090 : 0000 0000 0000      	dc.l abs($212)>>32,abs($212)&$FFFFFFFF
             1096 : 0212             
     535/    1098 : 0000 0000 0000      	dc.l abs($213)>>32,abs($213)&$FFFFFFFF
             109E : 0213             
     536/    10A0 : 0000 0000 0000      	dc.l abs($214)>>32,abs($214)&$FFFFFFFF
             10A6 : 0214             
     537/    10A8 : 0000 0000 0000      	dc.l abs($215)>>32,abs($215)&$FFFFFFFF
             10AE : 0215             
     538/    10B0 : 0000 0000 0000      	dc.l abs($216)>>32,abs($216)&$FFFFFFFF
             10B6 : 0216             
     539/    10B8 : 0000 0000 0000      	dc.l abs($217)>>32,abs($217)&$FFFFFFFF
             10BE : 0217             
     540/    10C0 : 0000 0000 0000      	dc.l abs($218)>>32,abs($218)&$FFFFFFFF
             10C6 : 0218             
     541/    10C8 : 0000 0000 0000      	dc.l abs($219)>>32,abs($219)&$FFFFFFFF
             10CE : 0219             
     542/    10D0 : 0000 0000 0000      	dc.l abs($21A)>>32,abs($21A)&$FFFFFFFF
 AS V1.42 Beta [Bld 212] - Source File t_abs.asm - Page 19 - 09/12/2026 05:50:15 AM


             10D6 : 021A             
     543/    10D8 : 0000 0000 0000      	dc.l abs($21B)>>32,abs($21B)&$FFFFFFFF
             10DE : 021B             
     544/    10E0 : 0000 0000 0000      	dc.l abs($21C)>>32,abs($21C)&$FFFFFFFF
             10E6 : 021C             
     545/    10E8 : 0000 0000 0000      	dc.l abs($21D)>>32,abs($21D)&$FFFFFFFF
             10EE : 021D             
     546/    10F0 : 0000 0000 0000      	dc.l abs($21E)>>32,abs($21E)&$FFFFFFFF
             10F6 : 021E             
     547/    10F8 : 0000 0000 0000      	dc.l abs($21F)>>32,abs($21F)&$FFFFFFFF
             10FE : 021F             
     548/    1100 : 0000 0000 0000      	dc.l abs($220)>>32,abs($220)&$FFFFFFFF
             1106 : 0220             
     549/    1108 : 0000 0000 0000      	dc.l abs($221)>>32,abs($221)&$FFFFFFFF
             110E : 0221             
     550/    1110 : 0000 0000 0000      	dc.l abs($222)>>32,abs($222)&$FFFFFFFF
             1116 : 0222             
     551/    1118 : 0000 0000 0000      	dc.l abs($223)>>32,abs($223)&$FFFFFFFF
             111E : 0223             
     552/    1120 : 0000 0000 0000      	dc.l abs($224)>>32,abs($224)&$FFFFFFFF
             1126 : 0224             
     553/    1128 : 0000 0000 0000      	dc.l abs($225)>>32,abs($225)&$FFFFFFFF
             112E : 0225             
     554/    1130 : 0000 0000 0000      	dc.l abs($226)>>32,abs($226)&$FFFFFFFF
             1136 : 0226             
     555/    1138 : 0000 0000 0000      	dc.l abs($227)>>32,abs($227)&$FFFFFFFF
             113E : 0227             
     556/    1140 : 0000 0000 0000      	dc.l abs($228)>>32,abs($228)&$FFFFFFFF
             1146 : 0228             
     557/    1148 : 0000 0000 0000      	dc.l abs($229)>>32,abs($229)&$FFFFFFFF
             114E : 0229             
     558/    1150 : 0000 0000 0000      	dc.l abs($22A)>>32,abs($22A)&$FFFFFFFF
             1156 : 022A             
     559/    1158 : 0000 0000 0000      	dc.l abs($22B)>>32,abs($22B)&$FFFFFFFF
             115E : 022B             
     560/    1160 : 0000 0000 0000      	dc.l abs($22C)>>32,abs($22C)&$FFFFFFFF
             1166 : 022C             
     561/    1168 : 0000 0000 0000      	dc.l abs($22D)>>32,abs($22D)&$FFFFFFFF
             116E : 022D             
     562/    1170 : 0000 0000 0000      	dc.l abs($22E)>>32,abs($22E)&$FFFFFFFF
             1176 : 022E             
     563/    1178 : 0000 0000 0000      	dc.l abs($22F)>>32,abs($22F)&$FFFFFFFF
             117E : 022F             
     564/    1180 : 0000 0000 0000      	dc.l abs($230)>>32,abs($230)&$FFFFFFFF
             1186 : 0230             
     565/    1188 : 0000 0000 0000      	dc.l abs($231)>>32,abs($231)&$FFFFFFFF
             118E : 0231             
     566/    1190 : 0000 0000 0000      	dc.l abs($232)>>32,abs($232)&$FFFFFFFF
             1196 : 0232             
     567/    1198 : 0000 0000 0000      	dc.l abs($233)>>32,abs($233)&$FFFFFFFF
             119E : 0233             
     568/    11A0 : 0000 0000 0000      	dc.l abs($234)>>32,abs($234)&$FFFFFFFF
             11A6 : 0234             
     569/    11A8 : 0000 0000 0000      	dc.l abs($235)>>32,abs($235)&$FFFFFFFF
             11AE : 0235             
     570/    11B0 : 0000 0000 0000      	dc.l abs($236)>>32,abs($236)&$FFFFFFFF
             11B6 : 0236             
     571/    11B8 : 0000 0000 0000      	dc.l abs($237)>>32,abs($237)&$FFFFFFFF
             11BE : 0237             
     572/    11C0 : 0000 0000 0000      	dc.l abs($238)>>32,abs($238)&$FFFFFFFF
 AS V1.42 Beta [Bld 212] - Source File t_abs.asm - Page 20 - 09/12/2026 05:50:15 AM


             11C6 : 0238             
     573/    11C8 : 0000 0000 0000      	dc.l abs($239)>>32,abs($239)&$FFFFFFFF
             11CE : 0239             
     574/    11D0 : 0000 0000 0000      	dc.l abs($23A)>>32,abs($23A)&$FFFFFFFF
             11D6 : 023A             
     575/    11D8 : 0000 0000 0000      	dc.l abs($23B)>>32,abs($23B)&$FFFFFFFF
             11DE : 023B             
     576/    11E0 : 0000 0000 0000      	dc.l abs($23C)>>32,abs($23C)&$FFFFFFFF
             11E6 : 023C             
     577/    11E8 : 0000 0000 0000      	dc.l abs($23D)>>32,abs($23D)&$FFFFFFFF
             11EE : 023D             
     578/    11F0 : 0000 0000 0000      	dc.l abs($23E)>>32,abs($23E)&$FFFFFFFF
             11F6 : 023E             
     579/    11F8 : 0000 0000 0000      	dc.l abs($23F)>>32,abs($23F)&$FFFFFFFF
             11FE : 023F             
     580/    1200 : 0000 0000 0000      	dc.l abs($240)>>32,abs($240)&$FFFFFFFF
             1206 : 0240             
     581/    1208 : 0000 0000 0000      	dc.l abs($241)>>32,abs($241)&$FFFFFFFF
             120E : 0241             
     582/    1210 : 0000 0000 0000      	dc.l abs($242)>>32,abs($242)&$FFFFFFFF
             1216 : 0242             
     583/    1218 : 0000 0000 0000      	dc.l abs($243)>>32,abs($243)&$FFFFFFFF
             121E : 0243             
     584/    1220 : 0000 0000 0000      	dc.l abs($244)>>32,abs($244)&$FFFFFFFF
             1226 : 0244             
     585/    1228 : 0000 0000 0000      	dc.l abs($245)>>32,abs($245)&$FFFFFFFF
             122E : 0245             
     586/    1230 : 0000 0000 0000      	dc.l abs($246)>>32,abs($246)&$FFFFFFFF
             1236 : 0246             
     587/    1238 : 0000 0000 0000      	dc.l abs($247)>>32,abs($247)&$FFFFFFFF
             123E : 0247             
     588/    1240 : 0000 0000 0000      	dc.l abs($248)>>32,abs($248)&$FFFFFFFF
             1246 : 0248             
     589/    1248 : 0000 0000 0000      	dc.l abs($249)>>32,abs($249)&$FFFFFFFF
             124E : 0249             
     590/    1250 : 0000 0000 0000      	dc.l abs($24A)>>32,abs($24A)&$FFFFFFFF
             1256 : 024A             
     591/    1258 : 0000 0000 0000      	dc.l abs($24B)>>32,abs($24B)&$FFFFFFFF
             125E : 024B             
     592/    1260 : 0000 0000 0000      	dc.l abs($24C)>>32,abs($24C)&$FFFFFFFF
             1266 : 024C             
     593/    1268 : 0000 0000 0000      	dc.l abs($24D)>>32,abs($24D)&$FFFFFFFF
             126E : 024D             
     594/    1270 : 0000 0000 0000      	dc.l abs($24E)>>32,abs($24E)&$FFFFFFFF
             1276 : 024E             
     595/    1278 : 0000 0000 0000      	dc.l abs($24F)>>32,abs($24F)&$FFFFFFFF
             127E : 024F             
     596/    1280 : 0000 0000 0000      	dc.l abs($250)>>32,abs($250)&$FFFFFFFF
             1286 : 0250             
     597/    1288 : 0000 0000 0000      	dc.l abs($251)>>32,abs($251)&$FFFFFFFF
             128E : 0251             
     598/    1290 : 0000 0000 0000      	dc.l abs($252)>>32,abs($252)&$FFFFFFFF
             1296 : 0252             
     599/    1298 : 0000 0000 0000      	dc.l abs($253)>>32,abs($253)&$FFFFFFFF
             129E : 0253             
     600/    12A0 : 0000 0000 0000      	dc.l abs($254)>>32,abs($254)&$FFFFFFFF
             12A6 : 0254             
     601/    12A8 : 0000 0000 0000      	dc.l abs($255)>>32,abs($255)&$FFFFFFFF
             12AE : 0255             
     602/    12B0 : 0000 0000 0000      	dc.l abs($256)>>32,abs($256)&$FFFFFFFF
 AS V1.42 Beta [Bld 212] - Source File t_abs.asm - Page 21 - 09/12/2026 05:50:15 AM


             12B6 : 0256             
     603/    12B8 : 0000 0000 0000      	dc.l abs($257)>>32,abs($257)&$FFFFFFFF
             12BE : 0257             
     604/    12C0 : 0000 0000 0000      	dc.l abs($258)>>32,abs($258)&$FFFFFFFF
             12C6 : 0258             
     605/    12C8 : 0000 0000 0000      	dc.l abs($259)>>32,abs($259)&$FFFFFFFF
             12CE : 0259             
     606/    12D0 : 0000 0000 0000      	dc.l abs($25A)>>32,abs($25A)&$FFFFFFFF
             12D6 : 025A             
     607/    12D8 : 0000 0000 0000      	dc.l abs($25B)>>32,abs($25B)&$FFFFFFFF
             12DE : 025B             
     608/    12E0 : 0000 0000 0000      	dc.l abs($25C)>>32,abs($25C)&$FFFFFFFF
             12E6 : 025C             
     609/    12E8 : 0000 0000 0000      	dc.l abs($25D)>>32,abs($25D)&$FFFFFFFF
             12EE : 025D             
     610/    12F0 : 0000 0000 0000      	dc.l abs($25E)>>32,abs($25E)&$FFFFFFFF
             12F6 : 025E             
     611/    12F8 : 0000 0000 0000      	dc.l abs($25F)>>32,abs($25F)&$FFFFFFFF
             12FE : 025F             
     612/    1300 : 0000 0000 0000      	dc.l abs($260)>>32,abs($260)&$FFFFFFFF
             1306 : 0260             
     613/    1308 : 0000 0000 0000      	dc.l abs($261)>>32,abs($261)&$FFFFFFFF
             130E : 0261             
     614/    1310 : 0000 0000 0000      	dc.l abs($262)>>32,abs($262)&$FFFFFFFF
             1316 : 0262             
     615/    1318 : 0000 0000 0000      	dc.l abs($263)>>32,abs($263)&$FFFFFFFF
             131E : 0263             
     616/    1320 : 0000 0000 0000      	dc.l abs($264)>>32,abs($264)&$FFFFFFFF
             1326 : 0264             
     617/    1328 : 0000 0000 0000      	dc.l abs($265)>>32,abs($265)&$FFFFFFFF
             132E : 0265             
     618/    1330 : 0000 0000 0000      	dc.l abs($266)>>32,abs($266)&$FFFFFFFF
             1336 : 0266             
     619/    1338 : 0000 0000 0000      	dc.l abs($267)>>32,abs($267)&$FFFFFFFF
             133E : 0267             
     620/    1340 : 0000 0000 0000      	dc.l abs($268)>>32,abs($268)&$FFFFFFFF
             1346 : 0268             
     621/    1348 : 0000 0000 0000      	dc.l abs($269)>>32,abs($269)&$FFFFFFFF
             134E : 0269             
     622/    1350 : 0000 0000 0000      	dc.l abs($26A)>>32,abs($26A)&$FFFFFFFF
             1356 : 026A             
     623/    1358 : 0000 0000 0000      	dc.l abs($26B)>>32,abs($26B)&$FFFFFFFF
             135E : 026B             
     624/    1360 : 0000 0000 0000      	dc.l abs($26C)>>32,abs($26C)&$FFFFFFFF
             1366 : 026C             
     625/    1368 : 0000 0000 0000      	dc.l abs($26D)>>32,abs($26D)&$FFFFFFFF
             136E : 026D             
     626/    1370 : 0000 0000 0000      	dc.l abs($26E)>>32,abs($26E)&$FFFFFFFF
             1376 : 026E             
     627/    1378 : 0000 0000 0000      	dc.l abs($26F)>>32,abs($26F)&$FFFFFFFF
             137E : 026F             
     628/    1380 : 0000 0000 0000      	dc.l abs($270)>>32,abs($270)&$FFFFFFFF
             1386 : 0270             
     629/    1388 : 0000 0000 0000      	dc.l abs($271)>>32,abs($271)&$FFFFFFFF
             138E : 0271             
     630/    1390 : 0000 0000 0000      	dc.l abs($272)>>32,abs($272)&$FFFFFFFF
             1396 : 0272             
     631/    1398 : 0000 0000 0000      	dc.l abs($273)>>32,abs($273)&$FFFFFFFF
             139E : 0273             
     632/    13A0 : 0000 0000 0000      	dc.l abs($274)>>32,abs($274)&$FFFFFFFF
 AS V1.42 Beta [Bld 212] - Source File t_abs.asm - Page 22 - 09/12/2026 05:50:15 AM


             13A6 : 0274             
     633/    13A8 : 0000 0000 0000      	dc.l abs($275)>>32,abs($275)&$FFFFFFFF
             13AE : 0275             
     634/    13B0 : 0000 0000 0000      	dc.l abs($276)>>32,abs($276)&$FFFFFFFF
             13B6 : 0276             
     635/    13B8 : 0000 0000 0000      	dc.l abs($277)>>32,abs($277)&$FFFFFFFF
             13BE : 0277             
     636/    13C0 : 0000 0000 0000      	dc.l abs($278)>>32,abs($278)&$FFFFFFFF
             13C6 : 0278             
     637/    13C8 : 0000 0000 0000      	dc.l abs($279)>>32,abs($279)&$FFFFFFFF
             13CE : 0279             
     638/    13D0 : 0000 0000 0000      	dc.l abs($27A)>>32,abs($27A)&$FFFFFFFF
             13D6 : 027A             
     639/    13D8 : 0000 0000 0000      	dc.l abs($27B)>>32,abs($27B)&$FFFFFFFF
             13DE : 027B             
     640/    13E0 : 0000 0000 0000      	dc.l abs($27C)>>32,abs($27C)&$FFFFFFFF
             13E6 : 027C             
     641/    13E8 : 0000 0000 0000      	dc.l abs($27D)>>32,abs($27D)&$FFFFFFFF
             13EE : 027D             
     642/    13F0 : 0000 0000 0000      	dc.l abs($27E)>>32,abs($27E)&$FFFFFFFF
             13F6 : 027E             
     643/    13F8 : 0000 0000 0000      	dc.l abs($27F)>>32,abs($27F)&$FFFFFFFF
             13FE : 027F             
     644/    1400 : 0000 0000 0000      	dc.l abs($280)>>32,abs($280)&$FFFFFFFF
             1406 : 0280             
     645/    1408 : 0000 0000 0000      	dc.l abs($281)>>32,abs($281)&$FFFFFFFF
             140E : 0281             
     646/    1410 : 0000 0000 0000      	dc.l abs($282)>>32,abs($282)&$FFFFFFFF
             1416 : 0282             
     647/    1418 : 0000 0000 0000      	dc.l abs($283)>>32,abs($283)&$FFFFFFFF
             141E : 0283             
     648/    1420 : 0000 0000 0000      	dc.l abs($284)>>32,abs($284)&$FFFFFFFF
             1426 : 0284             
     649/    1428 : 0000 0000 0000      	dc.l abs($285)>>32,abs($285)&$FFFFFFFF
             142E : 0285             
     650/    1430 : 0000 0000 0000      	dc.l abs($286)>>32,abs($286)&$FFFFFFFF
             1436 : 0286             
     651/    1438 : 0000 0000 0000      	dc.l abs($287)>>32,abs($287)&$FFFFFFFF
             143E : 0287             
     652/    1440 : 0000 0000 0000      	dc.l abs($288)>>32,abs($288)&$FFFFFFFF
             1446 : 0288             
     653/    1448 : 0000 0000 0000      	dc.l abs($289)>>32,abs($289)&$FFFFFFFF
             144E : 0289             
     654/    1450 : 0000 0000 0000      	dc.l abs($28A)>>32,abs($28A)&$FFFFFFFF
             1456 : 028A             
     655/    1458 : 0000 0000 0000      	dc.l abs($28B)>>32,abs($28B)&$FFFFFFFF
             145E : 028B             
     656/    1460 : 0000 0000 0000      	dc.l abs($28C)>>32,abs($28C)&$FFFFFFFF
             1466 : 028C             
     657/    1468 : 0000 0000 0000      	dc.l abs($28D)>>32,abs($28D)&$FFFFFFFF
             146E : 028D             
     658/    1470 : 0000 0000 0000      	dc.l abs($28E)>>32,abs($28E)&$FFFFFFFF
             1476 : 028E             
     659/    1478 : 0000 0000 0000      	dc.l abs($28F)>>32,abs($28F)&$FFFFFFFF
             147E : 028F             
     660/    1480 : 0000 0000 0000      	dc.l abs($290)>>32,abs($290)&$FFFFFFFF
             1486 : 0290             
     661/    1488 : 0000 0000 0000      	dc.l abs($291)>>32,abs($291)&$FFFFFFFF
             148E : 0291             
     662/    1490 : 0000 0000 0000      	dc.l abs($292)>>32,abs($292)&$FFFFFFFF
 AS V1.42 Beta [Bld 212] - Source File t_abs.asm - Page 23 - 09/12/2026 05:50:15 AM


             1496 : 0292             
     663/    1498 : 0000 0000 0000      	dc.l abs($293)>>32,abs($293)&$FFFFFFFF
             149E : 0293             
     664/    14A0 : 0000 0000 0000      	dc.l abs($294)>>32,abs($294)&$FFFFFFFF
             14A6 : 0294             
     665/    14A8 : 0000 0000 0000      	dc.l abs($295)>>32,abs($295)&$FFFFFFFF
             14AE : 0295             
     666/    14B0 : 0000 0000 0000      	dc.l abs($296)>>32,abs($296)&$FFFFFFFF
             14B6 : 0296             
     667/    14B8 : 0000 0000 0000      	dc.l abs($297)>>32,abs($297)&$FFFFFFFF
             14BE : 0297             
     668/    14C0 : 0000 0000 0000      	dc.l abs($298)>>32,abs($298)&$FFFFFFFF
             14C6 : 0298             
     669/    14C8 : 0000 0000 0000      	dc.l abs($299)>>32,abs($299)&$FFFFFFFF
             14CE : 0299             
     670/    14D0 : 0000 0000 0000      	dc.l abs($29A)>>32,abs($29A)&$FFFFFFFF
             14D6 : 029A             
     671/    14D8 : 0000 0000 0000      	dc.l abs($29B)>>32,abs($29B)&$FFFFFFFF
             14DE : 029B             
     672/    14E0 : 0000 0000 0000      	dc.l abs($29C)>>32,abs($29C)&$FFFFFFFF
             14E6 : 029C             
     673/    14E8 : 0000 0000 0000      	dc.l abs($29D)>>32,abs($29D)&$FFFFFFFF
             14EE : 029D             
     674/    14F0 : 0000 0000 0000      	dc.l abs($29E)>>32,abs($29E)&$FFFFFFFF
             14F6 : 029E             
     675/    14F8 : 0000 0000 0000      	dc.l abs($29F)>>32,abs($29F)&$FFFFFFFF
             14FE : 029F             
     676/    1500 : 0000 0000 0000      	dc.l abs($2A0)>>32,abs($2A0)&$FFFFFFFF
             1506 : 02A0             
     677/    1508 : 0000 0000 0000      	dc.l abs($2A1)>>32,abs($2A1)&$FFFFFFFF
             150E : 02A1             
     678/    1510 : 0000 0000 0000      	dc.l abs($2A2)>>32,abs($2A2)&$FFFFFFFF
             1516 : 02A2             
     679/    1518 : 0000 0000 0000      	dc.l abs($2A3)>>32,abs($2A3)&$FFFFFFFF
             151E : 02A3             
     680/    1520 : 0000 0000 0000      	dc.l abs($2A4)>>32,abs($2A4)&$FFFFFFFF
             1526 : 02A4             
     681/    1528 : 0000 0000 0000      	dc.l abs($2A5)>>32,abs($2A5)&$FFFFFFFF
             152E : 02A5             
     682/    1530 : 0000 0000 0000      	dc.l abs($2A6)>>32,abs($2A6)&$FFFFFFFF
             1536 : 02A6             
     683/    1538 : 0000 0000 0000      	dc.l abs($2A7)>>32,abs($2A7)&$FFFFFFFF
             153E : 02A7             
     684/    1540 : 0000 0000 0000      	dc.l abs($2A8)>>32,abs($2A8)&$FFFFFFFF
             1546 : 02A8             
     685/    1548 : 0000 0000 0000      	dc.l abs($2A9)>>32,abs($2A9)&$FFFFFFFF
             154E : 02A9             
     686/    1550 : 0000 0000 0000      	dc.l abs($2AA)>>32,abs($2AA)&$FFFFFFFF
             1556 : 02AA             
     687/    1558 : 0000 0000 0000      	dc.l abs($2AB)>>32,abs($2AB)&$FFFFFFFF
             155E : 02AB             
     688/    1560 : 0000 0000 0000      	dc.l abs($2AC)>>32,abs($2AC)&$FFFFFFFF
             1566 : 02AC             
     689/    1568 : 0000 0000 0000      	dc.l abs($2AD)>>32,abs($2AD)&$FFFFFFFF
             156E : 02AD             
     690/    1570 : 0000 0000 0000      	dc.l abs($2AE)>>32,abs($2AE)&$FFFFFFFF
             1576 : 02AE             
     691/    1578 : 0000 0000 0000      	dc.l abs($2AF)>>32,abs($2AF)&$FFFFFFFF
             157E : 02AF             
     692/    1580 : 0000 0000 0000      	dc.l abs($2B0)>>32,abs($2B0)&$FFFFFFFF
 AS V1.42 Beta [Bld 212] - Source File t_abs.asm - Page 24 - 09/12/2026 05:50:15 AM


             1586 : 02B0             
     693/    1588 : 0000 0000 0000      	dc.l abs($2B1)>>32,abs($2B1)&$FFFFFFFF
             158E : 02B1             
     694/    1590 : 0000 0000 0000      	dc.l abs($2B2)>>32,abs($2B2)&$FFFFFFFF
             1596 : 02B2             
     695/    1598 : 0000 0000 0000      	dc.l abs($2B3)>>32,abs($2B3)&$FFFFFFFF
             159E : 02B3             
     696/    15A0 : 0000 0000 0000      	dc.l abs($2B4)>>32,abs($2B4)&$FFFFFFFF
             15A6 : 02B4             
     697/    15A8 : 0000 0000 0000      	dc.l abs($2B5)>>32,abs($2B5)&$FFFFFFFF
             15AE : 02B5             
     698/    15B0 : 0000 0000 0000      	dc.l abs($2B6)>>32,abs($2B6)&$FFFFFFFF
             15B6 : 02B6             
     699/    15B8 : 0000 0000 0000      	dc.l abs($2B7)>>32,abs($2B7)&$FFFFFFFF
             15BE : 02B7             
     700/    15C0 : 0000 0000 0000      	dc.l abs($2B8)>>32,abs($2B8)&$FFFFFFFF
             15C6 : 02B8             
     701/    15C8 : 0000 0000 0000      	dc.l abs($2B9)>>32,abs($2B9)&$FFFFFFFF
             15CE : 02B9             
     702/    15D0 : 0000 0000 0000      	dc.l abs($2BA)>>32,abs($2BA)&$FFFFFFFF
             15D6 : 02BA             
     703/    15D8 : 0000 0000 0000      	dc.l abs($2BB)>>32,abs($2BB)&$FFFFFFFF
             15DE : 02BB             
     704/    15E0 : 0000 0000 0000      	dc.l abs($2BC)>>32,abs($2BC)&$FFFFFFFF
             15E6 : 02BC             
     705/    15E8 : 0000 0000 0000      	dc.l abs($2BD)>>32,abs($2BD)&$FFFFFFFF
             15EE : 02BD             
     706/    15F0 : 0000 0000 0000      	dc.l abs($2BE)>>32,abs($2BE)&$FFFFFFFF
             15F6 : 02BE             
     707/    15F8 : 0000 0000 0000      	dc.l abs($2BF)>>32,abs($2BF)&$FFFFFFFF
             15FE : 02BF             
     708/    1600 : 0000 0000 0000      	dc.l abs($2C0)>>32,abs($2C0)&$FFFFFFFF
             1606 : 02C0             
     709/    1608 : 0000 0000 0000      	dc.l abs($2C1)>>32,abs($2C1)&$FFFFFFFF
             160E : 02C1             
     710/    1610 : 0000 0000 0000      	dc.l abs($2C2)>>32,abs($2C2)&$FFFFFFFF
             1616 : 02C2             
     711/    1618 : 0000 0000 0000      	dc.l abs($2C3)>>32,abs($2C3)&$FFFFFFFF
             161E : 02C3             
     712/    1620 : 0000 0000 0000      	dc.l abs($2C4)>>32,abs($2C4)&$FFFFFFFF
             1626 : 02C4             
     713/    1628 : 0000 0000 0000      	dc.l abs($2C5)>>32,abs($2C5)&$FFFFFFFF
             162E : 02C5             
     714/    1630 : 0000 0000 0000      	dc.l abs($2C6)>>32,abs($2C6)&$FFFFFFFF
             1636 : 02C6             
     715/    1638 : 0000 0000 0000      	dc.l abs($2C7)>>32,abs($2C7)&$FFFFFFFF
             163E : 02C7             
     716/    1640 : 0000 0000 0000      	dc.l abs($2C8)>>32,abs($2C8)&$FFFFFFFF
             1646 : 02C8             
     717/    1648 : 0000 0000 0000      	dc.l abs($2C9)>>32,abs($2C9)&$FFFFFFFF
             164E : 02C9             
     718/    1650 : 0000 0000 0000      	dc.l abs($2CA)>>32,abs($2CA)&$FFFFFFFF
             1656 : 02CA             
     719/    1658 : 0000 0000 0000      	dc.l abs($2CB)>>32,abs($2CB)&$FFFFFFFF
             165E : 02CB             
     720/    1660 : 0000 0000 0000      	dc.l abs($2CC)>>32,abs($2CC)&$FFFFFFFF
             1666 : 02CC             
     721/    1668 : 0000 0000 0000      	dc.l abs($2CD)>>32,abs($2CD)&$FFFFFFFF
             166E : 02CD             
     722/    1670 : 0000 0000 0000      	dc.l abs($2CE)>>32,abs($2CE)&$FFFFFFFF
 AS V1.42 Beta [Bld 212] - Source File t_abs.asm - Page 25 - 09/12/2026 05:50:15 AM


             1676 : 02CE             
     723/    1678 : 0000 0000 0000      	dc.l abs($2CF)>>32,abs($2CF)&$FFFFFFFF
             167E : 02CF             
     724/    1680 : 0000 0000 0000      	dc.l abs($2D0)>>32,abs($2D0)&$FFFFFFFF
             1686 : 02D0             
     725/    1688 : 0000 0000 0000      	dc.l abs($2D1)>>32,abs($2D1)&$FFFFFFFF
             168E : 02D1             
     726/    1690 : 0000 0000 0000      	dc.l abs($2D2)>>32,abs($2D2)&$FFFFFFFF
             1696 : 02D2             
     727/    1698 : 0000 0000 0000      	dc.l abs($2D3)>>32,abs($2D3)&$FFFFFFFF
             169E : 02D3             
     728/    16A0 : 0000 0000 0000      	dc.l abs($2D4)>>32,abs($2D4)&$FFFFFFFF
             16A6 : 02D4             
     729/    16A8 : 0000 0000 0000      	dc.l abs($2D5)>>32,abs($2D5)&$FFFFFFFF
             16AE : 02D5             
     730/    16B0 : 0000 0000 0000      	dc.l abs($2D6)>>32,abs($2D6)&$FFFFFFFF
             16B6 : 02D6             
     731/    16B8 : 0000 0000 0000      	dc.l abs($2D7)>>32,abs($2D7)&$FFFFFFFF
             16BE : 02D7             
     732/    16C0 : 0000 0000 0000      	dc.l abs($2D8)>>32,abs($2D8)&$FFFFFFFF
             16C6 : 02D8             
     733/    16C8 : 0000 0000 0000      	dc.l abs($2D9)>>32,abs($2D9)&$FFFFFFFF
             16CE : 02D9             
     734/    16D0 : 0000 0000 0000      	dc.l abs($2DA)>>32,abs($2DA)&$FFFFFFFF
             16D6 : 02DA             
     735/    16D8 : 0000 0000 0000      	dc.l abs($2DB)>>32,abs($2DB)&$FFFFFFFF
             16DE : 02DB             
     736/    16E0 : 0000 0000 0000      	dc.l abs($2DC)>>32,abs($2DC)&$FFFFFFFF
             16E6 : 02DC             
     737/    16E8 : 0000 0000 0000      	dc.l abs($2DD)>>32,abs($2DD)&$FFFFFFFF
             16EE : 02DD             
     738/    16F0 : 0000 0000 0000      	dc.l abs($2DE)>>32,abs($2DE)&$FFFFFFFF
             16F6 : 02DE             
     739/    16F8 : 0000 0000 0000      	dc.l abs($2DF)>>32,abs($2DF)&$FFFFFFFF
             16FE : 02DF             
     740/    1700 : 0000 0000 0000      	dc.l abs($2E0)>>32,abs($2E0)&$FFFFFFFF
             1706 : 02E0             
     741/    1708 : 0000 0000 0000      	dc.l abs($2E1)>>32,abs($2E1)&$FFFFFFFF
             170E : 02E1             
     742/    1710 : 0000 0000 0000      	dc.l abs($2E2)>>32,abs($2E2)&$FFFFFFFF
             1716 : 02E2             
     743/    1718 : 0000 0000 0000      	dc.l abs($2E3)>>32,abs($2E3)&$FFFFFFFF
             171E : 02E3             
     744/    1720 : 0000 0000 0000      	dc.l abs($2E4)>>32,abs($2E4)&$FFFFFFFF
             1726 : 02E4             
     745/    1728 : 0000 0000 0000      	dc.l abs($2E5)>>32,abs($2E5)&$FFFFFFFF
             172E : 02E5             
     746/    1730 : 0000 0000 0000      	dc.l abs($2E6)>>32,abs($2E6)&$FFFFFFFF
             1736 : 02E6             
     747/    1738 : 0000 0000 0000      	dc.l abs($2E7)>>32,abs($2E7)&$FFFFFFFF
             173E : 02E7             
     748/    1740 : 0000 0000 0000      	dc.l abs($2E8)>>32,abs($2E8)&$FFFFFFFF
             1746 : 02E8             
     749/    1748 : 0000 0000 0000      	dc.l abs($2E9)>>32,abs($2E9)&$FFFFFFFF
             174E : 02E9             
     750/    1750 : 0000 0000 0000      	dc.l abs($2EA)>>32,abs($2EA)&$FFFFFFFF
             1756 : 02EA             
     751/    1758 : 0000 0000 0000      	dc.l abs($2EB)>>32,abs($2EB)&$FFFFFFFF
             175E : 02EB             
     752/    1760 : 0000 0000 0000      	dc.l abs($2EC)>>32,abs($2EC)&$FFFFFFFF
 AS V1.42 Beta [Bld 212] - Source File t_abs.asm - Page 26 - 09/12/2026 05:50:15 AM


             1766 : 02EC             
     753/    1768 : 0000 0000 0000      	dc.l abs($2ED)>>32,abs($2ED)&$FFFFFFFF
             176E : 02ED             
     754/    1770 : 0000 0000 0000      	dc.l abs($2EE)>>32,abs($2EE)&$FFFFFFFF
             1776 : 02EE             
     755/    1778 : 0000 0000 0000      	dc.l abs($2EF)>>32,abs($2EF)&$FFFFFFFF
             177E : 02EF             
     756/    1780 : 0000 0000 0000      	dc.l abs($2F0)>>32,abs($2F0)&$FFFFFFFF
             1786 : 02F0             
     757/    1788 : 0000 0000 0000      	dc.l abs($2F1)>>32,abs($2F1)&$FFFFFFFF
             178E : 02F1             
     758/    1790 : 0000 0000 0000      	dc.l abs($2F2)>>32,abs($2F2)&$FFFFFFFF
             1796 : 02F2             
     759/    1798 : 0000 0000 0000      	dc.l abs($2F3)>>32,abs($2F3)&$FFFFFFFF
             179E : 02F3             
     760/    17A0 : 0000 0000 0000      	dc.l abs($2F4)>>32,abs($2F4)&$FFFFFFFF
             17A6 : 02F4             
     761/    17A8 : 0000 0000 0000      	dc.l abs($2F5)>>32,abs($2F5)&$FFFFFFFF
             17AE : 02F5             
     762/    17B0 : 0000 0000 0000      	dc.l abs($2F6)>>32,abs($2F6)&$FFFFFFFF
             17B6 : 02F6             
     763/    17B8 : 0000 0000 0000      	dc.l abs($2F7)>>32,abs($2F7)&$FFFFFFFF
             17BE : 02F7             
     764/    17C0 : 0000 0000 0000      	dc.l abs($2F8)>>32,abs($2F8)&$FFFFFFFF
             17C6 : 02F8             
     765/    17C8 : 0000 0000 0000      	dc.l abs($2F9)>>32,abs($2F9)&$FFFFFFFF
             17CE : 02F9             
     766/    17D0 : 0000 0000 0000      	dc.l abs($2FA)>>32,abs($2FA)&$FFFFFFFF
             17D6 : 02FA             
     767/    17D8 : 0000 0000 0000      	dc.l abs($2FB)>>32,abs($2FB)&$FFFFFFFF
             17DE : 02FB             
     768/    17E0 : 0000 0000 0000      	dc.l abs($2FC)>>32,abs($2FC)&$FFFFFFFF
             17E6 : 02FC             
     769/    17E8 : 0000 0000 0000      	dc.l abs($2FD)>>32,abs($2FD)&$FFFFFFFF
             17EE : 02FD             
     770/    17F0 : 0000 0000 0000      	dc.l abs($2FE)>>32,abs($2FE)&$FFFFFFFF
             17F6 : 02FE             
     771/    17F8 : 0000 0000 0000      	dc.l abs($2FF)>>32,abs($2FF)&$FFFFFFFF
             17FE : 02FF             
     772/    1800 : 0000 0000 0000      	dc.l abs($300)>>32,abs($300)&$FFFFFFFF
             1806 : 0300             
     773/    1808 : 0000 0000 0000      	dc.l abs($301)>>32,abs($301)&$FFFFFFFF
             180E : 0301             
     774/    1810 : 0000 0000 0000      	dc.l abs($302)>>32,abs($302)&$FFFFFFFF
             1816 : 0302             
     775/    1818 : 0000 0000 0000      	dc.l abs($303)>>32,abs($303)&$FFFFFFFF
             181E : 0303             
     776/    1820 : 0000 0000 0000      	dc.l abs($304)>>32,abs($304)&$FFFFFFFF
             1826 : 0304             
     777/    1828 : 0000 0000 0000      	dc.l abs($305)>>32,abs($305)&$FFFFFFFF
             182E : 0305             
     778/    1830 : 0000 0000 0000      	dc.l abs($306)>>32,abs($306)&$FFFFFFFF
             1836 : 0306             
     779/    1838 : 0000 0000 0000      	dc.l abs($307)>>32,abs($307)&$FFFFFFFF
             183E : 0307             
     780/    1840 : 0000 0000 0000      	dc.l abs($308)>>32,abs($308)&$FFFFFFFF
             1846 : 0308             
     781/    1848 : 0000 0000 0000      	dc.l abs($309)>>32,abs($309)&$FFFFFFFF
             184E : 0309             
     782/    1850 : 0000 0000 0000      	dc.l abs($30A)>>32,abs($30A)&$FFFFFFFF
 AS V1.42 Beta [Bld 212] - Source File t_abs.asm - Page 27 - 09/12/2026 05:50:15 AM


             1856 : 030A             
     783/    1858 : 0000 0000 0000      	dc.l abs($30B)>>32,abs($30B)&$FFFFFFFF
             185E : 030B             
     784/    1860 : 0000 0000 0000      	dc.l abs($30C)>>32,abs($30C)&$FFFFFFFF
             1866 : 030C             
     785/    1868 : 0000 0000 0000      	dc.l abs($30D)>>32,abs($30D)&$FFFFFFFF
             186E : 030D             
     786/    1870 : 0000 0000 0000      	dc.l abs($30E)>>32,abs($30E)&$FFFFFFFF
             1876 : 030E             
     787/    1878 : 0000 0000 0000      	dc.l abs($30F)>>32,abs($30F)&$FFFFFFFF
             187E : 030F             
     788/    1880 : 0000 0000 0000      	dc.l abs($310)>>32,abs($310)&$FFFFFFFF
             1886 : 0310             
     789/    1888 : 0000 0000 0000      	dc.l abs($311)>>32,abs($311)&$FFFFFFFF
             188E : 0311             
     790/    1890 : 0000 0000 0000      	dc.l abs($312)>>32,abs($312)&$FFFFFFFF
             1896 : 0312             
     791/    1898 : 0000 0000 0000      	dc.l abs($313)>>32,abs($313)&$FFFFFFFF
             189E : 0313             
     792/    18A0 : 0000 0000 0000      	dc.l abs($314)>>32,abs($314)&$FFFFFFFF
             18A6 : 0314             
     793/    18A8 : 0000 0000 0000      	dc.l abs($315)>>32,abs($315)&$FFFFFFFF
             18AE : 0315             
     794/    18B0 : 0000 0000 0000      	dc.l abs($316)>>32,abs($316)&$FFFFFFFF
             18B6 : 0316             
     795/    18B8 : 0000 0000 0000      	dc.l abs($317)>>32,abs($317)&$FFFFFFFF
             18BE : 0317             
     796/    18C0 : 0000 0000 0000      	dc.l abs($318)>>32,abs($318)&$FFFFFFFF
             18C6 : 0318             
     797/    18C8 : 0000 0000 0000      	dc.l abs($319)>>32,abs($319)&$FFFFFFFF
             18CE : 0319             
     798/    18D0 : 0000 0000 0000      	dc.l abs($31A)>>32,abs($31A)&$FFFFFFFF
             18D6 : 031A             
     799/    18D8 : 0000 0000 0000      	dc.l abs($31B)>>32,abs($31B)&$FFFFFFFF
             18DE : 031B             
     800/    18E0 : 0000 0000 0000      	dc.l abs($31C)>>32,abs($31C)&$FFFFFFFF
             18E6 : 031C             
     801/    18E8 : 0000 0000 0000      	dc.l abs($31D)>>32,abs($31D)&$FFFFFFFF
             18EE : 031D             
     802/    18F0 : 0000 0000 0000      	dc.l abs($31E)>>32,abs($31E)&$FFFFFFFF
             18F6 : 031E             
     803/    18F8 : 0000 0000 0000      	dc.l abs($31F)>>32,abs($31F)&$FFFFFFFF
             18FE : 031F             
     804/    1900 : 0000 0000 0000      	dc.l abs($320)>>32,abs($320)&$FFFFFFFF
             1906 : 0320             
     805/    1908 : 0000 0000 0000      	dc.l abs($321)>>32,abs($321)&$FFFFFFFF
             190E : 0321             
     806/    1910 : 0000 0000 0000      	dc.l abs($322)>>32,abs($322)&$FFFFFFFF
             1916 : 0322             
     807/    1918 : 0000 0000 0000      	dc.l abs($323)>>32,abs($323)&$FFFFFFFF
             191E : 0323             
     808/    1920 : 0000 0000 0000      	dc.l abs($324)>>32,abs($324)&$FFFFFFFF
             1926 : 0324             
     809/    1928 : 0000 0000 0000      	dc.l abs($325)>>32,abs($325)&$FFFFFFFF
             192E : 0325             
     810/    1930 : 0000 0000 0000      	dc.l abs($326)>>32,abs($326)&$FFFFFFFF
             1936 : 0326             
     811/    1938 : 0000 0000 0000      	dc.l abs($327)>>32,abs($327)&$FFFFFFFF
             193E : 0327             
     812/    1940 : 0000 0000 0000      	dc.l abs($328)>>32,abs($328)&$FFFFFFFF
 AS V1.42 Beta [Bld 212] - Source File t_abs.asm - Page 28 - 09/12/2026 05:50:15 AM


             1946 : 0328             
     813/    1948 : 0000 0000 0000      	dc.l abs($329)>>32,abs($329)&$FFFFFFFF
             194E : 0329             
     814/    1950 : 0000 0000 0000      	dc.l abs($32A)>>32,abs($32A)&$FFFFFFFF
             1956 : 032A             
     815/    1958 : 0000 0000 0000      	dc.l abs($32B)>>32,abs($32B)&$FFFFFFFF
             195E : 032B             
     816/    1960 : 0000 0000 0000      	dc.l abs($32C)>>32,abs($32C)&$FFFFFFFF
             1966 : 032C             
     817/    1968 : 0000 0000 0000      	dc.l abs($32D)>>32,abs($32D)&$FFFFFFFF
             196E : 032D             
     818/    1970 : 0000 0000 0000      	dc.l abs($32E)>>32,abs($32E)&$FFFFFFFF
             1976 : 032E             
     819/    1978 : 0000 0000 0000      	dc.l abs($32F)>>32,abs($32F)&$FFFFFFFF
             197E : 032F             
     820/    1980 : 0000 0000 0000      	dc.l abs($330)>>32,abs($330)&$FFFFFFFF
             1986 : 0330             
     821/    1988 : 0000 0000 0000      	dc.l abs($331)>>32,abs($331)&$FFFFFFFF
             198E : 0331             
     822/    1990 : 0000 0000 0000      	dc.l abs($332)>>32,abs($332)&$FFFFFFFF
             1996 : 0332             
     823/    1998 : 0000 0000 0000      	dc.l abs($333)>>32,abs($333)&$FFFFFFFF
             199E : 0333             
     824/    19A0 : 0000 0000 0000      	dc.l abs($334)>>32,abs($334)&$FFFFFFFF
             19A6 : 0334             
     825/    19A8 : 0000 0000 0000      	dc.l abs($335)>>32,abs($335)&$FFFFFFFF
             19AE : 0335             
     826/    19B0 : 0000 0000 0000      	dc.l abs($336)>>32,abs($336)&$FFFFFFFF
             19B6 : 0336             
     827/    19B8 : 0000 0000 0000      	dc.l abs($337)>>32,abs($337)&$FFFFFFFF
             19BE : 0337             
     828/    19C0 : 0000 0000 0000      	dc.l abs($338)>>32,abs($338)&$FFFFFFFF
             19C6 : 0338             
     829/    19C8 : 0000 0000 0000      	dc.l abs($339)>>32,abs($339)&$FFFFFFFF
             19CE : 0339             
     830/    19D0 : 0000 0000 0000      	dc.l abs($33A)>>32,abs($33A)&$FFFFFFFF
             19D6 : 033A             
     831/    19D8 : 0000 0000 0000      	dc.l abs($33B)>>32,abs($33B)&$FFFFFFFF
             19DE : 033B             
     832/    19E0 : 0000 0000 0000      	dc.l abs($33C)>>32,abs($33C)&$FFFFFFFF
             19E6 : 033C             
     833/    19E8 : 0000 0000 0000      	dc.l abs($33D)>>32,abs($33D)&$FFFFFFFF
             19EE : 033D             
     834/    19F0 : 0000 0000 0000      	dc.l abs($33E)>>32,abs($33E)&$FFFFFFFF
             19F6 : 033E             
     835/    19F8 : 0000 0000 0000      	dc.l abs($33F)>>32,abs($33F)&$FFFFFFFF
             19FE : 033F             
     836/    1A00 : 0000 0000 0000      	dc.l abs($340)>>32,abs($340)&$FFFFFFFF
             1A06 : 0340             
     837/    1A08 : 0000 0000 0000      	dc.l abs($341)>>32,abs($341)&$FFFFFFFF
             1A0E : 0341             
     838/    1A10 : 0000 0000 0000      	dc.l abs($342)>>32,abs($342)&$FFFFFFFF
             1A16 : 0342             
     839/    1A18 : 0000 0000 0000      	dc.l abs($343)>>32,abs($343)&$FFFFFFFF
             1A1E : 0343             
     840/    1A20 : 0000 0000 0000      	dc.l abs($344)>>32,abs($344)&$FFFFFFFF
             1A26 : 0344             
     841/    1A28 : 0000 0000 0000      	dc.l abs($345)>>32,abs($345)&$FFFFFFFF
             1A2E : 0345             
     842/    1A30 : 0000 0000 0000      	dc.l abs($346)>>32,abs($346)&$FFFFFFFF
 AS V1.42 Beta [Bld 212] - Source File t_abs.asm - Page 29 - 09/12/2026 05:50:15 AM


             1A36 : 0346             
     843/    1A38 : 0000 0000 0000      	dc.l abs($347)>>32,abs($347)&$FFFFFFFF
             1A3E : 0347             
     844/    1A40 : 0000 0000 0000      	dc.l abs($348)>>32,abs($348)&$FFFFFFFF
             1A46 : 0348             
     845/    1A48 : 0000 0000 0000      	dc.l abs($349)>>32,abs($349)&$FFFFFFFF
             1A4E : 0349             
     846/    1A50 : 0000 0000 0000      	dc.l abs($34A)>>32,abs($34A)&$FFFFFFFF
             1A56 : 034A             
     847/    1A58 : 0000 0000 0000      	dc.l abs($34B)>>32,abs($34B)&$FFFFFFFF
             1A5E : 034B             
     848/    1A60 : 0000 0000 0000      	dc.l abs($34C)>>32,abs($34C)&$FFFFFFFF
             1A66 : 034C             
     849/    1A68 : 0000 0000 0000      	dc.l abs($34D)>>32,abs($34D)&$FFFFFFFF
             1A6E : 034D             
     850/    1A70 : 0000 0000 0000      	dc.l abs($34E)>>32,abs($34E)&$FFFFFFFF
             1A76 : 034E             
     851/    1A78 : 0000 0000 0000      	dc.l abs($34F)>>32,abs($34F)&$FFFFFFFF
             1A7E : 034F             
     852/    1A80 : 0000 0000 0000      	dc.l abs($350)>>32,abs($350)&$FFFFFFFF
             1A86 : 0350             
     853/    1A88 : 0000 0000 0000      	dc.l abs($351)>>32,abs($351)&$FFFFFFFF
             1A8E : 0351             
     854/    1A90 : 0000 0000 0000      	dc.l abs($352)>>32,abs($352)&$FFFFFFFF
             1A96 : 0352             
     855/    1A98 : 0000 0000 0000      	dc.l abs($353)>>32,abs($353)&$FFFFFFFF
             1A9E : 0353             
     856/    1AA0 : 0000 0000 0000      	dc.l abs($354)>>32,abs($354)&$FFFFFFFF
             1AA6 : 0354             
     857/    1AA8 : 0000 0000 0000      	dc.l abs($355)>>32,abs($355)&$FFFFFFFF
             1AAE : 0355             
     858/    1AB0 : 0000 0000 0000      	dc.l abs($356)>>32,abs($356)&$FFFFFFFF
             1AB6 : 0356             
     859/    1AB8 : 0000 0000 0000      	dc.l abs($357)>>32,abs($357)&$FFFFFFFF
             1ABE : 0357             
     860/    1AC0 : 0000 0000 0000      	dc.l abs($358)>>32,abs($358)&$FFFFFFFF
             1AC6 : 0358             
     861/    1AC8 : 0000 0000 0000      	dc.l abs($359)>>32,abs($359)&$FFFFFFFF
             1ACE : 0359             
     862/    1AD0 : 0000 0000 0000      	dc.l abs($35A)>>32,abs($35A)&$FFFFFFFF
             1AD6 : 035A             
     863/    1AD8 : 0000 0000 0000      	dc.l abs($35B)>>32,abs($35B)&$FFFFFFFF
             1ADE : 035B             
     864/    1AE0 : 0000 0000 0000      	dc.l abs($35C)>>32,abs($35C)&$FFFFFFFF
             1AE6 : 035C             
     865/    1AE8 : 0000 0000 0000      	dc.l abs($35D)>>32,abs($35D)&$FFFFFFFF
             1AEE : 035D             
     866/    1AF0 : 0000 0000 0000      	dc.l abs($35E)>>32,abs($35E)&$FFFFFFFF
             1AF6 : 035E             
     867/    1AF8 : 0000 0000 0000      	dc.l abs($35F)>>32,abs($35F)&$FFFFFFFF
             1AFE : 035F             
     868/    1B00 : 0000 0000 0000      	dc.l abs($360)>>32,abs($360)&$FFFFFFFF
             1B06 : 0360             
     869/    1B08 : 0000 0000 0000      	dc.l abs($361)>>32,abs($361)&$FFFFFFFF
             1B0E : 0361             
     870/    1B10 : 0000 0000 0000      	dc.l abs($362)>>32,abs($362)&$FFFFFFFF
             1B16 : 0362             
     871/    1B18 : 0000 0000 0000      	dc.l abs($363)>>32,abs($363)&$FFFFFFFF
             1B1E : 0363             
     872/    1B20 : 0000 0000 0000      	dc.l abs($364)>>32,abs($364)&$FFFFFFFF
 AS V1.42 Beta [Bld 212] - Source File t_abs.asm - Page 30 - 09/12/2026 05:50:15 AM


             1B26 : 0364             
     873/    1B28 : 0000 0000 0000      	dc.l abs($365)>>32,abs($365)&$FFFFFFFF
             1B2E : 0365             
     874/    1B30 : 0000 0000 0000      	dc.l abs($366)>>32,abs($366)&$FFFFFFFF
             1B36 : 0366             
     875/    1B38 : 0000 0000 0000      	dc.l abs($367)>>32,abs($367)&$FFFFFFFF
             1B3E : 0367             
     876/    1B40 : 0000 0000 0000      	dc.l abs($368)>>32,abs($368)&$FFFFFFFF
             1B46 : 0368             
     877/    1B48 : 0000 0000 0000      	dc.l abs($369)>>32,abs($369)&$FFFFFFFF
             1B4E : 0369             
     878/    1B50 : 0000 0000 0000      	dc.l abs($36A)>>32,abs($36A)&$FFFFFFFF
             1B56 : 036A             
     879/    1B58 : 0000 0000 0000      	dc.l abs($36B)>>32,abs($36B)&$FFFFFFFF
             1B5E : 036B             
     880/    1B60 : 0000 0000 0000      	dc.l abs($36C)>>32,abs($36C)&$FFFFFFFF
             1B66 : 036C             
     881/    1B68 : 0000 0000 0000      	dc.l abs($36D)>>32,abs($36D)&$FFFFFFFF
             1B6E : 036D             
     882/    1B70 : 0000 0000 0000      	dc.l abs($36E)>>32,abs($36E)&$FFFFFFFF
             1B76 : 036E             
     883/    1B78 : 0000 0000 0000      	dc.l abs($36F)>>32,abs($36F)&$FFFFFFFF
             1B7E : 036F             
     884/    1B80 : 0000 0000 0000      	dc.l abs($370)>>32,abs($370)&$FFFFFFFF
             1B86 : 0370             
     885/    1B88 : 0000 0000 0000      	dc.l abs($371)>>32,abs($371)&$FFFFFFFF
             1B8E : 0371             
     886/    1B90 : 0000 0000 0000      	dc.l abs($372)>>32,abs($372)&$FFFFFFFF
             1B96 : 0372             
     887/    1B98 : 0000 0000 0000      	dc.l abs($373)>>32,abs($373)&$FFFFFFFF
             1B9E : 0373             
     888/    1BA0 : 0000 0000 0000      	dc.l abs($374)>>32,abs($374)&$FFFFFFFF
             1BA6 : 0374             
     889/    1BA8 : 0000 0000 0000      	dc.l abs($375)>>32,abs($375)&$FFFFFFFF
             1BAE : 0375             
     890/    1BB0 : 0000 0000 0000      	dc.l abs($376)>>32,abs($376)&$FFFFFFFF
             1BB6 : 0376             
     891/    1BB8 : 0000 0000 0000      	dc.l abs($377)>>32,abs($377)&$FFFFFFFF
             1BBE : 0377             
     892/    1BC0 : 0000 0000 0000      	dc.l abs($378)>>32,abs($378)&$FFFFFFFF
             1BC6 : 0378             
     893/    1BC8 : 0000 0000 0000      	dc.l abs($379)>>32,abs($379)&$FFFFFFFF
             1BCE : 0379             
     894/    1BD0 : 0000 0000 0000      	dc.l abs($37A)>>32,abs($37A)&$FFFFFFFF
             1BD6 : 037A             
     895/    1BD8 : 0000 0000 0000      	dc.l abs($37B)>>32,abs($37B)&$FFFFFFFF
             1BDE : 037B             
     896/    1BE0 : 0000 0000 0000      	dc.l abs($37C)>>32,abs($37C)&$FFFFFFFF
             1BE6 : 037C             
     897/    1BE8 : 0000 0000 0000      	dc.l abs($37D)>>32,abs($37D)&$FFFFFFFF
             1BEE : 037D             
     898/    1BF0 : 0000 0000 0000      	dc.l abs($37E)>>32,abs($37E)&$FFFFFFFF
             1BF6 : 037E             
     899/    1BF8 : 0000 0000 0000      	dc.l abs($37F)>>32,abs($37F)&$FFFFFFFF
             1BFE : 037F             
     900/    1C00 : 0000 0000 0000      	dc.l abs($380)>>32,abs($380)&$FFFFFFFF
             1C06 : 0380             
     901/    1C08 : 0000 0000 0000      	dc.l abs($381)>>32,abs($381)&$FFFFFFFF
             1C0E : 0381             
     902/    1C10 : 0000 0000 0000      	dc.l abs($382)>>32,abs($382)&$FFFFFFFF
 AS V1.42 Beta [Bld 212] - Source File t_abs.asm - Page 31 - 09/12/2026 05:50:15 AM


             1C16 : 0382             
     903/    1C18 : 0000 0000 0000      	dc.l abs($383)>>32,abs($383)&$FFFFFFFF
             1C1E : 0383             
     904/    1C20 : 0000 0000 0000      	dc.l abs($384)>>32,abs($384)&$FFFFFFFF
             1C26 : 0384             
     905/    1C28 : 0000 0000 0000      	dc.l abs($385)>>32,abs($385)&$FFFFFFFF
             1C2E : 0385             
     906/    1C30 : 0000 0000 0000      	dc.l abs($386)>>32,abs($386)&$FFFFFFFF
             1C36 : 0386             
     907/    1C38 : 0000 0000 0000      	dc.l abs($387)>>32,abs($387)&$FFFFFFFF
             1C3E : 0387             
     908/    1C40 : 0000 0000 0000      	dc.l abs($388)>>32,abs($388)&$FFFFFFFF
             1C46 : 0388             
     909/    1C48 : 0000 0000 0000      	dc.l abs($389)>>32,abs($389)&$FFFFFFFF
             1C4E : 0389             
     910/    1C50 : 0000 0000 0000      	dc.l abs($38A)>>32,abs($38A)&$FFFFFFFF
             1C56 : 038A             
     911/    1C58 : 0000 0000 0000      	dc.l abs($38B)>>32,abs($38B)&$FFFFFFFF
             1C5E : 038B             
     912/    1C60 : 0000 0000 0000      	dc.l abs($38C)>>32,abs($38C)&$FFFFFFFF
             1C66 : 038C             
     913/    1C68 : 0000 0000 0000      	dc.l abs($38D)>>32,abs($38D)&$FFFFFFFF
             1C6E : 038D             
     914/    1C70 : 0000 0000 0000      	dc.l abs($38E)>>32,abs($38E)&$FFFFFFFF
             1C76 : 038E             
     915/    1C78 : 0000 0000 0000      	dc.l abs($38F)>>32,abs($38F)&$FFFFFFFF
             1C7E : 038F             
     916/    1C80 : 0000 0000 0000      	dc.l abs($390)>>32,abs($390)&$FFFFFFFF
             1C86 : 0390             
     917/    1C88 : 0000 0000 0000      	dc.l abs($391)>>32,abs($391)&$FFFFFFFF
             1C8E : 0391             
     918/    1C90 : 0000 0000 0000      	dc.l abs($392)>>32,abs($392)&$FFFFFFFF
             1C96 : 0392             
     919/    1C98 : 0000 0000 0000      	dc.l abs($393)>>32,abs($393)&$FFFFFFFF
             1C9E : 0393             
     920/    1CA0 : 0000 0000 0000      	dc.l abs($394)>>32,abs($394)&$FFFFFFFF
             1CA6 : 0394             
     921/    1CA8 : 0000 0000 0000      	dc.l abs($395)>>32,abs($395)&$FFFFFFFF
             1CAE : 0395             
     922/    1CB0 : 0000 0000 0000      	dc.l abs($396)>>32,abs($396)&$FFFFFFFF
             1CB6 : 0396             
     923/    1CB8 : 0000 0000 0000      	dc.l abs($397)>>32,abs($397)&$FFFFFFFF
             1CBE : 0397             
     924/    1CC0 : 0000 0000 0000      	dc.l abs($398)>>32,abs($398)&$FFFFFFFF
             1CC6 : 0398             
     925/    1CC8 : 0000 0000 0000      	dc.l abs($399)>>32,abs($399)&$FFFFFFFF
             1CCE : 0399             
     926/    1CD0 : 0000 0000 0000      	dc.l abs($39A)>>32,abs($39A)&$FFFFFFFF
             1CD6 : 039A             
     927/    1CD8 : 0000 0000 0000      	dc.l abs($39B)>>32,abs($39B)&$FFFFFFFF
             1CDE : 039B             
     928/    1CE0 : 0000 0000 0000      	dc.l abs($39C)>>32,abs($39C)&$FFFFFFFF
             1CE6 : 039C             
     929/    1CE8 : 0000 0000 0000      	dc.l abs($39D)>>32,abs($39D)&$FFFFFFFF
             1CEE : 039D             
     930/    1CF0 : 0000 0000 0000      	dc.l abs($39E)>>32,abs($39E)&$FFFFFFFF
             1CF6 : 039E             
     931/    1CF8 : 0000 0000 0000      	dc.l abs($39F)>>32,abs($39F)&$FFFFFFFF
             1CFE : 039F             
     932/    1D00 : 0000 0000 0000      	dc.l abs($3A0)>>32,abs($3A0)&$FFFFFFFF
 AS V1.42 Beta [Bld 212] - Source File t_abs.asm - Page 32 - 09/12/2026 05:50:15 AM


             1D06 : 03A0             
     933/    1D08 : 0000 0000 0000      	dc.l abs($3A1)>>32,abs($3A1)&$FFFFFFFF
             1D0E : 03A1             
     934/    1D10 : 0000 0000 0000      	dc.l abs($3A2)>>32,abs($3A2)&$FFFFFFFF
             1D16 : 03A2             
     935/    1D18 : 0000 0000 0000      	dc.l abs($3A3)>>32,abs($3A3)&$FFFFFFFF
             1D1E : 03A3             
     936/    1D20 : 0000 0000 0000      	dc.l abs($3A4)>>32,abs($3A4)&$FFFFFFFF
             1D26 : 03A4             
     937/    1D28 : 0000 0000 0000      	dc.l abs($3A5)>>32,abs($3A5)&$FFFFFFFF
             1D2E : 03A5             
     938/    1D30 : 0000 0000 0000      	dc.l abs($3A6)>>32,abs($3A6)&$FFFFFFFF
             1D36 : 03A6             
     939/    1D38 : 0000 0000 0000      	dc.l abs($3A7)>>32,abs($3A7)&$FFFFFFFF
             1D3E : 03A7             
     940/    1D40 : 0000 0000 0000      	dc.l abs($3A8)>>32,abs($3A8)&$FFFFFFFF
             1D46 : 03A8             
     941/    1D48 : 0000 0000 0000      	dc.l abs($3A9)>>32,abs($3A9)&$FFFFFFFF
             1D4E : 03A9             
     942/    1D50 : 0000 0000 0000      	dc.l abs($3AA)>>32,abs($3AA)&$FFFFFFFF
             1D56 : 03AA             
     943/    1D58 : 0000 0000 0000      	dc.l abs($3AB)>>32,abs($3AB)&$FFFFFFFF
             1D5E : 03AB             
     944/    1D60 : 0000 0000 0000      	dc.l abs($3AC)>>32,abs($3AC)&$FFFFFFFF
             1D66 : 03AC             
     945/    1D68 : 0000 0000 0000      	dc.l abs($3AD)>>32,abs($3AD)&$FFFFFFFF
             1D6E : 03AD             
     946/    1D70 : 0000 0000 0000      	dc.l abs($3AE)>>32,abs($3AE)&$FFFFFFFF
             1D76 : 03AE             
     947/    1D78 : 0000 0000 0000      	dc.l abs($3AF)>>32,abs($3AF)&$FFFFFFFF
             1D7E : 03AF             
     948/    1D80 : 0000 0000 0000      	dc.l abs($3B0)>>32,abs($3B0)&$FFFFFFFF
             1D86 : 03B0             
     949/    1D88 : 0000 0000 0000      	dc.l abs($3B1)>>32,abs($3B1)&$FFFFFFFF
             1D8E : 03B1             
     950/    1D90 : 0000 0000 0000      	dc.l abs($3B2)>>32,abs($3B2)&$FFFFFFFF
             1D96 : 03B2             
     951/    1D98 : 0000 0000 0000      	dc.l abs($3B3)>>32,abs($3B3)&$FFFFFFFF
             1D9E : 03B3             
     952/    1DA0 : 0000 0000 0000      	dc.l abs($3B4)>>32,abs($3B4)&$FFFFFFFF
             1DA6 : 03B4             
     953/    1DA8 : 0000 0000 0000      	dc.l abs($3B5)>>32,abs($3B5)&$FFFFFFFF
             1DAE : 03B5             
     954/    1DB0 : 0000 0000 0000      	dc.l abs($3B6)>>32,abs($3B6)&$FFFFFFFF
             1DB6 : 03B6             
     955/    1DB8 : 0000 0000 0000      	dc.l abs($3B7)>>32,abs($3B7)&$FFFFFFFF
             1DBE : 03B7             
     956/    1DC0 : 0000 0000 0000      	dc.l abs($3B8)>>32,abs($3B8)&$FFFFFFFF
             1DC6 : 03B8             
     957/    1DC8 : 0000 0000 0000      	dc.l abs($3B9)>>32,abs($3B9)&$FFFFFFFF
             1DCE : 03B9             
     958/    1DD0 : 0000 0000 0000      	dc.l abs($3BA)>>32,abs($3BA)&$FFFFFFFF
             1DD6 : 03BA             
     959/    1DD8 : 0000 0000 0000      	dc.l abs($3BB)>>32,abs($3BB)&$FFFFFFFF
             1DDE : 03BB             
     960/    1DE0 : 0000 0000 0000      	dc.l abs($3BC)>>32,abs($3BC)&$FFFFFFFF
             1DE6 : 03BC             
     961/    1DE8 : 0000 0000 0000      	dc.l abs($3BD)>>32,abs($3BD)&$FFFFFFFF
             1DEE : 03BD             
     962/    1DF0 : 0000 0000 0000      	dc.l abs($3BE)>>32,abs($3BE)&$FFFFFFFF
 AS V1.42 Beta [Bld 212] - Source File t_abs.asm - Page 33 - 09/12/2026 05:50:15 AM


             1DF6 : 03BE             
     963/    1DF8 : 0000 0000 0000      	dc.l abs($3BF)>>32,abs($3BF)&$FFFFFFFF
             1DFE : 03BF             
     964/    1E00 : 0000 0000 0000      	dc.l abs($3C0)>>32,abs($3C0)&$FFFFFFFF
             1E06 : 03C0             
     965/    1E08 : 0000 0000 0000      	dc.l abs($3C1)>>32,abs($3C1)&$FFFFFFFF
             1E0E : 03C1             
     966/    1E10 : 0000 0000 0000      	dc.l abs($3C2)>>32,abs($3C2)&$FFFFFFFF
             1E16 : 03C2             
     967/    1E18 : 0000 0000 0000      	dc.l abs($3C3)>>32,abs($3C3)&$FFFFFFFF
             1E1E : 03C3             
     968/    1E20 : 0000 0000 0000      	dc.l abs($3C4)>>32,abs($3C4)&$FFFFFFFF
             1E26 : 03C4             
     969/    1E28 : 0000 0000 0000      	dc.l abs($3C5)>>32,abs($3C5)&$FFFFFFFF
             1E2E : 03C5             
     970/    1E30 : 0000 0000 0000      	dc.l abs($3C6)>>32,abs($3C6)&$FFFFFFFF
             1E36 : 03C6             
     971/    1E38 : 0000 0000 0000      	dc.l abs($3C7)>>32,abs($3C7)&$FFFFFFFF
             1E3E : 03C7             
     972/    1E40 : 0000 0000 0000      	dc.l abs($3C8)>>32,abs($3C8)&$FFFFFFFF
             1E46 : 03C8             
     973/    1E48 : 0000 0000 0000      	dc.l abs($3C9)>>32,abs($3C9)&$FFFFFFFF
             1E4E : 03C9             
     974/    1E50 : 0000 0000 0000      	dc.l abs($3CA)>>32,abs($3CA)&$FFFFFFFF
             1E56 : 03CA             
     975/    1E58 : 0000 0000 0000      	dc.l abs($3CB)>>32,abs($3CB)&$FFFFFFFF
             1E5E : 03CB             
     976/    1E60 : 0000 0000 0000      	dc.l abs($3CC)>>32,abs($3CC)&$FFFFFFFF
             1E66 : 03CC             
     977/    1E68 : 0000 0000 0000      	dc.l abs($3CD)>>32,abs($3CD)&$FFFFFFFF
             1E6E : 03CD             
     978/    1E70 : 0000 0000 0000      	dc.l abs($3CE)>>32,abs($3CE)&$FFFFFFFF
             1E76 : 03CE             
     979/    1E78 : 0000 0000 0000      	dc.l abs($3CF)>>32,abs($3CF)&$FFFFFFFF
             1E7E : 03CF             
     980/    1E80 : 0000 0000 0000      	dc.l abs($3D0)>>32,abs($3D0)&$FFFFFFFF
             1E86 : 03D0             
     981/    1E88 : 0000 0000 0000      	dc.l abs($3D1)>>32,abs($3D1)&$FFFFFFFF
             1E8E : 03D1             
     982/    1E90 : 0000 0000 0000      	dc.l abs($3D2)>>32,abs($3D2)&$FFFFFFFF
             1E96 : 03D2             
     983/    1E98 : 0000 0000 0000      	dc.l abs($3D3)>>32,abs($3D3)&$FFFFFFFF
             1E9E : 03D3             
     984/    1EA0 : 0000 0000 0000      	dc.l abs($3D4)>>32,abs($3D4)&$FFFFFFFF
             1EA6 : 03D4             
     985/    1EA8 : 0000 0000 0000      	dc.l abs($3D5)>>32,abs($3D5)&$FFFFFFFF
             1EAE : 03D5             
     986/    1EB0 : 0000 0000 0000      	dc.l abs($3D6)>>32,abs($3D6)&$FFFFFFFF
             1EB6 : 03D6             
     987/    1EB8 : 0000 0000 0000      	dc.l abs($3D7)>>32,abs($3D7)&$FFFFFFFF
             1EBE : 03D7             
     988/    1EC0 : 0000 0000 0000      	dc.l abs($3D8)>>32,abs($3D8)&$FFFFFFFF
             1EC6 : 03D8             
     989/    1EC8 : 0000 0000 0000      	dc.l abs($3D9)>>32,abs($3D9)&$FFFFFFFF
             1ECE : 03D9             
     990/    1ED0 : 0000 0000 0000      	dc.l abs($3DA)>>32,abs($3DA)&$FFFFFFFF
             1ED6 : 03DA             
     991/    1ED8 : 0000 0000 0000      	dc.l abs($3DB)>>32,abs($3DB)&$FFFFFFFF
             1EDE : 03DB             
     992/    1EE0 : 0000 0000 0000      	dc.l abs($3DC)>>32,abs($3DC)&$FFFFFFFF
 AS V1.42 Beta [Bld 212] - Source File t_abs.asm - Page 34 - 09/12/2026 05:50:15 AM


             1EE6 : 03DC             
     993/    1EE8 : 0000 0000 0000      	dc.l abs($3DD)>>32,abs($3DD)&$FFFFFFFF
             1EEE : 03DD             
     994/    1EF0 : 0000 0000 0000      	dc.l abs($3DE)>>32,abs($3DE)&$FFFFFFFF
             1EF6 : 03DE             
     995/    1EF8 : 0000 0000 0000      	dc.l abs($3DF)>>32,abs($3DF)&$FFFFFFFF
             1EFE : 03DF             
     996/    1F00 : 0000 0000 0000      	dc.l abs($3E0)>>32,abs($3E0)&$FFFFFFFF
             1F06 : 03E0             
     997/    1F08 : 0000 0000 0000      	dc.l abs($3E1)>>32,abs($3E1)&$FFFFFFFF
             1F0E : 03E1             
     998/    1F10 : 0000 0000 0000      	dc.l abs($3E2)>>32,abs($3E2)&$FFFFFFFF
             1F16 : 03E2             
     999/    1F18 : 0000 0000 0000      	dc.l abs($3E3)>>32,abs($3E3)&$FFFFFFFF
             1F1E : 03E3             
    1000/    1F20 : 0000 0000 0000      	dc.l abs($3E4)>>32,abs($3E4)&$FFFFFFFF
             1F26 : 03E4             
    1001/    1F28 : 0000 0000 0000      	dc.l abs($3E5)>>32,abs($3E5)&$FFFFFFFF
             1F2E : 03E5             
    1002/    1F30 : 0000 0000 0000      	dc.l abs($3E6)>>32,abs($3E6)&$FFFFFFFF
             1F36 : 03E6             
    1003/    1F38 : 0000 0000 0000      	dc.l abs($3E7)>>32,abs($3E7)&$FFFFFFFF
             1F3E : 03E7             
    1004/    1F40 : 0000 0000 0000      	dc.l abs($3E8)>>32,abs($3E8)&$FFFFFFFF
             1F46 : 03E8             
    1005/    1F48 : 0000 0000 0000      	dc.l abs($3E9)>>32,abs($3E9)&$FFFFFFFF
             1F4E : 03E9             
    1006/    1F50 : 0000 0000 0000      	dc.l abs($3EA)>>32,abs($3EA)&$FFFFFFFF
             1F56 : 03EA             
    1007/    1F58 : 0000 0000 0000      	dc.l abs($3EB)>>32,abs($3EB)&$FFFFFFFF
             1F5E : 03EB             
    1008/    1F60 : 0000 0000 0000      	dc.l abs($3EC)>>32,abs($3EC)&$FFFFFFFF
             1F66 : 03EC             
    1009/    1F68 : 0000 0000 0000      	dc.l abs($3ED)>>32,abs($3ED)&$FFFFFFFF
             1F6E : 03ED             
    1010/    1F70 : 0000 0000 0000      	dc.l abs($3EE)>>32,abs($3EE)&$FFFFFFFF
             1F76 : 03EE             
    1011/    1F78 : 0000 0000 0000      	dc.l abs($3EF)>>32,abs($3EF)&$FFFFFFFF
             1F7E : 03EF             
    1012/    1F80 : 0000 0000 0000      	dc.l abs($3F0)>>32,abs($3F0)&$FFFFFFFF
             1F86 : 03F0             
    1013/    1F88 : 0000 0000 0000      	dc.l abs($3F1)>>32,abs($3F1)&$FFFFFFFF
             1F8E : 03F1             
    1014/    1F90 : 0000 0000 0000      	dc.l abs($3F2)>>32,abs($3F2)&$FFFFFFFF
             1F96 : 03F2             
    1015/    1F98 : 0000 0000 0000      	dc.l abs($3F3)>>32,abs($3F3)&$FFFFFFFF
             1F9E : 03F3             
    1016/    1FA0 : 0000 0000 0000      	dc.l abs($3F4)>>32,abs($3F4)&$FFFFFFFF
             1FA6 : 03F4             
    1017/    1FA8 : 0000 0000 0000      	dc.l abs($3F5)>>32,abs($3F5)&$FFFFFFFF
             1FAE : 03F5             
    1018/    1FB0 : 0000 0000 0000      	dc.l abs($3F6)>>32,abs($3F6)&$FFFFFFFF
             1FB6 : 03F6             
    1019/    1FB8 : 0000 0000 0000      	dc.l abs($3F7)>>32,abs($3F7)&$FFFFFFFF
             1FBE : 03F7             
    1020/    1FC0 : 0000 0000 0000      	dc.l abs($3F8)>>32,abs($3F8)&$FFFFFFFF
             1FC6 : 03F8             
    1021/    1FC8 : 0000 0000 0000      	dc.l abs($3F9)>>32,abs($3F9)&$FFFFFFFF
             1FCE : 03F9             
    1022/    1FD0 : 0000 0000 0000      	dc.l abs($3FA)>>32,abs($3FA)&$FFFFFFFF
 AS V1.42 Beta [Bld 212] - Source File t_abs.asm - Page 35 - 09/12/2026 05:50:15 AM


             1FD6 : 03FA             
    1023/    1FD8 : 0000 0000 0000      	dc.l abs($3FB)>>32,abs($3FB)&$FFFFFFFF
             1FDE : 03FB             
    1024/    1FE0 : 0000 0000 0000      	dc.l abs($3FC)>>32,abs($3FC)&$FFFFFFFF
             1FE6 : 03FC             
    1025/    1FE8 : 0000 0000 0000      	dc.l abs($3FD)>>32,abs($3FD)&$FFFFFFFF
             1FEE : 03FD             
    1026/    1FF0 : 0000 0000 0000      	dc.l abs($3FE)>>32,abs($3FE)&$FFFFFFFF
             1FF6 : 03FE             
    1027/    1FF8 : 0000 0000 0000      	dc.l abs($3FF)>>32,abs($3FF)&$FFFFFFFF
             1FFE : 03FF             
    1028/    2000 : 0000 0000 0000      	dc.l abs(-$1)>>32,abs(-$1)&$FFFFFFFF
             2006 : 0001             
    1029/    2008 : 0000 0000 0000      	dc.l abs(-$2)>>32,abs(-$2)&$FFFFFFFF
             200E : 0002             
    1030/    2010 : 0000 0000 0000      	dc.l abs(-$3)>>32,abs(-$3)&$FFFFFFFF
             2016 : 0003             
    1031/    2018 : 0000 0000 0000      	dc.l abs(-$4)>>32,abs(-$4)&$FFFFFFFF
             201E : 0004             
    1032/    2020 : 0000 0000 0000      	dc.l abs(-$5)>>32,abs(-$5)&$FFFFFFFF
             2026 : 0005             
    1033/    2028 : 0000 0000 0000      	dc.l abs(-$6)>>32,abs(-$6)&$FFFFFFFF
             202E : 0006             
    1034/    2030 : 0000 0000 0000      	dc.l abs(-$7)>>32,abs(-$7)&$FFFFFFFF
             2036 : 0007             
    1035/    2038 : 0000 0000 0000      	dc.l abs(-$8)>>32,abs(-$8)&$FFFFFFFF
             203E : 0008             
    1036/    2040 : 0000 0000 0000      	dc.l abs(-$9)>>32,abs(-$9)&$FFFFFFFF
             2046 : 0009             
    1037/    2048 : 0000 0000 0000      	dc.l abs(-$A)>>32,abs(-$A)&$FFFFFFFF
             204E : 000A             
    1038/    2050 : 0000 0000 0000      	dc.l abs(-$B)>>32,abs(-$B)&$FFFFFFFF
             2056 : 000B             
    1039/    2058 : 0000 0000 0000      	dc.l abs(-$C)>>32,abs(-$C)&$FFFFFFFF
             205E : 000C             
    1040/    2060 : 0000 0000 0000      	dc.l abs(-$D)>>32,abs(-$D)&$FFFFFFFF
             2066 : 000D             
    1041/    2068 : 0000 0000 0000      	dc.l abs(-$E)>>32,abs(-$E)&$FFFFFFFF
             206E : 000E             
    1042/    2070 : 0000 0000 0000      	dc.l abs(-$F)>>32,abs(-$F)&$FFFFFFFF
             2076 : 000F             
    1043/    2078 : 0000 0000 0000      	dc.l abs(-$10)>>32,abs(-$10)&$FFFFFFFF
             207E : 0010             
    1044/    2080 : 0000 0000 0000      	dc.l abs(-$11)>>32,abs(-$11)&$FFFFFFFF
             2086 : 0011             
    1045/    2088 : 0000 0000 0000      	dc.l abs(-$12)>>32,abs(-$12)&$FFFFFFFF
             208E : 0012             
    1046/    2090 : 0000 0000 0000      	dc.l abs(-$13)>>32,abs(-$13)&$FFFFFFFF
             2096 : 0013             
    1047/    2098 : 0000 0000 0000      	dc.l abs(-$14)>>32,abs(-$14)&$FFFFFFFF
             209E : 0014             
    1048/    20A0 : 0000 0000 0000      	dc.l abs(-$15)>>32,abs(-$15)&$FFFFFFFF
             20A6 : 0015             
    1049/    20A8 : 0000 0000 0000      	dc.l abs(-$16)>>32,abs(-$16)&$FFFFFFFF
             20AE : 0016             
    1050/    20B0 : 0000 0000 0000      	dc.l abs(-$17)>>32,abs(-$17)&$FFFFFFFF
             20B6 : 0017             
    1051/    20B8 : 0000 0000 0000      	dc.l abs(-$18)>>32,abs(-$18)&$FFFFFFFF
             20BE : 0018             
    1052/    20C0 : 0000 0000 0000      	dc.l abs(-$19)>>32,abs(-$19)&$FFFFFFFF
 AS V1.42 Beta [Bld 212] - Source File t_abs.asm - Page 36 - 09/12/2026 05:50:15 AM


             20C6 : 0019             
    1053/    20C8 : 0000 0000 0000      	dc.l abs(-$1A)>>32,abs(-$1A)&$FFFFFFFF
             20CE : 001A             
    1054/    20D0 : 0000 0000 0000      	dc.l abs(-$1B)>>32,abs(-$1B)&$FFFFFFFF
             20D6 : 001B             
    1055/    20D8 : 0000 0000 0000      	dc.l abs(-$1C)>>32,abs(-$1C)&$FFFFFFFF
             20DE : 001C             
    1056/    20E0 : 0000 0000 0000      	dc.l abs(-$1D)>>32,abs(-$1D)&$FFFFFFFF
             20E6 : 001D             
    1057/    20E8 : 0000 0000 0000      	dc.l abs(-$1E)>>32,abs(-$1E)&$FFFFFFFF
             20EE : 001E             
    1058/    20F0 : 0000 0000 0000      	dc.l abs(-$1F)>>32,abs(-$1F)&$FFFFFFFF
             20F6 : 001F             
    1059/    20F8 : 0000 0000 0000      	dc.l abs(-$20)>>32,abs(-$20)&$FFFFFFFF
             20FE : 0020             
    1060/    2100 : 0000 0000 0000      	dc.l abs(-$21)>>32,abs(-$21)&$FFFFFFFF
             2106 : 0021             
    1061/    2108 : 0000 0000 0000      	dc.l abs(-$22)>>32,abs(-$22)&$FFFFFFFF
             210E : 0022             
    1062/    2110 : 0000 0000 0000      	dc.l abs(-$23)>>32,abs(-$23)&$FFFFFFFF
             2116 : 0023             
    1063/    2118 : 0000 0000 0000      	dc.l abs(-$24)>>32,abs(-$24)&$FFFFFFFF
             211E : 0024             
    1064/    2120 : 0000 0000 0000      	dc.l abs(-$25)>>32,abs(-$25)&$FFFFFFFF
             2126 : 0025             
    1065/    2128 : 0000 0000 0000      	dc.l abs(-$26)>>32,abs(-$26)&$FFFFFFFF
             212E : 0026             
    1066/    2130 : 0000 0000 0000      	dc.l abs(-$27)>>32,abs(-$27)&$FFFFFFFF
             2136 : 0027             
    1067/    2138 : 0000 0000 0000      	dc.l abs(-$28)>>32,abs(-$28)&$FFFFFFFF
             213E : 0028             
    1068/    2140 : 0000 0000 0000      	dc.l abs(-$29)>>32,abs(-$29)&$FFFFFFFF
             2146 : 0029             
    1069/    2148 : 0000 0000 0000      	dc.l abs(-$2A)>>32,abs(-$2A)&$FFFFFFFF
             214E : 002A             
    1070/    2150 : 0000 0000 0000      	dc.l abs(-$2B)>>32,abs(-$2B)&$FFFFFFFF
             2156 : 002B             
    1071/    2158 : 0000 0000 0000      	dc.l abs(-$2C)>>32,abs(-$2C)&$FFFFFFFF
             215E : 002C             
    1072/    2160 : 0000 0000 0000      	dc.l abs(-$2D)>>32,abs(-$2D)&$FFFFFFFF
             2166 : 002D             
    1073/    2168 : 0000 0000 0000      	dc.l abs(-$2E)>>32,abs(-$2E)&$FFFFFFFF
             216E : 002E             
    1074/    2170 : 0000 0000 0000      	dc.l abs(-$2F)>>32,abs(-$2F)&$FFFFFFFF
             2176 : 002F             
    1075/    2178 : 0000 0000 0000      	dc.l abs(-$30)>>32,abs(-$30)&$FFFFFFFF
             217E : 0030             
    1076/    2180 : 0000 0000 0000      	dc.l abs(-$31)>>32,abs(-$31)&$FFFFFFFF
             2186 : 0031             
    1077/    2188 : 0000 0000 0000      	dc.l abs(-$32)>>32,abs(-$32)&$FFFFFFFF
             218E : 0032             
    1078/    2190 : 0000 0000 0000      	dc.l abs(-$33)>>32,abs(-$33)&$FFFFFFFF
             2196 : 0033             
    1079/    2198 : 0000 0000 0000      	dc.l abs(-$34)>>32,abs(-$34)&$FFFFFFFF
             219E : 0034             
    1080/    21A0 : 0000 0000 0000      	dc.l abs(-$35)>>32,abs(-$35)&$FFFFFFFF
             21A6 : 0035             
    1081/    21A8 : 0000 0000 0000      	dc.l abs(-$36)>>32,abs(-$36)&$FFFFFFFF
             21AE : 0036             
    1082/    21B0 : 0000 0000 0000      	dc.l abs(-$37)>>32,abs(-$37)&$FFFFFFFF
 AS V1.42 Beta [Bld 212] - Source File t_abs.asm - Page 37 - 09/12/2026 05:50:15 AM


             21B6 : 0037             
    1083/    21B8 : 0000 0000 0000      	dc.l abs(-$38)>>32,abs(-$38)&$FFFFFFFF
             21BE : 0038             
    1084/    21C0 : 0000 0000 0000      	dc.l abs(-$39)>>32,abs(-$39)&$FFFFFFFF
             21C6 : 0039             
    1085/    21C8 : 0000 0000 0000      	dc.l abs(-$3A)>>32,abs(-$3A)&$FFFFFFFF
             21CE : 003A             
    1086/    21D0 : 0000 0000 0000      	dc.l abs(-$3B)>>32,abs(-$3B)&$FFFFFFFF
             21D6 : 003B             
    1087/    21D8 : 0000 0000 0000      	dc.l abs(-$3C)>>32,abs(-$3C)&$FFFFFFFF
             21DE : 003C             
    1088/    21E0 : 0000 0000 0000      	dc.l abs(-$3D)>>32,abs(-$3D)&$FFFFFFFF
             21E6 : 003D             
    1089/    21E8 : 0000 0000 0000      	dc.l abs(-$3E)>>32,abs(-$3E)&$FFFFFFFF
             21EE : 003E             
    1090/    21F0 : 0000 0000 0000      	dc.l abs(-$3F)>>32,abs(-$3F)&$FFFFFFFF
             21F6 : 003F             
    1091/    21F8 : 0000 0000 0000      	dc.l abs(-$40)>>32,abs(-$40)&$FFFFFFFF
             21FE : 0040             
    1092/    2200 : 0000 0000 0000      	dc.l abs(-$41)>>32,abs(-$41)&$FFFFFFFF
             2206 : 0041             
    1093/    2208 : 0000 0000 0000      	dc.l abs(-$42)>>32,abs(-$42)&$FFFFFFFF
             220E : 0042             
    1094/    2210 : 0000 0000 0000      	dc.l abs(-$43)>>32,abs(-$43)&$FFFFFFFF
             2216 : 0043             
    1095/    2218 : 0000 0000 0000      	dc.l abs(-$44)>>32,abs(-$44)&$FFFFFFFF
             221E : 0044             
    1096/    2220 : 0000 0000 0000      	dc.l abs(-$45)>>32,abs(-$45)&$FFFFFFFF
             2226 : 0045             
    1097/    2228 : 0000 0000 0000      	dc.l abs(-$46)>>32,abs(-$46)&$FFFFFFFF
             222E : 0046             
    1098/    2230 : 0000 0000 0000      	dc.l abs(-$47)>>32,abs(-$47)&$FFFFFFFF
             2236 : 0047             
    1099/    2238 : 0000 0000 0000      	dc.l abs(-$48)>>32,abs(-$48)&$FFFFFFFF
             223E : 0048             
    1100/    2240 : 0000 0000 0000      	dc.l abs(-$49)>>32,abs(-$49)&$FFFFFFFF
             2246 : 0049             
    1101/    2248 : 0000 0000 0000      	dc.l abs(-$4A)>>32,abs(-$4A)&$FFFFFFFF
             224E : 004A             
    1102/    2250 : 0000 0000 0000      	dc.l abs(-$4B)>>32,abs(-$4B)&$FFFFFFFF
             2256 : 004B             
    1103/    2258 : 0000 0000 0000      	dc.l abs(-$4C)>>32,abs(-$4C)&$FFFFFFFF
             225E : 004C             
    1104/    2260 : 0000 0000 0000      	dc.l abs(-$4D)>>32,abs(-$4D)&$FFFFFFFF
             2266 : 004D             
    1105/    2268 : 0000 0000 0000      	dc.l abs(-$4E)>>32,abs(-$4E)&$FFFFFFFF
             226E : 004E             
    1106/    2270 : 0000 0000 0000      	dc.l abs(-$4F)>>32,abs(-$4F)&$FFFFFFFF
             2276 : 004F             
    1107/    2278 : 0000 0000 0000      	dc.l abs(-$50)>>32,abs(-$50)&$FFFFFFFF
             227E : 0050             
    1108/    2280 : 0000 0000 0000      	dc.l abs(-$51)>>32,abs(-$51)&$FFFFFFFF
             2286 : 0051             
    1109/    2288 : 0000 0000 0000      	dc.l abs(-$52)>>32,abs(-$52)&$FFFFFFFF
             228E : 0052             
    1110/    2290 : 0000 0000 0000      	dc.l abs(-$53)>>32,abs(-$53)&$FFFFFFFF
             2296 : 0053             
    1111/    2298 : 0000 0000 0000      	dc.l abs(-$54)>>32,abs(-$54)&$FFFFFFFF
             229E : 0054             
    1112/    22A0 : 0000 0000 0000      	dc.l abs(-$55)>>32,abs(-$55)&$FFFFFFFF
 AS V1.42 Beta [Bld 212] - Source File t_abs.asm - Page 38 - 09/12/2026 05:50:15 AM


             22A6 : 0055             
    1113/    22A8 : 0000 0000 0000      	dc.l abs(-$56)>>32,abs(-$56)&$FFFFFFFF
             22AE : 0056             
    1114/    22B0 : 0000 0000 0000      	dc.l abs(-$57)>>32,abs(-$57)&$FFFFFFFF
             22B6 : 0057             
    1115/    22B8 : 0000 0000 0000      	dc.l abs(-$58)>>32,abs(-$58)&$FFFFFFFF
             22BE : 0058             
    1116/    22C0 : 0000 0000 0000      	dc.l abs(-$59)>>32,abs(-$59)&$FFFFFFFF
             22C6 : 0059             
    1117/    22C8 : 0000 0000 0000      	dc.l abs(-$5A)>>32,abs(-$5A)&$FFFFFFFF
             22CE : 005A             
    1118/    22D0 : 0000 0000 0000      	dc.l abs(-$5B)>>32,abs(-$5B)&$FFFFFFFF
             22D6 : 005B             
    1119/    22D8 : 0000 0000 0000      	dc.l abs(-$5C)>>32,abs(-$5C)&$FFFFFFFF
             22DE : 005C             
    1120/    22E0 : 0000 0000 0000      	dc.l abs(-$5D)>>32,abs(-$5D)&$FFFFFFFF
             22E6 : 005D             
    1121/    22E8 : 0000 0000 0000      	dc.l abs(-$5E)>>32,abs(-$5E)&$FFFFFFFF
             22EE : 005E             
    1122/    22F0 : 0000 0000 0000      	dc.l abs(-$5F)>>32,abs(-$5F)&$FFFFFFFF
             22F6 : 005F             
    1123/    22F8 : 0000 0000 0000      	dc.l abs(-$60)>>32,abs(-$60)&$FFFFFFFF
             22FE : 0060             
    1124/    2300 : 0000 0000 0000      	dc.l abs(-$61)>>32,abs(-$61)&$FFFFFFFF
             2306 : 0061             
    1125/    2308 : 0000 0000 0000      	dc.l abs(-$62)>>32,abs(-$62)&$FFFFFFFF
             230E : 0062             
    1126/    2310 : 0000 0000 0000      	dc.l abs(-$63)>>32,abs(-$63)&$FFFFFFFF
             2316 : 0063             
    1127/    2318 : 0000 0000 0000      	dc.l abs(-$64)>>32,abs(-$64)&$FFFFFFFF
             231E : 0064             
    1128/    2320 : 0000 0000 0000      	dc.l abs(-$65)>>32,abs(-$65)&$FFFFFFFF
             2326 : 0065             
    1129/    2328 : 0000 0000 0000      	dc.l abs(-$66)>>32,abs(-$66)&$FFFFFFFF
             232E : 0066             
    1130/    2330 : 0000 0000 0000      	dc.l abs(-$67)>>32,abs(-$67)&$FFFFFFFF
             2336 : 0067             
    1131/    2338 : 0000 0000 0000      	dc.l abs(-$68)>>32,abs(-$68)&$FFFFFFFF
             233E : 0068             
    1132/    2340 : 0000 0000 0000      	dc.l abs(-$69)>>32,abs(-$69)&$FFFFFFFF
             2346 : 0069             
    1133/    2348 : 0000 0000 0000      	dc.l abs(-$6A)>>32,abs(-$6A)&$FFFFFFFF
             234E : 006A             
    1134/    2350 : 0000 0000 0000      	dc.l abs(-$6B)>>32,abs(-$6B)&$FFFFFFFF
             2356 : 006B             
    1135/    2358 : 0000 0000 0000      	dc.l abs(-$6C)>>32,abs(-$6C)&$FFFFFFFF
             235E : 006C             
    1136/    2360 : 0000 0000 0000      	dc.l abs(-$6D)>>32,abs(-$6D)&$FFFFFFFF
             2366 : 006D             
    1137/    2368 : 0000 0000 0000      	dc.l abs(-$6E)>>32,abs(-$6E)&$FFFFFFFF
             236E : 006E             
    1138/    2370 : 0000 0000 0000      	dc.l abs(-$6F)>>32,abs(-$6F)&$FFFFFFFF
             2376 : 006F             
    1139/    2378 : 0000 0000 0000      	dc.l abs(-$70)>>32,abs(-$70)&$FFFFFFFF
             237E : 0070             
    1140/    2380 : 0000 0000 0000      	dc.l abs(-$71)>>32,abs(-$71)&$FFFFFFFF
             2386 : 0071             
    1141/    2388 : 0000 0000 0000      	dc.l abs(-$72)>>32,abs(-$72)&$FFFFFFFF
             238E : 0072             
    1142/    2390 : 0000 0000 0000      	dc.l abs(-$73)>>32,abs(-$73)&$FFFFFFFF
 AS V1.42 Beta [Bld 212] - Source File t_abs.asm - Page 39 - 09/12/2026 05:50:15 AM


             2396 : 0073             
    1143/    2398 : 0000 0000 0000      	dc.l abs(-$74)>>32,abs(-$74)&$FFFFFFFF
             239E : 0074             
    1144/    23A0 : 0000 0000 0000      	dc.l abs(-$75)>>32,abs(-$75)&$FFFFFFFF
             23A6 : 0075             
    1145/    23A8 : 0000 0000 0000      	dc.l abs(-$76)>>32,abs(-$76)&$FFFFFFFF
             23AE : 0076             
    1146/    23B0 : 0000 0000 0000      	dc.l abs(-$77)>>32,abs(-$77)&$FFFFFFFF
             23B6 : 0077             
    1147/    23B8 : 0000 0000 0000      	dc.l abs(-$78)>>32,abs(-$78)&$FFFFFFFF
             23BE : 0078             
    1148/    23C0 : 0000 0000 0000      	dc.l abs(-$79)>>32,abs(-$79)&$FFFFFFFF
             23C6 : 0079             
    1149/    23C8 : 0000 0000 0000      	dc.l abs(-$7A)>>32,abs(-$7A)&$FFFFFFFF
             23CE : 007A             
    1150/    23D0 : 0000 0000 0000      	dc.l abs(-$7B)>>32,abs(-$7B)&$FFFFFFFF
             23D6 : 007B             
    1151/    23D8 : 0000 0000 0000      	dc.l abs(-$7C)>>32,abs(-$7C)&$FFFFFFFF
             23DE : 007C             
    1152/    23E0 : 0000 0000 0000      	dc.l abs(-$7D)>>32,abs(-$7D)&$FFFFFFFF
             23E6 : 007D             
    1153/    23E8 : 0000 0000 0000      	dc.l abs(-$7E)>>32,abs(-$7E)&$FFFFFFFF
             23EE : 007E             
    1154/    23F0 : 0000 0000 0000      	dc.l abs(-$7F)>>32,abs(-$7F)&$FFFFFFFF
             23F6 : 007F             
    1155/    23F8 : 0000 0000 0000      	dc.l abs(-$80)>>32,abs(-$80)&$FFFFFFFF
             23FE : 0080             
    1156/    2400 : 0000 0000 0000      	dc.l abs(-$81)>>32,abs(-$81)&$FFFFFFFF
             2406 : 0081             
    1157/    2408 : 0000 0000 0000      	dc.l abs(-$82)>>32,abs(-$82)&$FFFFFFFF
             240E : 0082             
    1158/    2410 : 0000 0000 0000      	dc.l abs(-$83)>>32,abs(-$83)&$FFFFFFFF
             2416 : 0083             
    1159/    2418 : 0000 0000 0000      	dc.l abs(-$84)>>32,abs(-$84)&$FFFFFFFF
             241E : 0084             
    1160/    2420 : 0000 0000 0000      	dc.l abs(-$85)>>32,abs(-$85)&$FFFFFFFF
             2426 : 0085             
    1161/    2428 : 0000 0000 0000      	dc.l abs(-$86)>>32,abs(-$86)&$FFFFFFFF
             242E : 0086             
    1162/    2430 : 0000 0000 0000      	dc.l abs(-$87)>>32,abs(-$87)&$FFFFFFFF
             2436 : 0087             
    1163/    2438 : 0000 0000 0000      	dc.l abs(-$88)>>32,abs(-$88)&$FFFFFFFF
             243E : 0088             
    1164/    2440 : 0000 0000 0000      	dc.l abs(-$89)>>32,abs(-$89)&$FFFFFFFF
             2446 : 0089             
    1165/    2448 : 0000 0000 0000      	dc.l abs(-$8A)>>32,abs(-$8A)&$FFFFFFFF
             244E : 008A             
    1166/    2450 : 0000 0000 0000      	dc.l abs(-$8B)>>32,abs(-$8B)&$FFFFFFFF
             2456 : 008B             
    1167/    2458 : 0000 0000 0000      	dc.l abs(-$8C)>>32,abs(-$8C)&$FFFFFFFF
             245E : 008C             
    1168/    2460 : 0000 0000 0000      	dc.l abs(-$8D)>>32,abs(-$8D)&$FFFFFFFF
             2466 : 008D             
    1169/    2468 : 0000 0000 0000      	dc.l abs(-$8E)>>32,abs(-$8E)&$FFFFFFFF
             246E : 008E             
    1170/    2470 : 0000 0000 0000      	dc.l abs(-$8F)>>32,abs(-$8F)&$FFFFFFFF
             2476 : 008F             
    1171/    2478 : 0000 0000 0000      	dc.l abs(-$90)>>32,abs(-$90)&$FFFFFFFF
             247E : 0090             
    1172/    2480 : 0000 0000 0000      	dc.l abs(-$91)>>32,abs(-$91)&$FFFFFFFF
 AS V1.42 Beta [Bld 212] - Source File t_abs.asm - Page 40 - 09/12/2026 05:50:15 AM


             2486 : 0091             
    1173/    2488 : 0000 0000 0000      	dc.l abs(-$92)>>32,abs(-$92)&$FFFFFFFF
             248E : 0092             
    1174/    2490 : 0000 0000 0000      	dc.l abs(-$93)>>32,abs(-$93)&$FFFFFFFF
             2496 : 0093             
    1175/    2498 : 0000 0000 0000      	dc.l abs(-$94)>>32,abs(-$94)&$FFFFFFFF
             249E : 0094             
    1176/    24A0 : 0000 0000 0000      	dc.l abs(-$95)>>32,abs(-$95)&$FFFFFFFF
             24A6 : 0095             
    1177/    24A8 : 0000 0000 0000      	dc.l abs(-$96)>>32,abs(-$96)&$FFFFFFFF
             24AE : 0096             
    1178/    24B0 : 0000 0000 0000      	dc.l abs(-$97)>>32,abs(-$97)&$FFFFFFFF
             24B6 : 0097             
    1179/    24B8 : 0000 0000 0000      	dc.l abs(-$98)>>32,abs(-$98)&$FFFFFFFF
             24BE : 0098             
    1180/    24C0 : 0000 0000 0000      	dc.l abs(-$99)>>32,abs(-$99)&$FFFFFFFF
             24C6 : 0099             
    1181/    24C8 : 0000 0000 0000      	dc.l abs(-$9A)>>32,abs(-$9A)&$FFFFFFFF
             24CE : 009A             
    1182/    24D0 : 0000 0000 0000      	dc.l abs(-$9B)>>32,abs(-$9B)&$FFFFFFFF
             24D6 : 009B             
    1183/    24D8 : 0000 0000 0000      	dc.l abs(-$9C)>>32,abs(-$9C)&$FFFFFFFF
             24DE : 009C             
    1184/    24E0 : 0000 0000 0000      	dc.l abs(-$9D)>>32,abs(-$9D)&$FFFFFFFF
             24E6 : 009D             
    1185/    24E8 : 0000 0000 0000      	dc.l abs(-$9E)>>32,abs(-$9E)&$FFFFFFFF
             24EE : 009E             
    1186/    24F0 : 0000 0000 0000      	dc.l abs(-$9F)>>32,abs(-$9F)&$FFFFFFFF
             24F6 : 009F             
    1187/    24F8 : 0000 0000 0000      	dc.l abs(-$A0)>>32,abs(-$A0)&$FFFFFFFF
             24FE : 00A0             
    1188/    2500 : 0000 0000 0000      	dc.l abs(-$A1)>>32,abs(-$A1)&$FFFFFFFF
             2506 : 00A1             
    1189/    2508 : 0000 0000 0000      	dc.l abs(-$A2)>>32,abs(-$A2)&$FFFFFFFF
             250E : 00A2             
    1190/    2510 : 0000 0000 0000      	dc.l abs(-$A3)>>32,abs(-$A3)&$FFFFFFFF
             2516 : 00A3             
    1191/    2518 : 0000 0000 0000      	dc.l abs(-$A4)>>32,abs(-$A4)&$FFFFFFFF
             251E : 00A4             
    1192/    2520 : 0000 0000 0000      	dc.l abs(-$A5)>>32,abs(-$A5)&$FFFFFFFF
             2526 : 00A5             
    1193/    2528 : 0000 0000 0000      	dc.l abs(-$A6)>>32,abs(-$A6)&$FFFFFFFF
             252E : 00A6             
    1194/    2530 : 0000 0000 0000      	dc.l abs(-$A7)>>32,abs(-$A7)&$FFFFFFFF
             2536 : 00A7             
    1195/    2538 : 0000 0000 0000      	dc.l abs(-$A8)>>32,abs(-$A8)&$FFFFFFFF
             253E : 00A8             
    1196/    2540 : 0000 0000 0000      	dc.l abs(-$A9)>>32,abs(-$A9)&$FFFFFFFF
             2546 : 00A9             
    1197/    2548 : 0000 0000 0000      	dc.l abs(-$AA)>>32,abs(-$AA)&$FFFFFFFF
             254E : 00AA             
    1198/    2550 : 0000 0000 0000      	dc.l abs(-$AB)>>32,abs(-$AB)&$FFFFFFFF
             2556 : 00AB             
    1199/    2558 : 0000 0000 0000      	dc.l abs(-$AC)>>32,abs(-$AC)&$FFFFFFFF
             255E : 00AC             
    1200/    2560 : 0000 0000 0000      	dc.l abs(-$AD)>>32,abs(-$AD)&$FFFFFFFF
             2566 : 00AD             
    1201/    2568 : 0000 0000 0000      	dc.l abs(-$AE)>>32,abs(-$AE)&$FFFFFFFF
             256E : 00AE             
    1202/    2570 : 0000 0000 0000      	dc.l abs(-$AF)>>32,abs(-$AF)&$FFFFFFFF
 AS V1.42 Beta [Bld 212] - Source File t_abs.asm - Page 41 - 09/12/2026 05:50:15 AM


             2576 : 00AF             
    1203/    2578 : 0000 0000 0000      	dc.l abs(-$B0)>>32,abs(-$B0)&$FFFFFFFF
             257E : 00B0             
    1204/    2580 : 0000 0000 0000      	dc.l abs(-$B1)>>32,abs(-$B1)&$FFFFFFFF
             2586 : 00B1             
    1205/    2588 : 0000 0000 0000      	dc.l abs(-$B2)>>32,abs(-$B2)&$FFFFFFFF
             258E : 00B2             
    1206/    2590 : 0000 0000 0000      	dc.l abs(-$B3)>>32,abs(-$B3)&$FFFFFFFF
             2596 : 00B3             
    1207/    2598 : 0000 0000 0000      	dc.l abs(-$B4)>>32,abs(-$B4)&$FFFFFFFF
             259E : 00B4             
    1208/    25A0 : 0000 0000 0000      	dc.l abs(-$B5)>>32,abs(-$B5)&$FFFFFFFF
             25A6 : 00B5             
    1209/    25A8 : 0000 0000 0000      	dc.l abs(-$B6)>>32,abs(-$B6)&$FFFFFFFF
             25AE : 00B6             
    1210/    25B0 : 0000 0000 0000      	dc.l abs(-$B7)>>32,abs(-$B7)&$FFFFFFFF
             25B6 : 00B7             
    1211/    25B8 : 0000 0000 0000      	dc.l abs(-$B8)>>32,abs(-$B8)&$FFFFFFFF
             25BE : 00B8             
    1212/    25C0 : 0000 0000 0000      	dc.l abs(-$B9)>>32,abs(-$B9)&$FFFFFFFF
             25C6 : 00B9             
    1213/    25C8 : 0000 0000 0000      	dc.l abs(-$BA)>>32,abs(-$BA)&$FFFFFFFF
             25CE : 00BA             
    1214/    25D0 : 0000 0000 0000      	dc.l abs(-$BB)>>32,abs(-$BB)&$FFFFFFFF
             25D6 : 00BB             
    1215/    25D8 : 0000 0000 0000      	dc.l abs(-$BC)>>32,abs(-$BC)&$FFFFFFFF
             25DE : 00BC             
    1216/    25E0 : 0000 0000 0000      	dc.l abs(-$BD)>>32,abs(-$BD)&$FFFFFFFF
             25E6 : 00BD             
    1217/    25E8 : 0000 0000 0000      	dc.l abs(-$BE)>>32,abs(-$BE)&$FFFFFFFF
             25EE : 00BE             
    1218/    25F0 : 0000 0000 0000      	dc.l abs(-$BF)>>32,abs(-$BF)&$FFFFFFFF
             25F6 : 00BF             
    1219/    25F8 : 0000 0000 0000      	dc.l abs(-$C0)>>32,abs(-$C0)&$FFFFFFFF
             25FE : 00C0             
    1220/    2600 : 0000 0000 0000      	dc.l abs(-$C1)>>32,abs(-$C1)&$FFFFFFFF
             2606 : 00C1             
    1221/    2608 : 0000 0000 0000      	dc.l abs(-$C2)>>32,abs(-$C2)&$FFFFFFFF
             260E : 00C2             
    1222/    2610 : 0000 0000 0000      	dc.l abs(-$C3)>>32,abs(-$C3)&$FFFFFFFF
             2616 : 00C3             
    1223/    2618 : 0000 0000 0000      	dc.l abs(-$C4)>>32,abs(-$C4)&$FFFFFFFF
             261E : 00C4             
    1224/    2620 : 0000 0000 0000      	dc.l abs(-$C5)>>32,abs(-$C5)&$FFFFFFFF
             2626 : 00C5             
    1225/    2628 : 0000 0000 0000      	dc.l abs(-$C6)>>32,abs(-$C6)&$FFFFFFFF
             262E : 00C6             
    1226/    2630 : 0000 0000 0000      	dc.l abs(-$C7)>>32,abs(-$C7)&$FFFFFFFF
             2636 : 00C7             
    1227/    2638 : 0000 0000 0000      	dc.l abs(-$C8)>>32,abs(-$C8)&$FFFFFFFF
             263E : 00C8             
    1228/    2640 : 0000 0000 0000      	dc.l abs(-$C9)>>32,abs(-$C9)&$FFFFFFFF
             2646 : 00C9             
    1229/    2648 : 0000 0000 0000      	dc.l abs(-$CA)>>32,abs(-$CA)&$FFFFFFFF
             264E : 00CA             
    1230/    2650 : 0000 0000 0000      	dc.l abs(-$CB)>>32,abs(-$CB)&$FFFFFFFF
             2656 : 00CB             
    1231/    2658 : 0000 0000 0000      	dc.l abs(-$CC)>>32,abs(-$CC)&$FFFFFFFF
             265E : 00CC             
    1232/    2660 : 0000 0000 0000      	dc.l abs(-$CD)>>32,abs(-$CD)&$FFFFFFFF
 AS V1.42 Beta [Bld 212] - Source File t_abs.asm - Page 42 - 09/12/2026 05:50:15 AM


             2666 : 00CD             
    1233/    2668 : 0000 0000 0000      	dc.l abs(-$CE)>>32,abs(-$CE)&$FFFFFFFF
             266E : 00CE             
    1234/    2670 : 0000 0000 0000      	dc.l abs(-$CF)>>32,abs(-$CF)&$FFFFFFFF
             2676 : 00CF             
    1235/    2678 : 0000 0000 0000      	dc.l abs(-$D0)>>32,abs(-$D0)&$FFFFFFFF
             267E : 00D0             
    1236/    2680 : 0000 0000 0000      	dc.l abs(-$D1)>>32,abs(-$D1)&$FFFFFFFF
             2686 : 00D1             
    1237/    2688 : 0000 0000 0000      	dc.l abs(-$D2)>>32,abs(-$D2)&$FFFFFFFF
             268E : 00D2             
    1238/    2690 : 0000 0000 0000      	dc.l abs(-$D3)>>32,abs(-$D3)&$FFFFFFFF
             2696 : 00D3             
    1239/    2698 : 0000 0000 0000      	dc.l abs(-$D4)>>32,abs(-$D4)&$FFFFFFFF
             269E : 00D4             
    1240/    26A0 : 0000 0000 0000      	dc.l abs(-$D5)>>32,abs(-$D5)&$FFFFFFFF
             26A6 : 00D5             
    1241/    26A8 : 0000 0000 0000      	dc.l abs(-$D6)>>32,abs(-$D6)&$FFFFFFFF
             26AE : 00D6             
    1242/    26B0 : 0000 0000 0000      	dc.l abs(-$D7)>>32,abs(-$D7)&$FFFFFFFF
             26B6 : 00D7             
    1243/    26B8 : 0000 0000 0000      	dc.l abs(-$D8)>>32,abs(-$D8)&$FFFFFFFF
             26BE : 00D8             
    1244/    26C0 : 0000 0000 0000      	dc.l abs(-$D9)>>32,abs(-$D9)&$FFFFFFFF
             26C6 : 00D9             
    1245/    26C8 : 0000 0000 0000      	dc.l abs(-$DA)>>32,abs(-$DA)&$FFFFFFFF
             26CE : 00DA             
    1246/    26D0 : 0000 0000 0000      	dc.l abs(-$DB)>>32,abs(-$DB)&$FFFFFFFF
             26D6 : 00DB             
    1247/    26D8 : 0000 0000 0000      	dc.l abs(-$DC)>>32,abs(-$DC)&$FFFFFFFF
             26DE : 00DC             
    1248/    26E0 : 0000 0000 0000      	dc.l abs(-$DD)>>32,abs(-$DD)&$FFFFFFFF
             26E6 : 00DD             
    1249/    26E8 : 0000 0000 0000      	dc.l abs(-$DE)>>32,abs(-$DE)&$FFFFFFFF
             26EE : 00DE             
    1250/    26F0 : 0000 0000 0000      	dc.l abs(-$DF)>>32,abs(-$DF)&$FFFFFFFF
             26F6 : 00DF             
    1251/    26F8 : 0000 0000 0000      	dc.l abs(-$E0)>>32,abs(-$E0)&$FFFFFFFF
             26FE : 00E0             
    1252/    2700 : 0000 0000 0000      	dc.l abs(-$E1)>>32,abs(-$E1)&$FFFFFFFF
             2706 : 00E1             
    1253/    2708 : 0000 0000 0000      	dc.l abs(-$E2)>>32,abs(-$E2)&$FFFFFFFF
             270E : 00E2             
    1254/    2710 : 0000 0000 0000      	dc.l abs(-$E3)>>32,abs(-$E3)&$FFFFFFFF
             2716 : 00E3             
    1255/    2718 : 0000 0000 0000      	dc.l abs(-$E4)>>32,abs(-$E4)&$FFFFFFFF
             271E : 00E4             
    1256/    2720 : 0000 0000 0000      	dc.l abs(-$E5)>>32,abs(-$E5)&$FFFFFFFF
             2726 : 00E5             
    1257/    2728 : 0000 0000 0000      	dc.l abs(-$E6)>>32,abs(-$E6)&$FFFFFFFF
             272E : 00E6             
    1258/    2730 : 0000 0000 0000      	dc.l abs(-$E7)>>32,abs(-$E7)&$FFFFFFFF
             2736 : 00E7             
    1259/    2738 : 0000 0000 0000      	dc.l abs(-$E8)>>32,abs(-$E8)&$FFFFFFFF
             273E : 00E8             
    1260/    2740 : 0000 0000 0000      	dc.l abs(-$E9)>>32,abs(-$E9)&$FFFFFFFF
             2746 : 00E9             
    1261/    2748 : 0000 0000 0000      	dc.l abs(-$EA)>>32,abs(-$EA)&$FFFFFFFF
             274E : 00EA             
    1262/    2750 : 0000 0000 0000      	dc.l abs(-$EB)>>32,abs(-$EB)&$FFFFFFFF
 AS V1.42 Beta [Bld 212] - Source File t_abs.asm - Page 43 - 09/12/2026 05:50:15 AM


             2756 : 00EB             
    1263/    2758 : 0000 0000 0000      	dc.l abs(-$EC)>>32,abs(-$EC)&$FFFFFFFF
             275E : 00EC             
    1264/    2760 : 0000 0000 0000      	dc.l abs(-$ED)>>32,abs(-$ED)&$FFFFFFFF
             2766 : 00ED             
    1265/    2768 : 0000 0000 0000      	dc.l abs(-$EE)>>32,abs(-$EE)&$FFFFFFFF
             276E : 00EE             
    1266/    2770 : 0000 0000 0000      	dc.l abs(-$EF)>>32,abs(-$EF)&$FFFFFFFF
             2776 : 00EF             
    1267/    2778 : 0000 0000 0000      	dc.l abs(-$F0)>>32,abs(-$F0)&$FFFFFFFF
             277E : 00F0             
    1268/    2780 : 0000 0000 0000      	dc.l abs(-$F1)>>32,abs(-$F1)&$FFFFFFFF
             2786 : 00F1             
    1269/    2788 : 0000 0000 0000      	dc.l abs(-$F2)>>32,abs(-$F2)&$FFFFFFFF
             278E : 00F2             
    1270/    2790 : 0000 0000 0000      	dc.l abs(-$F3)>>32,abs(-$F3)&$FFFFFFFF
             2796 : 00F3             
    1271/    2798 : 0000 0000 0000      	dc.l abs(-$F4)>>32,abs(-$F4)&$FFFFFFFF
             279E : 00F4             
    1272/    27A0 : 0000 0000 0000      	dc.l abs(-$F5)>>32,abs(-$F5)&$FFFFFFFF
             27A6 : 00F5             
    1273/    27A8 : 0000 0000 0000      	dc.l abs(-$F6)>>32,abs(-$F6)&$FFFFFFFF
             27AE : 00F6             
    1274/    27B0 : 0000 0000 0000      	dc.l abs(-$F7)>>32,abs(-$F7)&$FFFFFFFF
             27B6 : 00F7             
    1275/    27B8 : 0000 0000 0000      	dc.l abs(-$F8)>>32,abs(-$F8)&$FFFFFFFF
             27BE : 00F8             
    1276/    27C0 : 0000 0000 0000      	dc.l abs(-$F9)>>32,abs(-$F9)&$FFFFFFFF
             27C6 : 00F9             
    1277/    27C8 : 0000 0000 0000      	dc.l abs(-$FA)>>32,abs(-$FA)&$FFFFFFFF
             27CE : 00FA             
    1278/    27D0 : 0000 0000 0000      	dc.l abs(-$FB)>>32,abs(-$FB)&$FFFFFFFF
             27D6 : 00FB             
    1279/    27D8 : 0000 0000 0000      	dc.l abs(-$FC)>>32,abs(-$FC)&$FFFFFFFF
             27DE : 00FC             
    1280/    27E0 : 0000 0000 0000      	dc.l abs(-$FD)>>32,abs(-$FD)&$FFFFFFFF
             27E6 : 00FD             
    1281/    27E8 : 0000 0000 0000      	dc.l abs(-$FE)>>32,abs(-$FE)&$FFFFFFFF
             27EE : 00FE             
    1282/    27F0 : 0000 0000 0000      	dc.l abs(-$FF)>>32,abs(-$FF)&$FFFFFFFF
             27F6 : 00FF             
    1283/    27F8 : 0000 0000 0000      	dc.l abs(-$100)>>32,abs(-$100)&$FFFFFFFF
             27FE : 0100             
    1284/    2800 : 0000 0000 0000      	dc.l abs($600)>>32,abs($600)&$FFFFFFFF
             2806 : 0600             
    1285/    2808 : 0000 0000 0000      	dc.l abs($400)>>32,abs($400)&$FFFFFFFF
             280E : 0400             
    1286/    2810 : 0000 0000 0000      	dc.l abs($401)>>32,abs($401)&$FFFFFFFF
             2816 : 0401             
    1287/    2818 : 0000 0000 0000      	dc.l abs($C00)>>32,abs($C00)&$FFFFFFFF
             281E : 0C00             
    1288/    2820 : 0000 0000 0000      	dc.l abs($800)>>32,abs($800)&$FFFFFFFF
             2826 : 0800             
    1289/    2828 : 0000 0000 0000      	dc.l abs($7FF)>>32,abs($7FF)&$FFFFFFFF
             282E : 07FF             
    1290/    2830 : 0000 0000 0000      	dc.l abs($801)>>32,abs($801)&$FFFFFFFF
             2836 : 0801             
    1291/    2838 : 0000 0000 0000      	dc.l abs($1800)>>32,abs($1800)&$FFFFFFFF
             283E : 1800             
    1292/    2840 : 0000 0000 0000      	dc.l abs($1000)>>32,abs($1000)&$FFFFFFFF
 AS V1.42 Beta [Bld 212] - Source File t_abs.asm - Page 44 - 09/12/2026 05:50:15 AM


             2846 : 1000             
    1293/    2848 : 0000 0000 0000      	dc.l abs($FFF)>>32,abs($FFF)&$FFFFFFFF
             284E : 0FFF             
    1294/    2850 : 0000 0000 0000      	dc.l abs($1001)>>32,abs($1001)&$FFFFFFFF
             2856 : 1001             
    1295/    2858 : 0000 0000 0000      	dc.l abs($3000)>>32,abs($3000)&$FFFFFFFF
             285E : 3000             
    1296/    2860 : 0000 0000 0000      	dc.l abs($2000)>>32,abs($2000)&$FFFFFFFF
             2866 : 2000             
    1297/    2868 : 0000 0000 0000      	dc.l abs($1FFF)>>32,abs($1FFF)&$FFFFFFFF
             286E : 1FFF             
    1298/    2870 : 0000 0000 0000      	dc.l abs($2001)>>32,abs($2001)&$FFFFFFFF
             2876 : 2001             
    1299/    2878 : 0000 0000 0000      	dc.l abs($6000)>>32,abs($6000)&$FFFFFFFF
             287E : 6000             
    1300/    2880 : 0000 0000 0000      	dc.l abs($4000)>>32,abs($4000)&$FFFFFFFF
             2886 : 4000             
    1301/    2888 : 0000 0000 0000      	dc.l abs($3FFF)>>32,abs($3FFF)&$FFFFFFFF
             288E : 3FFF             
    1302/    2890 : 0000 0000 0000      	dc.l abs($4001)>>32,abs($4001)&$FFFFFFFF
             2896 : 4001             
    1303/    2898 : 0000 0000 0000      	dc.l abs($C000)>>32,abs($C000)&$FFFFFFFF
             289E : C000             
    1304/    28A0 : 0000 0000 0000      	dc.l abs($8000)>>32,abs($8000)&$FFFFFFFF
             28A6 : 8000             
    1305/    28A8 : 0000 0000 0000      	dc.l abs($7FFF)>>32,abs($7FFF)&$FFFFFFFF
             28AE : 7FFF             
    1306/    28B0 : 0000 0000 0000      	dc.l abs($8001)>>32,abs($8001)&$FFFFFFFF
             28B6 : 8001             
    1307/    28B8 : 0000 0000 0001      	dc.l abs($18000)>>32,abs($18000)&$FFFFFFFF
             28BE : 8000             
    1308/    28C0 : 0000 0000 0001      	dc.l abs($10000)>>32,abs($10000)&$FFFFFFFF
             28C6 : 0000             
    1309/    28C8 : 0000 0000 0000      	dc.l abs($FFFF)>>32,abs($FFFF)&$FFFFFFFF
             28CE : FFFF             
    1310/    28D0 : 0000 0000 0001      	dc.l abs($10001)>>32,abs($10001)&$FFFFFFFF
             28D6 : 0001             
    1311/    28D8 : 0000 0000 0003      	dc.l abs($30000)>>32,abs($30000)&$FFFFFFFF
             28DE : 0000             
    1312/    28E0 : 0000 0000 0002      	dc.l abs($20000)>>32,abs($20000)&$FFFFFFFF
             28E6 : 0000             
    1313/    28E8 : 0000 0000 0001      	dc.l abs($1FFFF)>>32,abs($1FFFF)&$FFFFFFFF
             28EE : FFFF             
    1314/    28F0 : 0000 0000 0002      	dc.l abs($20001)>>32,abs($20001)&$FFFFFFFF
             28F6 : 0001             
    1315/    28F8 : 0000 0000 0006      	dc.l abs($60000)>>32,abs($60000)&$FFFFFFFF
             28FE : 0000             
    1316/    2900 : 0000 0000 0004      	dc.l abs($40000)>>32,abs($40000)&$FFFFFFFF
             2906 : 0000             
    1317/    2908 : 0000 0000 0003      	dc.l abs($3FFFF)>>32,abs($3FFFF)&$FFFFFFFF
             290E : FFFF             
    1318/    2910 : 0000 0000 0004      	dc.l abs($40001)>>32,abs($40001)&$FFFFFFFF
             2916 : 0001             
    1319/    2918 : 0000 0000 000C      	dc.l abs($C0000)>>32,abs($C0000)&$FFFFFFFF
             291E : 0000             
    1320/    2920 : 0000 0000 0008      	dc.l abs($80000)>>32,abs($80000)&$FFFFFFFF
             2926 : 0000             
    1321/    2928 : 0000 0000 0007      	dc.l abs($7FFFF)>>32,abs($7FFFF)&$FFFFFFFF
             292E : FFFF             
    1322/    2930 : 0000 0000 0008      	dc.l abs($80001)>>32,abs($80001)&$FFFFFFFF
 AS V1.42 Beta [Bld 212] - Source File t_abs.asm - Page 45 - 09/12/2026 05:50:15 AM


             2936 : 0001             
    1323/    2938 : 0000 0000 0018      	dc.l abs($180000)>>32,abs($180000)&$FFFFFFFF
             293E : 0000             
    1324/    2940 : 0000 0000 0010      	dc.l abs($100000)>>32,abs($100000)&$FFFFFFFF
             2946 : 0000             
    1325/    2948 : 0000 0000 000F      	dc.l abs($FFFFF)>>32,abs($FFFFF)&$FFFFFFFF
             294E : FFFF             
    1326/    2950 : 0000 0000 0010      	dc.l abs($100001)>>32,abs($100001)&$FFFFFFFF
             2956 : 0001             
    1327/    2958 : 0000 0000 0030      	dc.l abs($300000)>>32,abs($300000)&$FFFFFFFF
             295E : 0000             
    1328/    2960 : 0000 0000 0020      	dc.l abs($200000)>>32,abs($200000)&$FFFFFFFF
             2966 : 0000             
    1329/    2968 : 0000 0000 001F      	dc.l abs($1FFFFF)>>32,abs($1FFFFF)&$FFFFFFFF
             296E : FFFF             
    1330/    2970 : 0000 0000 0020      	dc.l abs($200001)>>32,abs($200001)&$FFFFFFFF
             2976 : 0001             
    1331/    2978 : 0000 0000 0060      	dc.l abs($600000)>>32,abs($600000)&$FFFFFFFF
             297E : 0000             
    1332/    2980 : 0000 0000 0040      	dc.l abs($400000)>>32,abs($400000)&$FFFFFFFF
             2986 : 0000             
    1333/    2988 : 0000 0000 003F      	dc.l abs($3FFFFF)>>32,abs($3FFFFF)&$FFFFFFFF
             298E : FFFF             
    1334/    2990 : 0000 0000 0040      	dc.l abs($400001)>>32,abs($400001)&$FFFFFFFF
             2996 : 0001             
    1335/    2998 : 0000 0000 00C0      	dc.l abs($C00000)>>32,abs($C00000)&$FFFFFFFF
             299E : 0000             
    1336/    29A0 : 0000 0000 0080      	dc.l abs($800000)>>32,abs($800000)&$FFFFFFFF
             29A6 : 0000             
    1337/    29A8 : 0000 0000 007F      	dc.l abs($7FFFFF)>>32,abs($7FFFFF)&$FFFFFFFF
             29AE : FFFF             
    1338/    29B0 : 0000 0000 0080      	dc.l abs($800001)>>32,abs($800001)&$FFFFFFFF
             29B6 : 0001             
    1339/    29B8 : 0000 0000 0180      	dc.l abs($1800000)>>32,abs($1800000)&$FFFFFFFF
             29BE : 0000             
    1340/    29C0 : 0000 0000 0100      	dc.l abs($1000000)>>32,abs($1000000)&$FFFFFFFF
             29C6 : 0000             
    1341/    29C8 : 0000 0000 00FF      	dc.l abs($FFFFFF)>>32,abs($FFFFFF)&$FFFFFFFF
             29CE : FFFF             
    1342/    29D0 : 0000 0000 0100      	dc.l abs($1000001)>>32,abs($1000001)&$FFFFFFFF
             29D6 : 0001             
    1343/    29D8 : 0000 0000 0300      	dc.l abs($3000000)>>32,abs($3000000)&$FFFFFFFF
             29DE : 0000             
    1344/    29E0 : 0000 0000 0200      	dc.l abs($2000000)>>32,abs($2000000)&$FFFFFFFF
             29E6 : 0000             
    1345/    29E8 : 0000 0000 01FF      	dc.l abs($1FFFFFF)>>32,abs($1FFFFFF)&$FFFFFFFF
             29EE : FFFF             
    1346/    29F0 : 0000 0000 0200      	dc.l abs($2000001)>>32,abs($2000001)&$FFFFFFFF
             29F6 : 0001             
    1347/    29F8 : 0000 0000 0600      	dc.l abs($6000000)>>32,abs($6000000)&$FFFFFFFF
             29FE : 0000             
    1348/    2A00 : 0000 0000 0400      	dc.l abs($4000000)>>32,abs($4000000)&$FFFFFFFF
             2A06 : 0000             
    1349/    2A08 : 0000 0000 03FF      	dc.l abs($3FFFFFF)>>32,abs($3FFFFFF)&$FFFFFFFF
             2A0E : FFFF             
    1350/    2A10 : 0000 0000 0400      	dc.l abs($4000001)>>32,abs($4000001)&$FFFFFFFF
             2A16 : 0001             
    1351/    2A18 : 0000 0000 0C00      	dc.l abs($C000000)>>32,abs($C000000)&$FFFFFFFF
             2A1E : 0000             
    1352/    2A20 : 0000 0000 0800      	dc.l abs($8000000)>>32,abs($8000000)&$FFFFFFFF
 AS V1.42 Beta [Bld 212] - Source File t_abs.asm - Page 46 - 09/12/2026 05:50:15 AM


             2A26 : 0000             
    1353/    2A28 : 0000 0000 07FF      	dc.l abs($7FFFFFF)>>32,abs($7FFFFFF)&$FFFFFFFF
             2A2E : FFFF             
    1354/    2A30 : 0000 0000 0800      	dc.l abs($8000001)>>32,abs($8000001)&$FFFFFFFF
             2A36 : 0001             
    1355/    2A38 : 0000 0000 1800      	dc.l abs($18000000)>>32,abs($18000000)&$FFFFFFFF
             2A3E : 0000             
    1356/    2A40 : 0000 0000 1000      	dc.l abs($10000000)>>32,abs($10000000)&$FFFFFFFF
             2A46 : 0000             
    1357/    2A48 : 0000 0000 0FFF      	dc.l abs($FFFFFFF)>>32,abs($FFFFFFF)&$FFFFFFFF
             2A4E : FFFF             
    1358/    2A50 : 0000 0000 1000      	dc.l abs($10000001)>>32,abs($10000001)&$FFFFFFFF
             2A56 : 0001             
    1359/    2A58 : 0000 0000 3000      	dc.l abs($30000000)>>32,abs($30000000)&$FFFFFFFF
             2A5E : 0000             
    1360/    2A60 : 0000 0000 2000      	dc.l abs($20000000)>>32,abs($20000000)&$FFFFFFFF
             2A66 : 0000             
    1361/    2A68 : 0000 0000 1FFF      	dc.l abs($1FFFFFFF)>>32,abs($1FFFFFFF)&$FFFFFFFF
             2A6E : FFFF             
    1362/    2A70 : 0000 0000 2000      	dc.l abs($20000001)>>32,abs($20000001)&$FFFFFFFF
             2A76 : 0001             
    1363/    2A78 : 0000 0000 6000      	dc.l abs($60000000)>>32,abs($60000000)&$FFFFFFFF
             2A7E : 0000             
    1364/    2A80 : 0000 0000 4000      	dc.l abs($40000000)>>32,abs($40000000)&$FFFFFFFF
             2A86 : 0000             
    1365/    2A88 : 0000 0000 3FFF      	dc.l abs($3FFFFFFF)>>32,abs($3FFFFFFF)&$FFFFFFFF
             2A8E : FFFF             
    1366/    2A90 : 0000 0000 4000      	dc.l abs($40000001)>>32,abs($40000001)&$FFFFFFFF
             2A96 : 0001             
    1367/    2A98 : 0000 0000 C000      	dc.l abs($C0000000)>>32,abs($C0000000)&$FFFFFFFF
             2A9E : 0000             
    1368/    2AA0 : 0000 0000 8000      	dc.l abs($80000000)>>32,abs($80000000)&$FFFFFFFF
             2AA6 : 0000             
    1369/    2AA8 : 0000 0000 7FFF      	dc.l abs($7FFFFFFF)>>32,abs($7FFFFFFF)&$FFFFFFFF
             2AAE : FFFF             
    1370/    2AB0 : 0000 0000 8000      	dc.l abs($80000001)>>32,abs($80000001)&$FFFFFFFF
             2AB6 : 0001             
    1371/    2AB8 : 0000 0001 8000      	dc.l abs($180000000)>>32,abs($180000000)&$FFFFFFFF
             2ABE : 0000             
    1372/    2AC0 : 0000 0001 0000      	dc.l abs($100000000)>>32,abs($100000000)&$FFFFFFFF
             2AC6 : 0000             
    1373/    2AC8 : 0000 0000 FFFF      	dc.l abs($FFFFFFFF)>>32,abs($FFFFFFFF)&$FFFFFFFF
             2ACE : FFFF             
    1374/    2AD0 : 0000 0001 0000      	dc.l abs($100000001)>>32,abs($100000001)&$FFFFFFFF
             2AD6 : 0001             
    1375/    2AD8 : 0000 0003 0000      	dc.l abs($300000000)>>32,abs($300000000)&$FFFFFFFF
             2ADE : 0000             
    1376/    2AE0 : 0000 0002 0000      	dc.l abs($200000000)>>32,abs($200000000)&$FFFFFFFF
             2AE6 : 0000             
    1377/    2AE8 : 0000 0001 FFFF      	dc.l abs($1FFFFFFFF)>>32,abs($1FFFFFFFF)&$FFFFFFFF
             2AEE : FFFF             
    1378/    2AF0 : 0000 0002 0000      	dc.l abs($200000001)>>32,abs($200000001)&$FFFFFFFF
             2AF6 : 0001             
    1379/    2AF8 : 0000 0006 0000      	dc.l abs($600000000)>>32,abs($600000000)&$FFFFFFFF
             2AFE : 0000             
    1380/    2B00 : 0000 0004 0000      	dc.l abs($400000000)>>32,abs($400000000)&$FFFFFFFF
             2B06 : 0000             
    1381/    2B08 : 0000 0003 FFFF      	dc.l abs($3FFFFFFFF)>>32,abs($3FFFFFFFF)&$FFFFFFFF
             2B0E : FFFF             
    1382/    2B10 : 0000 0004 0000      	dc.l abs($400000001)>>32,abs($400000001)&$FFFFFFFF
 AS V1.42 Beta [Bld 212] - Source File t_abs.asm - Page 47 - 09/12/2026 05:50:15 AM


             2B16 : 0001             
    1383/    2B18 : 0000 000C 0000      	dc.l abs($C00000000)>>32,abs($C00000000)&$FFFFFFFF
             2B1E : 0000             
    1384/    2B20 : 0000 0008 0000      	dc.l abs($800000000)>>32,abs($800000000)&$FFFFFFFF
             2B26 : 0000             
    1385/    2B28 : 0000 0007 FFFF      	dc.l abs($7FFFFFFFF)>>32,abs($7FFFFFFFF)&$FFFFFFFF
             2B2E : FFFF             
    1386/    2B30 : 0000 0008 0000      	dc.l abs($800000001)>>32,abs($800000001)&$FFFFFFFF
             2B36 : 0001             
    1387/    2B38 : 0000 0018 0000      	dc.l abs($1800000000)>>32,abs($1800000000)&$FFFFFFFF
             2B3E : 0000             
    1388/    2B40 : 0000 0010 0000      	dc.l abs($1000000000)>>32,abs($1000000000)&$FFFFFFFF
             2B46 : 0000             
    1389/    2B48 : 0000 000F FFFF      	dc.l abs($FFFFFFFFF)>>32,abs($FFFFFFFFF)&$FFFFFFFF
             2B4E : FFFF             
    1390/    2B50 : 0000 0010 0000      	dc.l abs($1000000001)>>32,abs($1000000001)&$FFFFFFFF
             2B56 : 0001             
    1391/    2B58 : 0000 0030 0000      	dc.l abs($3000000000)>>32,abs($3000000000)&$FFFFFFFF
             2B5E : 0000             
    1392/    2B60 : 0000 0020 0000      	dc.l abs($2000000000)>>32,abs($2000000000)&$FFFFFFFF
             2B66 : 0000             
    1393/    2B68 : 0000 001F FFFF      	dc.l abs($1FFFFFFFFF)>>32,abs($1FFFFFFFFF)&$FFFFFFFF
             2B6E : FFFF             
    1394/    2B70 : 0000 0020 0000      	dc.l abs($2000000001)>>32,abs($2000000001)&$FFFFFFFF
             2B76 : 0001             
    1395/    2B78 : 0000 0060 0000      	dc.l abs($6000000000)>>32,abs($6000000000)&$FFFFFFFF
             2B7E : 0000             
    1396/    2B80 : 0000 0040 0000      	dc.l abs($4000000000)>>32,abs($4000000000)&$FFFFFFFF
             2B86 : 0000             
    1397/    2B88 : 0000 003F FFFF      	dc.l abs($3FFFFFFFFF)>>32,abs($3FFFFFFFFF)&$FFFFFFFF
             2B8E : FFFF             
    1398/    2B90 : 0000 0040 0000      	dc.l abs($4000000001)>>32,abs($4000000001)&$FFFFFFFF
             2B96 : 0001             
    1399/    2B98 : 0000 00C0 0000      	dc.l abs($C000000000)>>32,abs($C000000000)&$FFFFFFFF
             2B9E : 0000             
    1400/    2BA0 : 0000 0080 0000      	dc.l abs($8000000000)>>32,abs($8000000000)&$FFFFFFFF
             2BA6 : 0000             
    1401/    2BA8 : 0000 007F FFFF      	dc.l abs($7FFFFFFFFF)>>32,abs($7FFFFFFFFF)&$FFFFFFFF
             2BAE : FFFF             
    1402/    2BB0 : 0000 0080 0000      	dc.l abs($8000000001)>>32,abs($8000000001)&$FFFFFFFF
             2BB6 : 0001             
    1403/    2BB8 : 0000 0180 0000      	dc.l abs($18000000000)>>32,abs($18000000000)&$FFFFFFFF
             2BBE : 0000             
    1404/    2BC0 : 0000 0100 0000      	dc.l abs($10000000000)>>32,abs($10000000000)&$FFFFFFFF
             2BC6 : 0000             
    1405/    2BC8 : 0000 00FF FFFF      	dc.l abs($FFFFFFFFFF)>>32,abs($FFFFFFFFFF)&$FFFFFFFF
             2BCE : FFFF             
    1406/    2BD0 : 0000 0100 0000      	dc.l abs($10000000001)>>32,abs($10000000001)&$FFFFFFFF
             2BD6 : 0001             
    1407/    2BD8 : 0000 0300 0000      	dc.l abs($30000000000)>>32,abs($30000000000)&$FFFFFFFF
             2BDE : 0000             
    1408/    2BE0 : 0000 0200 0000      	dc.l abs($20000000000)>>32,abs($20000000000)&$FFFFFFFF
             2BE6 : 0000             
    1409/    2BE8 : 0000 01FF FFFF      	dc.l abs($1FFFFFFFFFF)>>32,abs($1FFFFFFFFFF)&$FFFFFFFF
             2BEE : FFFF             
    1410/    2BF0 : 0000 0200 0000      	dc.l abs($20000000001)>>32,abs($20000000001)&$FFFFFFFF
             2BF6 : 0001             
    1411/    2BF8 : 0000 0600 0000      	dc.l abs($60000000000)>>32,abs($60000000000)&$FFFFFFFF
             2BFE : 0000             
    1412/    2C00 : 0000 0400 0000      	dc.l abs($40000000000)>>32,abs($40000000000)&$FFFFFFFF
 AS V1.42 Beta [Bld 212] - Source File t_abs.asm - Page 48 - 09/12/2026 05:50:15 AM


             2C06 : 0000             
    1413/    2C08 : 0000 03FF FFFF      	dc.l abs($3FFFFFFFFFF)>>32,abs($3FFFFFFFFFF)&$FFFFFFFF
             2C0E : FFFF             
    1414/    2C10 : 0000 0400 0000      	dc.l abs($40000000001)>>32,abs($40000000001)&$FFFFFFFF
             2C16 : 0001             
    1415/    2C18 : 0000 0C00 0000      	dc.l abs($C0000000000)>>32,abs($C0000000000)&$FFFFFFFF
             2C1E : 0000             
    1416/    2C20 : 0000 0800 0000      	dc.l abs($80000000000)>>32,abs($80000000000)&$FFFFFFFF
             2C26 : 0000             
    1417/    2C28 : 0000 07FF FFFF      	dc.l abs($7FFFFFFFFFF)>>32,abs($7FFFFFFFFFF)&$FFFFFFFF
             2C2E : FFFF             
    1418/    2C30 : 0000 0800 0000      	dc.l abs($80000000001)>>32,abs($80000000001)&$FFFFFFFF
             2C36 : 0001             
    1419/    2C38 : 0000 1800 0000      	dc.l abs($180000000000)>>32,abs($180000000000)&$FFFFFFFF
             2C3E : 0000             
    1420/    2C40 : 0000 1000 0000      	dc.l abs($100000000000)>>32,abs($100000000000)&$FFFFFFFF
             2C46 : 0000             
    1421/    2C48 : 0000 0FFF FFFF      	dc.l abs($FFFFFFFFFFF)>>32,abs($FFFFFFFFFFF)&$FFFFFFFF
             2C4E : FFFF             
    1422/    2C50 : 0000 1000 0000      	dc.l abs($100000000001)>>32,abs($100000000001)&$FFFFFFFF
             2C56 : 0001             
    1423/    2C58 : 0000 3000 0000      	dc.l abs($300000000000)>>32,abs($300000000000)&$FFFFFFFF
             2C5E : 0000             
    1424/    2C60 : 0000 2000 0000      	dc.l abs($200000000000)>>32,abs($200000000000)&$FFFFFFFF
             2C66 : 0000             
    1425/    2C68 : 0000 1FFF FFFF      	dc.l abs($1FFFFFFFFFFF)>>32,abs($1FFFFFFFFFFF)&$FFFFFFFF
             2C6E : FFFF             
    1426/    2C70 : 0000 2000 0000      	dc.l abs($200000000001)>>32,abs($200000000001)&$FFFFFFFF
             2C76 : 0001             
    1427/    2C78 : 0000 6000 0000      	dc.l abs($600000000000)>>32,abs($600000000000)&$FFFFFFFF
             2C7E : 0000             
    1428/    2C80 : 0000 4000 0000      	dc.l abs($400000000000)>>32,abs($400000000000)&$FFFFFFFF
             2C86 : 0000             
    1429/    2C88 : 0000 3FFF FFFF      	dc.l abs($3FFFFFFFFFFF)>>32,abs($3FFFFFFFFFFF)&$FFFFFFFF
             2C8E : FFFF             
    1430/    2C90 : 0000 4000 0000      	dc.l abs($400000000001)>>32,abs($400000000001)&$FFFFFFFF
             2C96 : 0001             
    1431/    2C98 : 0000 C000 0000      	dc.l abs($C00000000000)>>32,abs($C00000000000)&$FFFFFFFF
             2C9E : 0000             
    1432/    2CA0 : 0000 8000 0000      	dc.l abs($800000000000)>>32,abs($800000000000)&$FFFFFFFF
             2CA6 : 0000             
    1433/    2CA8 : 0000 7FFF FFFF      	dc.l abs($7FFFFFFFFFFF)>>32,abs($7FFFFFFFFFFF)&$FFFFFFFF
             2CAE : FFFF             
    1434/    2CB0 : 0000 8000 0000      	dc.l abs($800000000001)>>32,abs($800000000001)&$FFFFFFFF
             2CB6 : 0001             
    1435/    2CB8 : 0001 8000 0000      	dc.l abs($1800000000000)>>32,abs($1800000000000)&$FFFFFFFF
             2CBE : 0000             
    1436/    2CC0 : 0001 0000 0000      	dc.l abs($1000000000000)>>32,abs($1000000000000)&$FFFFFFFF
             2CC6 : 0000             
    1437/    2CC8 : 0000 FFFF FFFF      	dc.l abs($FFFFFFFFFFFF)>>32,abs($FFFFFFFFFFFF)&$FFFFFFFF
             2CCE : FFFF             
    1438/    2CD0 : 0001 0000 0000      	dc.l abs($1000000000001)>>32,abs($1000000000001)&$FFFFFFFF
             2CD6 : 0001             
    1439/    2CD8 : 0003 0000 0000      	dc.l abs($3000000000000)>>32,abs($3000000000000)&$FFFFFFFF
             2CDE : 0000             
    1440/    2CE0 : 0002 0000 0000      	dc.l abs($2000000000000)>>32,abs($2000000000000)&$FFFFFFFF
             2CE6 : 0000             
    1441/    2CE8 : 0001 FFFF FFFF      	dc.l abs($1FFFFFFFFFFFF)>>32,abs($1FFFFFFFFFFFF)&$FFFFFFFF
             2CEE : FFFF             
    1442/    2CF0 : 0002 0000 0000      	dc.l abs($2000000000001)>>32,abs($2000000000001)&$FFFFFFFF
 AS V1.42 Beta [Bld 212] - Source File t_abs.asm - Page 49 - 09/12/2026 05:50:15 AM


             2CF6 : 0001             
    1443/    2CF8 : 0006 0000 0000      	dc.l abs($6000000000000)>>32,abs($6000000000000)&$FFFFFFFF
             2CFE : 0000             
    1444/    2D00 : 0004 0000 0000      	dc.l abs($4000000000000)>>32,abs($4000000000000)&$FFFFFFFF
             2D06 : 0000             
    1445/    2D08 : 0003 FFFF FFFF      	dc.l abs($3FFFFFFFFFFFF)>>32,abs($3FFFFFFFFFFFF)&$FFFFFFFF
             2D0E : FFFF             
    1446/    2D10 : 0004 0000 0000      	dc.l abs($4000000000001)>>32,abs($4000000000001)&$FFFFFFFF
             2D16 : 0001             
    1447/    2D18 : 000C 0000 0000      	dc.l abs($C000000000000)>>32,abs($C000000000000)&$FFFFFFFF
             2D1E : 0000             
    1448/    2D20 : 0008 0000 0000      	dc.l abs($8000000000000)>>32,abs($8000000000000)&$FFFFFFFF
             2D26 : 0000             
    1449/    2D28 : 0007 FFFF FFFF      	dc.l abs($7FFFFFFFFFFFF)>>32,abs($7FFFFFFFFFFFF)&$FFFFFFFF
             2D2E : FFFF             
    1450/    2D30 : 0008 0000 0000      	dc.l abs($8000000000001)>>32,abs($8000000000001)&$FFFFFFFF
             2D36 : 0001             
    1451/    2D38 : 0018 0000 0000      	dc.l abs($18000000000000)>>32,abs($18000000000000)&$FFFFFFFF
             2D3E : 0000             
    1452/    2D40 : 0010 0000 0000      	dc.l abs($10000000000000)>>32,abs($10000000000000)&$FFFFFFFF
             2D46 : 0000             
    1453/    2D48 : 000F FFFF FFFF      	dc.l abs($FFFFFFFFFFFFF)>>32,abs($FFFFFFFFFFFFF)&$FFFFFFFF
             2D4E : FFFF             
    1454/    2D50 : 0010 0000 0000      	dc.l abs($10000000000001)>>32,abs($10000000000001)&$FFFFFFFF
             2D56 : 0001             
    1455/    2D58 : 0030 0000 0000      	dc.l abs($30000000000000)>>32,abs($30000000000000)&$FFFFFFFF
             2D5E : 0000             
    1456/    2D60 : 0020 0000 0000      	dc.l abs($20000000000000)>>32,abs($20000000000000)&$FFFFFFFF
             2D66 : 0000             
    1457/    2D68 : 001F FFFF FFFF      	dc.l abs($1FFFFFFFFFFFFF)>>32,abs($1FFFFFFFFFFFFF)&$FFFFFFFF
             2D6E : FFFF             
    1458/    2D70 : 0020 0000 0000      	dc.l abs($20000000000001)>>32,abs($20000000000001)&$FFFFFFFF
             2D76 : 0001             
    1459/    2D78 : 0060 0000 0000      	dc.l abs($60000000000000)>>32,abs($60000000000000)&$FFFFFFFF
             2D7E : 0000             
    1460/    2D80 : 0040 0000 0000      	dc.l abs($40000000000000)>>32,abs($40000000000000)&$FFFFFFFF
             2D86 : 0000             
    1461/    2D88 : 003F FFFF FFFF      	dc.l abs($3FFFFFFFFFFFFF)>>32,abs($3FFFFFFFFFFFFF)&$FFFFFFFF
             2D8E : FFFF             
    1462/    2D90 : 0040 0000 0000      	dc.l abs($40000000000001)>>32,abs($40000000000001)&$FFFFFFFF
             2D96 : 0001             
    1463/    2D98 : 00C0 0000 0000      	dc.l abs($C0000000000000)>>32,abs($C0000000000000)&$FFFFFFFF
             2D9E : 0000             
    1464/    2DA0 : 0080 0000 0000      	dc.l abs($80000000000000)>>32,abs($80000000000000)&$FFFFFFFF
             2DA6 : 0000             
    1465/    2DA8 : 007F FFFF FFFF      	dc.l abs($7FFFFFFFFFFFFF)>>32,abs($7FFFFFFFFFFFFF)&$FFFFFFFF
             2DAE : FFFF             
    1466/    2DB0 : 0080 0000 0000      	dc.l abs($80000000000001)>>32,abs($80000000000001)&$FFFFFFFF
             2DB6 : 0001             
    1467/    2DB8 : 0180 0000 0000      	dc.l abs($180000000000000)>>32,abs($180000000000000)&$FFFFFFFF
             2DBE : 0000             
    1468/    2DC0 : 0100 0000 0000      	dc.l abs($100000000000000)>>32,abs($100000000000000)&$FFFFFFFF
             2DC6 : 0000             
    1469/    2DC8 : 00FF FFFF FFFF      	dc.l abs($FFFFFFFFFFFFFF)>>32,abs($FFFFFFFFFFFFFF)&$FFFFFFFF
             2DCE : FFFF             
    1470/    2DD0 : 0100 0000 0000      	dc.l abs($100000000000001)>>32,abs($100000000000001)&$FFFFFFFF
             2DD6 : 0001             
    1471/    2DD8 : 0300 0000 0000      	dc.l abs($300000000000000)>>32,abs($300000000000000)&$FFFFFFFF
             2DDE : 0000             
    1472/    2DE0 : 0200 0000 0000      	dc.l abs($200000000000000)>>32,abs($200000000000000)&$FFFFFFFF
 AS V1.42 Beta [Bld 212] - Source File t_abs.asm - Page 50 - 09/12/2026 05:50:15 AM


             2DE6 : 0000             
    1473/    2DE8 : 01FF FFFF FFFF      	dc.l abs($1FFFFFFFFFFFFFF)>>32,abs($1FFFFFFFFFFFFFF)&$FFFFFFFF
             2DEE : FFFF             
    1474/    2DF0 : 0200 0000 0000      	dc.l abs($200000000000001)>>32,abs($200000000000001)&$FFFFFFFF
             2DF6 : 0001             
    1475/    2DF8 : 0600 0000 0000      	dc.l abs($600000000000000)>>32,abs($600000000000000)&$FFFFFFFF
             2DFE : 0000             
    1476/    2E00 : 0400 0000 0000      	dc.l abs($400000000000000)>>32,abs($400000000000000)&$FFFFFFFF
             2E06 : 0000             
    1477/    2E08 : 03FF FFFF FFFF      	dc.l abs($3FFFFFFFFFFFFFF)>>32,abs($3FFFFFFFFFFFFFF)&$FFFFFFFF
             2E0E : FFFF             
    1478/    2E10 : 0400 0000 0000      	dc.l abs($400000000000001)>>32,abs($400000000000001)&$FFFFFFFF
             2E16 : 0001             
    1479/    2E18 : 0C00 0000 0000      	dc.l abs($C00000000000000)>>32,abs($C00000000000000)&$FFFFFFFF
             2E1E : 0000             
    1480/    2E20 : 0800 0000 0000      	dc.l abs($800000000000000)>>32,abs($800000000000000)&$FFFFFFFF
             2E26 : 0000             
    1481/    2E28 : 07FF FFFF FFFF      	dc.l abs($7FFFFFFFFFFFFFF)>>32,abs($7FFFFFFFFFFFFFF)&$FFFFFFFF
             2E2E : FFFF             
    1482/    2E30 : 0800 0000 0000      	dc.l abs($800000000000001)>>32,abs($800000000000001)&$FFFFFFFF
             2E36 : 0001             
    1483/    2E38 : 1800 0000 0000      	dc.l abs($1800000000000000)>>32,abs($1800000000000000)&$FFFFFFFF
             2E3E : 0000             
    1484/    2E40 : 1000 0000 0000      	dc.l abs($1000000000000000)>>32,abs($1000000000000000)&$FFFFFFFF
             2E46 : 0000             
    1485/    2E48 : 0FFF FFFF FFFF      	dc.l abs($FFFFFFFFFFFFFFF)>>32,abs($FFFFFFFFFFFFFFF)&$FFFFFFFF
             2E4E : FFFF             
    1486/    2E50 : 1000 0000 0000      	dc.l abs($1000000000000001)>>32,abs($1000000000000001)&$FFFFFFFF
             2E56 : 0001             
    1487/    2E58 : 3000 0000 0000      	dc.l abs($3000000000000000)>>32,abs($3000000000000000)&$FFFFFFFF
             2E5E : 0000             
    1488/    2E60 : 2000 0000 0000      	dc.l abs($2000000000000000)>>32,abs($2000000000000000)&$FFFFFFFF
             2E66 : 0000             
    1489/    2E68 : 1FFF FFFF FFFF      	dc.l abs($1FFFFFFFFFFFFFFF)>>32,abs($1FFFFFFFFFFFFFFF)&$FFFFFFFF
             2E6E : FFFF             
    1490/    2E70 : 2000 0000 0000      	dc.l abs($2000000000000001)>>32,abs($2000000000000001)&$FFFFFFFF
             2E76 : 0001             
    1491/    2E78 : 6000 0000 0000      	dc.l abs($6000000000000000)>>32,abs($6000000000000000)&$FFFFFFFF
             2E7E : 0000             
    1492/    2E80 : 4000 0000 0000      	dc.l abs($4000000000000000)>>32,abs($4000000000000000)&$FFFFFFFF
             2E86 : 0000             
    1493/    2E88 : 3FFF FFFF FFFF      	dc.l abs($3FFFFFFFFFFFFFFF)>>32,abs($3FFFFFFFFFFFFFFF)&$FFFFFFFF
             2E8E : FFFF             
    1494/    2E90 : 4000 0000 0000      	dc.l abs($4000000000000001)>>32,abs($4000000000000001)&$FFFFFFFF
             2E96 : 0001             
    1495/    2E98 : 8000 0000 0000      	dc.l abs((-$7FFFFFFFFFFFFFFF-1))>>32,abs((-$7FFFFFFFFFFFFFFF-1))&$FFFFFFFF
             2E9E : 0000             
    1496/    2EA0 : 7FFF FFFF FFFF      	dc.l abs($7FFFFFFFFFFFFFFF)>>32,abs($7FFFFFFFFFFFFFFF)&$FFFFFFFF
             2EA6 : FFFF             
    1497/    2EA8 : 7FFF FFFF FFFF      	dc.l abs(-$7FFFFFFFFFFFFFFF)>>32,abs(-$7FFFFFFFFFFFFFFF)&$FFFFFFFF
             2EAE : FFFF             
    1498/    2EB0 : 5106 3685 F017      	dc.l abs(-$51063685F0170A8A)>>32,abs(-$51063685F0170A8A)&$FFFFFFFF
             2EB6 : 0A8A             
    1499/    2EB8 : 36FE 6B9D 6E6D      	dc.l abs($36FE6B9D6E6D7582)>>32,abs($36FE6B9D6E6D7582)&$FFFFFFFF
             2EBE : 7582             
    1500/    2EC0 : 07A4 DA79 1E95      	dc.l abs($7A4DA791E955CF1)>>32,abs($7A4DA791E955CF1)&$FFFFFFFF
             2EC6 : 5CF1             
    1501/    2EC8 : 0913 5A06 60DC      	dc.l abs(-$9135A0660DC2559)>>32,abs(-$9135A0660DC2559)&$FFFFFFFF
             2ECE : 2559             
    1502/    2ED0 : 6D3C C7DF 4C9F      	dc.l abs(-$6D3CC7DF4C9F0AA0)>>32,abs(-$6D3CC7DF4C9F0AA0)&$FFFFFFFF
 AS V1.42 Beta [Bld 212] - Source File t_abs.asm - Page 51 - 09/12/2026 05:50:15 AM


             2ED6 : 0AA0             
    1503/    2ED8 : 525A AE6F 0182      	dc.l abs(-$525AAE6F01825883)>>32,abs(-$525AAE6F01825883)&$FFFFFFFF
             2EDE : 5883             
    1504/    2EE0 : 0867 DDE6 66AE      	dc.l abs(-$867DDE666AE3919)>>32,abs(-$867DDE666AE3919)&$FFFFFFFF
             2EE6 : 3919             
    1505/    2EE8 : 1B84 8805 2AFD      	dc.l abs(-$1B8488052AFD1358)>>32,abs(-$1B8488052AFD1358)&$FFFFFFFF
             2EEE : 1358             
    1506/    2EF0 : 7994 300B E0BB      	dc.l abs($7994300BE0BB065E)>>32,abs($7994300BE0BB065E)&$FFFFFFFF
             2EF6 : 065E             
    1507/    2EF8 : 330C 057F 14E6      	dc.l abs($330C057F14E61D13)>>32,abs($330C057F14E61D13)&$FFFFFFFF
             2EFE : 1D13             
    1508/    2F00 : 141A A21B B1E7      	dc.l abs($141AA21BB1E7DA1D)>>32,abs($141AA21BB1E7DA1D)&$FFFFFFFF
             2F06 : DA1D             
    1509/    2F08 : 728D 9D73 7CB4      	dc.l abs($728D9D737CB4F55C)>>32,abs($728D9D737CB4F55C)&$FFFFFFFF
             2F0E : F55C             
    1510/    2F10 : 4EC9 DEDC 70AF      	dc.l abs(-$4EC9DEDC70AF8AA0)>>32,abs(-$4EC9DEDC70AF8AA0)&$FFFFFFFF
             2F16 : 8AA0             
    1511/    2F18 : 0E3D 69D0 9056      	dc.l abs($E3D69D09056CC71)>>32,abs($E3D69D09056CC71)&$FFFFFFFF
             2F1E : CC71             
    1512/    2F20 : 6869 3C0C 5788      	dc.l abs(-$68693C0C5788ABE2)>>32,abs(-$68693C0C5788ABE2)&$FFFFFFFF
             2F26 : ABE2             
    1513/    2F28 : 5548 23A9 106C      	dc.l abs($554823A9106C6B4C)>>32,abs($554823A9106C6B4C)&$FFFFFFFF
             2F2E : 6B4C             
    1514/    2F30 : 4F12 418F 30C4      	dc.l abs(-$4F12418F30C4522A)>>32,abs(-$4F12418F30C4522A)&$FFFFFFFF
             2F36 : 522A             
    1515/    2F38 : 7691 7258 029E      	dc.l abs(-$76917258029E59A8)>>32,abs(-$76917258029E59A8)&$FFFFFFFF
             2F3E : 59A8             
    1516/    2F40 : 3761 643A 809E      	dc.l abs(-$3761643A809E8280)>>32,abs(-$3761643A809E8280)&$FFFFFFFF
             2F46 : 8280             
    1517/    2F48 : 73C5 3880 0B72      	dc.l abs($73C538800B720FBC)>>32,abs($73C538800B720FBC)&$FFFFFFFF
             2F4E : 0FBC             
    1518/    2F50 : 0233 BEFA 0286      	dc.l abs(-$233BEFA02862432)>>32,abs(-$233BEFA02862432)&$FFFFFFFF
             2F56 : 2432             
    1519/    2F58 : 0F91 D4D4 1699      	dc.l abs(-$F91D4D416990ABE)>>32,abs(-$F91D4D416990ABE)&$FFFFFFFF
             2F5E : 0ABE             
    1520/    2F60 : 1B05 E00A 827E      	dc.l abs($1B05E00A827E2648)>>32,abs($1B05E00A827E2648)&$FFFFFFFF
             2F66 : 2648             
    1521/    2F68 : 011D 5335 8693      	dc.l abs(-$11D533586930834)>>32,abs(-$11D533586930834)&$FFFFFFFF
             2F6E : 0834             
    1522/    2F70 : 1152 AEDE 70C7      	dc.l abs($1152AEDE70C7C484)>>32,abs($1152AEDE70C7C484)&$FFFFFFFF
             2F76 : C484             
    1523/    2F78 : 3AFE 5260 2650      	dc.l abs($3AFE52602650094B)>>32,abs($3AFE52602650094B)&$FFFFFFFF
             2F7E : 094B             
    1524/    2F80 : 6FB7 73A3 DF63      	dc.l abs(-$6FB773A3DF63D7EE)>>32,abs(-$6FB773A3DF63D7EE)&$FFFFFFFF
             2F86 : D7EE             
    1525/    2F88 : 3B1E 5B17 1B32      	dc.l abs($3B1E5B171B32716C)>>32,abs($3B1E5B171B32716C)&$FFFFFFFF
             2F8E : 716C             
    1526/    2F90 : 547F B203 3F63      	dc.l abs($547FB2033F63CBC7)>>32,abs($547FB2033F63CBC7)&$FFFFFFFF
             2F96 : CBC7             
    1527/    2F98 : 43DB BE4D D696      	dc.l abs(-$43DBBE4DD696F6E2)>>32,abs(-$43DBBE4DD696F6E2)&$FFFFFFFF
             2F9E : F6E2             
    1528/    2FA0 : 47AD 3FBF AE6A      	dc.l abs(-$47AD3FBFAE6A497B)>>32,abs(-$47AD3FBFAE6A497B)&$FFFFFFFF
             2FA6 : 497B             
    1529/    2FA8 : 135B A164 DD9C      	dc.l abs(-$135BA164DD9C282E)>>32,abs(-$135BA164DD9C282E)&$FFFFFFFF
             2FAE : 282E             
    1530/    2FB0 : 07DF 62F7 E4D1      	dc.l abs(-$7DF62F7E4D13D6B)>>32,abs(-$7DF62F7E4D13D6B)&$FFFFFFFF
             2FB6 : 3D6B             
    1531/    2FB8 : 4F4F 78E0 D580      	dc.l abs(-$4F4F78E0D580EC2A)>>32,abs(-$4F4F78E0D580EC2A)&$FFFFFFFF
             2FBE : EC2A             
    1532/    2FC0 : 792D A77A C6A4      	dc.l abs(-$792DA77AC6A41669)>>32,abs(-$792DA77AC6A41669)&$FFFFFFFF
 AS V1.42 Beta [Bld 212] - Source File t_abs.asm - Page 52 - 09/12/2026 05:50:15 AM


             2FC6 : 1669             
    1533/    2FC8 : 3057 EF46 1396      	dc.l abs(-$3057EF4613963466)>>32,abs(-$3057EF4613963466)&$FFFFFFFF
             2FCE : 3466             
    1534/    2FD0 : 1BF4 F245 73A2      	dc.l abs($1BF4F24573A201AD)>>32,abs($1BF4F24573A201AD)&$FFFFFFFF
             2FD6 : 01AD             
    1535/    2FD8 : 50D7 287E 4617      	dc.l abs($50D7287E4617EA0F)>>32,abs($50D7287E4617EA0F)&$FFFFFFFF
             2FDE : EA0F             
    1536/    2FE0 : 09C8 779E 0DB2      	dc.l abs($9C8779E0DB26C50)>>32,abs($9C8779E0DB26C50)&$FFFFFFFF
             2FE6 : 6C50             
    1537/    2FE8 : 0C53 D805 AC76      	dc.l abs(-$C53D805AC766BCA)>>32,abs(-$C53D805AC766BCA)&$FFFFFFFF
             2FEE : 6BCA             
    1538/    2FF0 : 447F FE71 4F50      	dc.l abs(-$447FFE714F501943)>>32,abs(-$447FFE714F501943)&$FFFFFFFF
             2FF6 : 1943             
    1539/    2FF8 : 6CE7 459A 3BAA      	dc.l abs($6CE7459A3BAA33FF)>>32,abs($6CE7459A3BAA33FF)&$FFFFFFFF
             2FFE : 33FF             
    1540/    3000 : 11D3 65AE 7646      	dc.l abs($11D365AE76463DD7)>>32,abs($11D365AE76463DD7)&$FFFFFFFF
             3006 : 3DD7             
    1541/    3008 : 2445 F706 2684      	dc.l abs($2445F7062684A112)>>32,abs($2445F7062684A112)&$FFFFFFFF
             300E : A112             
    1542/    3010 : 2BA5 0F56 EED0      	dc.l abs($2BA50F56EED0B654)>>32,abs($2BA50F56EED0B654)&$FFFFFFFF
             3016 : B654             
    1543/    3018 : 6F93 2163 3A62      	dc.l abs(-$6F9321633A628ACE)>>32,abs(-$6F9321633A628ACE)&$FFFFFFFF
             301E : 8ACE             
    1544/    3020 : 371A 9E1A 1359      	dc.l abs($371A9E1A1359446A)>>32,abs($371A9E1A1359446A)&$FFFFFFFF
             3026 : 446A             
    1545/    3028 : 6E86 8D55 ACD2      	dc.l abs($6E868D55ACD22B0F)>>32,abs($6E868D55ACD22B0F)&$FFFFFFFF
             302E : 2B0F             
    1546/    3030 : 13C3 CE0E 6B09      	dc.l abs($13C3CE0E6B09E32C)>>32,abs($13C3CE0E6B09E32C)&$FFFFFFFF
             3036 : E32C             
    1547/    3038 : 1E33 C234 E9EC      	dc.l abs(-$1E33C234E9EC14B8)>>32,abs(-$1E33C234E9EC14B8)&$FFFFFFFF
             303E : 14B8             
    1548/    3040 : 31CA 5318 30FA      	dc.l abs($31CA531830FAA6FB)>>32,abs($31CA531830FAA6FB)&$FFFFFFFF
             3046 : A6FB             
    1549/    3048 : 2BE4 5824 5C8F      	dc.l abs($2BE458245C8F0E6A)>>32,abs($2BE458245C8F0E6A)&$FFFFFFFF
             304E : 0E6A             
    1550/    3050 : 324B 8B76 E8D4      	dc.l abs(-$324B8B76E8D4D2F3)>>32,abs(-$324B8B76E8D4D2F3)&$FFFFFFFF
             3056 : D2F3             
    1551/    3058 : 0794 2847 CA47      	dc.l abs(-$7942847CA479284)>>32,abs(-$7942847CA479284)&$FFFFFFFF
             305E : 9284             
    1552/    3060 : 7935 236F 9473      	dc.l abs(-$7935236F94731C41)>>32,abs(-$7935236F94731C41)&$FFFFFFFF
             3066 : 1C41             
    1553/    3068 : 4D48 D859 F4E0      	dc.l abs(-$4D48D859F4E038FC)>>32,abs(-$4D48D859F4E038FC)&$FFFFFFFF
             306E : 38FC             
    1554/    3070 : 102C 35DA BF4A      	dc.l abs($102C35DABF4A78A5)>>32,abs($102C35DABF4A78A5)&$FFFFFFFF
             3076 : 78A5             
    1555/    3078 : 1C72 AB67 04D6      	dc.l abs(-$1C72AB6704D622E4)>>32,abs(-$1C72AB6704D622E4)&$FFFFFFFF
             307E : 22E4             
    1556/    3080 : 20CB 9EE4 6FAB      	dc.l abs(-$20CB9EE46FABEDFC)>>32,abs(-$20CB9EE46FABEDFC)&$FFFFFFFF
             3086 : EDFC             
    1557/    3088 : 367E 1F5E 3800      	dc.l abs(-$367E1F5E3800B150)>>32,abs(-$367E1F5E3800B150)&$FFFFFFFF
             308E : B150             
    1558/    3090 : 6241 4106 60BA      	dc.l abs(-$6241410660BA2A1F)>>32,abs(-$6241410660BA2A1F)&$FFFFFFFF
             3096 : 2A1F             
    1559/    3098 : 6AED 438C C930      	dc.l abs(-$6AED438CC9304479)>>32,abs(-$6AED438CC9304479)&$FFFFFFFF
             309E : 4479             
    1560/    30A0 : 0EBB 3E59 7F61      	dc.l abs(-$EBB3E597F6140A3)>>32,abs(-$EBB3E597F6140A3)&$FFFFFFFF
             30A6 : 40A3             
    1561/    30A8 : 1A7D B45B 404B      	dc.l abs($1A7DB45B404B97B5)>>32,abs($1A7DB45B404B97B5)&$FFFFFFFF
             30AE : 97B5             
    1562/    30B0 : 1E62 EDED C6F2      	dc.l abs($1E62EDEDC6F22E72)>>32,abs($1E62EDEDC6F22E72)&$FFFFFFFF
 AS V1.42 Beta [Bld 212] - Source File t_abs.asm - Page 53 - 09/12/2026 05:50:15 AM


             30B6 : 2E72             
    1563/    30B8 : 56AC 817D AE1F      	dc.l abs($56AC817DAE1FC81A)>>32,abs($56AC817DAE1FC81A)&$FFFFFFFF
             30BE : C81A             
    1564/    30C0 : 2AA2 DF34 5E04      	dc.l abs($2AA2DF345E046EFE)>>32,abs($2AA2DF345E046EFE)&$FFFFFFFF
             30C6 : 6EFE             
    1565/    30C8 : 7EB2 FB6F 5981      	dc.l abs(-$7EB2FB6F5981392F)>>32,abs(-$7EB2FB6F5981392F)&$FFFFFFFF
             30CE : 392F             
    1566/    30D0 : 29D5 23CF 7842      	dc.l abs(-$29D523CF78420B63)>>32,abs(-$29D523CF78420B63)&$FFFFFFFF
             30D6 : 0B63             
    1567/    30D8 : 361D E907 D77D      	dc.l abs($361DE907D77D2687)>>32,abs($361DE907D77D2687)&$FFFFFFFF
             30DE : 2687             
    1568/    30E0 : 2C44 84F4 5FD7      	dc.l abs($2C4484F45FD751A6)>>32,abs($2C4484F45FD751A6)&$FFFFFFFF
             30E6 : 51A6             
    1569/    30E8 : 5E60 4163 243A      	dc.l abs(-$5E604163243A7F20)>>32,abs(-$5E604163243A7F20)&$FFFFFFFF
             30EE : 7F20             
    1570/    30F0 : 09D1 F1DE 7080      	dc.l abs($9D1F1DE70809751)>>32,abs($9D1F1DE70809751)&$FFFFFFFF
             30F6 : 9751             
    1571/    30F8 : 4B7F CB00 FF6A      	dc.l abs($4B7FCB00FF6A23F8)>>32,abs($4B7FCB00FF6A23F8)&$FFFFFFFF
             30FE : 23F8             
    1572/    3100 : 7956 18CD A939      	dc.l abs($795618CDA9393254)>>32,abs($795618CDA9393254)&$FFFFFFFF
             3106 : 3254             
    1573/    3108 : 61BF 1A16 9555      	dc.l abs($61BF1A1695556FA5)>>32,abs($61BF1A1695556FA5)&$FFFFFFFF
             310E : 6FA5             
    1574/    3110 : 55BD 8166 23E6      	dc.l abs($55BD816623E61C66)>>32,abs($55BD816623E61C66)&$FFFFFFFF
             3116 : 1C66             
    1575/    3118 : 63DC 5239 10E2      	dc.l abs($63DC523910E283FA)>>32,abs($63DC523910E283FA)&$FFFFFFFF
             311E : 83FA             
    1576/    3120 : 38AE 31E8 C195      	dc.l abs(-$38AE31E8C195E423)>>32,abs(-$38AE31E8C195E423)&$FFFFFFFF
             3126 : E423             
    1577/    3128 : 0C4D B65F EF6B      	dc.l abs($C4DB65FEF6B30D0)>>32,abs($C4DB65FEF6B30D0)&$FFFFFFFF
             312E : 30D0             
    1578/    3130 : 6D5C 00AA 839D      	dc.l abs(-$6D5C00AA839DA677)>>32,abs(-$6D5C00AA839DA677)&$FFFFFFFF
             3136 : A677             
    1579/    3138 : 1B53 9D0A 7300      	dc.l abs($1B539D0A7300CF8B)>>32,abs($1B539D0A7300CF8B)&$FFFFFFFF
             313E : CF8B             
    1580/    3140 : 0018 A6E8 66DA      	dc.l abs(-$18A6E866DA7EE9)>>32,abs(-$18A6E866DA7EE9)&$FFFFFFFF
             3146 : 7EE9             
    1581/    3148 : 6106 D085 62A8      	dc.l abs($6106D08562A8F6F1)>>32,abs($6106D08562A8F6F1)&$FFFFFFFF
             314E : F6F1             
    1582/    3150 : 55C5 9794 2A20      	dc.l abs(-$55C597942A20CB3F)>>32,abs(-$55C597942A20CB3F)&$FFFFFFFF
             3156 : CB3F             
    1583/    3158 : 777A 2D38 DCD2      	dc.l abs(-$777A2D38DCD287EC)>>32,abs(-$777A2D38DCD287EC)&$FFFFFFFF
             315E : 87EC             
    1584/    3160 : 354E E9BE 2463      	dc.l abs(-$354EE9BE246370CA)>>32,abs(-$354EE9BE246370CA)&$FFFFFFFF
             3166 : 70CA             
    1585/    3168 : 4950 7DA9 51EE      	dc.l abs($49507DA951EE5CCD)>>32,abs($49507DA951EE5CCD)&$FFFFFFFF
             316E : 5CCD             
    1586/    3170 : 1A5D 4B1B 8577      	dc.l abs(-$1A5D4B1B857767DB)>>32,abs(-$1A5D4B1B857767DB)&$FFFFFFFF
             3176 : 67DB             
    1587/    3178 : 153E 6CDF 161F      	dc.l abs(-$153E6CDF161F23FE)>>32,abs(-$153E6CDF161F23FE)&$FFFFFFFF
             317E : 23FE             
    1588/    3180 : 40DA 3695 E4D1      	dc.l abs($40DA3695E4D175F4)>>32,abs($40DA3695E4D175F4)&$FFFFFFFF
             3186 : 75F4             
    1589/    3188 : 323D 3DBC E883      	dc.l abs(-$323D3DBCE883F189)>>32,abs(-$323D3DBCE883F189)&$FFFFFFFF
             318E : F189             
    1590/    3190 : 353E 6501 2DEF      	dc.l abs($353E65012DEF6ECE)>>32,abs($353E65012DEF6ECE)&$FFFFFFFF
             3196 : 6ECE             
    1591/    3198 : 0869 6DD7 3679      	dc.l abs(-$8696DD73679A70B)>>32,abs(-$8696DD73679A70B)&$FFFFFFFF
             319E : A70B             
    1592/    31A0 : 0F0E 6C87 A606      	dc.l abs($F0E6C87A6069C05)>>32,abs($F0E6C87A6069C05)&$FFFFFFFF
 AS V1.42 Beta [Bld 212] - Source File t_abs.asm - Page 54 - 09/12/2026 05:50:15 AM


             31A6 : 9C05             
    1593/    31A8 : 079A 68FE 31F6      	dc.l abs($79A68FE31F66169)>>32,abs($79A68FE31F66169)&$FFFFFFFF
             31AE : 6169             
    1594/    31B0 : 67B5 6626 5F9A      	dc.l abs(-$67B566265F9A3CDF)>>32,abs(-$67B566265F9A3CDF)&$FFFFFFFF
             31B6 : 3CDF             
    1595/    31B8 : 163D A7BF 75D6      	dc.l abs($163DA7BF75D61056)>>32,abs($163DA7BF75D61056)&$FFFFFFFF
             31BE : 1056             
    1596/    31C0 : 67F1 67DD C926      	dc.l abs(-$67F167DDC926996C)>>32,abs(-$67F167DDC926996C)&$FFFFFFFF
             31C6 : 996C             
    1597/    31C8 : 0FE1 C9A2 28BF      	dc.l abs($FE1C9A228BFB575)>>32,abs($FE1C9A228BFB575)&$FFFFFFFF
             31CE : B575             
    1598/    31D0 : 6C94 0CE5 EB5A      	dc.l abs(-$6C940CE5EB5AD6EC)>>32,abs(-$6C940CE5EB5AD6EC)&$FFFFFFFF
             31D6 : D6EC             
    1599/    31D8 : 47F9 3E40 29B0      	dc.l abs(-$47F93E4029B07E1F)>>32,abs(-$47F93E4029B07E1F)&$FFFFFFFF
             31DE : 7E1F             
    1600/    31E0 : 06A4 E802 4B81      	dc.l abs(-$6A4E8024B814B73)>>32,abs(-$6A4E8024B814B73)&$FFFFFFFF
             31E6 : 4B73             
    1601/    31E8 : 23ED 117B F311      	dc.l abs(-$23ED117BF311FFDC)>>32,abs(-$23ED117BF311FFDC)&$FFFFFFFF
             31EE : FFDC             
    1602/    31F0 : 1662 EE5B 7FB8      	dc.l abs(-$1662EE5B7FB8AB77)>>32,abs(-$1662EE5B7FB8AB77)&$FFFFFFFF
             31F6 : AB77             
    1603/    31F8 : 1F6B DDCA C489      	dc.l abs(-$1F6BDDCAC4895A25)>>32,abs(-$1F6BDDCAC4895A25)&$FFFFFFFF
             31FE : 5A25             
    1604/    3200 : 538E 3E04 4873      	dc.l abs(-$538E3E044873AE11)>>32,abs(-$538E3E044873AE11)&$FFFFFFFF
             3206 : AE11             
    1605/    3208 : 4DE0 D6FE 0A16      	dc.l abs(-$4DE0D6FE0A166506)>>32,abs(-$4DE0D6FE0A166506)&$FFFFFFFF
             320E : 6506             
    1606/    3210 : 1A81 868A 2A23      	dc.l abs(-$1A81868A2A23369C)>>32,abs(-$1A81868A2A23369C)&$FFFFFFFF
             3216 : 369C             
    1607/    3218 : 261A 31D9 0157      	dc.l abs(-$261A31D90157741E)>>32,abs(-$261A31D90157741E)&$FFFFFFFF
             321E : 741E             
    1608/    3220 : 487C 81AA 5F43      	dc.l abs($487C81AA5F436673)>>32,abs($487C81AA5F436673)&$FFFFFFFF
             3226 : 6673             
    1609/    3228 : 17F2 EF85 AADB      	dc.l abs($17F2EF85AADB5C4C)>>32,abs($17F2EF85AADB5C4C)&$FFFFFFFF
             322E : 5C4C             
    1610/    3230 : 7FA5 B663 C590      	dc.l abs(-$7FA5B663C5907AC1)>>32,abs(-$7FA5B663C5907AC1)&$FFFFFFFF
             3236 : 7AC1             
    1611/    3238 : 1333 E72D 5ADF      	dc.l abs($1333E72D5ADF0FB3)>>32,abs($1333E72D5ADF0FB3)&$FFFFFFFF
             323E : 0FB3             
    1612/    3240 : 4C34 74AA 7826      	dc.l abs($4C3474AA78263EBF)>>32,abs($4C3474AA78263EBF)&$FFFFFFFF
             3246 : 3EBF             
    1613/    3248 : 7E2D 188F A74F      	dc.l abs($7E2D188FA74F4177)>>32,abs($7E2D188FA74F4177)&$FFFFFFFF
             324E : 4177             
    1614/    3250 : 1CC9 C288 53DC      	dc.l abs(-$1CC9C28853DC4827)>>32,abs(-$1CC9C28853DC4827)&$FFFFFFFF
             3256 : 4827             
    1615/    3258 : 3E62 87C1 DCF9      	dc.l abs($3E6287C1DCF9408C)>>32,abs($3E6287C1DCF9408C)&$FFFFFFFF
             325E : 408C             
    1616/    3260 : 315F 4A94 A0BF      	dc.l abs($315F4A94A0BFE999)>>32,abs($315F4A94A0BFE999)&$FFFFFFFF
             3266 : E999             
    1617/    3268 : 0D8D D041 B416      	dc.l abs(-$D8DD041B4167AB1)>>32,abs(-$D8DD041B4167AB1)&$FFFFFFFF
             326E : 7AB1             
    1618/    3270 : 66A2 1A39 2C8B      	dc.l abs($66A21A392C8B6336)>>32,abs($66A21A392C8B6336)&$FFFFFFFF
             3276 : 6336             
    1619/    3278 : 54D8 AC1A 623D      	dc.l abs(-$54D8AC1A623D2190)>>32,abs(-$54D8AC1A623D2190)&$FFFFFFFF
             327E : 2190             
    1620/    3280 : 1D67 E7B3 B7C5      	dc.l abs(-$1D67E7B3B7C522F0)>>32,abs(-$1D67E7B3B7C522F0)&$FFFFFFFF
             3286 : 22F0             
    1621/    3288 : 49C9 8C83 26E3      	dc.l abs($49C98C8326E30332)>>32,abs($49C98C8326E30332)&$FFFFFFFF
             328E : 0332             
    1622/    3290 : 31A9 B62B 696C      	dc.l abs($31A9B62B696C8AC0)>>32,abs($31A9B62B696C8AC0)&$FFFFFFFF
 AS V1.42 Beta [Bld 212] - Source File t_abs.asm - Page 55 - 09/12/2026 05:50:15 AM


             3296 : 8AC0             
    1623/    3298 : 57F0 9C1D 6A48      	dc.l abs(-$57F09C1D6A48645D)>>32,abs(-$57F09C1D6A48645D)&$FFFFFFFF
             329E : 645D             
    1624/    32A0 : 44C4 716A BDD4      	dc.l abs($44C4716ABDD42546)>>32,abs($44C4716ABDD42546)&$FFFFFFFF
             32A6 : 2546             
    1625/    32A8 : 2E8F AB35 C5DB      	dc.l abs(-$2E8FAB35C5DB49C6)>>32,abs(-$2E8FAB35C5DB49C6)&$FFFFFFFF
             32AE : 49C6             
    1626/    32B0 : 19AA 5AEF 1DAA      	dc.l abs(-$19AA5AEF1DAA84F6)>>32,abs(-$19AA5AEF1DAA84F6)&$FFFFFFFF
             32B6 : 84F6             
    1627/    32B8 : 4D28 1CF0 96CC      	dc.l abs($4D281CF096CCE626)>>32,abs($4D281CF096CCE626)&$FFFFFFFF
             32BE : E626             
    1628/    32C0 : 36F9 730D EAD8      	dc.l abs(-$36F9730DEAD82B7C)>>32,abs(-$36F9730DEAD82B7C)&$FFFFFFFF
             32C6 : 2B7C             
    1629/    32C8 : 726B E730 BCD4      	dc.l abs($726BE730BCD40B81)>>32,abs($726BE730BCD40B81)&$FFFFFFFF
             32CE : 0B81             
    1630/    32D0 : 219F 68E3 5AEB      	dc.l abs(-$219F68E35AEB34A7)>>32,abs(-$219F68E35AEB34A7)&$FFFFFFFF
             32D6 : 34A7             
    1631/    32D8 : 5D16 1F8D 4C6D      	dc.l abs($5D161F8D4C6DBC35)>>32,abs($5D161F8D4C6DBC35)&$FFFFFFFF
             32DE : BC35             
    1632/    32E0 : 7BC8 A7C1 4B93      	dc.l abs(-$7BC8A7C14B936DD5)>>32,abs(-$7BC8A7C14B936DD5)&$FFFFFFFF
             32E6 : 6DD5             
    1633/    32E8 : 3E34 A0B2 C2FD      	dc.l abs($3E34A0B2C2FD31AB)>>32,abs($3E34A0B2C2FD31AB)&$FFFFFFFF
             32EE : 31AB             
    1634/    32F0 : 6F13 10C2 C1F9      	dc.l abs($6F1310C2C1F907AC)>>32,abs($6F1310C2C1F907AC)&$FFFFFFFF
             32F6 : 07AC             
    1635/    32F8 : 7076 2FDC 07BC      	dc.l abs($70762FDC07BCC370)>>32,abs($70762FDC07BCC370)&$FFFFFFFF
             32FE : C370             
    1636/    3300 : 53E7 3D76 4646      	dc.l abs($53E73D7646469580)>>32,abs($53E73D7646469580)&$FFFFFFFF
             3306 : 9580             
    1637/    3308 : 2DEB 4DD8 D176      	dc.l abs($2DEB4DD8D1765425)>>32,abs($2DEB4DD8D1765425)&$FFFFFFFF
             330E : 5425             
    1638/    3310 : 49E1 BA0B 5F01      	dc.l abs($49E1BA0B5F0169BB)>>32,abs($49E1BA0B5F0169BB)&$FFFFFFFF
             3316 : 69BB             
    1639/    3318 : 6D79 6D92 59E0      	dc.l abs(-$6D796D9259E01C59)>>32,abs(-$6D796D9259E01C59)&$FFFFFFFF
             331E : 1C59             
    1640/    3320 : 22FB DD9B 4F0F      	dc.l abs($22FBDD9B4F0FC6F1)>>32,abs($22FBDD9B4F0FC6F1)&$FFFFFFFF
             3326 : C6F1             
    1641/    3328 : 0777 66D5 EE27      	dc.l abs(-$77766D5EE271B7B)>>32,abs(-$77766D5EE271B7B)&$FFFFFFFF
             332E : 1B7B             
    1642/    3330 : 20F3 3DCB 63EF      	dc.l abs($20F33DCB63EFC512)>>32,abs($20F33DCB63EFC512)&$FFFFFFFF
             3336 : C512             
    1643/    3338 : 1158 5F47 BA9D      	dc.l abs($11585F47BA9D7D58)>>32,abs($11585F47BA9D7D58)&$FFFFFFFF
             333E : 7D58             
    1644/    3340 : 62EE 000B 715B      	dc.l abs($62EE000B715BFBE4)>>32,abs($62EE000B715BFBE4)&$FFFFFFFF
             3346 : FBE4             
    1645/    3348 : 0BC4 8230 374B      	dc.l abs($BC48230374BF70E)>>32,abs($BC48230374BF70E)&$FFFFFFFF
             334E : F70E             
    1646/    3350 : 7D52 50D0 88BC      	dc.l abs($7D5250D088BC7D10)>>32,abs($7D5250D088BC7D10)&$FFFFFFFF
             3356 : 7D10             
    1647/    3358 : 06FC CFDA 500A      	dc.l abs($6FCCFDA500A48FA)>>32,abs($6FCCFDA500A48FA)&$FFFFFFFF
             335E : 48FA             
    1648/    3360 : 43BB C8D6 6CBE      	dc.l abs($43BBC8D66CBE2AFF)>>32,abs($43BBC8D66CBE2AFF)&$FFFFFFFF
             3366 : 2AFF             
    1649/    3368 : 72C4 7881 B5A9      	dc.l abs(-$72C47881B5A92B97)>>32,abs(-$72C47881B5A92B97)&$FFFFFFFF
             336E : 2B97             
    1650/    3370 : 4D9B 624C F8EC      	dc.l abs(-$4D9B624CF8ECF490)>>32,abs(-$4D9B624CF8ECF490)&$FFFFFFFF
             3376 : F490             
    1651/    3378 : 2BD5 B520 61CE      	dc.l abs($2BD5B52061CEC4E6)>>32,abs($2BD5B52061CEC4E6)&$FFFFFFFF
             337E : C4E6             
    1652/    3380 : 5825 B096 9897      	dc.l abs(-$5825B0969897E0E7)>>32,abs(-$5825B0969897E0E7)&$FFFFFFFF
 AS V1.42 Beta [Bld 212] - Source File t_abs.asm - Page 56 - 09/12/2026 05:50:15 AM


             3386 : E0E7             
    1653/    3388 : 7527 4E72 04AF      	dc.l abs(-$75274E7204AF74B7)>>32,abs(-$75274E7204AF74B7)&$FFFFFFFF
             338E : 74B7             
    1654/    3390 : 7601 A778 57DB      	dc.l abs(-$7601A77857DB659C)>>32,abs(-$7601A77857DB659C)&$FFFFFFFF
             3396 : 659C             
    1655/    3398 : 573A 2913 9EC4      	dc.l abs(-$573A29139EC40CA8)>>32,abs(-$573A29139EC40CA8)&$FFFFFFFF
             339E : 0CA8             
    1656/    33A0 : 0712 F199 F990      	dc.l abs($712F199F990BCE6)>>32,abs($712F199F990BCE6)&$FFFFFFFF
             33A6 : BCE6             
    1657/    33A8 : 05AE 3594 BB0B      	dc.l abs(-$5AE3594BB0BDF6D)>>32,abs(-$5AE3594BB0BDF6D)&$FFFFFFFF
             33AE : DF6D             
    1658/    33B0 : 301F 6C66 B1F8      	dc.l abs(-$301F6C66B1F8632A)>>32,abs(-$301F6C66B1F8632A)&$FFFFFFFF
             33B6 : 632A             
    1659/    33B8 : 16A9 B5F7 4E4E      	dc.l abs(-$16A9B5F74E4E7DF9)>>32,abs(-$16A9B5F74E4E7DF9)&$FFFFFFFF
             33BE : 7DF9             
    1660/    33C0 : 469B F82B 252B      	dc.l abs(-$469BF82B252BAB22)>>32,abs(-$469BF82B252BAB22)&$FFFFFFFF
             33C6 : AB22             
    1661/    33C8 : 440E F49E E2FE      	dc.l abs($440EF49EE2FE6507)>>32,abs($440EF49EE2FE6507)&$FFFFFFFF
             33CE : 6507             
    1662/    33D0 : 3546 7ED2 F551      	dc.l abs($35467ED2F55106F8)>>32,abs($35467ED2F55106F8)&$FFFFFFFF
             33D6 : 06F8             
    1663/    33D8 : 1C01 5D97 F835      	dc.l abs(-$1C015D97F8358CCC)>>32,abs(-$1C015D97F8358CCC)&$FFFFFFFF
             33DE : 8CCC             
    1664/    33E0 : 799C 0CA8 2076      	dc.l abs(-$799C0CA820761B8F)>>32,abs(-$799C0CA820761B8F)&$FFFFFFFF
             33E6 : 1B8F             
    1665/    33E8 : 2D8E AA92 7845      	dc.l abs(-$2D8EAA92784587D5)>>32,abs(-$2D8EAA92784587D5)&$FFFFFFFF
             33EE : 87D5             
    1666/    33F0 : 46B0 78C1 3D8F      	dc.l abs($46B078C13D8FD642)>>32,abs($46B078C13D8FD642)&$FFFFFFFF
             33F6 : D642             
    1667/    33F8 : 3B06 B5CD 5FEC      	dc.l abs(-$3B06B5CD5FECF11F)>>32,abs(-$3B06B5CD5FECF11F)&$FFFFFFFF
             33FE : F11F             
    1668/    3400 : 6D4E D90D 664F      	dc.l abs($6D4ED90D664F020E)>>32,abs($6D4ED90D664F020E)&$FFFFFFFF
             3406 : 020E             
    1669/    3408 : 67AB 817C 2908      	dc.l abs(-$67AB817C2908B99E)>>32,abs(-$67AB817C2908B99E)&$FFFFFFFF
             340E : B99E             
    1670/    3410 : 24EE 4A83 4124      	dc.l abs(-$24EE4A83412487C8)>>32,abs(-$24EE4A83412487C8)&$FFFFFFFF
             3416 : 87C8             
    1671/    3418 : 579F ABC1 64E0      	dc.l abs($579FABC164E08CC7)>>32,abs($579FABC164E08CC7)&$FFFFFFFF
             341E : 8CC7             
    1672/    3420 : 285B DA94 DF2F      	dc.l abs($285BDA94DF2F8B1C)>>32,abs($285BDA94DF2F8B1C)&$FFFFFFFF
             3426 : 8B1C             
    1673/    3428 : 4BCE 26D2 997D      	dc.l abs(-$4BCE26D2997D331C)>>32,abs(-$4BCE26D2997D331C)&$FFFFFFFF
             342E : 331C             
    1674/    3430 : 5EA2 0B41 9B08      	dc.l abs(-$5EA20B419B08EDFB)>>32,abs(-$5EA20B419B08EDFB)&$FFFFFFFF
             3436 : EDFB             
    1675/    3438 : 550A F5B1 77AD      	dc.l abs(-$550AF5B177ADC563)>>32,abs(-$550AF5B177ADC563)&$FFFFFFFF
             343E : C563             
    1676/    3440 : 3A52 7C93 5EFC      	dc.l abs(-$3A527C935EFC7634)>>32,abs(-$3A527C935EFC7634)&$FFFFFFFF
             3446 : 7634             
    1677/    3448 : 224A 1190 1C6D      	dc.l abs(-$224A11901C6D7EB8)>>32,abs(-$224A11901C6D7EB8)&$FFFFFFFF
             344E : 7EB8             
    1678/    3450 : 3393 6C68 5B29      	dc.l abs(-$33936C685B2941B4)>>32,abs(-$33936C685B2941B4)&$FFFFFFFF
             3456 : 41B4             
    1679/    3458 : 0FEF A83D EFB0      	dc.l abs(-$FEFA83DEFB0A61E)>>32,abs(-$FEFA83DEFB0A61E)&$FFFFFFFF
             345E : A61E             
    1680/    3460 : 2792 3240 41FD      	dc.l abs(-$2792324041FD3D48)>>32,abs(-$2792324041FD3D48)&$FFFFFFFF
             3466 : 3D48             
    1681/    3468 : 01ED 093F 08DF      	dc.l abs(-$1ED093F08DFE129)>>32,abs(-$1ED093F08DFE129)&$FFFFFFFF
             346E : E129             
    1682/    3470 : 6754 66DD BA8D      	dc.l abs(-$675466DDBA8DFFF5)>>32,abs(-$675466DDBA8DFFF5)&$FFFFFFFF
 AS V1.42 Beta [Bld 212] - Source File t_abs.asm - Page 57 - 09/12/2026 05:50:15 AM


             3476 : FFF5             
    1683/    3478 : 0B22 39E9 9DC4      	dc.l abs(-$B2239E99DC4C174)>>32,abs(-$B2239E99DC4C174)&$FFFFFFFF
             347E : C174             
    1684/    3480 : 27C9 3220 C715      	dc.l abs(-$27C93220C715D52E)>>32,abs(-$27C93220C715D52E)&$FFFFFFFF
             3486 : D52E             
    1685/    3488 : 2BE7 57A4 FF91      	dc.l abs($2BE757A4FF91EBBA)>>32,abs($2BE757A4FF91EBBA)&$FFFFFFFF
             348E : EBBA             
    1686/    3490 : 0EBE DE49 D095      	dc.l abs(-$EBEDE49D095AF59)>>32,abs(-$EBEDE49D095AF59)&$FFFFFFFF
             3496 : AF59             
    1687/    3498 : 142C 45EF A5A7      	dc.l abs($142C45EFA5A73897)>>32,abs($142C45EFA5A73897)&$FFFFFFFF
             349E : 3897             
    1688/    34A0 : 14D5 FD1B 0B1E      	dc.l abs($14D5FD1B0B1E1F8D)>>32,abs($14D5FD1B0B1E1F8D)&$FFFFFFFF
             34A6 : 1F8D             
    1689/    34A8 : 5E3C 2624 BF79      	dc.l abs($5E3C2624BF799612)>>32,abs($5E3C2624BF799612)&$FFFFFFFF
             34AE : 9612             
    1690/    34B0 : 3411 E206 70E9      	dc.l abs(-$3411E20670E9AC84)>>32,abs(-$3411E20670E9AC84)&$FFFFFFFF
             34B6 : AC84             
    1691/    34B8 : 5570 C6A3 9405      	dc.l abs($5570C6A394054B23)>>32,abs($5570C6A394054B23)&$FFFFFFFF
             34BE : 4B23             
    1692/    34C0 : 2B3E 3C62 15D9      	dc.l abs(-$2B3E3C6215D90FF5)>>32,abs(-$2B3E3C6215D90FF5)&$FFFFFFFF
             34C6 : 0FF5             
    1693/    34C8 : 413C 4E53 F6F1      	dc.l abs($413C4E53F6F18829)>>32,abs($413C4E53F6F18829)&$FFFFFFFF
             34CE : 8829             
    1694/    34D0 : 4F5D ECE2 F5B6      	dc.l abs(-$4F5DECE2F5B637F4)>>32,abs(-$4F5DECE2F5B637F4)&$FFFFFFFF
             34D6 : 37F4             
    1695/    34D8 : 6746 2397 1727      	dc.l abs(-$674623971727CFD3)>>32,abs(-$674623971727CFD3)&$FFFFFFFF
             34DE : CFD3             
    1696/    34E0 : 33EB 33C1 E8AD      	dc.l abs(-$33EB33C1E8ADD8F2)>>32,abs(-$33EB33C1E8ADD8F2)&$FFFFFFFF
             34E6 : D8F2             
    1697/    34E8 : 2883 ECA7 2EFB      	dc.l abs(-$2883ECA72EFB5C3C)>>32,abs(-$2883ECA72EFB5C3C)&$FFFFFFFF
             34EE : 5C3C             
    1698/    34F0 : 2BB0 E867 8114      	dc.l abs(-$2BB0E8678114FDFD)>>32,abs(-$2BB0E8678114FDFD)&$FFFFFFFF
             34F6 : FDFD             
    1699/    34F8 : 35A5 F355 A1C2      	dc.l abs(-$35A5F355A1C2E327)>>32,abs(-$35A5F355A1C2E327)&$FFFFFFFF
             34FE : E327             
    1700/    3500 : 66ED A96B A8E4      	dc.l abs($66EDA96BA8E4BB7F)>>32,abs($66EDA96BA8E4BB7F)&$FFFFFFFF
             3506 : BB7F             
    1701/    3508 : 533F 495B E0EC      	dc.l abs(-$533F495BE0ECEB5E)>>32,abs(-$533F495BE0ECEB5E)&$FFFFFFFF
             350E : EB5E             
    1702/    3510 : 3786 E9A0 70FC      	dc.l abs(-$3786E9A070FCB1F0)>>32,abs(-$3786E9A070FCB1F0)&$FFFFFFFF
             3516 : B1F0             
    1703/    3518 : 7E66 E7BA 5BDC      	dc.l abs(-$7E66E7BA5BDC08F8)>>32,abs(-$7E66E7BA5BDC08F8)&$FFFFFFFF
             351E : 08F8             
    1704/    3520 : 36B9 12F0 861D      	dc.l abs($36B912F0861DB139)>>32,abs($36B912F0861DB139)&$FFFFFFFF
             3526 : B139             
    1705/    3528 : 0CBD 3D53 6CD1      	dc.l abs($CBD3D536CD1B516)>>32,abs($CBD3D536CD1B516)&$FFFFFFFF
             352E : B516             
    1706/    3530 : 5EC7 4534 EF14      	dc.l abs(-$5EC74534EF141126)>>32,abs(-$5EC74534EF141126)&$FFFFFFFF
             3536 : 1126             
    1707/    3538 : 5BD9 D02D 04BC      	dc.l abs($5BD9D02D04BCE4CB)>>32,abs($5BD9D02D04BCE4CB)&$FFFFFFFF
             353E : E4CB             
    1708/    3540 : 040D 89CF 49F3      	dc.l abs($40D89CF49F38239)>>32,abs($40D89CF49F38239)&$FFFFFFFF
             3546 : 8239             
    1709/    3548 : 404A AC8D 00BB      	dc.l abs(-$404AAC8D00BBD506)>>32,abs(-$404AAC8D00BBD506)&$FFFFFFFF
             354E : D506             
    1710/    3550 : 060A 6F91 2CC1      	dc.l abs(-$60A6F912CC1BCAD)>>32,abs(-$60A6F912CC1BCAD)&$FFFFFFFF
             3556 : BCAD             
    1711/    3558 : 0B49 570C 3D54      	dc.l abs(-$B49570C3D5458B8)>>32,abs(-$B49570C3D5458B8)&$FFFFFFFF
             355E : 58B8             
    1712/    3560 : 431B 1F26 ED9C      	dc.l abs($431B1F26ED9C8D63)>>32,abs($431B1F26ED9C8D63)&$FFFFFFFF
 AS V1.42 Beta [Bld 212] - Source File t_abs.asm - Page 58 - 09/12/2026 05:50:15 AM


             3566 : 8D63             
    1713/    3568 : 434A EA89 2A5E      	dc.l abs($434AEA892A5E88BE)>>32,abs($434AEA892A5E88BE)&$FFFFFFFF
             356E : 88BE             
    1714/    3570 : 3030 47DD 711B      	dc.l abs($303047DD711BF235)>>32,abs($303047DD711BF235)&$FFFFFFFF
             3576 : F235             
    1715/    3578 : 692F 1369 5B29      	dc.l abs(-$692F13695B2981A0)>>32,abs(-$692F13695B2981A0)&$FFFFFFFF
             357E : 81A0             
    1716/    3580 : 4E5F 1D93 B099      	dc.l abs(-$4E5F1D93B0992DED)>>32,abs(-$4E5F1D93B0992DED)&$FFFFFFFF
             3586 : 2DED             
    1717/    3588 : 7E31 7AC3 401E      	dc.l abs($7E317AC3401EFC30)>>32,abs($7E317AC3401EFC30)&$FFFFFFFF
             358E : FC30             
    1718/    3590 : 73D1 D3B4 D799      	dc.l abs($73D1D3B4D7993715)>>32,abs($73D1D3B4D7993715)&$FFFFFFFF
             3596 : 3715             
    1719/    3598 : 56B5 4668 24F7      	dc.l abs(-$56B5466824F767B9)>>32,abs(-$56B5466824F767B9)&$FFFFFFFF
             359E : 67B9             
    1720/    35A0 : 45B5 88DF 0EE1      	dc.l abs(-$45B588DF0EE17657)>>32,abs(-$45B588DF0EE17657)&$FFFFFFFF
             35A6 : 7657             
    1721/    35A8 : 628D 323A C223      	dc.l abs($628D323AC2238181)>>32,abs($628D323AC2238181)&$FFFFFFFF
             35AE : 8181             
    1722/    35B0 : 25CC 463C C8CB      	dc.l abs(-$25CC463CC8CB960A)>>32,abs(-$25CC463CC8CB960A)&$FFFFFFFF
             35B6 : 960A             
    1723/    35B8 : 54AE C23B 765F      	dc.l abs(-$54AEC23B765F4B7B)>>32,abs(-$54AEC23B765F4B7B)&$FFFFFFFF
             35BE : 4B7B             
    1724/    35C0 : 4C38 A76F A9B9      	dc.l abs($4C38A76FA9B9F103)>>32,abs($4C38A76FA9B9F103)&$FFFFFFFF
             35C6 : F103             
    1725/    35C8 : 5366 6BD2 CB37      	dc.l abs(-$53666BD2CB378C84)>>32,abs(-$53666BD2CB378C84)&$FFFFFFFF
             35CE : 8C84             
    1726/    35D0 : 2AAA 08AD 881F      	dc.l abs($2AAA08AD881FC2FC)>>32,abs($2AAA08AD881FC2FC)&$FFFFFFFF
             35D6 : C2FC             
    1727/    35D8 : 3E65 A8B7 03BC      	dc.l abs($3E65A8B703BCD3BC)>>32,abs($3E65A8B703BCD3BC)&$FFFFFFFF
             35DE : D3BC             
    1728/    35E0 : 0BE7 BBA7 349B      	dc.l abs($BE7BBA7349BDE39)>>32,abs($BE7BBA7349BDE39)&$FFFFFFFF
             35E6 : DE39             
    1729/    35E8 : 20FC D1E7 C1C5      	dc.l abs(-$20FCD1E7C1C58A17)>>32,abs(-$20FCD1E7C1C58A17)&$FFFFFFFF
             35EE : 8A17             
    1730/    35F0 : 62F7 02ED 9D83      	dc.l abs($62F702ED9D835422)>>32,abs($62F702ED9D835422)&$FFFFFFFF
             35F6 : 5422             
    1731/    35F8 : 62B8 1A20 9DBE      	dc.l abs(-$62B81A209DBE5EDA)>>32,abs(-$62B81A209DBE5EDA)&$FFFFFFFF
             35FE : 5EDA             
    1732/    3600 : 3BF5 ABCD D10E      	dc.l abs($3BF5ABCDD10EAB8C)>>32,abs($3BF5ABCDD10EAB8C)&$FFFFFFFF
             3606 : AB8C             
    1733/    3608 : 3C0C 9D79 FC2B      	dc.l abs($3C0C9D79FC2B1B54)>>32,abs($3C0C9D79FC2B1B54)&$FFFFFFFF
             360E : 1B54             
    1734/    3610 : 1A65 EAE2 E5F5      	dc.l abs(-$1A65EAE2E5F55748)>>32,abs(-$1A65EAE2E5F55748)&$FFFFFFFF
             3616 : 5748             
    1735/    3618 : 6880 2F16 B75F      	dc.l abs(-$68802F16B75FB367)>>32,abs(-$68802F16B75FB367)&$FFFFFFFF
             361E : B367             
    1736/    3620 : 7977 56E5 22EA      	dc.l abs($797756E522EAC1D7)>>32,abs($797756E522EAC1D7)&$FFFFFFFF
             3626 : C1D7             
    1737/    3628 : 15C5 5DA5 BB34      	dc.l abs($15C55DA5BB34EF58)>>32,abs($15C55DA5BB34EF58)&$FFFFFFFF
             362E : EF58             
    1738/    3630 : 30F0 9DBC 7749      	dc.l abs($30F09DBC7749B11C)>>32,abs($30F09DBC7749B11C)&$FFFFFFFF
             3636 : B11C             
    1739/    3638 : 3BFC CAFD DF00      	dc.l abs(-$3BFCCAFDDF00A760)>>32,abs(-$3BFCCAFDDF00A760)&$FFFFFFFF
             363E : A760             
    1740/    3640 : 45F0 7021 0CC6      	dc.l abs($45F070210CC612C7)>>32,abs($45F070210CC612C7)&$FFFFFFFF
             3646 : 12C7             
    1741/    3648 : 2D71 A1BA 8FE8      	dc.l abs(-$2D71A1BA8FE8295D)>>32,abs(-$2D71A1BA8FE8295D)&$FFFFFFFF
             364E : 295D             
    1742/    3650 : 0260 3845 5D10      	dc.l abs($26038455D10D64D)>>32,abs($26038455D10D64D)&$FFFFFFFF
 AS V1.42 Beta [Bld 212] - Source File t_abs.asm - Page 59 - 09/12/2026 05:50:15 AM


             3656 : D64D             
    1743/    3658 : 50AE EFC3 7B97      	dc.l abs($50AEEFC37B973AA1)>>32,abs($50AEEFC37B973AA1)&$FFFFFFFF
             365E : 3AA1             
    1744/    3660 : 673E A2F6 5B21      	dc.l abs($673EA2F65B216DC2)>>32,abs($673EA2F65B216DC2)&$FFFFFFFF
             3666 : 6DC2             
    1745/    3668 : 04DE 7B17 13AF      	dc.l abs($4DE7B1713AFB68E)>>32,abs($4DE7B1713AFB68E)&$FFFFFFFF
             366E : B68E             
    1746/    3670 : 41AE 3D62 CCE7      	dc.l abs($41AE3D62CCE79AF4)>>32,abs($41AE3D62CCE79AF4)&$FFFFFFFF
             3676 : 9AF4             
    1747/    3678 : 246C E540 A4E4      	dc.l abs($246CE540A4E423BC)>>32,abs($246CE540A4E423BC)&$FFFFFFFF
             367E : 23BC             
    1748/    3680 : 458A 34CA 934C      	dc.l abs($458A34CA934CB41B)>>32,abs($458A34CA934CB41B)&$FFFFFFFF
             3686 : B41B             
    1749/    3688 : 55EB FC84 F631      	dc.l abs($55EBFC84F6319802)>>32,abs($55EBFC84F6319802)&$FFFFFFFF
             368E : 9802             
    1750/    3690 : 521F E908 336F      	dc.l abs($521FE908336F78B5)>>32,abs($521FE908336F78B5)&$FFFFFFFF
             3696 : 78B5             
    1751/    3698 : 6158 12CB ED2C      	dc.l abs($615812CBED2C96C9)>>32,abs($615812CBED2C96C9)&$FFFFFFFF
             369E : 96C9             
    1752/    36A0 : 28A5 69D0 6A22      	dc.l abs(-$28A569D06A22105D)>>32,abs(-$28A569D06A22105D)&$FFFFFFFF
             36A6 : 105D             
    1753/    36A8 : 053A 3920 82A1      	dc.l abs($53A392082A105EA)>>32,abs($53A392082A105EA)&$FFFFFFFF
             36AE : 05EA             
    1754/    36B0 : 6E8D BF7B BA6C      	dc.l abs(-$6E8DBF7BBA6C8851)>>32,abs(-$6E8DBF7BBA6C8851)&$FFFFFFFF
             36B6 : 8851             
    1755/    36B8 : 70F4 B8C5 A12C      	dc.l abs($70F4B8C5A12CF9B9)>>32,abs($70F4B8C5A12CF9B9)&$FFFFFFFF
             36BE : F9B9             
    1756/    36C0 : 0CF9 A865 DADB      	dc.l abs($CF9A865DADB0353)>>32,abs($CF9A865DADB0353)&$FFFFFFFF
             36C6 : 0353             
    1757/    36C8 : 3201 B5D8 DF83      	dc.l abs($3201B5D8DF83FD16)>>32,abs($3201B5D8DF83FD16)&$FFFFFFFF
             36CE : FD16             
    1758/    36D0 : 4228 934E D56A      	dc.l abs(-$4228934ED56AB3AB)>>32,abs(-$4228934ED56AB3AB)&$FFFFFFFF
             36D6 : B3AB             
    1759/    36D8 : 13BC 5370 6EC4      	dc.l abs($13BC53706EC4E65F)>>32,abs($13BC53706EC4E65F)&$FFFFFFFF
             36DE : E65F             
    1760/    36E0 : 27E7 E403 8816      	dc.l abs($27E7E4038816C493)>>32,abs($27E7E4038816C493)&$FFFFFFFF
             36E6 : C493             
    1761/    36E8 : 4780 61B5 0BC0      	dc.l abs(-$478061B50BC0EA89)>>32,abs(-$478061B50BC0EA89)&$FFFFFFFF
             36EE : EA89             
    1762/    36F0 : 2D51 189C E658      	dc.l abs(-$2D51189CE658D524)>>32,abs(-$2D51189CE658D524)&$FFFFFFFF
             36F6 : D524             
    1763/    36F8 : 050E BFE4 0B10      	dc.l abs(-$50EBFE40B10D68B)>>32,abs(-$50EBFE40B10D68B)&$FFFFFFFF
             36FE : D68B             
    1764/    3700 : 76E8 41B1 164B      	dc.l abs($76E841B1164BF8EF)>>32,abs($76E841B1164BF8EF)&$FFFFFFFF
             3706 : F8EF             
    1765/    3708 : 6C38 19C1 0140      	dc.l abs($6C3819C101408100)>>32,abs($6C3819C101408100)&$FFFFFFFF
             370E : 8100             
    1766/    3710 : 6B4F 44D6 8EFF      	dc.l abs($6B4F44D68EFF1332)>>32,abs($6B4F44D68EFF1332)&$FFFFFFFF
             3716 : 1332             
    1767/    3718 : 5F68 7F65 272B      	dc.l abs($5F687F65272BE83E)>>32,abs($5F687F65272BE83E)&$FFFFFFFF
             371E : E83E             
    1768/    3720 : 301E D9DB 1D78      	dc.l abs($301ED9DB1D780FA5)>>32,abs($301ED9DB1D780FA5)&$FFFFFFFF
             3726 : 0FA5             
    1769/    3728 : 51DA 2620 2411      	dc.l abs($51DA26202411B6BB)>>32,abs($51DA26202411B6BB)&$FFFFFFFF
             372E : B6BB             
    1770/    3730 : 36D9 25FD 933E      	dc.l abs($36D925FD933E34C8)>>32,abs($36D925FD933E34C8)&$FFFFFFFF
             3736 : 34C8             
    1771/    3738 : 2CF3 E990 711D      	dc.l abs($2CF3E990711D078F)>>32,abs($2CF3E990711D078F)&$FFFFFFFF
             373E : 078F             
    1772/    3740 : 5ACA 98E2 1B13      	dc.l abs(-$5ACA98E21B133702)>>32,abs(-$5ACA98E21B133702)&$FFFFFFFF
 AS V1.42 Beta [Bld 212] - Source File t_abs.asm - Page 60 - 09/12/2026 05:50:15 AM


             3746 : 3702             
    1773/    3748 : 5304 E4F9 B0EE      	dc.l abs($5304E4F9B0EE854E)>>32,abs($5304E4F9B0EE854E)&$FFFFFFFF
             374E : 854E             
    1774/    3750 : 603D 8A81 8717      	dc.l abs(-$603D8A8187178FD8)>>32,abs(-$603D8A8187178FD8)&$FFFFFFFF
             3756 : 8FD8             
    1775/    3758 : 6D85 8F52 B060      	dc.l abs(-$6D858F52B060E4AC)>>32,abs(-$6D858F52B060E4AC)&$FFFFFFFF
             375E : E4AC             
    1776/    3760 : 7138 133A 33E8      	dc.l abs($7138133A33E8FFC0)>>32,abs($7138133A33E8FFC0)&$FFFFFFFF
             3766 : FFC0             
    1777/    3768 : 3F0B E861 CC55      	dc.l abs(-$3F0BE861CC559E62)>>32,abs(-$3F0BE861CC559E62)&$FFFFFFFF
             376E : 9E62             
    1778/    3770 : 35F2 7B46 4C1F      	dc.l abs(-$35F27B464C1F50E4)>>32,abs(-$35F27B464C1F50E4)&$FFFFFFFF
             3776 : 50E4             
    1779/    3778 : 088A 95CD B378      	dc.l abs(-$88A95CDB378F19A)>>32,abs(-$88A95CDB378F19A)&$FFFFFFFF
             377E : F19A             
    1780/    3780 : 0B46 066A 2CB9      	dc.l abs(-$B46066A2CB915FD)>>32,abs(-$B46066A2CB915FD)&$FFFFFFFF
             3786 : 15FD             
    1781/    3788 : 06C9 9812 518F      	dc.l abs(-$6C99812518F01B1)>>32,abs(-$6C99812518F01B1)&$FFFFFFFF
             378E : 01B1             
    1782/    3790 : 41E1 8D11 8454      	dc.l abs(-$41E18D1184549F94)>>32,abs(-$41E18D1184549F94)&$FFFFFFFF
             3796 : 9F94             
    1783/    3798 : 3CE6 7D2E C3F8      	dc.l abs(-$3CE67D2EC3F86829)>>32,abs(-$3CE67D2EC3F86829)&$FFFFFFFF
             379E : 6829             
    1784/    37A0 : 446D 4B2C 0AFB      	dc.l abs($446D4B2C0AFB4BAD)>>32,abs($446D4B2C0AFB4BAD)&$FFFFFFFF
             37A6 : 4BAD             
    1785/    37A8 : 1290 1E9F CAED      	dc.l abs($12901E9FCAED8C05)>>32,abs($12901E9FCAED8C05)&$FFFFFFFF
             37AE : 8C05             
    1786/    37B0 : 4146 48CB 4217      	dc.l abs(-$414648CB4217E78B)>>32,abs(-$414648CB4217E78B)&$FFFFFFFF
             37B6 : E78B             
    1787/    37B8 : 3E13 73B9 C4FA      	dc.l abs(-$3E1373B9C4FA4CC9)>>32,abs(-$3E1373B9C4FA4CC9)&$FFFFFFFF
             37BE : 4CC9             
    1788/    37C0 : 228C 7C37 14F6      	dc.l abs(-$228C7C3714F6BA7B)>>32,abs(-$228C7C3714F6BA7B)&$FFFFFFFF
             37C6 : BA7B             
    1789/    37C8 : 47DC B16A 13B5      	dc.l abs($47DCB16A13B520F8)>>32,abs($47DCB16A13B520F8)&$FFFFFFFF
             37CE : 20F8             
    1790/    37D0 : 138A 076E ADF0      	dc.l abs($138A076EADF09D6D)>>32,abs($138A076EADF09D6D)&$FFFFFFFF
             37D6 : 9D6D             
    1791/    37D8 : 280A 746E 1A00      	dc.l abs(-$280A746E1A0040EC)>>32,abs(-$280A746E1A0040EC)&$FFFFFFFF
             37DE : 40EC             
    1792/    37E0 : 4BEB 73EA 45DA      	dc.l abs(-$4BEB73EA45DA1DB0)>>32,abs(-$4BEB73EA45DA1DB0)&$FFFFFFFF
             37E6 : 1DB0             
    1793/    37E8 : 3E26 2C26 4714      	dc.l abs(-$3E262C2647148DFB)>>32,abs(-$3E262C2647148DFB)&$FFFFFFFF
             37EE : 8DFB             
    1794/    37F0 : 4BE6 69E3 2D0A      	dc.l abs($4BE669E32D0A7B9A)>>32,abs($4BE669E32D0A7B9A)&$FFFFFFFF
             37F6 : 7B9A             
    1795/    37F8 : 294E F508 37D8      	dc.l abs($294EF50837D80D71)>>32,abs($294EF50837D80D71)&$FFFFFFFF
             37FE : 0D71             
    1796/    3800 : 5283 A3DE 1E72      	dc.l abs(-$5283A3DE1E729AEE)>>32,abs(-$5283A3DE1E729AEE)&$FFFFFFFF
             3806 : 9AEE             
    1797/    3808 : 106E 676B CA56      	dc.l abs($106E676BCA567869)>>32,abs($106E676BCA567869)&$FFFFFFFF
             380E : 7869             
    1798/    3810 : 0000 0020 0000      	dc.l abs($2000000008)>>32,abs($2000000008)&$FFFFFFFF
             3816 : 0008             
    1799/    3818 : 0040 0000 1000      	dc.l abs($40000010000400)>>32,abs($40000010000400)&$FFFFFFFF
             381E : 0400             
    1800/    3820 : 0001 4100 0010      	dc.l abs($1410000100000)>>32,abs($1410000100000)&$FFFFFFFF
             3826 : 0000             
    1801/    3828 : 0000 0000 0011      	dc.l abs($110000)>>32,abs($110000)&$FFFFFFFF
             382E : 0000             
    1802/    3830 : 0000 0400 0004      	dc.l abs($40000040002)>>32,abs($40000040002)&$FFFFFFFF
 AS V1.42 Beta [Bld 212] - Source File t_abs.asm - Page 61 - 09/12/2026 05:50:15 AM


             3836 : 0002             
    1803/    3838 : 0008 0010 0000      	dc.l abs($8001000000000)>>32,abs($8001000000000)&$FFFFFFFF
             383E : 0000             
    1804/    3840 : 0080 0000 0004      	dc.l abs($80000000040000)>>32,abs($80000000040000)&$FFFFFFFF
             3846 : 0000             
    1805/    3848 : 0000 0102 0800      	dc.l abs($10208000000)>>32,abs($10208000000)&$FFFFFFFF
             384E : 0000             
    1806/    3850 : 0000 8000 0200      	dc.l abs($800002000000)>>32,abs($800002000000)&$FFFFFFFF
             3856 : 0000             
    1807/    3858 : 0000 0200 0000      	dc.l abs($20000002000)>>32,abs($20000002000)&$FFFFFFFF
             385E : 2000             
    1808/    3860 : 0001 0200 0001      	dc.l abs($1020000010004)>>32,abs($1020000010004)&$FFFFFFFF
             3866 : 0004             
    1809/    3868 : 0000 0000 0000      	dc.l abs($2040)>>32,abs($2040)&$FFFFFFFF
             386E : 2040             
    1810/    3870 : 0010 2000 0000      	dc.l abs($10200000000040)>>32,abs($10200000000040)&$FFFFFFFF
             3876 : 0040             
    1811/    3878 : 1000 0040 2000      	dc.l abs($1000004020000000)>>32,abs($1000004020000000)&$FFFFFFFF
             387E : 0000             
    1812/    3880 : 0008 0000 0000      	dc.l abs($8000000000400)>>32,abs($8000000000400)&$FFFFFFFF
             3886 : 0400             
    1813/    3888 : 0000 001A 0000      	dc.l abs($1A00001000)>>32,abs($1A00001000)&$FFFFFFFF
             388E : 1000             
    1814/    3890 : 0000 0000 0028      	dc.l abs($280000)>>32,abs($280000)&$FFFFFFFF
             3896 : 0000             
    1815/    3898 : 0000 0000 0002      	dc.l abs($24000)>>32,abs($24000)&$FFFFFFFF
             389E : 4000             
    1816/    38A0 : 0000 2000 2000      	dc.l abs($200020008100)>>32,abs($200020008100)&$FFFFFFFF
             38A6 : 8100             
    1817/    38A8 : 0000 4021 0000      	dc.l abs($402100000000)>>32,abs($402100000000)&$FFFFFFFF
             38AE : 0000             
    1818/    38B0 : 0000 0000 0880      	dc.l abs($8800000)>>32,abs($8800000)&$FFFFFFFF
             38B6 : 0000             
    1819/    38B8 : 0000 0000 2040      	dc.l abs($20400080)>>32,abs($20400080)&$FFFFFFFF
             38BE : 0080             
    1820/    38C0 : 0010 8000 0010      	dc.l abs($10800000100020)>>32,abs($10800000100020)&$FFFFFFFF
             38C6 : 0020             
    1821/    38C8 : 0860 0000 0000      	dc.l abs($860000000000000)>>32,abs($860000000000000)&$FFFFFFFF
             38CE : 0000             
    1822/    38D0 : 4000 0000 2080      	dc.l abs($4000000020800000)>>32,abs($4000000020800000)&$FFFFFFFF
             38D6 : 0000             
    1823/    38D8 : 0000 0800 0000      	dc.l abs($80000000084)>>32,abs($80000000084)&$FFFFFFFF
             38DE : 0084             
    1824/    38E0 : 1080 1000 0000      	dc.l abs($1080100000000000)>>32,abs($1080100000000000)&$FFFFFFFF
             38E6 : 0000             
    1825/    38E8 : 0040 0040 0000      	dc.l abs($40004000000000)>>32,abs($40004000000000)&$FFFFFFFF
             38EE : 0000             
    1826/    38F0 : 0000 0011 0008      	dc.l abs($1100080200)>>32,abs($1100080200)&$FFFFFFFF
             38F6 : 0200             
    1827/    38F8 : 0080 0000 0000      	dc.l abs($80000000002008)>>32,abs($80000000002008)&$FFFFFFFF
             38FE : 2008             
    1828/    3900 : 0002 0000 0000      	dc.l abs($2000000000004)>>32,abs($2000000000004)&$FFFFFFFF
             3906 : 0004             
    1829/    3908 : 0900 0000 0000      	dc.l abs($900000000008400)>>32,abs($900000000008400)&$FFFFFFFF
             390E : 8400             
    1830/    3910 : 0000 0000 000A      	dc.l abs($A0000)>>32,abs($A0000)&$FFFFFFFF
             3916 : 0000             
    1831/    3918 : 0000 8000 1010      	dc.l abs($800010100000)>>32,abs($800010100000)&$FFFFFFFF
             391E : 0000             
    1832/    3920 : 0008 0100 0800      	dc.l abs($8010008000100)>>32,abs($8010008000100)&$FFFFFFFF
 AS V1.42 Beta [Bld 212] - Source File t_abs.asm - Page 62 - 09/12/2026 05:50:15 AM


             3926 : 0100             
    1833/    3928 : 0800 0400 0000      	dc.l abs($800040000000000)>>32,abs($800040000000000)&$FFFFFFFF
             392E : 0000             
    1834/    3930 : 0000 0000 0000      	dc.l abs($9300)>>32,abs($9300)&$FFFFFFFF
             3936 : 9300             
    1835/    3938 : 0002 0000 2080      	dc.l abs($2000020804000)>>32,abs($2000020804000)&$FFFFFFFF
             393E : 4000             
    1836/    3940 : 0000 0000 1000      	dc.l abs($10000800)>>32,abs($10000800)&$FFFFFFFF
             3946 : 0800             
    1837/    3948 : 0000 0200 0000      	dc.l abs($20000000004)>>32,abs($20000000004)&$FFFFFFFF
             394E : 0004             
    1838/    3950 : 2800 0000 0000      	dc.l abs($2800000000004800)>>32,abs($2800000000004800)&$FFFFFFFF
             3956 : 4800             
    1839/    3958 : 4000 1000 0000      	dc.l abs($4000100000002000)>>32,abs($4000100000002000)&$FFFFFFFF
             395E : 2000             
    1840/    3960 : 0000 0008 0000      	dc.l abs($800000004)>>32,abs($800000004)&$FFFFFFFF
             3966 : 0004             
    1841/    3968 : 0000 0000 2000      	dc.l abs($20000200)>>32,abs($20000200)&$FFFFFFFF
             396E : 0200             
    1842/    3970 : 1000 0000 0040      	dc.l abs($1000000000400002)>>32,abs($1000000000400002)&$FFFFFFFF
             3976 : 0002             
    1843/    3978 : 0000 0000 8100      	dc.l abs($81000C00)>>32,abs($81000C00)&$FFFFFFFF
             397E : 0C00             
    1844/    3980 : 0000 0100 0000      	dc.l abs($10000000011)>>32,abs($10000000011)&$FFFFFFFF
             3986 : 0011             
    1845/    3988 : 0000 0800 0800      	dc.l abs($80008000040)>>32,abs($80008000040)&$FFFFFFFF
             398E : 0040             
    1846/    3990 : 0400 0000 0004      	dc.l abs($400000000040000)>>32,abs($400000000040000)&$FFFFFFFF
             3996 : 0000             
    1847/    3998 : 0000 8000 0000      	dc.l abs($800000000010)>>32,abs($800000000010)&$FFFFFFFF
             399E : 0010             
    1848/    39A0 : 0000 0000 0810      	dc.l abs($8108000)>>32,abs($8108000)&$FFFFFFFF
             39A6 : 8000             
    1849/    39A8 : 0020 0001 0000      	dc.l abs($20000100000400)>>32,abs($20000100000400)&$FFFFFFFF
             39AE : 0400             
    1850/    39B0 : 0080 0080 0000      	dc.l abs($80008000000020)>>32,abs($80008000000020)&$FFFFFFFF
             39B6 : 0020             
    1851/    39B8 : 0000 2000 0000      	dc.l abs($200000000010)>>32,abs($200000000010)&$FFFFFFFF
             39BE : 0010             
    1852/    39C0 : 0000 1000 1800      	dc.l abs($100018000008)>>32,abs($100018000008)&$FFFFFFFF
             39C6 : 0008             
    1853/    39C8 : 0040 0000 0000      	dc.l abs($40000000000800)>>32,abs($40000000000800)&$FFFFFFFF
             39CE : 0800             
    1854/    39D0 : 7EFF FFEF FC00      	dc.l abs(-$7EFFFFEFFC000000)>>32,abs(-$7EFFFFEFFC000000)&$FFFFFFFF
             39D6 : 0000             
    1855/    39D8 : 0000 0800 0000      	dc.l abs($80000008001)>>32,abs($80000008001)&$FFFFFFFF
             39DE : 8001             
    1856/    39E0 : 0000 0000 0020      	dc.l abs($204040)>>32,abs($204040)&$FFFFFFFF
             39E6 : 4040             
    1857/    39E8 : 0000 0820 0000      	dc.l abs($82000000000)>>32,abs($82000000000)&$FFFFFFFF
             39EE : 0000             
    1858/    39F0 : 7FFF FFFF EFFF      	dc.l abs(-$7FFFFFFFEFFFF800)>>32,abs(-$7FFFFFFFEFFFF800)&$FFFFFFFF
             39F6 : F800             
    1859/    39F8 : 0300 1100 0000      	dc.l abs($300110000000000)>>32,abs($300110000000000)&$FFFFFFFF
             39FE : 0000             
    1860/    3A00 : 0020 1000 0000      	dc.l abs($20100000000000)>>32,abs($20100000000000)&$FFFFFFFF
             3A06 : 0000             
    1861/    3A08 : 0840 0000 0000      	dc.l abs($840000000000000)>>32,abs($840000000000000)&$FFFFFFFF
             3A0E : 0000             
    1862/    3A10 : 0010 0000 8020      	dc.l abs($10000080202000)>>32,abs($10000080202000)&$FFFFFFFF
 AS V1.42 Beta [Bld 212] - Source File t_abs.asm - Page 63 - 09/12/2026 05:50:15 AM


             3A16 : 2000             
    1863/    3A18 : 7FFF FFFF FFBF      	dc.l abs(-$7FFFFFFFFFBFFFF0)>>32,abs(-$7FFFFFFFFFBFFFF0)&$FFFFFFFF
             3A1E : FFF0             
    1864/    3A20 : 0000 0100 0001      	dc.l abs($10000010002)>>32,abs($10000010002)&$FFFFFFFF
             3A26 : 0002             
    1865/    3A28 : 0000 0000 0040      	dc.l abs($400100)>>32,abs($400100)&$FFFFFFFF
             3A2E : 0100             
    1866/    3A30 : EE                  	dc.b $EE
    1867/    3A31 :                     	end
 AS V1.42 Beta [Bld 212] - Source File t_abs.asm - Page 64 - 09/12/2026 05:50:15 AM


  Symbol Table (* = unused):
  --------------------------

*ARCHITECTURE :                                      "x86_64-unknown-linux" - |
*BIGENDIAN :                      0 - | *BRANCHEXT :                      0 - |
*CASESENSITIVE :                  1 - | *COMPMODE :                       0 - |
*CONSTPI :        3.141592653589793 - | *CUSTOM :                         0 - |
*DATE :                "09/12/2026" - | *FALSE :                          0 - |
*FULLPMMU :                       1 - | *HAS64 :                          1 - |
*HASDSP :                         0 - | *HASFPU :                         0 - |
*HASPMMU :                        0 - | *INEXTMODE :                      0 - |
*INLWORDMODE :                    0 - | *INMAXMODE :                      0 - |
*INSRCMODE :                      0 - | *INSUPMODE :                      0 - |
*LISTON :                         1 - | *MACEXP :                         7 - |
*MOMCPU :                     68000 - | *MOMCPUNAME :               "68000" - |
*NESTMAX :                      100 - | *PACKING :                        0 - |
*PADDING :                        0 - | *RELAXED :                        0 - |
*TIME :               "05:50:15 AM" - | *TRUE :                           1 - |
*VERSION :                     142F - | *Z80SYNTAX :                      0 - |

     31 symbols
     31 unused symbols

 AS V1.42 Beta [Bld 212] - Source File t_abs.asm - Page 65 - 09/12/2026 05:50:15 AM


  Code Pages:
  ----------

STANDARD (0 changed characters)

1 code page

0.00 seconds assembly time

   1868 lines source file
      1 pass
      0 errors
      0 warnings
