 AS V1.42 Beta [Bld 212] - Source File t_bitcnt.asm - Page 1 - 09/12/2026 05:50:15 AM


       1/       0 :                     	cpu 68000
       2/       0 :                     	padding off
       3/       0 :                     	org 0
       4/       0 : 0000 0000           	dc.l bitcnt($0)
       5/       4 : 0000 0001           	dc.l bitcnt($1)
       6/       8 : 0000 0001           	dc.l bitcnt($2)
       7/       C : 0000 0002           	dc.l bitcnt($3)
       8/      10 : 0000 0001           	dc.l bitcnt($4)
       9/      14 : 0000 0002           	dc.l bitcnt($5)
      10/      18 : 0000 0002           	dc.l bitcnt($6)
      11/      1C : 0000 0003           	dc.l bitcnt($7)
      12/      20 : 0000 0001           	dc.l bitcnt($8)
      13/      24 : 0000 0002           	dc.l bitcnt($9)
      14/      28 : 0000 0002           	dc.l bitcnt($A)
      15/      2C : 0000 0003           	dc.l bitcnt($B)
      16/      30 : 0000 0002           	dc.l bitcnt($C)
      17/      34 : 0000 0003           	dc.l bitcnt($D)
      18/      38 : 0000 0003           	dc.l bitcnt($E)
      19/      3C : 0000 0004           	dc.l bitcnt($F)
      20/      40 : 0000 0001           	dc.l bitcnt($10)
      21/      44 : 0000 0002           	dc.l bitcnt($11)
      22/      48 : 0000 0002           	dc.l bitcnt($12)
      23/      4C : 0000 0003           	dc.l bitcnt($13)
      24/      50 : 0000 0002           	dc.l bitcnt($14)
      25/      54 : 0000 0003           	dc.l bitcnt($15)
      26/      58 : 0000 0003           	dc.l bitcnt($16)
      27/      5C : 0000 0004           	dc.l bitcnt($17)
      28/      60 : 0000 0002           	dc.l bitcnt($18)
      29/      64 : 0000 0003           	dc.l bitcnt($19)
      30/      68 : 0000 0003           	dc.l bitcnt($1A)
      31/      6C : 0000 0004           	dc.l bitcnt($1B)
      32/      70 : 0000 0003           	dc.l bitcnt($1C)
      33/      74 : 0000 0004           	dc.l bitcnt($1D)
      34/      78 : 0000 0004           	dc.l bitcnt($1E)
      35/      7C : 0000 0005           	dc.l bitcnt($1F)
      36/      80 : 0000 0001           	dc.l bitcnt($20)
      37/      84 : 0000 0002           	dc.l bitcnt($21)
      38/      88 : 0000 0002           	dc.l bitcnt($22)
      39/      8C : 0000 0003           	dc.l bitcnt($23)
      40/      90 : 0000 0002           	dc.l bitcnt($24)
      41/      94 : 0000 0003           	dc.l bitcnt($25)
      42/      98 : 0000 0003           	dc.l bitcnt($26)
      43/      9C : 0000 0004           	dc.l bitcnt($27)
      44/      A0 : 0000 0002           	dc.l bitcnt($28)
      45/      A4 : 0000 0003           	dc.l bitcnt($29)
      46/      A8 : 0000 0003           	dc.l bitcnt($2A)
      47/      AC : 0000 0004           	dc.l bitcnt($2B)
      48/      B0 : 0000 0003           	dc.l bitcnt($2C)
      49/      B4 : 0000 0004           	dc.l bitcnt($2D)
      50/      B8 : 0000 0004           	dc.l bitcnt($2E)
      51/      BC : 0000 0005           	dc.l bitcnt($2F)
      52/      C0 : 0000 0002           	dc.l bitcnt($30)
      53/      C4 : 0000 0003           	dc.l bitcnt($31)
      54/      C8 : 0000 0003           	dc.l bitcnt($32)
      55/      CC : 0000 0004           	dc.l bitcnt($33)
      56/      D0 : 0000 0003           	dc.l bitcnt($34)
      57/      D4 : 0000 0004           	dc.l bitcnt($35)
      58/      D8 : 0000 0004           	dc.l bitcnt($36)
      59/      DC : 0000 0005           	dc.l bitcnt($37)
      60/      E0 : 0000 0003           	dc.l bitcnt($38)
 AS V1.42 Beta [Bld 212] - Source File t_bitcnt.asm - Page 2 - 09/12/2026 05:50:15 AM


      61/      E4 : 0000 0004           	dc.l bitcnt($39)
      62/      E8 : 0000 0004           	dc.l bitcnt($3A)
      63/      EC : 0000 0005           	dc.l bitcnt($3B)
      64/      F0 : 0000 0004           	dc.l bitcnt($3C)
      65/      F4 : 0000 0005           	dc.l bitcnt($3D)
      66/      F8 : 0000 0005           	dc.l bitcnt($3E)
      67/      FC : 0000 0006           	dc.l bitcnt($3F)
      68/     100 : 0000 0001           	dc.l bitcnt($40)
      69/     104 : 0000 0002           	dc.l bitcnt($41)
      70/     108 : 0000 0002           	dc.l bitcnt($42)
      71/     10C : 0000 0003           	dc.l bitcnt($43)
      72/     110 : 0000 0002           	dc.l bitcnt($44)
      73/     114 : 0000 0003           	dc.l bitcnt($45)
      74/     118 : 0000 0003           	dc.l bitcnt($46)
      75/     11C : 0000 0004           	dc.l bitcnt($47)
      76/     120 : 0000 0002           	dc.l bitcnt($48)
      77/     124 : 0000 0003           	dc.l bitcnt($49)
      78/     128 : 0000 0003           	dc.l bitcnt($4A)
      79/     12C : 0000 0004           	dc.l bitcnt($4B)
      80/     130 : 0000 0003           	dc.l bitcnt($4C)
      81/     134 : 0000 0004           	dc.l bitcnt($4D)
      82/     138 : 0000 0004           	dc.l bitcnt($4E)
      83/     13C : 0000 0005           	dc.l bitcnt($4F)
      84/     140 : 0000 0002           	dc.l bitcnt($50)
      85/     144 : 0000 0003           	dc.l bitcnt($51)
      86/     148 : 0000 0003           	dc.l bitcnt($52)
      87/     14C : 0000 0004           	dc.l bitcnt($53)
      88/     150 : 0000 0003           	dc.l bitcnt($54)
      89/     154 : 0000 0004           	dc.l bitcnt($55)
      90/     158 : 0000 0004           	dc.l bitcnt($56)
      91/     15C : 0000 0005           	dc.l bitcnt($57)
      92/     160 : 0000 0003           	dc.l bitcnt($58)
      93/     164 : 0000 0004           	dc.l bitcnt($59)
      94/     168 : 0000 0004           	dc.l bitcnt($5A)
      95/     16C : 0000 0005           	dc.l bitcnt($5B)
      96/     170 : 0000 0004           	dc.l bitcnt($5C)
      97/     174 : 0000 0005           	dc.l bitcnt($5D)
      98/     178 : 0000 0005           	dc.l bitcnt($5E)
      99/     17C : 0000 0006           	dc.l bitcnt($5F)
     100/     180 : 0000 0002           	dc.l bitcnt($60)
     101/     184 : 0000 0003           	dc.l bitcnt($61)
     102/     188 : 0000 0003           	dc.l bitcnt($62)
     103/     18C : 0000 0004           	dc.l bitcnt($63)
     104/     190 : 0000 0003           	dc.l bitcnt($64)
     105/     194 : 0000 0004           	dc.l bitcnt($65)
     106/     198 : 0000 0004           	dc.l bitcnt($66)
     107/     19C : 0000 0005           	dc.l bitcnt($67)
     108/     1A0 : 0000 0003           	dc.l bitcnt($68)
     109/     1A4 : 0000 0004           	dc.l bitcnt($69)
     110/     1A8 : 0000 0004           	dc.l bitcnt($6A)
     111/     1AC : 0000 0005           	dc.l bitcnt($6B)
     112/     1B0 : 0000 0004           	dc.l bitcnt($6C)
     113/     1B4 : 0000 0005           	dc.l bitcnt($6D)
     114/     1B8 : 0000 0005           	dc.l bitcnt($6E)
     115/     1BC : 0000 0006           	dc.l bitcnt($6F)
     116/     1C0 : 0000 0003           	dc.l bitcnt($70)
     117/     1C4 : 0000 0004           	dc.l bitcnt($71)
     118/     1C8 : 0000 0004           	dc.l bitcnt($72)
     119/     1CC : 0000 0005           	dc.l bitcnt($73)
     120/     1D0 : 0000 0004           	dc.l bitcnt($74)
 AS V1.42 Beta [Bld 212] - Source File t_bitcnt.asm - Page 3 - 09/12/2026 05:50:15 AM


     121/     1D4 : 0000 0005           	dc.l bitcnt($75)
     122/     1D8 : 0000 0005           	dc.l bitcnt($76)
     123/     1DC : 0000 0006           	dc.l bitcnt($77)
     124/     1E0 : 0000 0004           	dc.l bitcnt($78)
     125/     1E4 : 0000 0005           	dc.l bitcnt($79)
     126/     1E8 : 0000 0005           	dc.l bitcnt($7A)
     127/     1EC : 0000 0006           	dc.l bitcnt($7B)
     128/     1F0 : 0000 0005           	dc.l bitcnt($7C)
     129/     1F4 : 0000 0006           	dc.l bitcnt($7D)
     130/     1F8 : 0000 0006           	dc.l bitcnt($7E)
     131/     1FC : 0000 0007           	dc.l bitcnt($7F)
     132/     200 : 0000 0001           	dc.l bitcnt($80)
     133/     204 : 0000 0002           	dc.l bitcnt($81)
     134/     208 : 0000 0002           	dc.l bitcnt($82)
     135/     20C : 0000 0003           	dc.l bitcnt($83)
     136/     210 : 0000 0002           	dc.l bitcnt($84)
     137/     214 : 0000 0003           	dc.l bitcnt($85)
     138/     218 : 0000 0003           	dc.l bitcnt($86)
     139/     21C : 0000 0004           	dc.l bitcnt($87)
     140/     220 : 0000 0002           	dc.l bitcnt($88)
     141/     224 : 0000 0003           	dc.l bitcnt($89)
     142/     228 : 0000 0003           	dc.l bitcnt($8A)
     143/     22C : 0000 0004           	dc.l bitcnt($8B)
     144/     230 : 0000 0003           	dc.l bitcnt($8C)
     145/     234 : 0000 0004           	dc.l bitcnt($8D)
     146/     238 : 0000 0004           	dc.l bitcnt($8E)
     147/     23C : 0000 0005           	dc.l bitcnt($8F)
     148/     240 : 0000 0002           	dc.l bitcnt($90)
     149/     244 : 0000 0003           	dc.l bitcnt($91)
     150/     248 : 0000 0003           	dc.l bitcnt($92)
     151/     24C : 0000 0004           	dc.l bitcnt($93)
     152/     250 : 0000 0003           	dc.l bitcnt($94)
     153/     254 : 0000 0004           	dc.l bitcnt($95)
     154/     258 : 0000 0004           	dc.l bitcnt($96)
     155/     25C : 0000 0005           	dc.l bitcnt($97)
     156/     260 : 0000 0003           	dc.l bitcnt($98)
     157/     264 : 0000 0004           	dc.l bitcnt($99)
     158/     268 : 0000 0004           	dc.l bitcnt($9A)
     159/     26C : 0000 0005           	dc.l bitcnt($9B)
     160/     270 : 0000 0004           	dc.l bitcnt($9C)
     161/     274 : 0000 0005           	dc.l bitcnt($9D)
     162/     278 : 0000 0005           	dc.l bitcnt($9E)
     163/     27C : 0000 0006           	dc.l bitcnt($9F)
     164/     280 : 0000 0002           	dc.l bitcnt($A0)
     165/     284 : 0000 0003           	dc.l bitcnt($A1)
     166/     288 : 0000 0003           	dc.l bitcnt($A2)
     167/     28C : 0000 0004           	dc.l bitcnt($A3)
     168/     290 : 0000 0003           	dc.l bitcnt($A4)
     169/     294 : 0000 0004           	dc.l bitcnt($A5)
     170/     298 : 0000 0004           	dc.l bitcnt($A6)
     171/     29C : 0000 0005           	dc.l bitcnt($A7)
     172/     2A0 : 0000 0003           	dc.l bitcnt($A8)
     173/     2A4 : 0000 0004           	dc.l bitcnt($A9)
     174/     2A8 : 0000 0004           	dc.l bitcnt($AA)
     175/     2AC : 0000 0005           	dc.l bitcnt($AB)
     176/     2B0 : 0000 0004           	dc.l bitcnt($AC)
     177/     2B4 : 0000 0005           	dc.l bitcnt($AD)
     178/     2B8 : 0000 0005           	dc.l bitcnt($AE)
     179/     2BC : 0000 0006           	dc.l bitcnt($AF)
     180/     2C0 : 0000 0003           	dc.l bitcnt($B0)
 AS V1.42 Beta [Bld 212] - Source File t_bitcnt.asm - Page 4 - 09/12/2026 05:50:15 AM


     181/     2C4 : 0000 0004           	dc.l bitcnt($B1)
     182/     2C8 : 0000 0004           	dc.l bitcnt($B2)
     183/     2CC : 0000 0005           	dc.l bitcnt($B3)
     184/     2D0 : 0000 0004           	dc.l bitcnt($B4)
     185/     2D4 : 0000 0005           	dc.l bitcnt($B5)
     186/     2D8 : 0000 0005           	dc.l bitcnt($B6)
     187/     2DC : 0000 0006           	dc.l bitcnt($B7)
     188/     2E0 : 0000 0004           	dc.l bitcnt($B8)
     189/     2E4 : 0000 0005           	dc.l bitcnt($B9)
     190/     2E8 : 0000 0005           	dc.l bitcnt($BA)
     191/     2EC : 0000 0006           	dc.l bitcnt($BB)
     192/     2F0 : 0000 0005           	dc.l bitcnt($BC)
     193/     2F4 : 0000 0006           	dc.l bitcnt($BD)
     194/     2F8 : 0000 0006           	dc.l bitcnt($BE)
     195/     2FC : 0000 0007           	dc.l bitcnt($BF)
     196/     300 : 0000 0002           	dc.l bitcnt($C0)
     197/     304 : 0000 0003           	dc.l bitcnt($C1)
     198/     308 : 0000 0003           	dc.l bitcnt($C2)
     199/     30C : 0000 0004           	dc.l bitcnt($C3)
     200/     310 : 0000 0003           	dc.l bitcnt($C4)
     201/     314 : 0000 0004           	dc.l bitcnt($C5)
     202/     318 : 0000 0004           	dc.l bitcnt($C6)
     203/     31C : 0000 0005           	dc.l bitcnt($C7)
     204/     320 : 0000 0003           	dc.l bitcnt($C8)
     205/     324 : 0000 0004           	dc.l bitcnt($C9)
     206/     328 : 0000 0004           	dc.l bitcnt($CA)
     207/     32C : 0000 0005           	dc.l bitcnt($CB)
     208/     330 : 0000 0004           	dc.l bitcnt($CC)
     209/     334 : 0000 0005           	dc.l bitcnt($CD)
     210/     338 : 0000 0005           	dc.l bitcnt($CE)
     211/     33C : 0000 0006           	dc.l bitcnt($CF)
     212/     340 : 0000 0003           	dc.l bitcnt($D0)
     213/     344 : 0000 0004           	dc.l bitcnt($D1)
     214/     348 : 0000 0004           	dc.l bitcnt($D2)
     215/     34C : 0000 0005           	dc.l bitcnt($D3)
     216/     350 : 0000 0004           	dc.l bitcnt($D4)
     217/     354 : 0000 0005           	dc.l bitcnt($D5)
     218/     358 : 0000 0005           	dc.l bitcnt($D6)
     219/     35C : 0000 0006           	dc.l bitcnt($D7)
     220/     360 : 0000 0004           	dc.l bitcnt($D8)
     221/     364 : 0000 0005           	dc.l bitcnt($D9)
     222/     368 : 0000 0005           	dc.l bitcnt($DA)
     223/     36C : 0000 0006           	dc.l bitcnt($DB)
     224/     370 : 0000 0005           	dc.l bitcnt($DC)
     225/     374 : 0000 0006           	dc.l bitcnt($DD)
     226/     378 : 0000 0006           	dc.l bitcnt($DE)
     227/     37C : 0000 0007           	dc.l bitcnt($DF)
     228/     380 : 0000 0003           	dc.l bitcnt($E0)
     229/     384 : 0000 0004           	dc.l bitcnt($E1)
     230/     388 : 0000 0004           	dc.l bitcnt($E2)
     231/     38C : 0000 0005           	dc.l bitcnt($E3)
     232/     390 : 0000 0004           	dc.l bitcnt($E4)
     233/     394 : 0000 0005           	dc.l bitcnt($E5)
     234/     398 : 0000 0005           	dc.l bitcnt($E6)
     235/     39C : 0000 0006           	dc.l bitcnt($E7)
     236/     3A0 : 0000 0004           	dc.l bitcnt($E8)
     237/     3A4 : 0000 0005           	dc.l bitcnt($E9)
     238/     3A8 : 0000 0005           	dc.l bitcnt($EA)
     239/     3AC : 0000 0006           	dc.l bitcnt($EB)
     240/     3B0 : 0000 0005           	dc.l bitcnt($EC)
 AS V1.42 Beta [Bld 212] - Source File t_bitcnt.asm - Page 5 - 09/12/2026 05:50:15 AM


     241/     3B4 : 0000 0006           	dc.l bitcnt($ED)
     242/     3B8 : 0000 0006           	dc.l bitcnt($EE)
     243/     3BC : 0000 0007           	dc.l bitcnt($EF)
     244/     3C0 : 0000 0004           	dc.l bitcnt($F0)
     245/     3C4 : 0000 0005           	dc.l bitcnt($F1)
     246/     3C8 : 0000 0005           	dc.l bitcnt($F2)
     247/     3CC : 0000 0006           	dc.l bitcnt($F3)
     248/     3D0 : 0000 0005           	dc.l bitcnt($F4)
     249/     3D4 : 0000 0006           	dc.l bitcnt($F5)
     250/     3D8 : 0000 0006           	dc.l bitcnt($F6)
     251/     3DC : 0000 0007           	dc.l bitcnt($F7)
     252/     3E0 : 0000 0005           	dc.l bitcnt($F8)
     253/     3E4 : 0000 0006           	dc.l bitcnt($F9)
     254/     3E8 : 0000 0006           	dc.l bitcnt($FA)
     255/     3EC : 0000 0007           	dc.l bitcnt($FB)
     256/     3F0 : 0000 0006           	dc.l bitcnt($FC)
     257/     3F4 : 0000 0007           	dc.l bitcnt($FD)
     258/     3F8 : 0000 0007           	dc.l bitcnt($FE)
     259/     3FC : 0000 0008           	dc.l bitcnt($FF)
     260/     400 : 0000 0001           	dc.l bitcnt($100)
     261/     404 : 0000 0002           	dc.l bitcnt($101)
     262/     408 : 0000 0002           	dc.l bitcnt($102)
     263/     40C : 0000 0003           	dc.l bitcnt($103)
     264/     410 : 0000 0002           	dc.l bitcnt($104)
     265/     414 : 0000 0003           	dc.l bitcnt($105)
     266/     418 : 0000 0003           	dc.l bitcnt($106)
     267/     41C : 0000 0004           	dc.l bitcnt($107)
     268/     420 : 0000 0002           	dc.l bitcnt($108)
     269/     424 : 0000 0003           	dc.l bitcnt($109)
     270/     428 : 0000 0003           	dc.l bitcnt($10A)
     271/     42C : 0000 0004           	dc.l bitcnt($10B)
     272/     430 : 0000 0003           	dc.l bitcnt($10C)
     273/     434 : 0000 0004           	dc.l bitcnt($10D)
     274/     438 : 0000 0004           	dc.l bitcnt($10E)
     275/     43C : 0000 0005           	dc.l bitcnt($10F)
     276/     440 : 0000 0002           	dc.l bitcnt($110)
     277/     444 : 0000 0003           	dc.l bitcnt($111)
     278/     448 : 0000 0003           	dc.l bitcnt($112)
     279/     44C : 0000 0004           	dc.l bitcnt($113)
     280/     450 : 0000 0003           	dc.l bitcnt($114)
     281/     454 : 0000 0004           	dc.l bitcnt($115)
     282/     458 : 0000 0004           	dc.l bitcnt($116)
     283/     45C : 0000 0005           	dc.l bitcnt($117)
     284/     460 : 0000 0003           	dc.l bitcnt($118)
     285/     464 : 0000 0004           	dc.l bitcnt($119)
     286/     468 : 0000 0004           	dc.l bitcnt($11A)
     287/     46C : 0000 0005           	dc.l bitcnt($11B)
     288/     470 : 0000 0004           	dc.l bitcnt($11C)
     289/     474 : 0000 0005           	dc.l bitcnt($11D)
     290/     478 : 0000 0005           	dc.l bitcnt($11E)
     291/     47C : 0000 0006           	dc.l bitcnt($11F)
     292/     480 : 0000 0002           	dc.l bitcnt($120)
     293/     484 : 0000 0003           	dc.l bitcnt($121)
     294/     488 : 0000 0003           	dc.l bitcnt($122)
     295/     48C : 0000 0004           	dc.l bitcnt($123)
     296/     490 : 0000 0003           	dc.l bitcnt($124)
     297/     494 : 0000 0004           	dc.l bitcnt($125)
     298/     498 : 0000 0004           	dc.l bitcnt($126)
     299/     49C : 0000 0005           	dc.l bitcnt($127)
     300/     4A0 : 0000 0003           	dc.l bitcnt($128)
 AS V1.42 Beta [Bld 212] - Source File t_bitcnt.asm - Page 6 - 09/12/2026 05:50:15 AM


     301/     4A4 : 0000 0004           	dc.l bitcnt($129)
     302/     4A8 : 0000 0004           	dc.l bitcnt($12A)
     303/     4AC : 0000 0005           	dc.l bitcnt($12B)
     304/     4B0 : 0000 0004           	dc.l bitcnt($12C)
     305/     4B4 : 0000 0005           	dc.l bitcnt($12D)
     306/     4B8 : 0000 0005           	dc.l bitcnt($12E)
     307/     4BC : 0000 0006           	dc.l bitcnt($12F)
     308/     4C0 : 0000 0003           	dc.l bitcnt($130)
     309/     4C4 : 0000 0004           	dc.l bitcnt($131)
     310/     4C8 : 0000 0004           	dc.l bitcnt($132)
     311/     4CC : 0000 0005           	dc.l bitcnt($133)
     312/     4D0 : 0000 0004           	dc.l bitcnt($134)
     313/     4D4 : 0000 0005           	dc.l bitcnt($135)
     314/     4D8 : 0000 0005           	dc.l bitcnt($136)
     315/     4DC : 0000 0006           	dc.l bitcnt($137)
     316/     4E0 : 0000 0004           	dc.l bitcnt($138)
     317/     4E4 : 0000 0005           	dc.l bitcnt($139)
     318/     4E8 : 0000 0005           	dc.l bitcnt($13A)
     319/     4EC : 0000 0006           	dc.l bitcnt($13B)
     320/     4F0 : 0000 0005           	dc.l bitcnt($13C)
     321/     4F4 : 0000 0006           	dc.l bitcnt($13D)
     322/     4F8 : 0000 0006           	dc.l bitcnt($13E)
     323/     4FC : 0000 0007           	dc.l bitcnt($13F)
     324/     500 : 0000 0002           	dc.l bitcnt($140)
     325/     504 : 0000 0003           	dc.l bitcnt($141)
     326/     508 : 0000 0003           	dc.l bitcnt($142)
     327/     50C : 0000 0004           	dc.l bitcnt($143)
     328/     510 : 0000 0003           	dc.l bitcnt($144)
     329/     514 : 0000 0004           	dc.l bitcnt($145)
     330/     518 : 0000 0004           	dc.l bitcnt($146)
     331/     51C : 0000 0005           	dc.l bitcnt($147)
     332/     520 : 0000 0003           	dc.l bitcnt($148)
     333/     524 : 0000 0004           	dc.l bitcnt($149)
     334/     528 : 0000 0004           	dc.l bitcnt($14A)
     335/     52C : 0000 0005           	dc.l bitcnt($14B)
     336/     530 : 0000 0004           	dc.l bitcnt($14C)
     337/     534 : 0000 0005           	dc.l bitcnt($14D)
     338/     538 : 0000 0005           	dc.l bitcnt($14E)
     339/     53C : 0000 0006           	dc.l bitcnt($14F)
     340/     540 : 0000 0003           	dc.l bitcnt($150)
     341/     544 : 0000 0004           	dc.l bitcnt($151)
     342/     548 : 0000 0004           	dc.l bitcnt($152)
     343/     54C : 0000 0005           	dc.l bitcnt($153)
     344/     550 : 0000 0004           	dc.l bitcnt($154)
     345/     554 : 0000 0005           	dc.l bitcnt($155)
     346/     558 : 0000 0005           	dc.l bitcnt($156)
     347/     55C : 0000 0006           	dc.l bitcnt($157)
     348/     560 : 0000 0004           	dc.l bitcnt($158)
     349/     564 : 0000 0005           	dc.l bitcnt($159)
     350/     568 : 0000 0005           	dc.l bitcnt($15A)
     351/     56C : 0000 0006           	dc.l bitcnt($15B)
     352/     570 : 0000 0005           	dc.l bitcnt($15C)
     353/     574 : 0000 0006           	dc.l bitcnt($15D)
     354/     578 : 0000 0006           	dc.l bitcnt($15E)
     355/     57C : 0000 0007           	dc.l bitcnt($15F)
     356/     580 : 0000 0003           	dc.l bitcnt($160)
     357/     584 : 0000 0004           	dc.l bitcnt($161)
     358/     588 : 0000 0004           	dc.l bitcnt($162)
     359/     58C : 0000 0005           	dc.l bitcnt($163)
     360/     590 : 0000 0004           	dc.l bitcnt($164)
 AS V1.42 Beta [Bld 212] - Source File t_bitcnt.asm - Page 7 - 09/12/2026 05:50:15 AM


     361/     594 : 0000 0005           	dc.l bitcnt($165)
     362/     598 : 0000 0005           	dc.l bitcnt($166)
     363/     59C : 0000 0006           	dc.l bitcnt($167)
     364/     5A0 : 0000 0004           	dc.l bitcnt($168)
     365/     5A4 : 0000 0005           	dc.l bitcnt($169)
     366/     5A8 : 0000 0005           	dc.l bitcnt($16A)
     367/     5AC : 0000 0006           	dc.l bitcnt($16B)
     368/     5B0 : 0000 0005           	dc.l bitcnt($16C)
     369/     5B4 : 0000 0006           	dc.l bitcnt($16D)
     370/     5B8 : 0000 0006           	dc.l bitcnt($16E)
     371/     5BC : 0000 0007           	dc.l bitcnt($16F)
     372/     5C0 : 0000 0004           	dc.l bitcnt($170)
     373/     5C4 : 0000 0005           	dc.l bitcnt($171)
     374/     5C8 : 0000 0005           	dc.l bitcnt($172)
     375/     5CC : 0000 0006           	dc.l bitcnt($173)
     376/     5D0 : 0000 0005           	dc.l bitcnt($174)
     377/     5D4 : 0000 0006           	dc.l bitcnt($175)
     378/     5D8 : 0000 0006           	dc.l bitcnt($176)
     379/     5DC : 0000 0007           	dc.l bitcnt($177)
     380/     5E0 : 0000 0005           	dc.l bitcnt($178)
     381/     5E4 : 0000 0006           	dc.l bitcnt($179)
     382/     5E8 : 0000 0006           	dc.l bitcnt($17A)
     383/     5EC : 0000 0007           	dc.l bitcnt($17B)
     384/     5F0 : 0000 0006           	dc.l bitcnt($17C)
     385/     5F4 : 0000 0007           	dc.l bitcnt($17D)
     386/     5F8 : 0000 0007           	dc.l bitcnt($17E)
     387/     5FC : 0000 0008           	dc.l bitcnt($17F)
     388/     600 : 0000 0002           	dc.l bitcnt($180)
     389/     604 : 0000 0003           	dc.l bitcnt($181)
     390/     608 : 0000 0003           	dc.l bitcnt($182)
     391/     60C : 0000 0004           	dc.l bitcnt($183)
     392/     610 : 0000 0003           	dc.l bitcnt($184)
     393/     614 : 0000 0004           	dc.l bitcnt($185)
     394/     618 : 0000 0004           	dc.l bitcnt($186)
     395/     61C : 0000 0005           	dc.l bitcnt($187)
     396/     620 : 0000 0003           	dc.l bitcnt($188)
     397/     624 : 0000 0004           	dc.l bitcnt($189)
     398/     628 : 0000 0004           	dc.l bitcnt($18A)
     399/     62C : 0000 0005           	dc.l bitcnt($18B)
     400/     630 : 0000 0004           	dc.l bitcnt($18C)
     401/     634 : 0000 0005           	dc.l bitcnt($18D)
     402/     638 : 0000 0005           	dc.l bitcnt($18E)
     403/     63C : 0000 0006           	dc.l bitcnt($18F)
     404/     640 : 0000 0003           	dc.l bitcnt($190)
     405/     644 : 0000 0004           	dc.l bitcnt($191)
     406/     648 : 0000 0004           	dc.l bitcnt($192)
     407/     64C : 0000 0005           	dc.l bitcnt($193)
     408/     650 : 0000 0004           	dc.l bitcnt($194)
     409/     654 : 0000 0005           	dc.l bitcnt($195)
     410/     658 : 0000 0005           	dc.l bitcnt($196)
     411/     65C : 0000 0006           	dc.l bitcnt($197)
     412/     660 : 0000 0004           	dc.l bitcnt($198)
     413/     664 : 0000 0005           	dc.l bitcnt($199)
     414/     668 : 0000 0005           	dc.l bitcnt($19A)
     415/     66C : 0000 0006           	dc.l bitcnt($19B)
     416/     670 : 0000 0005           	dc.l bitcnt($19C)
     417/     674 : 0000 0006           	dc.l bitcnt($19D)
     418/     678 : 0000 0006           	dc.l bitcnt($19E)
     419/     67C : 0000 0007           	dc.l bitcnt($19F)
     420/     680 : 0000 0003           	dc.l bitcnt($1A0)
 AS V1.42 Beta [Bld 212] - Source File t_bitcnt.asm - Page 8 - 09/12/2026 05:50:15 AM


     421/     684 : 0000 0004           	dc.l bitcnt($1A1)
     422/     688 : 0000 0004           	dc.l bitcnt($1A2)
     423/     68C : 0000 0005           	dc.l bitcnt($1A3)
     424/     690 : 0000 0004           	dc.l bitcnt($1A4)
     425/     694 : 0000 0005           	dc.l bitcnt($1A5)
     426/     698 : 0000 0005           	dc.l bitcnt($1A6)
     427/     69C : 0000 0006           	dc.l bitcnt($1A7)
     428/     6A0 : 0000 0004           	dc.l bitcnt($1A8)
     429/     6A4 : 0000 0005           	dc.l bitcnt($1A9)
     430/     6A8 : 0000 0005           	dc.l bitcnt($1AA)
     431/     6AC : 0000 0006           	dc.l bitcnt($1AB)
     432/     6B0 : 0000 0005           	dc.l bitcnt($1AC)
     433/     6B4 : 0000 0006           	dc.l bitcnt($1AD)
     434/     6B8 : 0000 0006           	dc.l bitcnt($1AE)
     435/     6BC : 0000 0007           	dc.l bitcnt($1AF)
     436/     6C0 : 0000 0004           	dc.l bitcnt($1B0)
     437/     6C4 : 0000 0005           	dc.l bitcnt($1B1)
     438/     6C8 : 0000 0005           	dc.l bitcnt($1B2)
     439/     6CC : 0000 0006           	dc.l bitcnt($1B3)
     440/     6D0 : 0000 0005           	dc.l bitcnt($1B4)
     441/     6D4 : 0000 0006           	dc.l bitcnt($1B5)
     442/     6D8 : 0000 0006           	dc.l bitcnt($1B6)
     443/     6DC : 0000 0007           	dc.l bitcnt($1B7)
     444/     6E0 : 0000 0005           	dc.l bitcnt($1B8)
     445/     6E4 : 0000 0006           	dc.l bitcnt($1B9)
     446/     6E8 : 0000 0006           	dc.l bitcnt($1BA)
     447/     6EC : 0000 0007           	dc.l bitcnt($1BB)
     448/     6F0 : 0000 0006           	dc.l bitcnt($1BC)
     449/     6F4 : 0000 0007           	dc.l bitcnt($1BD)
     450/     6F8 : 0000 0007           	dc.l bitcnt($1BE)
     451/     6FC : 0000 0008           	dc.l bitcnt($1BF)
     452/     700 : 0000 0003           	dc.l bitcnt($1C0)
     453/     704 : 0000 0004           	dc.l bitcnt($1C1)
     454/     708 : 0000 0004           	dc.l bitcnt($1C2)
     455/     70C : 0000 0005           	dc.l bitcnt($1C3)
     456/     710 : 0000 0004           	dc.l bitcnt($1C4)
     457/     714 : 0000 0005           	dc.l bitcnt($1C5)
     458/     718 : 0000 0005           	dc.l bitcnt($1C6)
     459/     71C : 0000 0006           	dc.l bitcnt($1C7)
     460/     720 : 0000 0004           	dc.l bitcnt($1C8)
     461/     724 : 0000 0005           	dc.l bitcnt($1C9)
     462/     728 : 0000 0005           	dc.l bitcnt($1CA)
     463/     72C : 0000 0006           	dc.l bitcnt($1CB)
     464/     730 : 0000 0005           	dc.l bitcnt($1CC)
     465/     734 : 0000 0006           	dc.l bitcnt($1CD)
     466/     738 : 0000 0006           	dc.l bitcnt($1CE)
     467/     73C : 0000 0007           	dc.l bitcnt($1CF)
     468/     740 : 0000 0004           	dc.l bitcnt($1D0)
     469/     744 : 0000 0005           	dc.l bitcnt($1D1)
     470/     748 : 0000 0005           	dc.l bitcnt($1D2)
     471/     74C : 0000 0006           	dc.l bitcnt($1D3)
     472/     750 : 0000 0005           	dc.l bitcnt($1D4)
     473/     754 : 0000 0006           	dc.l bitcnt($1D5)
     474/     758 : 0000 0006           	dc.l bitcnt($1D6)
     475/     75C : 0000 0007           	dc.l bitcnt($1D7)
     476/     760 : 0000 0005           	dc.l bitcnt($1D8)
     477/     764 : 0000 0006           	dc.l bitcnt($1D9)
     478/     768 : 0000 0006           	dc.l bitcnt($1DA)
     479/     76C : 0000 0007           	dc.l bitcnt($1DB)
     480/     770 : 0000 0006           	dc.l bitcnt($1DC)
 AS V1.42 Beta [Bld 212] - Source File t_bitcnt.asm - Page 9 - 09/12/2026 05:50:15 AM


     481/     774 : 0000 0007           	dc.l bitcnt($1DD)
     482/     778 : 0000 0007           	dc.l bitcnt($1DE)
     483/     77C : 0000 0008           	dc.l bitcnt($1DF)
     484/     780 : 0000 0004           	dc.l bitcnt($1E0)
     485/     784 : 0000 0005           	dc.l bitcnt($1E1)
     486/     788 : 0000 0005           	dc.l bitcnt($1E2)
     487/     78C : 0000 0006           	dc.l bitcnt($1E3)
     488/     790 : 0000 0005           	dc.l bitcnt($1E4)
     489/     794 : 0000 0006           	dc.l bitcnt($1E5)
     490/     798 : 0000 0006           	dc.l bitcnt($1E6)
     491/     79C : 0000 0007           	dc.l bitcnt($1E7)
     492/     7A0 : 0000 0005           	dc.l bitcnt($1E8)
     493/     7A4 : 0000 0006           	dc.l bitcnt($1E9)
     494/     7A8 : 0000 0006           	dc.l bitcnt($1EA)
     495/     7AC : 0000 0007           	dc.l bitcnt($1EB)
     496/     7B0 : 0000 0006           	dc.l bitcnt($1EC)
     497/     7B4 : 0000 0007           	dc.l bitcnt($1ED)
     498/     7B8 : 0000 0007           	dc.l bitcnt($1EE)
     499/     7BC : 0000 0008           	dc.l bitcnt($1EF)
     500/     7C0 : 0000 0005           	dc.l bitcnt($1F0)
     501/     7C4 : 0000 0006           	dc.l bitcnt($1F1)
     502/     7C8 : 0000 0006           	dc.l bitcnt($1F2)
     503/     7CC : 0000 0007           	dc.l bitcnt($1F3)
     504/     7D0 : 0000 0006           	dc.l bitcnt($1F4)
     505/     7D4 : 0000 0007           	dc.l bitcnt($1F5)
     506/     7D8 : 0000 0007           	dc.l bitcnt($1F6)
     507/     7DC : 0000 0008           	dc.l bitcnt($1F7)
     508/     7E0 : 0000 0006           	dc.l bitcnt($1F8)
     509/     7E4 : 0000 0007           	dc.l bitcnt($1F9)
     510/     7E8 : 0000 0007           	dc.l bitcnt($1FA)
     511/     7EC : 0000 0008           	dc.l bitcnt($1FB)
     512/     7F0 : 0000 0007           	dc.l bitcnt($1FC)
     513/     7F4 : 0000 0008           	dc.l bitcnt($1FD)
     514/     7F8 : 0000 0008           	dc.l bitcnt($1FE)
     515/     7FC : 0000 0009           	dc.l bitcnt($1FF)
     516/     800 : 0000 0001           	dc.l bitcnt($200)
     517/     804 : 0000 0002           	dc.l bitcnt($201)
     518/     808 : 0000 0002           	dc.l bitcnt($202)
     519/     80C : 0000 0003           	dc.l bitcnt($203)
     520/     810 : 0000 0002           	dc.l bitcnt($204)
     521/     814 : 0000 0003           	dc.l bitcnt($205)
     522/     818 : 0000 0003           	dc.l bitcnt($206)
     523/     81C : 0000 0004           	dc.l bitcnt($207)
     524/     820 : 0000 0002           	dc.l bitcnt($208)
     525/     824 : 0000 0003           	dc.l bitcnt($209)
     526/     828 : 0000 0003           	dc.l bitcnt($20A)
     527/     82C : 0000 0004           	dc.l bitcnt($20B)
     528/     830 : 0000 0003           	dc.l bitcnt($20C)
     529/     834 : 0000 0004           	dc.l bitcnt($20D)
     530/     838 : 0000 0004           	dc.l bitcnt($20E)
     531/     83C : 0000 0005           	dc.l bitcnt($20F)
     532/     840 : 0000 0002           	dc.l bitcnt($210)
     533/     844 : 0000 0003           	dc.l bitcnt($211)
     534/     848 : 0000 0003           	dc.l bitcnt($212)
     535/     84C : 0000 0004           	dc.l bitcnt($213)
     536/     850 : 0000 0003           	dc.l bitcnt($214)
     537/     854 : 0000 0004           	dc.l bitcnt($215)
     538/     858 : 0000 0004           	dc.l bitcnt($216)
     539/     85C : 0000 0005           	dc.l bitcnt($217)
     540/     860 : 0000 0003           	dc.l bitcnt($218)
 AS V1.42 Beta [Bld 212] - Source File t_bitcnt.asm - Page 10 - 09/12/2026 05:50:15 AM


     541/     864 : 0000 0004           	dc.l bitcnt($219)
     542/     868 : 0000 0004           	dc.l bitcnt($21A)
     543/     86C : 0000 0005           	dc.l bitcnt($21B)
     544/     870 : 0000 0004           	dc.l bitcnt($21C)
     545/     874 : 0000 0005           	dc.l bitcnt($21D)
     546/     878 : 0000 0005           	dc.l bitcnt($21E)
     547/     87C : 0000 0006           	dc.l bitcnt($21F)
     548/     880 : 0000 0002           	dc.l bitcnt($220)
     549/     884 : 0000 0003           	dc.l bitcnt($221)
     550/     888 : 0000 0003           	dc.l bitcnt($222)
     551/     88C : 0000 0004           	dc.l bitcnt($223)
     552/     890 : 0000 0003           	dc.l bitcnt($224)
     553/     894 : 0000 0004           	dc.l bitcnt($225)
     554/     898 : 0000 0004           	dc.l bitcnt($226)
     555/     89C : 0000 0005           	dc.l bitcnt($227)
     556/     8A0 : 0000 0003           	dc.l bitcnt($228)
     557/     8A4 : 0000 0004           	dc.l bitcnt($229)
     558/     8A8 : 0000 0004           	dc.l bitcnt($22A)
     559/     8AC : 0000 0005           	dc.l bitcnt($22B)
     560/     8B0 : 0000 0004           	dc.l bitcnt($22C)
     561/     8B4 : 0000 0005           	dc.l bitcnt($22D)
     562/     8B8 : 0000 0005           	dc.l bitcnt($22E)
     563/     8BC : 0000 0006           	dc.l bitcnt($22F)
     564/     8C0 : 0000 0003           	dc.l bitcnt($230)
     565/     8C4 : 0000 0004           	dc.l bitcnt($231)
     566/     8C8 : 0000 0004           	dc.l bitcnt($232)
     567/     8CC : 0000 0005           	dc.l bitcnt($233)
     568/     8D0 : 0000 0004           	dc.l bitcnt($234)
     569/     8D4 : 0000 0005           	dc.l bitcnt($235)
     570/     8D8 : 0000 0005           	dc.l bitcnt($236)
     571/     8DC : 0000 0006           	dc.l bitcnt($237)
     572/     8E0 : 0000 0004           	dc.l bitcnt($238)
     573/     8E4 : 0000 0005           	dc.l bitcnt($239)
     574/     8E8 : 0000 0005           	dc.l bitcnt($23A)
     575/     8EC : 0000 0006           	dc.l bitcnt($23B)
     576/     8F0 : 0000 0005           	dc.l bitcnt($23C)
     577/     8F4 : 0000 0006           	dc.l bitcnt($23D)
     578/     8F8 : 0000 0006           	dc.l bitcnt($23E)
     579/     8FC : 0000 0007           	dc.l bitcnt($23F)
     580/     900 : 0000 0002           	dc.l bitcnt($240)
     581/     904 : 0000 0003           	dc.l bitcnt($241)
     582/     908 : 0000 0003           	dc.l bitcnt($242)
     583/     90C : 0000 0004           	dc.l bitcnt($243)
     584/     910 : 0000 0003           	dc.l bitcnt($244)
     585/     914 : 0000 0004           	dc.l bitcnt($245)
     586/     918 : 0000 0004           	dc.l bitcnt($246)
     587/     91C : 0000 0005           	dc.l bitcnt($247)
     588/     920 : 0000 0003           	dc.l bitcnt($248)
     589/     924 : 0000 0004           	dc.l bitcnt($249)
     590/     928 : 0000 0004           	dc.l bitcnt($24A)
     591/     92C : 0000 0005           	dc.l bitcnt($24B)
     592/     930 : 0000 0004           	dc.l bitcnt($24C)
     593/     934 : 0000 0005           	dc.l bitcnt($24D)
     594/     938 : 0000 0005           	dc.l bitcnt($24E)
     595/     93C : 0000 0006           	dc.l bitcnt($24F)
     596/     940 : 0000 0003           	dc.l bitcnt($250)
     597/     944 : 0000 0004           	dc.l bitcnt($251)
     598/     948 : 0000 0004           	dc.l bitcnt($252)
     599/     94C : 0000 0005           	dc.l bitcnt($253)
     600/     950 : 0000 0004           	dc.l bitcnt($254)
 AS V1.42 Beta [Bld 212] - Source File t_bitcnt.asm - Page 11 - 09/12/2026 05:50:15 AM


     601/     954 : 0000 0005           	dc.l bitcnt($255)
     602/     958 : 0000 0005           	dc.l bitcnt($256)
     603/     95C : 0000 0006           	dc.l bitcnt($257)
     604/     960 : 0000 0004           	dc.l bitcnt($258)
     605/     964 : 0000 0005           	dc.l bitcnt($259)
     606/     968 : 0000 0005           	dc.l bitcnt($25A)
     607/     96C : 0000 0006           	dc.l bitcnt($25B)
     608/     970 : 0000 0005           	dc.l bitcnt($25C)
     609/     974 : 0000 0006           	dc.l bitcnt($25D)
     610/     978 : 0000 0006           	dc.l bitcnt($25E)
     611/     97C : 0000 0007           	dc.l bitcnt($25F)
     612/     980 : 0000 0003           	dc.l bitcnt($260)
     613/     984 : 0000 0004           	dc.l bitcnt($261)
     614/     988 : 0000 0004           	dc.l bitcnt($262)
     615/     98C : 0000 0005           	dc.l bitcnt($263)
     616/     990 : 0000 0004           	dc.l bitcnt($264)
     617/     994 : 0000 0005           	dc.l bitcnt($265)
     618/     998 : 0000 0005           	dc.l bitcnt($266)
     619/     99C : 0000 0006           	dc.l bitcnt($267)
     620/     9A0 : 0000 0004           	dc.l bitcnt($268)
     621/     9A4 : 0000 0005           	dc.l bitcnt($269)
     622/     9A8 : 0000 0005           	dc.l bitcnt($26A)
     623/     9AC : 0000 0006           	dc.l bitcnt($26B)
     624/     9B0 : 0000 0005           	dc.l bitcnt($26C)
     625/     9B4 : 0000 0006           	dc.l bitcnt($26D)
     626/     9B8 : 0000 0006           	dc.l bitcnt($26E)
     627/     9BC : 0000 0007           	dc.l bitcnt($26F)
     628/     9C0 : 0000 0004           	dc.l bitcnt($270)
     629/     9C4 : 0000 0005           	dc.l bitcnt($271)
     630/     9C8 : 0000 0005           	dc.l bitcnt($272)
     631/     9CC : 0000 0006           	dc.l bitcnt($273)
     632/     9D0 : 0000 0005           	dc.l bitcnt($274)
     633/     9D4 : 0000 0006           	dc.l bitcnt($275)
     634/     9D8 : 0000 0006           	dc.l bitcnt($276)
     635/     9DC : 0000 0007           	dc.l bitcnt($277)
     636/     9E0 : 0000 0005           	dc.l bitcnt($278)
     637/     9E4 : 0000 0006           	dc.l bitcnt($279)
     638/     9E8 : 0000 0006           	dc.l bitcnt($27A)
     639/     9EC : 0000 0007           	dc.l bitcnt($27B)
     640/     9F0 : 0000 0006           	dc.l bitcnt($27C)
     641/     9F4 : 0000 0007           	dc.l bitcnt($27D)
     642/     9F8 : 0000 0007           	dc.l bitcnt($27E)
     643/     9FC : 0000 0008           	dc.l bitcnt($27F)
     644/     A00 : 0000 0002           	dc.l bitcnt($280)
     645/     A04 : 0000 0003           	dc.l bitcnt($281)
     646/     A08 : 0000 0003           	dc.l bitcnt($282)
     647/     A0C : 0000 0004           	dc.l bitcnt($283)
     648/     A10 : 0000 0003           	dc.l bitcnt($284)
     649/     A14 : 0000 0004           	dc.l bitcnt($285)
     650/     A18 : 0000 0004           	dc.l bitcnt($286)
     651/     A1C : 0000 0005           	dc.l bitcnt($287)
     652/     A20 : 0000 0003           	dc.l bitcnt($288)
     653/     A24 : 0000 0004           	dc.l bitcnt($289)
     654/     A28 : 0000 0004           	dc.l bitcnt($28A)
     655/     A2C : 0000 0005           	dc.l bitcnt($28B)
     656/     A30 : 0000 0004           	dc.l bitcnt($28C)
     657/     A34 : 0000 0005           	dc.l bitcnt($28D)
     658/     A38 : 0000 0005           	dc.l bitcnt($28E)
     659/     A3C : 0000 0006           	dc.l bitcnt($28F)
     660/     A40 : 0000 0003           	dc.l bitcnt($290)
 AS V1.42 Beta [Bld 212] - Source File t_bitcnt.asm - Page 12 - 09/12/2026 05:50:15 AM


     661/     A44 : 0000 0004           	dc.l bitcnt($291)
     662/     A48 : 0000 0004           	dc.l bitcnt($292)
     663/     A4C : 0000 0005           	dc.l bitcnt($293)
     664/     A50 : 0000 0004           	dc.l bitcnt($294)
     665/     A54 : 0000 0005           	dc.l bitcnt($295)
     666/     A58 : 0000 0005           	dc.l bitcnt($296)
     667/     A5C : 0000 0006           	dc.l bitcnt($297)
     668/     A60 : 0000 0004           	dc.l bitcnt($298)
     669/     A64 : 0000 0005           	dc.l bitcnt($299)
     670/     A68 : 0000 0005           	dc.l bitcnt($29A)
     671/     A6C : 0000 0006           	dc.l bitcnt($29B)
     672/     A70 : 0000 0005           	dc.l bitcnt($29C)
     673/     A74 : 0000 0006           	dc.l bitcnt($29D)
     674/     A78 : 0000 0006           	dc.l bitcnt($29E)
     675/     A7C : 0000 0007           	dc.l bitcnt($29F)
     676/     A80 : 0000 0003           	dc.l bitcnt($2A0)
     677/     A84 : 0000 0004           	dc.l bitcnt($2A1)
     678/     A88 : 0000 0004           	dc.l bitcnt($2A2)
     679/     A8C : 0000 0005           	dc.l bitcnt($2A3)
     680/     A90 : 0000 0004           	dc.l bitcnt($2A4)
     681/     A94 : 0000 0005           	dc.l bitcnt($2A5)
     682/     A98 : 0000 0005           	dc.l bitcnt($2A6)
     683/     A9C : 0000 0006           	dc.l bitcnt($2A7)
     684/     AA0 : 0000 0004           	dc.l bitcnt($2A8)
     685/     AA4 : 0000 0005           	dc.l bitcnt($2A9)
     686/     AA8 : 0000 0005           	dc.l bitcnt($2AA)
     687/     AAC : 0000 0006           	dc.l bitcnt($2AB)
     688/     AB0 : 0000 0005           	dc.l bitcnt($2AC)
     689/     AB4 : 0000 0006           	dc.l bitcnt($2AD)
     690/     AB8 : 0000 0006           	dc.l bitcnt($2AE)
     691/     ABC : 0000 0007           	dc.l bitcnt($2AF)
     692/     AC0 : 0000 0004           	dc.l bitcnt($2B0)
     693/     AC4 : 0000 0005           	dc.l bitcnt($2B1)
     694/     AC8 : 0000 0005           	dc.l bitcnt($2B2)
     695/     ACC : 0000 0006           	dc.l bitcnt($2B3)
     696/     AD0 : 0000 0005           	dc.l bitcnt($2B4)
     697/     AD4 : 0000 0006           	dc.l bitcnt($2B5)
     698/     AD8 : 0000 0006           	dc.l bitcnt($2B6)
     699/     ADC : 0000 0007           	dc.l bitcnt($2B7)
     700/     AE0 : 0000 0005           	dc.l bitcnt($2B8)
     701/     AE4 : 0000 0006           	dc.l bitcnt($2B9)
     702/     AE8 : 0000 0006           	dc.l bitcnt($2BA)
     703/     AEC : 0000 0007           	dc.l bitcnt($2BB)
     704/     AF0 : 0000 0006           	dc.l bitcnt($2BC)
     705/     AF4 : 0000 0007           	dc.l bitcnt($2BD)
     706/     AF8 : 0000 0007           	dc.l bitcnt($2BE)
     707/     AFC : 0000 0008           	dc.l bitcnt($2BF)
     708/     B00 : 0000 0003           	dc.l bitcnt($2C0)
     709/     B04 : 0000 0004           	dc.l bitcnt($2C1)
     710/     B08 : 0000 0004           	dc.l bitcnt($2C2)
     711/     B0C : 0000 0005           	dc.l bitcnt($2C3)
     712/     B10 : 0000 0004           	dc.l bitcnt($2C4)
     713/     B14 : 0000 0005           	dc.l bitcnt($2C5)
     714/     B18 : 0000 0005           	dc.l bitcnt($2C6)
     715/     B1C : 0000 0006           	dc.l bitcnt($2C7)
     716/     B20 : 0000 0004           	dc.l bitcnt($2C8)
     717/     B24 : 0000 0005           	dc.l bitcnt($2C9)
     718/     B28 : 0000 0005           	dc.l bitcnt($2CA)
     719/     B2C : 0000 0006           	dc.l bitcnt($2CB)
     720/     B30 : 0000 0005           	dc.l bitcnt($2CC)
 AS V1.42 Beta [Bld 212] - Source File t_bitcnt.asm - Page 13 - 09/12/2026 05:50:15 AM


     721/     B34 : 0000 0006           	dc.l bitcnt($2CD)
     722/     B38 : 0000 0006           	dc.l bitcnt($2CE)
     723/     B3C : 0000 0007           	dc.l bitcnt($2CF)
     724/     B40 : 0000 0004           	dc.l bitcnt($2D0)
     725/     B44 : 0000 0005           	dc.l bitcnt($2D1)
     726/     B48 : 0000 0005           	dc.l bitcnt($2D2)
     727/     B4C : 0000 0006           	dc.l bitcnt($2D3)
     728/     B50 : 0000 0005           	dc.l bitcnt($2D4)
     729/     B54 : 0000 0006           	dc.l bitcnt($2D5)
     730/     B58 : 0000 0006           	dc.l bitcnt($2D6)
     731/     B5C : 0000 0007           	dc.l bitcnt($2D7)
     732/     B60 : 0000 0005           	dc.l bitcnt($2D8)
     733/     B64 : 0000 0006           	dc.l bitcnt($2D9)
     734/     B68 : 0000 0006           	dc.l bitcnt($2DA)
     735/     B6C : 0000 0007           	dc.l bitcnt($2DB)
     736/     B70 : 0000 0006           	dc.l bitcnt($2DC)
     737/     B74 : 0000 0007           	dc.l bitcnt($2DD)
     738/     B78 : 0000 0007           	dc.l bitcnt($2DE)
     739/     B7C : 0000 0008           	dc.l bitcnt($2DF)
     740/     B80 : 0000 0004           	dc.l bitcnt($2E0)
     741/     B84 : 0000 0005           	dc.l bitcnt($2E1)
     742/     B88 : 0000 0005           	dc.l bitcnt($2E2)
     743/     B8C : 0000 0006           	dc.l bitcnt($2E3)
     744/     B90 : 0000 0005           	dc.l bitcnt($2E4)
     745/     B94 : 0000 0006           	dc.l bitcnt($2E5)
     746/     B98 : 0000 0006           	dc.l bitcnt($2E6)
     747/     B9C : 0000 0007           	dc.l bitcnt($2E7)
     748/     BA0 : 0000 0005           	dc.l bitcnt($2E8)
     749/     BA4 : 0000 0006           	dc.l bitcnt($2E9)
     750/     BA8 : 0000 0006           	dc.l bitcnt($2EA)
     751/     BAC : 0000 0007           	dc.l bitcnt($2EB)
     752/     BB0 : 0000 0006           	dc.l bitcnt($2EC)
     753/     BB4 : 0000 0007           	dc.l bitcnt($2ED)
     754/     BB8 : 0000 0007           	dc.l bitcnt($2EE)
     755/     BBC : 0000 0008           	dc.l bitcnt($2EF)
     756/     BC0 : 0000 0005           	dc.l bitcnt($2F0)
     757/     BC4 : 0000 0006           	dc.l bitcnt($2F1)
     758/     BC8 : 0000 0006           	dc.l bitcnt($2F2)
     759/     BCC : 0000 0007           	dc.l bitcnt($2F3)
     760/     BD0 : 0000 0006           	dc.l bitcnt($2F4)
     761/     BD4 : 0000 0007           	dc.l bitcnt($2F5)
     762/     BD8 : 0000 0007           	dc.l bitcnt($2F6)
     763/     BDC : 0000 0008           	dc.l bitcnt($2F7)
     764/     BE0 : 0000 0006           	dc.l bitcnt($2F8)
     765/     BE4 : 0000 0007           	dc.l bitcnt($2F9)
     766/     BE8 : 0000 0007           	dc.l bitcnt($2FA)
     767/     BEC : 0000 0008           	dc.l bitcnt($2FB)
     768/     BF0 : 0000 0007           	dc.l bitcnt($2FC)
     769/     BF4 : 0000 0008           	dc.l bitcnt($2FD)
     770/     BF8 : 0000 0008           	dc.l bitcnt($2FE)
     771/     BFC : 0000 0009           	dc.l bitcnt($2FF)
     772/     C00 : 0000 0002           	dc.l bitcnt($300)
     773/     C04 : 0000 0003           	dc.l bitcnt($301)
     774/     C08 : 0000 0003           	dc.l bitcnt($302)
     775/     C0C : 0000 0004           	dc.l bitcnt($303)
     776/     C10 : 0000 0003           	dc.l bitcnt($304)
     777/     C14 : 0000 0004           	dc.l bitcnt($305)
     778/     C18 : 0000 0004           	dc.l bitcnt($306)
     779/     C1C : 0000 0005           	dc.l bitcnt($307)
     780/     C20 : 0000 0003           	dc.l bitcnt($308)
 AS V1.42 Beta [Bld 212] - Source File t_bitcnt.asm - Page 14 - 09/12/2026 05:50:15 AM


     781/     C24 : 0000 0004           	dc.l bitcnt($309)
     782/     C28 : 0000 0004           	dc.l bitcnt($30A)
     783/     C2C : 0000 0005           	dc.l bitcnt($30B)
     784/     C30 : 0000 0004           	dc.l bitcnt($30C)
     785/     C34 : 0000 0005           	dc.l bitcnt($30D)
     786/     C38 : 0000 0005           	dc.l bitcnt($30E)
     787/     C3C : 0000 0006           	dc.l bitcnt($30F)
     788/     C40 : 0000 0003           	dc.l bitcnt($310)
     789/     C44 : 0000 0004           	dc.l bitcnt($311)
     790/     C48 : 0000 0004           	dc.l bitcnt($312)
     791/     C4C : 0000 0005           	dc.l bitcnt($313)
     792/     C50 : 0000 0004           	dc.l bitcnt($314)
     793/     C54 : 0000 0005           	dc.l bitcnt($315)
     794/     C58 : 0000 0005           	dc.l bitcnt($316)
     795/     C5C : 0000 0006           	dc.l bitcnt($317)
     796/     C60 : 0000 0004           	dc.l bitcnt($318)
     797/     C64 : 0000 0005           	dc.l bitcnt($319)
     798/     C68 : 0000 0005           	dc.l bitcnt($31A)
     799/     C6C : 0000 0006           	dc.l bitcnt($31B)
     800/     C70 : 0000 0005           	dc.l bitcnt($31C)
     801/     C74 : 0000 0006           	dc.l bitcnt($31D)
     802/     C78 : 0000 0006           	dc.l bitcnt($31E)
     803/     C7C : 0000 0007           	dc.l bitcnt($31F)
     804/     C80 : 0000 0003           	dc.l bitcnt($320)
     805/     C84 : 0000 0004           	dc.l bitcnt($321)
     806/     C88 : 0000 0004           	dc.l bitcnt($322)
     807/     C8C : 0000 0005           	dc.l bitcnt($323)
     808/     C90 : 0000 0004           	dc.l bitcnt($324)
     809/     C94 : 0000 0005           	dc.l bitcnt($325)
     810/     C98 : 0000 0005           	dc.l bitcnt($326)
     811/     C9C : 0000 0006           	dc.l bitcnt($327)
     812/     CA0 : 0000 0004           	dc.l bitcnt($328)
     813/     CA4 : 0000 0005           	dc.l bitcnt($329)
     814/     CA8 : 0000 0005           	dc.l bitcnt($32A)
     815/     CAC : 0000 0006           	dc.l bitcnt($32B)
     816/     CB0 : 0000 0005           	dc.l bitcnt($32C)
     817/     CB4 : 0000 0006           	dc.l bitcnt($32D)
     818/     CB8 : 0000 0006           	dc.l bitcnt($32E)
     819/     CBC : 0000 0007           	dc.l bitcnt($32F)
     820/     CC0 : 0000 0004           	dc.l bitcnt($330)
     821/     CC4 : 0000 0005           	dc.l bitcnt($331)
     822/     CC8 : 0000 0005           	dc.l bitcnt($332)
     823/     CCC : 0000 0006           	dc.l bitcnt($333)
     824/     CD0 : 0000 0005           	dc.l bitcnt($334)
     825/     CD4 : 0000 0006           	dc.l bitcnt($335)
     826/     CD8 : 0000 0006           	dc.l bitcnt($336)
     827/     CDC : 0000 0007           	dc.l bitcnt($337)
     828/     CE0 : 0000 0005           	dc.l bitcnt($338)
     829/     CE4 : 0000 0006           	dc.l bitcnt($339)
     830/     CE8 : 0000 0006           	dc.l bitcnt($33A)
     831/     CEC : 0000 0007           	dc.l bitcnt($33B)
     832/     CF0 : 0000 0006           	dc.l bitcnt($33C)
     833/     CF4 : 0000 0007           	dc.l bitcnt($33D)
     834/     CF8 : 0000 0007           	dc.l bitcnt($33E)
     835/     CFC : 0000 0008           	dc.l bitcnt($33F)
     836/     D00 : 0000 0003           	dc.l bitcnt($340)
     837/     D04 : 0000 0004           	dc.l bitcnt($341)
     838/     D08 : 0000 0004           	dc.l bitcnt($342)
     839/     D0C : 0000 0005           	dc.l bitcnt($343)
     840/     D10 : 0000 0004           	dc.l bitcnt($344)
 AS V1.42 Beta [Bld 212] - Source File t_bitcnt.asm - Page 15 - 09/12/2026 05:50:15 AM


     841/     D14 : 0000 0005           	dc.l bitcnt($345)
     842/     D18 : 0000 0005           	dc.l bitcnt($346)
     843/     D1C : 0000 0006           	dc.l bitcnt($347)
     844/     D20 : 0000 0004           	dc.l bitcnt($348)
     845/     D24 : 0000 0005           	dc.l bitcnt($349)
     846/     D28 : 0000 0005           	dc.l bitcnt($34A)
     847/     D2C : 0000 0006           	dc.l bitcnt($34B)
     848/     D30 : 0000 0005           	dc.l bitcnt($34C)
     849/     D34 : 0000 0006           	dc.l bitcnt($34D)
     850/     D38 : 0000 0006           	dc.l bitcnt($34E)
     851/     D3C : 0000 0007           	dc.l bitcnt($34F)
     852/     D40 : 0000 0004           	dc.l bitcnt($350)
     853/     D44 : 0000 0005           	dc.l bitcnt($351)
     854/     D48 : 0000 0005           	dc.l bitcnt($352)
     855/     D4C : 0000 0006           	dc.l bitcnt($353)
     856/     D50 : 0000 0005           	dc.l bitcnt($354)
     857/     D54 : 0000 0006           	dc.l bitcnt($355)
     858/     D58 : 0000 0006           	dc.l bitcnt($356)
     859/     D5C : 0000 0007           	dc.l bitcnt($357)
     860/     D60 : 0000 0005           	dc.l bitcnt($358)
     861/     D64 : 0000 0006           	dc.l bitcnt($359)
     862/     D68 : 0000 0006           	dc.l bitcnt($35A)
     863/     D6C : 0000 0007           	dc.l bitcnt($35B)
     864/     D70 : 0000 0006           	dc.l bitcnt($35C)
     865/     D74 : 0000 0007           	dc.l bitcnt($35D)
     866/     D78 : 0000 0007           	dc.l bitcnt($35E)
     867/     D7C : 0000 0008           	dc.l bitcnt($35F)
     868/     D80 : 0000 0004           	dc.l bitcnt($360)
     869/     D84 : 0000 0005           	dc.l bitcnt($361)
     870/     D88 : 0000 0005           	dc.l bitcnt($362)
     871/     D8C : 0000 0006           	dc.l bitcnt($363)
     872/     D90 : 0000 0005           	dc.l bitcnt($364)
     873/     D94 : 0000 0006           	dc.l bitcnt($365)
     874/     D98 : 0000 0006           	dc.l bitcnt($366)
     875/     D9C : 0000 0007           	dc.l bitcnt($367)
     876/     DA0 : 0000 0005           	dc.l bitcnt($368)
     877/     DA4 : 0000 0006           	dc.l bitcnt($369)
     878/     DA8 : 0000 0006           	dc.l bitcnt($36A)
     879/     DAC : 0000 0007           	dc.l bitcnt($36B)
     880/     DB0 : 0000 0006           	dc.l bitcnt($36C)
     881/     DB4 : 0000 0007           	dc.l bitcnt($36D)
     882/     DB8 : 0000 0007           	dc.l bitcnt($36E)
     883/     DBC : 0000 0008           	dc.l bitcnt($36F)
     884/     DC0 : 0000 0005           	dc.l bitcnt($370)
     885/     DC4 : 0000 0006           	dc.l bitcnt($371)
     886/     DC8 : 0000 0006           	dc.l bitcnt($372)
     887/     DCC : 0000 0007           	dc.l bitcnt($373)
     888/     DD0 : 0000 0006           	dc.l bitcnt($374)
     889/     DD4 : 0000 0007           	dc.l bitcnt($375)
     890/     DD8 : 0000 0007           	dc.l bitcnt($376)
     891/     DDC : 0000 0008           	dc.l bitcnt($377)
     892/     DE0 : 0000 0006           	dc.l bitcnt($378)
     893/     DE4 : 0000 0007           	dc.l bitcnt($379)
     894/     DE8 : 0000 0007           	dc.l bitcnt($37A)
     895/     DEC : 0000 0008           	dc.l bitcnt($37B)
     896/     DF0 : 0000 0007           	dc.l bitcnt($37C)
     897/     DF4 : 0000 0008           	dc.l bitcnt($37D)
     898/     DF8 : 0000 0008           	dc.l bitcnt($37E)
     899/     DFC : 0000 0009           	dc.l bitcnt($37F)
     900/     E00 : 0000 0003           	dc.l bitcnt($380)
 AS V1.42 Beta [Bld 212] - Source File t_bitcnt.asm - Page 16 - 09/12/2026 05:50:15 AM


     901/     E04 : 0000 0004           	dc.l bitcnt($381)
     902/     E08 : 0000 0004           	dc.l bitcnt($382)
     903/     E0C : 0000 0005           	dc.l bitcnt($383)
     904/     E10 : 0000 0004           	dc.l bitcnt($384)
     905/     E14 : 0000 0005           	dc.l bitcnt($385)
     906/     E18 : 0000 0005           	dc.l bitcnt($386)
     907/     E1C : 0000 0006           	dc.l bitcnt($387)
     908/     E20 : 0000 0004           	dc.l bitcnt($388)
     909/     E24 : 0000 0005           	dc.l bitcnt($389)
     910/     E28 : 0000 0005           	dc.l bitcnt($38A)
     911/     E2C : 0000 0006           	dc.l bitcnt($38B)
     912/     E30 : 0000 0005           	dc.l bitcnt($38C)
     913/     E34 : 0000 0006           	dc.l bitcnt($38D)
     914/     E38 : 0000 0006           	dc.l bitcnt($38E)
     915/     E3C : 0000 0007           	dc.l bitcnt($38F)
     916/     E40 : 0000 0004           	dc.l bitcnt($390)
     917/     E44 : 0000 0005           	dc.l bitcnt($391)
     918/     E48 : 0000 0005           	dc.l bitcnt($392)
     919/     E4C : 0000 0006           	dc.l bitcnt($393)
     920/     E50 : 0000 0005           	dc.l bitcnt($394)
     921/     E54 : 0000 0006           	dc.l bitcnt($395)
     922/     E58 : 0000 0006           	dc.l bitcnt($396)
     923/     E5C : 0000 0007           	dc.l bitcnt($397)
     924/     E60 : 0000 0005           	dc.l bitcnt($398)
     925/     E64 : 0000 0006           	dc.l bitcnt($399)
     926/     E68 : 0000 0006           	dc.l bitcnt($39A)
     927/     E6C : 0000 0007           	dc.l bitcnt($39B)
     928/     E70 : 0000 0006           	dc.l bitcnt($39C)
     929/     E74 : 0000 0007           	dc.l bitcnt($39D)
     930/     E78 : 0000 0007           	dc.l bitcnt($39E)
     931/     E7C : 0000 0008           	dc.l bitcnt($39F)
     932/     E80 : 0000 0004           	dc.l bitcnt($3A0)
     933/     E84 : 0000 0005           	dc.l bitcnt($3A1)
     934/     E88 : 0000 0005           	dc.l bitcnt($3A2)
     935/     E8C : 0000 0006           	dc.l bitcnt($3A3)
     936/     E90 : 0000 0005           	dc.l bitcnt($3A4)
     937/     E94 : 0000 0006           	dc.l bitcnt($3A5)
     938/     E98 : 0000 0006           	dc.l bitcnt($3A6)
     939/     E9C : 0000 0007           	dc.l bitcnt($3A7)
     940/     EA0 : 0000 0005           	dc.l bitcnt($3A8)
     941/     EA4 : 0000 0006           	dc.l bitcnt($3A9)
     942/     EA8 : 0000 0006           	dc.l bitcnt($3AA)
     943/     EAC : 0000 0007           	dc.l bitcnt($3AB)
     944/     EB0 : 0000 0006           	dc.l bitcnt($3AC)
     945/     EB4 : 0000 0007           	dc.l bitcnt($3AD)
     946/     EB8 : 0000 0007           	dc.l bitcnt($3AE)
     947/     EBC : 0000 0008           	dc.l bitcnt($3AF)
     948/     EC0 : 0000 0005           	dc.l bitcnt($3B0)
     949/     EC4 : 0000 0006           	dc.l bitcnt($3B1)
     950/     EC8 : 0000 0006           	dc.l bitcnt($3B2)
     951/     ECC : 0000 0007           	dc.l bitcnt($3B3)
     952/     ED0 : 0000 0006           	dc.l bitcnt($3B4)
     953/     ED4 : 0000 0007           	dc.l bitcnt($3B5)
     954/     ED8 : 0000 0007           	dc.l bitcnt($3B6)
     955/     EDC : 0000 0008           	dc.l bitcnt($3B7)
     956/     EE0 : 0000 0006           	dc.l bitcnt($3B8)
     957/     EE4 : 0000 0007           	dc.l bitcnt($3B9)
     958/     EE8 : 0000 0007           	dc.l bitcnt($3BA)
     959/     EEC : 0000 0008           	dc.l bitcnt($3BB)
     960/     EF0 : 0000 0007           	dc.l bitcnt($3BC)
 AS V1.42 Beta [Bld 212] - Source File t_bitcnt.asm - Page 17 - 09/12/2026 05:50:15 AM


     961/     EF4 : 0000 0008           	dc.l bitcnt($3BD)
     962/     EF8 : 0000 0008           	dc.l bitcnt($3BE)
     963/     EFC : 0000 0009           	dc.l bitcnt($3BF)
     964/     F00 : 0000 0004           	dc.l bitcnt($3C0)
     965/     F04 : 0000 0005           	dc.l bitcnt($3C1)
     966/     F08 : 0000 0005           	dc.l bitcnt($3C2)
     967/     F0C : 0000 0006           	dc.l bitcnt($3C3)
     968/     F10 : 0000 0005           	dc.l bitcnt($3C4)
     969/     F14 : 0000 0006           	dc.l bitcnt($3C5)
     970/     F18 : 0000 0006           	dc.l bitcnt($3C6)
     971/     F1C : 0000 0007           	dc.l bitcnt($3C7)
     972/     F20 : 0000 0005           	dc.l bitcnt($3C8)
     973/     F24 : 0000 0006           	dc.l bitcnt($3C9)
     974/     F28 : 0000 0006           	dc.l bitcnt($3CA)
     975/     F2C : 0000 0007           	dc.l bitcnt($3CB)
     976/     F30 : 0000 0006           	dc.l bitcnt($3CC)
     977/     F34 : 0000 0007           	dc.l bitcnt($3CD)
     978/     F38 : 0000 0007           	dc.l bitcnt($3CE)
     979/     F3C : 0000 0008           	dc.l bitcnt($3CF)
     980/     F40 : 0000 0005           	dc.l bitcnt($3D0)
     981/     F44 : 0000 0006           	dc.l bitcnt($3D1)
     982/     F48 : 0000 0006           	dc.l bitcnt($3D2)
     983/     F4C : 0000 0007           	dc.l bitcnt($3D3)
     984/     F50 : 0000 0006           	dc.l bitcnt($3D4)
     985/     F54 : 0000 0007           	dc.l bitcnt($3D5)
     986/     F58 : 0000 0007           	dc.l bitcnt($3D6)
     987/     F5C : 0000 0008           	dc.l bitcnt($3D7)
     988/     F60 : 0000 0006           	dc.l bitcnt($3D8)
     989/     F64 : 0000 0007           	dc.l bitcnt($3D9)
     990/     F68 : 0000 0007           	dc.l bitcnt($3DA)
     991/     F6C : 0000 0008           	dc.l bitcnt($3DB)
     992/     F70 : 0000 0007           	dc.l bitcnt($3DC)
     993/     F74 : 0000 0008           	dc.l bitcnt($3DD)
     994/     F78 : 0000 0008           	dc.l bitcnt($3DE)
     995/     F7C : 0000 0009           	dc.l bitcnt($3DF)
     996/     F80 : 0000 0005           	dc.l bitcnt($3E0)
     997/     F84 : 0000 0006           	dc.l bitcnt($3E1)
     998/     F88 : 0000 0006           	dc.l bitcnt($3E2)
     999/     F8C : 0000 0007           	dc.l bitcnt($3E3)
    1000/     F90 : 0000 0006           	dc.l bitcnt($3E4)
    1001/     F94 : 0000 0007           	dc.l bitcnt($3E5)
    1002/     F98 : 0000 0007           	dc.l bitcnt($3E6)
    1003/     F9C : 0000 0008           	dc.l bitcnt($3E7)
    1004/     FA0 : 0000 0006           	dc.l bitcnt($3E8)
    1005/     FA4 : 0000 0007           	dc.l bitcnt($3E9)
    1006/     FA8 : 0000 0007           	dc.l bitcnt($3EA)
    1007/     FAC : 0000 0008           	dc.l bitcnt($3EB)
    1008/     FB0 : 0000 0007           	dc.l bitcnt($3EC)
    1009/     FB4 : 0000 0008           	dc.l bitcnt($3ED)
    1010/     FB8 : 0000 0008           	dc.l bitcnt($3EE)
    1011/     FBC : 0000 0009           	dc.l bitcnt($3EF)
    1012/     FC0 : 0000 0006           	dc.l bitcnt($3F0)
    1013/     FC4 : 0000 0007           	dc.l bitcnt($3F1)
    1014/     FC8 : 0000 0007           	dc.l bitcnt($3F2)
    1015/     FCC : 0000 0008           	dc.l bitcnt($3F3)
    1016/     FD0 : 0000 0007           	dc.l bitcnt($3F4)
    1017/     FD4 : 0000 0008           	dc.l bitcnt($3F5)
    1018/     FD8 : 0000 0008           	dc.l bitcnt($3F6)
    1019/     FDC : 0000 0009           	dc.l bitcnt($3F7)
    1020/     FE0 : 0000 0007           	dc.l bitcnt($3F8)
 AS V1.42 Beta [Bld 212] - Source File t_bitcnt.asm - Page 18 - 09/12/2026 05:50:15 AM


    1021/     FE4 : 0000 0008           	dc.l bitcnt($3F9)
    1022/     FE8 : 0000 0008           	dc.l bitcnt($3FA)
    1023/     FEC : 0000 0009           	dc.l bitcnt($3FB)
    1024/     FF0 : 0000 0008           	dc.l bitcnt($3FC)
    1025/     FF4 : 0000 0009           	dc.l bitcnt($3FD)
    1026/     FF8 : 0000 0009           	dc.l bitcnt($3FE)
    1027/     FFC : 0000 000A           	dc.l bitcnt($3FF)
    1028/    1000 : 0000 0040           	dc.l bitcnt(-$1)
    1029/    1004 : 0000 003F           	dc.l bitcnt(-$2)
    1030/    1008 : 0000 003F           	dc.l bitcnt(-$3)
    1031/    100C : 0000 003E           	dc.l bitcnt(-$4)
    1032/    1010 : 0000 003F           	dc.l bitcnt(-$5)
    1033/    1014 : 0000 003E           	dc.l bitcnt(-$6)
    1034/    1018 : 0000 003E           	dc.l bitcnt(-$7)
    1035/    101C : 0000 003D           	dc.l bitcnt(-$8)
    1036/    1020 : 0000 003F           	dc.l bitcnt(-$9)
    1037/    1024 : 0000 003E           	dc.l bitcnt(-$A)
    1038/    1028 : 0000 003E           	dc.l bitcnt(-$B)
    1039/    102C : 0000 003D           	dc.l bitcnt(-$C)
    1040/    1030 : 0000 003E           	dc.l bitcnt(-$D)
    1041/    1034 : 0000 003D           	dc.l bitcnt(-$E)
    1042/    1038 : 0000 003D           	dc.l bitcnt(-$F)
    1043/    103C : 0000 003C           	dc.l bitcnt(-$10)
    1044/    1040 : 0000 003F           	dc.l bitcnt(-$11)
    1045/    1044 : 0000 003E           	dc.l bitcnt(-$12)
    1046/    1048 : 0000 003E           	dc.l bitcnt(-$13)
    1047/    104C : 0000 003D           	dc.l bitcnt(-$14)
    1048/    1050 : 0000 003E           	dc.l bitcnt(-$15)
    1049/    1054 : 0000 003D           	dc.l bitcnt(-$16)
    1050/    1058 : 0000 003D           	dc.l bitcnt(-$17)
    1051/    105C : 0000 003C           	dc.l bitcnt(-$18)
    1052/    1060 : 0000 003E           	dc.l bitcnt(-$19)
    1053/    1064 : 0000 003D           	dc.l bitcnt(-$1A)
    1054/    1068 : 0000 003D           	dc.l bitcnt(-$1B)
    1055/    106C : 0000 003C           	dc.l bitcnt(-$1C)
    1056/    1070 : 0000 003D           	dc.l bitcnt(-$1D)
    1057/    1074 : 0000 003C           	dc.l bitcnt(-$1E)
    1058/    1078 : 0000 003C           	dc.l bitcnt(-$1F)
    1059/    107C : 0000 003B           	dc.l bitcnt(-$20)
    1060/    1080 : 0000 003F           	dc.l bitcnt(-$21)
    1061/    1084 : 0000 003E           	dc.l bitcnt(-$22)
    1062/    1088 : 0000 003E           	dc.l bitcnt(-$23)
    1063/    108C : 0000 003D           	dc.l bitcnt(-$24)
    1064/    1090 : 0000 003E           	dc.l bitcnt(-$25)
    1065/    1094 : 0000 003D           	dc.l bitcnt(-$26)
    1066/    1098 : 0000 003D           	dc.l bitcnt(-$27)
    1067/    109C : 0000 003C           	dc.l bitcnt(-$28)
    1068/    10A0 : 0000 003E           	dc.l bitcnt(-$29)
    1069/    10A4 : 0000 003D           	dc.l bitcnt(-$2A)
    1070/    10A8 : 0000 003D           	dc.l bitcnt(-$2B)
    1071/    10AC : 0000 003C           	dc.l bitcnt(-$2C)
    1072/    10B0 : 0000 003D           	dc.l bitcnt(-$2D)
    1073/    10B4 : 0000 003C           	dc.l bitcnt(-$2E)
    1074/    10B8 : 0000 003C           	dc.l bitcnt(-$2F)
    1075/    10BC : 0000 003B           	dc.l bitcnt(-$30)
    1076/    10C0 : 0000 003E           	dc.l bitcnt(-$31)
    1077/    10C4 : 0000 003D           	dc.l bitcnt(-$32)
    1078/    10C8 : 0000 003D           	dc.l bitcnt(-$33)
    1079/    10CC : 0000 003C           	dc.l bitcnt(-$34)
    1080/    10D0 : 0000 003D           	dc.l bitcnt(-$35)
 AS V1.42 Beta [Bld 212] - Source File t_bitcnt.asm - Page 19 - 09/12/2026 05:50:15 AM


    1081/    10D4 : 0000 003C           	dc.l bitcnt(-$36)
    1082/    10D8 : 0000 003C           	dc.l bitcnt(-$37)
    1083/    10DC : 0000 003B           	dc.l bitcnt(-$38)
    1084/    10E0 : 0000 003D           	dc.l bitcnt(-$39)
    1085/    10E4 : 0000 003C           	dc.l bitcnt(-$3A)
    1086/    10E8 : 0000 003C           	dc.l bitcnt(-$3B)
    1087/    10EC : 0000 003B           	dc.l bitcnt(-$3C)
    1088/    10F0 : 0000 003C           	dc.l bitcnt(-$3D)
    1089/    10F4 : 0000 003B           	dc.l bitcnt(-$3E)
    1090/    10F8 : 0000 003B           	dc.l bitcnt(-$3F)
    1091/    10FC : 0000 003A           	dc.l bitcnt(-$40)
    1092/    1100 : 0000 003F           	dc.l bitcnt(-$41)
    1093/    1104 : 0000 003E           	dc.l bitcnt(-$42)
    1094/    1108 : 0000 003E           	dc.l bitcnt(-$43)
    1095/    110C : 0000 003D           	dc.l bitcnt(-$44)
    1096/    1110 : 0000 003E           	dc.l bitcnt(-$45)
    1097/    1114 : 0000 003D           	dc.l bitcnt(-$46)
    1098/    1118 : 0000 003D           	dc.l bitcnt(-$47)
    1099/    111C : 0000 003C           	dc.l bitcnt(-$48)
    1100/    1120 : 0000 003E           	dc.l bitcnt(-$49)
    1101/    1124 : 0000 003D           	dc.l bitcnt(-$4A)
    1102/    1128 : 0000 003D           	dc.l bitcnt(-$4B)
    1103/    112C : 0000 003C           	dc.l bitcnt(-$4C)
    1104/    1130 : 0000 003D           	dc.l bitcnt(-$4D)
    1105/    1134 : 0000 003C           	dc.l bitcnt(-$4E)
    1106/    1138 : 0000 003C           	dc.l bitcnt(-$4F)
    1107/    113C : 0000 003B           	dc.l bitcnt(-$50)
    1108/    1140 : 0000 003E           	dc.l bitcnt(-$51)
    1109/    1144 : 0000 003D           	dc.l bitcnt(-$52)
    1110/    1148 : 0000 003D           	dc.l bitcnt(-$53)
    1111/    114C : 0000 003C           	dc.l bitcnt(-$54)
    1112/    1150 : 0000 003D           	dc.l bitcnt(-$55)
    1113/    1154 : 0000 003C           	dc.l bitcnt(-$56)
    1114/    1158 : 0000 003C           	dc.l bitcnt(-$57)
    1115/    115C : 0000 003B           	dc.l bitcnt(-$58)
    1116/    1160 : 0000 003D           	dc.l bitcnt(-$59)
    1117/    1164 : 0000 003C           	dc.l bitcnt(-$5A)
    1118/    1168 : 0000 003C           	dc.l bitcnt(-$5B)
    1119/    116C : 0000 003B           	dc.l bitcnt(-$5C)
    1120/    1170 : 0000 003C           	dc.l bitcnt(-$5D)
    1121/    1174 : 0000 003B           	dc.l bitcnt(-$5E)
    1122/    1178 : 0000 003B           	dc.l bitcnt(-$5F)
    1123/    117C : 0000 003A           	dc.l bitcnt(-$60)
    1124/    1180 : 0000 003E           	dc.l bitcnt(-$61)
    1125/    1184 : 0000 003D           	dc.l bitcnt(-$62)
    1126/    1188 : 0000 003D           	dc.l bitcnt(-$63)
    1127/    118C : 0000 003C           	dc.l bitcnt(-$64)
    1128/    1190 : 0000 003D           	dc.l bitcnt(-$65)
    1129/    1194 : 0000 003C           	dc.l bitcnt(-$66)
    1130/    1198 : 0000 003C           	dc.l bitcnt(-$67)
    1131/    119C : 0000 003B           	dc.l bitcnt(-$68)
    1132/    11A0 : 0000 003D           	dc.l bitcnt(-$69)
    1133/    11A4 : 0000 003C           	dc.l bitcnt(-$6A)
    1134/    11A8 : 0000 003C           	dc.l bitcnt(-$6B)
    1135/    11AC : 0000 003B           	dc.l bitcnt(-$6C)
    1136/    11B0 : 0000 003C           	dc.l bitcnt(-$6D)
    1137/    11B4 : 0000 003B           	dc.l bitcnt(-$6E)
    1138/    11B8 : 0000 003B           	dc.l bitcnt(-$6F)
    1139/    11BC : 0000 003A           	dc.l bitcnt(-$70)
    1140/    11C0 : 0000 003D           	dc.l bitcnt(-$71)
 AS V1.42 Beta [Bld 212] - Source File t_bitcnt.asm - Page 20 - 09/12/2026 05:50:15 AM


    1141/    11C4 : 0000 003C           	dc.l bitcnt(-$72)
    1142/    11C8 : 0000 003C           	dc.l bitcnt(-$73)
    1143/    11CC : 0000 003B           	dc.l bitcnt(-$74)
    1144/    11D0 : 0000 003C           	dc.l bitcnt(-$75)
    1145/    11D4 : 0000 003B           	dc.l bitcnt(-$76)
    1146/    11D8 : 0000 003B           	dc.l bitcnt(-$77)
    1147/    11DC : 0000 003A           	dc.l bitcnt(-$78)
    1148/    11E0 : 0000 003C           	dc.l bitcnt(-$79)
    1149/    11E4 : 0000 003B           	dc.l bitcnt(-$7A)
    1150/    11E8 : 0000 003B           	dc.l bitcnt(-$7B)
    1151/    11EC : 0000 003A           	dc.l bitcnt(-$7C)
    1152/    11F0 : 0000 003B           	dc.l bitcnt(-$7D)
    1153/    11F4 : 0000 003A           	dc.l bitcnt(-$7E)
    1154/    11F8 : 0000 003A           	dc.l bitcnt(-$7F)
    1155/    11FC : 0000 0039           	dc.l bitcnt(-$80)
    1156/    1200 : 0000 003F           	dc.l bitcnt(-$81)
    1157/    1204 : 0000 003E           	dc.l bitcnt(-$82)
    1158/    1208 : 0000 003E           	dc.l bitcnt(-$83)
    1159/    120C : 0000 003D           	dc.l bitcnt(-$84)
    1160/    1210 : 0000 003E           	dc.l bitcnt(-$85)
    1161/    1214 : 0000 003D           	dc.l bitcnt(-$86)
    1162/    1218 : 0000 003D           	dc.l bitcnt(-$87)
    1163/    121C : 0000 003C           	dc.l bitcnt(-$88)
    1164/    1220 : 0000 003E           	dc.l bitcnt(-$89)
    1165/    1224 : 0000 003D           	dc.l bitcnt(-$8A)
    1166/    1228 : 0000 003D           	dc.l bitcnt(-$8B)
    1167/    122C : 0000 003C           	dc.l bitcnt(-$8C)
    1168/    1230 : 0000 003D           	dc.l bitcnt(-$8D)
    1169/    1234 : 0000 003C           	dc.l bitcnt(-$8E)
    1170/    1238 : 0000 003C           	dc.l bitcnt(-$8F)
    1171/    123C : 0000 003B           	dc.l bitcnt(-$90)
    1172/    1240 : 0000 003E           	dc.l bitcnt(-$91)
    1173/    1244 : 0000 003D           	dc.l bitcnt(-$92)
    1174/    1248 : 0000 003D           	dc.l bitcnt(-$93)
    1175/    124C : 0000 003C           	dc.l bitcnt(-$94)
    1176/    1250 : 0000 003D           	dc.l bitcnt(-$95)
    1177/    1254 : 0000 003C           	dc.l bitcnt(-$96)
    1178/    1258 : 0000 003C           	dc.l bitcnt(-$97)
    1179/    125C : 0000 003B           	dc.l bitcnt(-$98)
    1180/    1260 : 0000 003D           	dc.l bitcnt(-$99)
    1181/    1264 : 0000 003C           	dc.l bitcnt(-$9A)
    1182/    1268 : 0000 003C           	dc.l bitcnt(-$9B)
    1183/    126C : 0000 003B           	dc.l bitcnt(-$9C)
    1184/    1270 : 0000 003C           	dc.l bitcnt(-$9D)
    1185/    1274 : 0000 003B           	dc.l bitcnt(-$9E)
    1186/    1278 : 0000 003B           	dc.l bitcnt(-$9F)
    1187/    127C : 0000 003A           	dc.l bitcnt(-$A0)
    1188/    1280 : 0000 003E           	dc.l bitcnt(-$A1)
    1189/    1284 : 0000 003D           	dc.l bitcnt(-$A2)
    1190/    1288 : 0000 003D           	dc.l bitcnt(-$A3)
    1191/    128C : 0000 003C           	dc.l bitcnt(-$A4)
    1192/    1290 : 0000 003D           	dc.l bitcnt(-$A5)
    1193/    1294 : 0000 003C           	dc.l bitcnt(-$A6)
    1194/    1298 : 0000 003C           	dc.l bitcnt(-$A7)
    1195/    129C : 0000 003B           	dc.l bitcnt(-$A8)
    1196/    12A0 : 0000 003D           	dc.l bitcnt(-$A9)
    1197/    12A4 : 0000 003C           	dc.l bitcnt(-$AA)
    1198/    12A8 : 0000 003C           	dc.l bitcnt(-$AB)
    1199/    12AC : 0000 003B           	dc.l bitcnt(-$AC)
    1200/    12B0 : 0000 003C           	dc.l bitcnt(-$AD)
 AS V1.42 Beta [Bld 212] - Source File t_bitcnt.asm - Page 21 - 09/12/2026 05:50:15 AM


    1201/    12B4 : 0000 003B           	dc.l bitcnt(-$AE)
    1202/    12B8 : 0000 003B           	dc.l bitcnt(-$AF)
    1203/    12BC : 0000 003A           	dc.l bitcnt(-$B0)
    1204/    12C0 : 0000 003D           	dc.l bitcnt(-$B1)
    1205/    12C4 : 0000 003C           	dc.l bitcnt(-$B2)
    1206/    12C8 : 0000 003C           	dc.l bitcnt(-$B3)
    1207/    12CC : 0000 003B           	dc.l bitcnt(-$B4)
    1208/    12D0 : 0000 003C           	dc.l bitcnt(-$B5)
    1209/    12D4 : 0000 003B           	dc.l bitcnt(-$B6)
    1210/    12D8 : 0000 003B           	dc.l bitcnt(-$B7)
    1211/    12DC : 0000 003A           	dc.l bitcnt(-$B8)
    1212/    12E0 : 0000 003C           	dc.l bitcnt(-$B9)
    1213/    12E4 : 0000 003B           	dc.l bitcnt(-$BA)
    1214/    12E8 : 0000 003B           	dc.l bitcnt(-$BB)
    1215/    12EC : 0000 003A           	dc.l bitcnt(-$BC)
    1216/    12F0 : 0000 003B           	dc.l bitcnt(-$BD)
    1217/    12F4 : 0000 003A           	dc.l bitcnt(-$BE)
    1218/    12F8 : 0000 003A           	dc.l bitcnt(-$BF)
    1219/    12FC : 0000 0039           	dc.l bitcnt(-$C0)
    1220/    1300 : 0000 003E           	dc.l bitcnt(-$C1)
    1221/    1304 : 0000 003D           	dc.l bitcnt(-$C2)
    1222/    1308 : 0000 003D           	dc.l bitcnt(-$C3)
    1223/    130C : 0000 003C           	dc.l bitcnt(-$C4)
    1224/    1310 : 0000 003D           	dc.l bitcnt(-$C5)
    1225/    1314 : 0000 003C           	dc.l bitcnt(-$C6)
    1226/    1318 : 0000 003C           	dc.l bitcnt(-$C7)
    1227/    131C : 0000 003B           	dc.l bitcnt(-$C8)
    1228/    1320 : 0000 003D           	dc.l bitcnt(-$C9)
    1229/    1324 : 0000 003C           	dc.l bitcnt(-$CA)
    1230/    1328 : 0000 003C           	dc.l bitcnt(-$CB)
    1231/    132C : 0000 003B           	dc.l bitcnt(-$CC)
    1232/    1330 : 0000 003C           	dc.l bitcnt(-$CD)
    1233/    1334 : 0000 003B           	dc.l bitcnt(-$CE)
    1234/    1338 : 0000 003B           	dc.l bitcnt(-$CF)
    1235/    133C : 0000 003A           	dc.l bitcnt(-$D0)
    1236/    1340 : 0000 003D           	dc.l bitcnt(-$D1)
    1237/    1344 : 0000 003C           	dc.l bitcnt(-$D2)
    1238/    1348 : 0000 003C           	dc.l bitcnt(-$D3)
    1239/    134C : 0000 003B           	dc.l bitcnt(-$D4)
    1240/    1350 : 0000 003C           	dc.l bitcnt(-$D5)
    1241/    1354 : 0000 003B           	dc.l bitcnt(-$D6)
    1242/    1358 : 0000 003B           	dc.l bitcnt(-$D7)
    1243/    135C : 0000 003A           	dc.l bitcnt(-$D8)
    1244/    1360 : 0000 003C           	dc.l bitcnt(-$D9)
    1245/    1364 : 0000 003B           	dc.l bitcnt(-$DA)
    1246/    1368 : 0000 003B           	dc.l bitcnt(-$DB)
    1247/    136C : 0000 003A           	dc.l bitcnt(-$DC)
    1248/    1370 : 0000 003B           	dc.l bitcnt(-$DD)
    1249/    1374 : 0000 003A           	dc.l bitcnt(-$DE)
    1250/    1378 : 0000 003A           	dc.l bitcnt(-$DF)
    1251/    137C : 0000 0039           	dc.l bitcnt(-$E0)
    1252/    1380 : 0000 003D           	dc.l bitcnt(-$E1)
    1253/    1384 : 0000 003C           	dc.l bitcnt(-$E2)
    1254/    1388 : 0000 003C           	dc.l bitcnt(-$E3)
    1255/    138C : 0000 003B           	dc.l bitcnt(-$E4)
    1256/    1390 : 0000 003C           	dc.l bitcnt(-$E5)
    1257/    1394 : 0000 003B           	dc.l bitcnt(-$E6)
    1258/    1398 : 0000 003B           	dc.l bitcnt(-$E7)
    1259/    139C : 0000 003A           	dc.l bitcnt(-$E8)
    1260/    13A0 : 0000 003C           	dc.l bitcnt(-$E9)
 AS V1.42 Beta [Bld 212] - Source File t_bitcnt.asm - Page 22 - 09/12/2026 05:50:15 AM


    1261/    13A4 : 0000 003B           	dc.l bitcnt(-$EA)
    1262/    13A8 : 0000 003B           	dc.l bitcnt(-$EB)
    1263/    13AC : 0000 003A           	dc.l bitcnt(-$EC)
    1264/    13B0 : 0000 003B           	dc.l bitcnt(-$ED)
    1265/    13B4 : 0000 003A           	dc.l bitcnt(-$EE)
    1266/    13B8 : 0000 003A           	dc.l bitcnt(-$EF)
    1267/    13BC : 0000 0039           	dc.l bitcnt(-$F0)
    1268/    13C0 : 0000 003C           	dc.l bitcnt(-$F1)
    1269/    13C4 : 0000 003B           	dc.l bitcnt(-$F2)
    1270/    13C8 : 0000 003B           	dc.l bitcnt(-$F3)
    1271/    13CC : 0000 003A           	dc.l bitcnt(-$F4)
    1272/    13D0 : 0000 003B           	dc.l bitcnt(-$F5)
    1273/    13D4 : 0000 003A           	dc.l bitcnt(-$F6)
    1274/    13D8 : 0000 003A           	dc.l bitcnt(-$F7)
    1275/    13DC : 0000 0039           	dc.l bitcnt(-$F8)
    1276/    13E0 : 0000 003B           	dc.l bitcnt(-$F9)
    1277/    13E4 : 0000 003A           	dc.l bitcnt(-$FA)
    1278/    13E8 : 0000 003A           	dc.l bitcnt(-$FB)
    1279/    13EC : 0000 0039           	dc.l bitcnt(-$FC)
    1280/    13F0 : 0000 003A           	dc.l bitcnt(-$FD)
    1281/    13F4 : 0000 0039           	dc.l bitcnt(-$FE)
    1282/    13F8 : 0000 0039           	dc.l bitcnt(-$FF)
    1283/    13FC : 0000 0038           	dc.l bitcnt(-$100)
    1284/    1400 : 0000 0002           	dc.l bitcnt($600)
    1285/    1404 : 0000 0001           	dc.l bitcnt($400)
    1286/    1408 : 0000 0002           	dc.l bitcnt($401)
    1287/    140C : 0000 0002           	dc.l bitcnt($C00)
    1288/    1410 : 0000 0001           	dc.l bitcnt($800)
    1289/    1414 : 0000 000B           	dc.l bitcnt($7FF)
    1290/    1418 : 0000 0002           	dc.l bitcnt($801)
    1291/    141C : 0000 0002           	dc.l bitcnt($1800)
    1292/    1420 : 0000 0001           	dc.l bitcnt($1000)
    1293/    1424 : 0000 000C           	dc.l bitcnt($FFF)
    1294/    1428 : 0000 0002           	dc.l bitcnt($1001)
    1295/    142C : 0000 0002           	dc.l bitcnt($3000)
    1296/    1430 : 0000 0001           	dc.l bitcnt($2000)
    1297/    1434 : 0000 000D           	dc.l bitcnt($1FFF)
    1298/    1438 : 0000 0002           	dc.l bitcnt($2001)
    1299/    143C : 0000 0002           	dc.l bitcnt($6000)
    1300/    1440 : 0000 0001           	dc.l bitcnt($4000)
    1301/    1444 : 0000 000E           	dc.l bitcnt($3FFF)
    1302/    1448 : 0000 0002           	dc.l bitcnt($4001)
    1303/    144C : 0000 0002           	dc.l bitcnt($C000)
    1304/    1450 : 0000 0001           	dc.l bitcnt($8000)
    1305/    1454 : 0000 000F           	dc.l bitcnt($7FFF)
    1306/    1458 : 0000 0002           	dc.l bitcnt($8001)
    1307/    145C : 0000 0002           	dc.l bitcnt($18000)
    1308/    1460 : 0000 0001           	dc.l bitcnt($10000)
    1309/    1464 : 0000 0010           	dc.l bitcnt($FFFF)
    1310/    1468 : 0000 0002           	dc.l bitcnt($10001)
    1311/    146C : 0000 0002           	dc.l bitcnt($30000)
    1312/    1470 : 0000 0001           	dc.l bitcnt($20000)
    1313/    1474 : 0000 0011           	dc.l bitcnt($1FFFF)
    1314/    1478 : 0000 0002           	dc.l bitcnt($20001)
    1315/    147C : 0000 0002           	dc.l bitcnt($60000)
    1316/    1480 : 0000 0001           	dc.l bitcnt($40000)
    1317/    1484 : 0000 0012           	dc.l bitcnt($3FFFF)
    1318/    1488 : 0000 0002           	dc.l bitcnt($40001)
    1319/    148C : 0000 0002           	dc.l bitcnt($C0000)
    1320/    1490 : 0000 0001           	dc.l bitcnt($80000)
 AS V1.42 Beta [Bld 212] - Source File t_bitcnt.asm - Page 23 - 09/12/2026 05:50:15 AM


    1321/    1494 : 0000 0013           	dc.l bitcnt($7FFFF)
    1322/    1498 : 0000 0002           	dc.l bitcnt($80001)
    1323/    149C : 0000 0002           	dc.l bitcnt($180000)
    1324/    14A0 : 0000 0001           	dc.l bitcnt($100000)
    1325/    14A4 : 0000 0014           	dc.l bitcnt($FFFFF)
    1326/    14A8 : 0000 0002           	dc.l bitcnt($100001)
    1327/    14AC : 0000 0002           	dc.l bitcnt($300000)
    1328/    14B0 : 0000 0001           	dc.l bitcnt($200000)
    1329/    14B4 : 0000 0015           	dc.l bitcnt($1FFFFF)
    1330/    14B8 : 0000 0002           	dc.l bitcnt($200001)
    1331/    14BC : 0000 0002           	dc.l bitcnt($600000)
    1332/    14C0 : 0000 0001           	dc.l bitcnt($400000)
    1333/    14C4 : 0000 0016           	dc.l bitcnt($3FFFFF)
    1334/    14C8 : 0000 0002           	dc.l bitcnt($400001)
    1335/    14CC : 0000 0002           	dc.l bitcnt($C00000)
    1336/    14D0 : 0000 0001           	dc.l bitcnt($800000)
    1337/    14D4 : 0000 0017           	dc.l bitcnt($7FFFFF)
    1338/    14D8 : 0000 0002           	dc.l bitcnt($800001)
    1339/    14DC : 0000 0002           	dc.l bitcnt($1800000)
    1340/    14E0 : 0000 0001           	dc.l bitcnt($1000000)
    1341/    14E4 : 0000 0018           	dc.l bitcnt($FFFFFF)
    1342/    14E8 : 0000 0002           	dc.l bitcnt($1000001)
    1343/    14EC : 0000 0002           	dc.l bitcnt($3000000)
    1344/    14F0 : 0000 0001           	dc.l bitcnt($2000000)
    1345/    14F4 : 0000 0019           	dc.l bitcnt($1FFFFFF)
    1346/    14F8 : 0000 0002           	dc.l bitcnt($2000001)
    1347/    14FC : 0000 0002           	dc.l bitcnt($6000000)
    1348/    1500 : 0000 0001           	dc.l bitcnt($4000000)
    1349/    1504 : 0000 001A           	dc.l bitcnt($3FFFFFF)
    1350/    1508 : 0000 0002           	dc.l bitcnt($4000001)
    1351/    150C : 0000 0002           	dc.l bitcnt($C000000)
    1352/    1510 : 0000 0001           	dc.l bitcnt($8000000)
    1353/    1514 : 0000 001B           	dc.l bitcnt($7FFFFFF)
    1354/    1518 : 0000 0002           	dc.l bitcnt($8000001)
    1355/    151C : 0000 0002           	dc.l bitcnt($18000000)
    1356/    1520 : 0000 0001           	dc.l bitcnt($10000000)
    1357/    1524 : 0000 001C           	dc.l bitcnt($FFFFFFF)
    1358/    1528 : 0000 0002           	dc.l bitcnt($10000001)
    1359/    152C : 0000 0002           	dc.l bitcnt($30000000)
    1360/    1530 : 0000 0001           	dc.l bitcnt($20000000)
    1361/    1534 : 0000 001D           	dc.l bitcnt($1FFFFFFF)
    1362/    1538 : 0000 0002           	dc.l bitcnt($20000001)
    1363/    153C : 0000 0002           	dc.l bitcnt($60000000)
    1364/    1540 : 0000 0001           	dc.l bitcnt($40000000)
    1365/    1544 : 0000 001E           	dc.l bitcnt($3FFFFFFF)
    1366/    1548 : 0000 0002           	dc.l bitcnt($40000001)
    1367/    154C : 0000 0002           	dc.l bitcnt($C0000000)
    1368/    1550 : 0000 0001           	dc.l bitcnt($80000000)
    1369/    1554 : 0000 001F           	dc.l bitcnt($7FFFFFFF)
    1370/    1558 : 0000 0002           	dc.l bitcnt($80000001)
    1371/    155C : 0000 0002           	dc.l bitcnt($180000000)
    1372/    1560 : 0000 0001           	dc.l bitcnt($100000000)
    1373/    1564 : 0000 0020           	dc.l bitcnt($FFFFFFFF)
    1374/    1568 : 0000 0002           	dc.l bitcnt($100000001)
    1375/    156C : 0000 0002           	dc.l bitcnt($300000000)
    1376/    1570 : 0000 0001           	dc.l bitcnt($200000000)
    1377/    1574 : 0000 0021           	dc.l bitcnt($1FFFFFFFF)
    1378/    1578 : 0000 0002           	dc.l bitcnt($200000001)
    1379/    157C : 0000 0002           	dc.l bitcnt($600000000)
    1380/    1580 : 0000 0001           	dc.l bitcnt($400000000)
 AS V1.42 Beta [Bld 212] - Source File t_bitcnt.asm - Page 24 - 09/12/2026 05:50:15 AM


    1381/    1584 : 0000 0022           	dc.l bitcnt($3FFFFFFFF)
    1382/    1588 : 0000 0002           	dc.l bitcnt($400000001)
    1383/    158C : 0000 0002           	dc.l bitcnt($C00000000)
    1384/    1590 : 0000 0001           	dc.l bitcnt($800000000)
    1385/    1594 : 0000 0023           	dc.l bitcnt($7FFFFFFFF)
    1386/    1598 : 0000 0002           	dc.l bitcnt($800000001)
    1387/    159C : 0000 0002           	dc.l bitcnt($1800000000)
    1388/    15A0 : 0000 0001           	dc.l bitcnt($1000000000)
    1389/    15A4 : 0000 0024           	dc.l bitcnt($FFFFFFFFF)
    1390/    15A8 : 0000 0002           	dc.l bitcnt($1000000001)
    1391/    15AC : 0000 0002           	dc.l bitcnt($3000000000)
    1392/    15B0 : 0000 0001           	dc.l bitcnt($2000000000)
    1393/    15B4 : 0000 0025           	dc.l bitcnt($1FFFFFFFFF)
    1394/    15B8 : 0000 0002           	dc.l bitcnt($2000000001)
    1395/    15BC : 0000 0002           	dc.l bitcnt($6000000000)
    1396/    15C0 : 0000 0001           	dc.l bitcnt($4000000000)
    1397/    15C4 : 0000 0026           	dc.l bitcnt($3FFFFFFFFF)
    1398/    15C8 : 0000 0002           	dc.l bitcnt($4000000001)
    1399/    15CC : 0000 0002           	dc.l bitcnt($C000000000)
    1400/    15D0 : 0000 0001           	dc.l bitcnt($8000000000)
    1401/    15D4 : 0000 0027           	dc.l bitcnt($7FFFFFFFFF)
    1402/    15D8 : 0000 0002           	dc.l bitcnt($8000000001)
    1403/    15DC : 0000 0002           	dc.l bitcnt($18000000000)
    1404/    15E0 : 0000 0001           	dc.l bitcnt($10000000000)
    1405/    15E4 : 0000 0028           	dc.l bitcnt($FFFFFFFFFF)
    1406/    15E8 : 0000 0002           	dc.l bitcnt($10000000001)
    1407/    15EC : 0000 0002           	dc.l bitcnt($30000000000)
    1408/    15F0 : 0000 0001           	dc.l bitcnt($20000000000)
    1409/    15F4 : 0000 0029           	dc.l bitcnt($1FFFFFFFFFF)
    1410/    15F8 : 0000 0002           	dc.l bitcnt($20000000001)
    1411/    15FC : 0000 0002           	dc.l bitcnt($60000000000)
    1412/    1600 : 0000 0001           	dc.l bitcnt($40000000000)
    1413/    1604 : 0000 002A           	dc.l bitcnt($3FFFFFFFFFF)
    1414/    1608 : 0000 0002           	dc.l bitcnt($40000000001)
    1415/    160C : 0000 0002           	dc.l bitcnt($C0000000000)
    1416/    1610 : 0000 0001           	dc.l bitcnt($80000000000)
    1417/    1614 : 0000 002B           	dc.l bitcnt($7FFFFFFFFFF)
    1418/    1618 : 0000 0002           	dc.l bitcnt($80000000001)
    1419/    161C : 0000 0002           	dc.l bitcnt($180000000000)
    1420/    1620 : 0000 0001           	dc.l bitcnt($100000000000)
    1421/    1624 : 0000 002C           	dc.l bitcnt($FFFFFFFFFFF)
    1422/    1628 : 0000 0002           	dc.l bitcnt($100000000001)
    1423/    162C : 0000 0002           	dc.l bitcnt($300000000000)
    1424/    1630 : 0000 0001           	dc.l bitcnt($200000000000)
    1425/    1634 : 0000 002D           	dc.l bitcnt($1FFFFFFFFFFF)
    1426/    1638 : 0000 0002           	dc.l bitcnt($200000000001)
    1427/    163C : 0000 0002           	dc.l bitcnt($600000000000)
    1428/    1640 : 0000 0001           	dc.l bitcnt($400000000000)
    1429/    1644 : 0000 002E           	dc.l bitcnt($3FFFFFFFFFFF)
    1430/    1648 : 0000 0002           	dc.l bitcnt($400000000001)
    1431/    164C : 0000 0002           	dc.l bitcnt($C00000000000)
    1432/    1650 : 0000 0001           	dc.l bitcnt($800000000000)
    1433/    1654 : 0000 002F           	dc.l bitcnt($7FFFFFFFFFFF)
    1434/    1658 : 0000 0002           	dc.l bitcnt($800000000001)
    1435/    165C : 0000 0002           	dc.l bitcnt($1800000000000)
    1436/    1660 : 0000 0001           	dc.l bitcnt($1000000000000)
    1437/    1664 : 0000 0030           	dc.l bitcnt($FFFFFFFFFFFF)
    1438/    1668 : 0000 0002           	dc.l bitcnt($1000000000001)
    1439/    166C : 0000 0002           	dc.l bitcnt($3000000000000)
    1440/    1670 : 0000 0001           	dc.l bitcnt($2000000000000)
 AS V1.42 Beta [Bld 212] - Source File t_bitcnt.asm - Page 25 - 09/12/2026 05:50:15 AM


    1441/    1674 : 0000 0031           	dc.l bitcnt($1FFFFFFFFFFFF)
    1442/    1678 : 0000 0002           	dc.l bitcnt($2000000000001)
    1443/    167C : 0000 0002           	dc.l bitcnt($6000000000000)
    1444/    1680 : 0000 0001           	dc.l bitcnt($4000000000000)
    1445/    1684 : 0000 0032           	dc.l bitcnt($3FFFFFFFFFFFF)
    1446/    1688 : 0000 0002           	dc.l bitcnt($4000000000001)
    1447/    168C : 0000 0002           	dc.l bitcnt($C000000000000)
    1448/    1690 : 0000 0001           	dc.l bitcnt($8000000000000)
    1449/    1694 : 0000 0033           	dc.l bitcnt($7FFFFFFFFFFFF)
    1450/    1698 : 0000 0002           	dc.l bitcnt($8000000000001)
    1451/    169C : 0000 0002           	dc.l bitcnt($18000000000000)
    1452/    16A0 : 0000 0001           	dc.l bitcnt($10000000000000)
    1453/    16A4 : 0000 0034           	dc.l bitcnt($FFFFFFFFFFFFF)
    1454/    16A8 : 0000 0002           	dc.l bitcnt($10000000000001)
    1455/    16AC : 0000 0002           	dc.l bitcnt($30000000000000)
    1456/    16B0 : 0000 0001           	dc.l bitcnt($20000000000000)
    1457/    16B4 : 0000 0035           	dc.l bitcnt($1FFFFFFFFFFFFF)
    1458/    16B8 : 0000 0002           	dc.l bitcnt($20000000000001)
    1459/    16BC : 0000 0002           	dc.l bitcnt($60000000000000)
    1460/    16C0 : 0000 0001           	dc.l bitcnt($40000000000000)
    1461/    16C4 : 0000 0036           	dc.l bitcnt($3FFFFFFFFFFFFF)
    1462/    16C8 : 0000 0002           	dc.l bitcnt($40000000000001)
    1463/    16CC : 0000 0002           	dc.l bitcnt($C0000000000000)
    1464/    16D0 : 0000 0001           	dc.l bitcnt($80000000000000)
    1465/    16D4 : 0000 0037           	dc.l bitcnt($7FFFFFFFFFFFFF)
    1466/    16D8 : 0000 0002           	dc.l bitcnt($80000000000001)
    1467/    16DC : 0000 0002           	dc.l bitcnt($180000000000000)
    1468/    16E0 : 0000 0001           	dc.l bitcnt($100000000000000)
    1469/    16E4 : 0000 0038           	dc.l bitcnt($FFFFFFFFFFFFFF)
    1470/    16E8 : 0000 0002           	dc.l bitcnt($100000000000001)
    1471/    16EC : 0000 0002           	dc.l bitcnt($300000000000000)
    1472/    16F0 : 0000 0001           	dc.l bitcnt($200000000000000)
    1473/    16F4 : 0000 0039           	dc.l bitcnt($1FFFFFFFFFFFFFF)
    1474/    16F8 : 0000 0002           	dc.l bitcnt($200000000000001)
    1475/    16FC : 0000 0002           	dc.l bitcnt($600000000000000)
    1476/    1700 : 0000 0001           	dc.l bitcnt($400000000000000)
    1477/    1704 : 0000 003A           	dc.l bitcnt($3FFFFFFFFFFFFFF)
    1478/    1708 : 0000 0002           	dc.l bitcnt($400000000000001)
    1479/    170C : 0000 0002           	dc.l bitcnt($C00000000000000)
    1480/    1710 : 0000 0001           	dc.l bitcnt($800000000000000)
    1481/    1714 : 0000 003B           	dc.l bitcnt($7FFFFFFFFFFFFFF)
    1482/    1718 : 0000 0002           	dc.l bitcnt($800000000000001)
    1483/    171C : 0000 0002           	dc.l bitcnt($1800000000000000)
    1484/    1720 : 0000 0001           	dc.l bitcnt($1000000000000000)
    1485/    1724 : 0000 003C           	dc.l bitcnt($FFFFFFFFFFFFFFF)
    1486/    1728 : 0000 0002           	dc.l bitcnt($1000000000000001)
    1487/    172C : 0000 0002           	dc.l bitcnt($3000000000000000)
    1488/    1730 : 0000 0001           	dc.l bitcnt($2000000000000000)
    1489/    1734 : 0000 003D           	dc.l bitcnt($1FFFFFFFFFFFFFFF)
    1490/    1738 : 0000 0002           	dc.l bitcnt($2000000000000001)
    1491/    173C : 0000 0002           	dc.l bitcnt($6000000000000000)
    1492/    1740 : 0000 0001           	dc.l bitcnt($4000000000000000)
    1493/    1744 : 0000 003E           	dc.l bitcnt($3FFFFFFFFFFFFFFF)
    1494/    1748 : 0000 0002           	dc.l bitcnt($4000000000000001)
    1495/    174C : 0000 0001           	dc.l bitcnt((-$7FFFFFFFFFFFFFFF-1))
    1496/    1750 : 0000 003F           	dc.l bitcnt($7FFFFFFFFFFFFFFF)
    1497/    1754 : 0000 0002           	dc.l bitcnt(-$7FFFFFFFFFFFFFFF)
    1498/    1758 : 0000 0027           	dc.l bitcnt(-$51063685F0170A8A)
    1499/    175C : 0000 0026           	dc.l bitcnt($36FE6B9D6E6D7582)
    1500/    1760 : 0000 0021           	dc.l bitcnt($7A4DA791E955CF1)
 AS V1.42 Beta [Bld 212] - Source File t_bitcnt.asm - Page 26 - 09/12/2026 05:50:15 AM


    1501/    1764 : 0000 0028           	dc.l bitcnt(-$9135A0660DC2559)
    1502/    1768 : 0000 001A           	dc.l bitcnt(-$6D3CC7DF4C9F0AA0)
    1503/    176C : 0000 0026           	dc.l bitcnt(-$525AAE6F01825883)
    1504/    1770 : 0000 0020           	dc.l bitcnt(-$867DDE666AE3919)
    1505/    1774 : 0000 0024           	dc.l bitcnt(-$1B8488052AFD1358)
    1506/    1778 : 0000 001D           	dc.l bitcnt($7994300BE0BB065E)
    1507/    177C : 0000 001D           	dc.l bitcnt($330C057F14E61D13)
    1508/    1780 : 0000 001F           	dc.l bitcnt($141AA21BB1E7DA1D)
    1509/    1784 : 0000 0025           	dc.l bitcnt($728D9D737CB4F55C)
    1510/    1788 : 0000 001B           	dc.l bitcnt(-$4EC9DEDC70AF8AA0)
    1511/    178C : 0000 001D           	dc.l bitcnt($E3D69D09056CC71)
    1512/    1790 : 0000 0023           	dc.l bitcnt(-$68693C0C5788ABE2)
    1513/    1794 : 0000 001A           	dc.l bitcnt($554823A9106C6B4C)
    1514/    1798 : 0000 0027           	dc.l bitcnt(-$4F12418F30C4522A)
    1515/    179C : 0000 0022           	dc.l bitcnt(-$76917258029E59A8)
    1516/    17A0 : 0000 0022           	dc.l bitcnt(-$3761643A809E8280)
    1517/    17A4 : 0000 001D           	dc.l bitcnt($73C538800B720FBC)
    1518/    17A8 : 0000 0026           	dc.l bitcnt(-$233BEFA02862432)
    1519/    17AC : 0000 0022           	dc.l bitcnt(-$F91D4D416990ABE)
    1520/    17B0 : 0000 0018           	dc.l bitcnt($1B05E00A827E2648)
    1521/    17B4 : 0000 0027           	dc.l bitcnt(-$11D533586930834)
    1522/    17B8 : 0000 001D           	dc.l bitcnt($1152AEDE70C7C484)
    1523/    17BC : 0000 001B           	dc.l bitcnt($3AFE52602650094B)
    1524/    17C0 : 0000 0014           	dc.l bitcnt(-$6FB773A3DF63D7EE)
    1525/    17C4 : 0000 0021           	dc.l bitcnt($3B1E5B171B32716C)
    1526/    17C8 : 0000 0024           	dc.l bitcnt($547FB2033F63CBC7)
    1527/    17CC : 0000 001A           	dc.l bitcnt(-$43DBBE4DD696F6E2)
    1528/    17D0 : 0000 0019           	dc.l bitcnt(-$47AD3FBFAE6A497B)
    1529/    17D4 : 0000 0022           	dc.l bitcnt(-$135BA164DD9C282E)
    1530/    17D8 : 0000 001B           	dc.l bitcnt(-$7DF62F7E4D13D6B)
    1531/    17DC : 0000 0021           	dc.l bitcnt(-$4F4F78E0D580EC2A)
    1532/    17E0 : 0000 0020           	dc.l bitcnt(-$792DA77AC6A41669)
    1533/    17E4 : 0000 0021           	dc.l bitcnt(-$3057EF4613963466)
    1534/    17E8 : 0000 001F           	dc.l bitcnt($1BF4F24573A201AD)
    1535/    17EC : 0000 0020           	dc.l bitcnt($50D7287E4617EA0F)
    1536/    17F0 : 0000 001D           	dc.l bitcnt($9C8779E0DB26C50)
    1537/    17F4 : 0000 0022           	dc.l bitcnt(-$C53D805AC766BCA)
    1538/    17F8 : 0000 0020           	dc.l bitcnt(-$447FFE714F501943)
    1539/    17FC : 0000 0026           	dc.l bitcnt($6CE7459A3BAA33FF)
    1540/    1800 : 0000 0023           	dc.l bitcnt($11D365AE76463DD7)
    1541/    1804 : 0000 0018           	dc.l bitcnt($2445F7062684A112)
    1542/    1808 : 0000 0021           	dc.l bitcnt($2BA50F56EED0B654)
    1543/    180C : 0000 0021           	dc.l bitcnt(-$6F9321633A628ACE)
    1544/    1810 : 0000 001D           	dc.l bitcnt($371A9E1A1359446A)
    1545/    1814 : 0000 0020           	dc.l bitcnt($6E868D55ACD22B0F)
    1546/    1818 : 0000 001E           	dc.l bitcnt($13C3CE0E6B09E32C)
    1547/    181C : 0000 0020           	dc.l bitcnt(-$1E33C234E9EC14B8)
    1548/    1820 : 0000 0020           	dc.l bitcnt($31CA531830FAA6FB)
    1549/    1824 : 0000 001D           	dc.l bitcnt($2BE458245C8F0E6A)
    1550/    1828 : 0000 001F           	dc.l bitcnt(-$324B8B76E8D4D2F3)
    1551/    182C : 0000 0026           	dc.l bitcnt(-$7942847CA479284)
    1552/    1830 : 0000 0022           	dc.l bitcnt(-$7935236F94731C41)
    1553/    1834 : 0000 0020           	dc.l bitcnt(-$4D48D859F4E038FC)
    1554/    1838 : 0000 001F           	dc.l bitcnt($102C35DABF4A78A5)
    1555/    183C : 0000 0022           	dc.l bitcnt(-$1C72AB6704D622E4)
    1556/    1840 : 0000 0019           	dc.l bitcnt(-$20CB9EE46FABEDFC)
    1557/    1844 : 0000 0020           	dc.l bitcnt(-$367E1F5E3800B150)
    1558/    1848 : 0000 0029           	dc.l bitcnt(-$6241410660BA2A1F)
    1559/    184C : 0000 0024           	dc.l bitcnt(-$6AED438CC9304479)
    1560/    1850 : 0000 0020           	dc.l bitcnt(-$EBB3E597F6140A3)
 AS V1.42 Beta [Bld 212] - Source File t_bitcnt.asm - Page 27 - 09/12/2026 05:50:15 AM


    1561/    1854 : 0000 0021           	dc.l bitcnt($1A7DB45B404B97B5)
    1562/    1858 : 0000 0024           	dc.l bitcnt($1E62EDEDC6F22E72)
    1563/    185C : 0000 0020           	dc.l bitcnt($56AC817DAE1FC81A)
    1564/    1860 : 0000 0022           	dc.l bitcnt($2AA2DF345E046EFE)
    1565/    1864 : 0000 001B           	dc.l bitcnt(-$7EB2FB6F5981392F)
    1566/    1868 : 0000 0023           	dc.l bitcnt(-$29D523CF78420B63)
    1567/    186C : 0000 0023           	dc.l bitcnt($361DE907D77D2687)
    1568/    1870 : 0000 001F           	dc.l bitcnt($2C4484F45FD751A6)
    1569/    1874 : 0000 0021           	dc.l bitcnt(-$5E604163243A7F20)
    1570/    1878 : 0000 001D           	dc.l bitcnt($9D1F1DE70809751)
    1571/    187C : 0000 0024           	dc.l bitcnt($4B7FCB00FF6A23F8)
    1572/    1880 : 0000 001E           	dc.l bitcnt($795618CDA9393254)
    1573/    1884 : 0000 0022           	dc.l bitcnt($61BF1A1695556FA5)
    1574/    1888 : 0000 001F           	dc.l bitcnt($55BD816623E61C66)
    1575/    188C : 0000 001E           	dc.l bitcnt($63DC523910E283FA)
    1576/    1890 : 0000 0024           	dc.l bitcnt(-$38AE31E8C195E423)
    1577/    1894 : 0000 0022           	dc.l bitcnt($C4DB65FEF6B30D0)
    1578/    1898 : 0000 0022           	dc.l bitcnt(-$6D5C00AA839DA677)
    1579/    189C : 0000 001E           	dc.l bitcnt($1B539D0A7300CF8B)
    1580/    18A0 : 0000 0023           	dc.l bitcnt(-$18A6E866DA7EE9)
    1581/    18A4 : 0000 001C           	dc.l bitcnt($6106D08562A8F6F1)
    1582/    18A8 : 0000 0022           	dc.l bitcnt(-$55C597942A20CB3F)
    1583/    18AC : 0000 001B           	dc.l bitcnt(-$777A2D38DCD287EC)
    1584/    18B0 : 0000 0020           	dc.l bitcnt(-$354EE9BE246370CA)
    1585/    18B4 : 0000 0021           	dc.l bitcnt($49507DA951EE5CCD)
    1586/    18B8 : 0000 001D           	dc.l bitcnt(-$1A5D4B1B857767DB)
    1587/    18BC : 0000 001B           	dc.l bitcnt(-$153E6CDF161F23FE)
    1588/    18C0 : 0000 0020           	dc.l bitcnt($40DA3695E4D175F4)
    1589/    18C4 : 0000 0020           	dc.l bitcnt(-$323D3DBCE883F189)
    1590/    18C8 : 0000 0023           	dc.l bitcnt($353E65012DEF6ECE)
    1591/    18CC : 0000 0020           	dc.l bitcnt(-$8696DD73679A70B)
    1592/    18D0 : 0000 001B           	dc.l bitcnt($F0E6C87A6069C05)
    1593/    18D4 : 0000 0021           	dc.l bitcnt($79A68FE31F66169)
    1594/    18D8 : 0000 001B           	dc.l bitcnt(-$67B566265F9A3CDF)
    1595/    18DC : 0000 0023           	dc.l bitcnt($163DA7BF75D61056)
    1596/    18E0 : 0000 001B           	dc.l bitcnt(-$67F167DDC926996C)
    1597/    18E4 : 0000 0022           	dc.l bitcnt($FE1C9A228BFB575)
    1598/    18E8 : 0000 001D           	dc.l bitcnt(-$6C940CE5EB5AD6EC)
    1599/    18EC : 0000 0020           	dc.l bitcnt(-$47F93E4029B07E1F)
    1600/    18F0 : 0000 0028           	dc.l bitcnt(-$6A4E8024B814B73)
    1601/    18F4 : 0000 0019           	dc.l bitcnt(-$23ED117BF311FFDC)
    1602/    18F8 : 0000 001A           	dc.l bitcnt(-$1662EE5B7FB8AB77)
    1603/    18FC : 0000 0020           	dc.l bitcnt(-$1F6BDDCAC4895A25)
    1604/    1900 : 0000 0025           	dc.l bitcnt(-$538E3E044873AE11)
    1605/    1904 : 0000 0022           	dc.l bitcnt(-$4DE0D6FE0A166506)
    1606/    1908 : 0000 0026           	dc.l bitcnt(-$1A81868A2A23369C)
    1607/    190C : 0000 0024           	dc.l bitcnt(-$261A31D90157741E)
    1608/    1910 : 0000 001F           	dc.l bitcnt($487C81AA5F436673)
    1609/    1914 : 0000 0024           	dc.l bitcnt($17F2EF85AADB5C4C)
    1610/    1918 : 0000 001F           	dc.l bitcnt(-$7FA5B663C5907AC1)
    1611/    191C : 0000 0025           	dc.l bitcnt($1333E72D5ADF0FB3)
    1612/    1920 : 0000 0021           	dc.l bitcnt($4C3474AA78263EBF)
    1613/    1924 : 0000 0023           	dc.l bitcnt($7E2D188FA74F4177)
    1614/    1928 : 0000 0026           	dc.l bitcnt(-$1CC9C28853DC4827)
    1615/    192C : 0000 001E           	dc.l bitcnt($3E6287C1DCF9408C)
    1616/    1930 : 0000 0021           	dc.l bitcnt($315F4A94A0BFE999)
    1617/    1934 : 0000 0025           	dc.l bitcnt(-$D8DD041B4167AB1)
    1618/    1938 : 0000 001D           	dc.l bitcnt($66A21A392C8B6336)
    1619/    193C : 0000 0023           	dc.l bitcnt(-$54D8AC1A623D2190)
    1620/    1940 : 0000 0019           	dc.l bitcnt(-$1D67E7B3B7C522F0)
 AS V1.42 Beta [Bld 212] - Source File t_bitcnt.asm - Page 28 - 09/12/2026 05:50:15 AM


    1621/    1944 : 0000 001A           	dc.l bitcnt($49C98C8326E30332)
    1622/    1948 : 0000 001D           	dc.l bitcnt($31A9B62B696C8AC0)
    1623/    194C : 0000 0022           	dc.l bitcnt(-$57F09C1D6A48645D)
    1624/    1950 : 0000 001D           	dc.l bitcnt($44C4716ABDD42546)
    1625/    1954 : 0000 001D           	dc.l bitcnt(-$2E8FAB35C5DB49C6)
    1626/    1958 : 0000 001E           	dc.l bitcnt(-$19AA5AEF1DAA84F6)
    1627/    195C : 0000 001D           	dc.l bitcnt($4D281CF096CCE626)
    1628/    1960 : 0000 001B           	dc.l bitcnt(-$36F9730DEAD82B7C)
    1629/    1964 : 0000 001F           	dc.l bitcnt($726BE730BCD40B81)
    1630/    1968 : 0000 001F           	dc.l bitcnt(-$219F68E35AEB34A7)
    1631/    196C : 0000 0022           	dc.l bitcnt($5D161F8D4C6DBC35)
    1632/    1970 : 0000 001E           	dc.l bitcnt(-$7BC8A7C14B936DD5)
    1633/    1974 : 0000 0020           	dc.l bitcnt($3E34A0B2C2FD31AB)
    1634/    1978 : 0000 001D           	dc.l bitcnt($6F1310C2C1F907AC)
    1635/    197C : 0000 0021           	dc.l bitcnt($70762FDC07BCC370)
    1636/    1980 : 0000 001F           	dc.l bitcnt($53E73D7646469580)
    1637/    1984 : 0000 0021           	dc.l bitcnt($2DEB4DD8D1765425)
    1638/    1988 : 0000 0020           	dc.l bitcnt($49E1BA0B5F0169BB)
    1639/    198C : 0000 0021           	dc.l bitcnt(-$6D796D9259E01C59)
    1640/    1990 : 0000 0026           	dc.l bitcnt($22FBDD9B4F0FC6F1)
    1641/    1994 : 0000 001B           	dc.l bitcnt(-$77766D5EE271B7B)
    1642/    1998 : 0000 0022           	dc.l bitcnt($20F33DCB63EFC512)
    1643/    199C : 0000 0022           	dc.l bitcnt($11585F47BA9D7D58)
    1644/    19A0 : 0000 0020           	dc.l bitcnt($62EE000B715BFBE4)
    1645/    19A4 : 0000 001D           	dc.l bitcnt($BC48230374BF70E)
    1646/    19A8 : 0000 001C           	dc.l bitcnt($7D5250D088BC7D10)
    1647/    19AC : 0000 001F           	dc.l bitcnt($6FCCFDA500A48FA)
    1648/    19B0 : 0000 0026           	dc.l bitcnt($43BBC8D66CBE2AFF)
    1649/    19B4 : 0000 0022           	dc.l bitcnt(-$72C47881B5A92B97)
    1650/    19B8 : 0000 001D           	dc.l bitcnt(-$4D9B624CF8ECF490)
    1651/    19BC : 0000 001F           	dc.l bitcnt($2BD5B52061CEC4E6)
    1652/    19C0 : 0000 0023           	dc.l bitcnt(-$5825B0969897E0E7)
    1653/    19C4 : 0000 001F           	dc.l bitcnt(-$75274E7204AF74B7)
    1654/    19C8 : 0000 001D           	dc.l bitcnt(-$7601A77857DB659C)
    1655/    19CC : 0000 0022           	dc.l bitcnt(-$573A29139EC40CA8)
    1656/    19D0 : 0000 0020           	dc.l bitcnt($712F199F990BCE6)
    1657/    19D4 : 0000 001E           	dc.l bitcnt(-$5AE3594BB0BDF6D)
    1658/    19D8 : 0000 0021           	dc.l bitcnt(-$301F6C66B1F8632A)
    1659/    19DC : 0000 001A           	dc.l bitcnt(-$16A9B5F74E4E7DF9)
    1660/    19E0 : 0000 0021           	dc.l bitcnt(-$469BF82B252BAB22)
    1661/    19E4 : 0000 0021           	dc.l bitcnt($440EF49EE2FE6507)
    1662/    19E8 : 0000 0021           	dc.l bitcnt($35467ED2F55106F8)
    1663/    19EC : 0000 0021           	dc.l bitcnt(-$1C015D97F8358CCC)
    1664/    19F0 : 0000 0024           	dc.l bitcnt(-$799C0CA820761B8F)
    1665/    19F4 : 0000 0022           	dc.l bitcnt(-$2D8EAA92784587D5)
    1666/    19F8 : 0000 001E           	dc.l bitcnt($46B078C13D8FD642)
    1667/    19FC : 0000 001B           	dc.l bitcnt(-$3B06B5CD5FECF11F)
    1668/    1A00 : 0000 001E           	dc.l bitcnt($6D4ED90D664F020E)
    1669/    1A04 : 0000 0021           	dc.l bitcnt(-$67AB817C2908B99E)
    1670/    1A08 : 0000 0025           	dc.l bitcnt(-$24EE4A83412487C8)
    1671/    1A0C : 0000 0021           	dc.l bitcnt($579FABC164E08CC7)
    1672/    1A10 : 0000 0022           	dc.l bitcnt($285BDA94DF2F8B1C)
    1673/    1A14 : 0000 001E           	dc.l bitcnt(-$4BCE26D2997D331C)
    1674/    1A18 : 0000 0021           	dc.l bitcnt(-$5EA20B419B08EDFB)
    1675/    1A1C : 0000 001E           	dc.l bitcnt(-$550AF5B177ADC563)
    1676/    1A20 : 0000 001C           	dc.l bitcnt(-$3A527C935EFC7634)
    1677/    1A24 : 0000 0023           	dc.l bitcnt(-$224A11901C6D7EB8)
    1678/    1A28 : 0000 0022           	dc.l bitcnt(-$33936C685B2941B4)
    1679/    1A2C : 0000 001B           	dc.l bitcnt(-$FEFA83DEFB0A61E)
    1680/    1A30 : 0000 0023           	dc.l bitcnt(-$2792324041FD3D48)
 AS V1.42 Beta [Bld 212] - Source File t_bitcnt.asm - Page 29 - 09/12/2026 05:50:15 AM


    1681/    1A34 : 0000 0023           	dc.l bitcnt(-$1ED093F08DFE129)
    1682/    1A38 : 0000 0018           	dc.l bitcnt(-$675466DDBA8DFFF5)
    1683/    1A3C : 0000 0022           	dc.l bitcnt(-$B2239E99DC4C174)
    1684/    1A40 : 0000 0023           	dc.l bitcnt(-$27C93220C715D52E)
    1685/    1A44 : 0000 0028           	dc.l bitcnt($2BE757A4FF91EBBA)
    1686/    1A48 : 0000 001E           	dc.l bitcnt(-$EBEDE49D095AF59)
    1687/    1A4C : 0000 0020           	dc.l bitcnt($142C45EFA5A73897)
    1688/    1A50 : 0000 0022           	dc.l bitcnt($14D5FD1B0B1E1F8D)
    1689/    1A54 : 0000 0020           	dc.l bitcnt($5E3C2624BF799612)
    1690/    1A58 : 0000 0026           	dc.l bitcnt(-$3411E20670E9AC84)
    1691/    1A5C : 0000 001B           	dc.l bitcnt($5570C6A394054B23)
    1692/    1A60 : 0000 001F           	dc.l bitcnt(-$2B3E3C6215D90FF5)
    1693/    1A64 : 0000 001E           	dc.l bitcnt($413C4E53F6F18829)
    1694/    1A68 : 0000 0017           	dc.l bitcnt(-$4F5DECE2F5B637F4)
    1695/    1A6C : 0000 001E           	dc.l bitcnt(-$674623971727CFD3)
    1696/    1A70 : 0000 001D           	dc.l bitcnt(-$33EB33C1E8ADD8F2)
    1697/    1A74 : 0000 001D           	dc.l bitcnt(-$2883ECA72EFB5C3C)
    1698/    1A78 : 0000 001F           	dc.l bitcnt(-$2BB0E8678114FDFD)
    1699/    1A7C : 0000 0020           	dc.l bitcnt(-$35A5F355A1C2E327)
    1700/    1A80 : 0000 0027           	dc.l bitcnt($66EDA96BA8E4BB7F)
    1701/    1A84 : 0000 001B           	dc.l bitcnt(-$533F495BE0ECEB5E)
    1702/    1A88 : 0000 001D           	dc.l bitcnt(-$3786E9A070FCB1F0)
    1703/    1A8C : 0000 0019           	dc.l bitcnt(-$7E66E7BA5BDC08F8)
    1704/    1A90 : 0000 001E           	dc.l bitcnt($36B912F0861DB139)
    1705/    1A94 : 0000 0021           	dc.l bitcnt($CBD3D536CD1B516)
    1706/    1A98 : 0000 0022           	dc.l bitcnt(-$5EC74534EF141126)
    1707/    1A9C : 0000 0020           	dc.l bitcnt($5BD9D02D04BCE4CB)
    1708/    1AA0 : 0000 001C           	dc.l bitcnt($40D89CF49F38239)
    1709/    1AA4 : 0000 0027           	dc.l bitcnt(-$404AAC8D00BBD506)
    1710/    1AA8 : 0000 0024           	dc.l bitcnt(-$60A6F912CC1BCAD)
    1711/    1AAC : 0000 0022           	dc.l bitcnt(-$B49570C3D5458B8)
    1712/    1AB0 : 0000 0021           	dc.l bitcnt($431B1F26ED9C8D63)
    1713/    1AB4 : 0000 001E           	dc.l bitcnt($434AEA892A5E88BE)
    1714/    1AB8 : 0000 001F           	dc.l bitcnt($303047DD711BF235)
    1715/    1ABC : 0000 0020           	dc.l bitcnt(-$692F13695B2981A0)
    1716/    1AC0 : 0000 001E           	dc.l bitcnt(-$4E5F1D93B0992DED)
    1717/    1AC4 : 0000 001F           	dc.l bitcnt($7E317AC3401EFC30)
    1718/    1AC8 : 0000 0024           	dc.l bitcnt($73D1D3B4D7993715)
    1719/    1ACC : 0000 001F           	dc.l bitcnt(-$56B5466824F767B9)
    1720/    1AD0 : 0000 001F           	dc.l bitcnt(-$45B588DF0EE17657)
    1721/    1AD4 : 0000 0018           	dc.l bitcnt($628D323AC2238181)
    1722/    1AD8 : 0000 0024           	dc.l bitcnt(-$25CC463CC8CB960A)
    1723/    1ADC : 0000 001C           	dc.l bitcnt(-$54AEC23B765F4B7B)
    1724/    1AE0 : 0000 0021           	dc.l bitcnt($4C38A76FA9B9F103)
    1725/    1AE4 : 0000 001F           	dc.l bitcnt(-$53666BD2CB378C84)
    1726/    1AE8 : 0000 001D           	dc.l bitcnt($2AAA08AD881FC2FC)
    1727/    1AEC : 0000 0023           	dc.l bitcnt($3E65A8B703BCD3BC)
    1728/    1AF0 : 0000 0026           	dc.l bitcnt($BE7BBA7349BDE39)
    1729/    1AF4 : 0000 0022           	dc.l bitcnt(-$20FCD1E7C1C58A17)
    1730/    1AF8 : 0000 001E           	dc.l bitcnt($62F702ED9D835422)
    1731/    1AFC : 0000 0020           	dc.l bitcnt(-$62B81A209DBE5EDA)
    1732/    1B00 : 0000 0024           	dc.l bitcnt($3BF5ABCDD10EAB8C)
    1733/    1B04 : 0000 0021           	dc.l bitcnt($3C0C9D79FC2B1B54)
    1734/    1B08 : 0000 001C           	dc.l bitcnt(-$1A65EAE2E5F55748)
    1735/    1B0C : 0000 001F           	dc.l bitcnt(-$68802F16B75FB367)
    1736/    1B10 : 0000 0024           	dc.l bitcnt($797756E522EAC1D7)
    1737/    1B14 : 0000 0023           	dc.l bitcnt($15C55DA5BB34EF58)
    1738/    1B18 : 0000 0020           	dc.l bitcnt($30F09DBC7749B11C)
    1739/    1B1C : 0000 0018           	dc.l bitcnt(-$3BFCCAFDDF00A760)
    1740/    1B20 : 0000 0019           	dc.l bitcnt($45F070210CC612C7)
 AS V1.42 Beta [Bld 212] - Source File t_bitcnt.asm - Page 30 - 09/12/2026 05:50:15 AM


    1741/    1B24 : 0000 0020           	dc.l bitcnt(-$2D71A1BA8FE8295D)
    1742/    1B28 : 0000 0018           	dc.l bitcnt($26038455D10D64D)
    1743/    1B2C : 0000 0024           	dc.l bitcnt($50AEEFC37B973AA1)
    1744/    1B30 : 0000 0022           	dc.l bitcnt($673EA2F65B216DC2)
    1745/    1B34 : 0000 0023           	dc.l bitcnt($4DE7B1713AFB68E)
    1746/    1B38 : 0000 0022           	dc.l bitcnt($41AE3D62CCE79AF4)
    1747/    1B3C : 0000 001B           	dc.l bitcnt($246CE540A4E423BC)
    1748/    1B40 : 0000 001C           	dc.l bitcnt($458A34CA934CB41B)
    1749/    1B44 : 0000 001F           	dc.l bitcnt($55EBFC84F6319802)
    1750/    1B48 : 0000 0021           	dc.l bitcnt($521FE908336F78B5)
    1751/    1B4C : 0000 001E           	dc.l bitcnt($615812CBED2C96C9)
    1752/    1B50 : 0000 0028           	dc.l bitcnt(-$28A569D06A22105D)
    1753/    1B54 : 0000 0017           	dc.l bitcnt($53A392082A105EA)
    1754/    1B58 : 0000 001D           	dc.l bitcnt(-$6E8DBF7BBA6C8851)
    1755/    1B5C : 0000 0021           	dc.l bitcnt($70F4B8C5A12CF9B9)
    1756/    1B60 : 0000 0020           	dc.l bitcnt($CF9A865DADB0353)
    1757/    1B64 : 0000 0021           	dc.l bitcnt($3201B5D8DF83FD16)
    1758/    1B68 : 0000 0022           	dc.l bitcnt(-$4228934ED56AB3AB)
    1759/    1B6C : 0000 0022           	dc.l bitcnt($13BC53706EC4E65F)
    1760/    1B70 : 0000 001C           	dc.l bitcnt($27E7E4038816C493)
    1761/    1B74 : 0000 0027           	dc.l bitcnt(-$478061B50BC0EA89)
    1762/    1B78 : 0000 0023           	dc.l bitcnt(-$2D51189CE658D524)
    1763/    1B7C : 0000 0024           	dc.l bitcnt(-$50EBFE40B10D68B)
    1764/    1B80 : 0000 0022           	dc.l bitcnt($76E841B1164BF8EF)
    1765/    1B84 : 0000 0011           	dc.l bitcnt($6C3819C101408100)
    1766/    1B88 : 0000 0023           	dc.l bitcnt($6B4F44D68EFF1332)
    1767/    1B8C : 0000 0025           	dc.l bitcnt($5F687F65272BE83E)
    1768/    1B90 : 0000 0021           	dc.l bitcnt($301ED9DB1D780FA5)
    1769/    1B94 : 0000 001B           	dc.l bitcnt($51DA26202411B6BB)
    1770/    1B98 : 0000 0022           	dc.l bitcnt($36D925FD933E34C8)
    1771/    1B9C : 0000 0020           	dc.l bitcnt($2CF3E990711D078F)
    1772/    1BA0 : 0000 0024           	dc.l bitcnt(-$5ACA98E21B133702)
    1773/    1BA4 : 0000 001F           	dc.l bitcnt($5304E4F9B0EE854E)
    1774/    1BA8 : 0000 0021           	dc.l bitcnt(-$603D8A8187178FD8)
    1775/    1BAC : 0000 0022           	dc.l bitcnt(-$6D858F52B060E4AC)
    1776/    1BB0 : 0000 0020           	dc.l bitcnt($7138133A33E8FFC0)
    1777/    1BB4 : 0000 0020           	dc.l bitcnt(-$3F0BE861CC559E62)
    1778/    1BB8 : 0000 001F           	dc.l bitcnt(-$35F27B464C1F50E4)
    1779/    1BBC : 0000 0021           	dc.l bitcnt(-$88A95CDB378F19A)
    1780/    1BC0 : 0000 0023           	dc.l bitcnt(-$B46066A2CB915FD)
    1781/    1BC4 : 0000 0029           	dc.l bitcnt(-$6C99812518F01B1)
    1782/    1BC8 : 0000 0025           	dc.l bitcnt(-$41E18D1184549F94)
    1783/    1BCC : 0000 001F           	dc.l bitcnt(-$3CE67D2EC3F86829)
    1784/    1BD0 : 0000 0020           	dc.l bitcnt($446D4B2C0AFB4BAD)
    1785/    1BD4 : 0000 001D           	dc.l bitcnt($12901E9FCAED8C05)
    1786/    1BD8 : 0000 0025           	dc.l bitcnt(-$414648CB4217E78B)
    1787/    1BDC : 0000 001F           	dc.l bitcnt(-$3E1373B9C4FA4CC9)
    1788/    1BE0 : 0000 001F           	dc.l bitcnt(-$228C7C3714F6BA7B)
    1789/    1BE4 : 0000 001F           	dc.l bitcnt($47DCB16A13B520F8)
    1790/    1BE8 : 0000 0021           	dc.l bitcnt($138A076EADF09D6D)
    1791/    1BEC : 0000 0029           	dc.l bitcnt(-$280A746E1A0040EC)
    1792/    1BF0 : 0000 001A           	dc.l bitcnt(-$4BEB73EA45DA1DB0)
    1793/    1BF4 : 0000 0022           	dc.l bitcnt(-$3E262C2647148DFB)
    1794/    1BF8 : 0000 0022           	dc.l bitcnt($4BE669E32D0A7B9A)
    1795/    1BFC : 0000 001E           	dc.l bitcnt($294EF50837D80D71)
    1796/    1C00 : 0000 001E           	dc.l bitcnt(-$5283A3DE1E729AEE)
    1797/    1C04 : 0000 0020           	dc.l bitcnt($106E676BCA567869)
    1798/    1C08 : 0000 0002           	dc.l bitcnt($2000000008)
    1799/    1C0C : 0000 0003           	dc.l bitcnt($40000010000400)
    1800/    1C10 : 0000 0004           	dc.l bitcnt($1410000100000)
 AS V1.42 Beta [Bld 212] - Source File t_bitcnt.asm - Page 31 - 09/12/2026 05:50:15 AM


    1801/    1C14 : 0000 0002           	dc.l bitcnt($110000)
    1802/    1C18 : 0000 0003           	dc.l bitcnt($40000040002)
    1803/    1C1C : 0000 0002           	dc.l bitcnt($8001000000000)
    1804/    1C20 : 0000 0002           	dc.l bitcnt($80000000040000)
    1805/    1C24 : 0000 0003           	dc.l bitcnt($10208000000)
    1806/    1C28 : 0000 0002           	dc.l bitcnt($800002000000)
    1807/    1C2C : 0000 0002           	dc.l bitcnt($20000002000)
    1808/    1C30 : 0000 0004           	dc.l bitcnt($1020000010004)
    1809/    1C34 : 0000 0002           	dc.l bitcnt($2040)
    1810/    1C38 : 0000 0003           	dc.l bitcnt($10200000000040)
    1811/    1C3C : 0000 0003           	dc.l bitcnt($1000004020000000)
    1812/    1C40 : 0000 0002           	dc.l bitcnt($8000000000400)
    1813/    1C44 : 0000 0004           	dc.l bitcnt($1A00001000)
    1814/    1C48 : 0000 0002           	dc.l bitcnt($280000)
    1815/    1C4C : 0000 0002           	dc.l bitcnt($24000)
    1816/    1C50 : 0000 0004           	dc.l bitcnt($200020008100)
    1817/    1C54 : 0000 0003           	dc.l bitcnt($402100000000)
    1818/    1C58 : 0000 0002           	dc.l bitcnt($8800000)
    1819/    1C5C : 0000 0003           	dc.l bitcnt($20400080)
    1820/    1C60 : 0000 0004           	dc.l bitcnt($10800000100020)
    1821/    1C64 : 0000 0003           	dc.l bitcnt($860000000000000)
    1822/    1C68 : 0000 0003           	dc.l bitcnt($4000000020800000)
    1823/    1C6C : 0000 0003           	dc.l bitcnt($80000000084)
    1824/    1C70 : 0000 0003           	dc.l bitcnt($1080100000000000)
    1825/    1C74 : 0000 0002           	dc.l bitcnt($40004000000000)
    1826/    1C78 : 0000 0004           	dc.l bitcnt($1100080200)
    1827/    1C7C : 0000 0003           	dc.l bitcnt($80000000002008)
    1828/    1C80 : 0000 0002           	dc.l bitcnt($2000000000004)
    1829/    1C84 : 0000 0004           	dc.l bitcnt($900000000008400)
    1830/    1C88 : 0000 0002           	dc.l bitcnt($A0000)
    1831/    1C8C : 0000 0003           	dc.l bitcnt($800010100000)
    1832/    1C90 : 0000 0004           	dc.l bitcnt($8010008000100)
    1833/    1C94 : 0000 0002           	dc.l bitcnt($800040000000000)
    1834/    1C98 : 0000 0004           	dc.l bitcnt($9300)
    1835/    1C9C : 0000 0004           	dc.l bitcnt($2000020804000)
    1836/    1CA0 : 0000 0002           	dc.l bitcnt($10000800)
    1837/    1CA4 : 0000 0002           	dc.l bitcnt($20000000004)
    1838/    1CA8 : 0000 0004           	dc.l bitcnt($2800000000004800)
    1839/    1CAC : 0000 0003           	dc.l bitcnt($4000100000002000)
    1840/    1CB0 : 0000 0002           	dc.l bitcnt($800000004)
    1841/    1CB4 : 0000 0002           	dc.l bitcnt($20000200)
    1842/    1CB8 : 0000 0003           	dc.l bitcnt($1000000000400002)
    1843/    1CBC : 0000 0004           	dc.l bitcnt($81000C00)
    1844/    1CC0 : 0000 0003           	dc.l bitcnt($10000000011)
    1845/    1CC4 : 0000 0003           	dc.l bitcnt($80008000040)
    1846/    1CC8 : 0000 0002           	dc.l bitcnt($400000000040000)
    1847/    1CCC : 0000 0002           	dc.l bitcnt($800000000010)
    1848/    1CD0 : 0000 0003           	dc.l bitcnt($8108000)
    1849/    1CD4 : 0000 0003           	dc.l bitcnt($20000100000400)
    1850/    1CD8 : 0000 0003           	dc.l bitcnt($80008000000020)
    1851/    1CDC : 0000 0002           	dc.l bitcnt($200000000010)
    1852/    1CE0 : 0000 0004           	dc.l bitcnt($100018000008)
    1853/    1CE4 : 0000 0002           	dc.l bitcnt($40000000000800)
    1854/    1CE8 : 0000 0004           	dc.l bitcnt(-$7EFFFFEFFC000000)
    1855/    1CEC : 0000 0003           	dc.l bitcnt($80000008001)
    1856/    1CF0 : 0000 0003           	dc.l bitcnt($204040)
    1857/    1CF4 : 0000 0002           	dc.l bitcnt($82000000000)
    1858/    1CF8 : 0000 0003           	dc.l bitcnt(-$7FFFFFFFEFFFF800)
    1859/    1CFC : 0000 0004           	dc.l bitcnt($300110000000000)
    1860/    1D00 : 0000 0002           	dc.l bitcnt($20100000000000)
 AS V1.42 Beta [Bld 212] - Source File t_bitcnt.asm - Page 32 - 09/12/2026 05:50:15 AM


    1861/    1D04 : 0000 0002           	dc.l bitcnt($840000000000000)
    1862/    1D08 : 0000 0004           	dc.l bitcnt($10000080202000)
    1863/    1D0C : 0000 0003           	dc.l bitcnt(-$7FFFFFFFFFBFFFF0)
    1864/    1D10 : 0000 0003           	dc.l bitcnt($10000010002)
    1865/    1D14 : 0000 0002           	dc.l bitcnt($400100)
    1866/    1D18 : EE                  	dc.b $EE
    1867/    1D19 :                     	end
 AS V1.42 Beta [Bld 212] - Source File t_bitcnt.asm - Page 33 - 09/12/2026 05:50:15 AM


  Symbol Table (* = unused):
  --------------------------

*ARCHITECTURE :                                      "x86_64-unknown-linux" - |
*BIGENDIAN :                      0 - | *BRANCHEXT :                      0 - |
*CASESENSITIVE :                  1 - | *COMPMODE :                       0 - |
*CONSTPI :        3.141592653589793 - | *CUSTOM :                         0 - |
*DATE :                "09/12/2026" - | *FALSE :                          0 - |
*FULLPMMU :                       1 - | *HAS64 :                          1 - |
*HASDSP :                         0 - | *HASFPU :                         0 - |
*HASPMMU :                        0 - | *INEXTMODE :                      0 - |
*INLWORDMODE :                    0 - | *INMAXMODE :                      0 - |
*INSRCMODE :                      0 - | *INSUPMODE :                      0 - |
*LISTON :                         1 - | *MACEXP :                         7 - |
*MOMCPU :                     68000 - | *MOMCPUNAME :               "68000" - |
*NESTMAX :                      100 - | *PACKING :                        0 - |
*PADDING :                        0 - | *RELAXED :                        0 - |
*TIME :               "05:50:15 AM" - | *TRUE :                           1 - |
*VERSION :                     142F - | *Z80SYNTAX :                      0 - |

     31 symbols
     31 unused symbols

 AS V1.42 Beta [Bld 212] - Source File t_bitcnt.asm - Page 34 - 09/12/2026 05:50:15 AM


  Code Pages:
  ----------

STANDARD (0 changed characters)

1 code page

0.01 seconds assembly time

   1868 lines source file
      1 pass
      0 errors
      0 warnings
