a_abs_0_hi	0	complete	0000 0000            dc.l (abs(0))>>32		0	00000000EEbuilt:5bytes,nofilewritten(pass-o<path>towriteone)	
a_abs_0_lo	0	complete	0000 0000            dc.l (abs(0))&$FFFFFFFF		0	00000000EEbuilt:5bytes,nofilewritten(pass-o<path>towriteone)	
a_abs_12_hi	0	complete	0000 0000            dc.l (abs(12))>>32		0	00000000EEbuilt:5bytes,nofilewritten(pass-o<path>towriteone)	
a_abs_12_lo	0	complete	0000 000C            dc.l (abs(12))&$FFFFFFFF		0	0000000CEEbuilt:5bytes,nofilewritten(pass-o<path>towriteone)	
a_abs_1_hi	0	complete	0000 0000            dc.l (abs(1))>>32		0	00000000EEbuilt:5bytes,nofilewritten(pass-o<path>towriteone)	
a_abs_1_lo	0	complete	0000 0001            dc.l (abs(1))&$FFFFFFFF		0	00000001EEbuilt:5bytes,nofilewritten(pass-o<path>towriteone)	
a_abs_2_hi	0	complete	0000 0000            dc.l (abs(2))>>32		0	00000000EEbuilt:5bytes,nofilewritten(pass-o<path>towriteone)	
a_abs_2_lo	0	complete	0000 0002            dc.l (abs(2))&$FFFFFFFF		0	00000002EEbuilt:5bytes,nofilewritten(pass-o<path>towriteone)	
a_abs_353_hi	0	complete	0000 0000            dc.l (abs(353))>>32		0	00000000EEbuilt:5bytes,nofilewritten(pass-o<path>towriteone)	
a_abs_353_lo	0	complete	0000 0161            dc.l (abs(353))&$FFFFFFFF		0	00000161EEbuilt:5bytes,nofilewritten(pass-o<path>towriteone)	
a_abs_3_hi	0	complete	0000 0000            dc.l (abs(3))>>32		0	00000000EEbuilt:5bytes,nofilewritten(pass-o<path>towriteone)	
a_abs_3_lo	0	complete	0000 0003            dc.l (abs(3))&$FFFFFFFF		0	00000003EEbuilt:5bytes,nofilewritten(pass-o<path>towriteone)	
a_abs_5_hi	0	complete	0000 0000            dc.l (abs(5))>>32		0	00000000EEbuilt:5bytes,nofilewritten(pass-o<path>towriteone)	
a_abs_5_lo	0	complete	0000 0005            dc.l (abs(5))&$FFFFFFFF		0	00000005EEbuilt:5bytes,nofilewritten(pass-o<path>towriteone)	
a_abs_6_hi	0	complete	0000 0000            dc.l (abs(6))>>32		0	00000000EEbuilt:5bytes,nofilewritten(pass-o<path>towriteone)	
a_abs_6_lo	0	complete	0000 0006            dc.l (abs(6))&$FFFFFFFF		0	00000006EEbuilt:5bytes,nofilewritten(pass-o<path>towriteone)	
a_abs_7_hi	0	complete	0000 0000            dc.l (abs(7))>>32		0	00000000EEbuilt:5bytes,nofilewritten(pass-o<path>towriteone)	
a_abs_7_lo	0	complete	0000 0007            dc.l (abs(7))&$FFFFFFFF		0	00000007EEbuilt:5bytes,nofilewritten(pass-o<path>towriteone)	
a_abs_8_hi	0	complete	0000 0000            dc.l (abs(8))>>32		0	00000000EEbuilt:5bytes,nofilewritten(pass-o<path>towriteone)	
a_abs_8_lo	0	complete	0000 0008            dc.l (abs(8))&$FFFFFFFF		0	00000008EEbuilt:5bytes,nofilewritten(pass-o<path>towriteone)	
a_abs_empty	0	complete	0000 0000            dc.l abs()		1		a_abs_empty.asm(4):7: error: bad long expression
a_abs_empty_int	0	complete	0000 0000            dc.l INT(abs())		1		a_abs_empty_int.asm(4):7: error: int(): could not evaluate float expression
a_abs_emptyparen	0	complete	0000 0000            dc.l abs(())		0	00000000EEbuilt:5bytes,nofilewritten(pass-o<path>towriteone)	
a_abs_equ	0	complete	=$5                  X equ abs(5)		0	00000005EEbuilt:5bytes,nofilewritten(pass-o<path>towriteone)	
a_abs_f0p0_bare	2	complete	                     dc.l abs(0.0)	error #1133: expected integer or string, but got floating point number;	1		a_abs_f0p0_bare.asm(4):11: error: floating point value where an integer is required (wrap it in `int(...)`)
a_abs_f0p0_int	0	complete	0000 0000            dc.l INT(abs(0.0))		0	00000000EEbuilt:5bytes,nofilewritten(pass-o<path>towriteone)	
a_abs_f0p5_bare	2	complete	                     dc.l abs(0.5)	error #1133: expected integer or string, but got floating point number;	1		a_abs_f0p5_bare.asm(4):11: error: floating point value where an integer is required (wrap it in `int(...)`)
a_abs_f0p5_int	0	complete	0000 0000            dc.l INT(abs(0.5))		0	00000000EEbuilt:5bytes,nofilewritten(pass-o<path>towriteone)	
a_abs_f2p5_bare	2	complete	                     dc.l abs(2.5)	error #1133: expected integer or string, but got floating point number;	1		a_abs_f2p5_bare.asm(4):11: error: floating point value where an integer is required (wrap it in `int(...)`)
a_abs_f2p5_int	0	complete	0000 0002            dc.l INT(abs(2.5))		0	00000002EEbuilt:5bytes,nofilewritten(pass-o<path>towriteone)	
a_abs_f5p0_bare	2	complete	                     dc.l abs(5.0)	error #1133: expected integer or string, but got floating point number;	1		a_abs_f5p0_bare.asm(4):11: error: floating point value where an integer is required (wrap it in `int(...)`)
a_abs_f5p0_int	0	complete	0000 0005            dc.l INT(abs(5.0))		0	00000005EEbuilt:5bytes,nofilewritten(pass-o<path>towriteone)	
a_abs_floatsym	2	complete	=2.5                 F set 2.5	error #1133: expected integer or string, but got floating point number;	1		a_abs_floatsym.asm(5):11: error: floating point value where an integer is required (wrap it in `int(...)`)
a_abs_fm2p5_bare	2	complete	                     dc.l abs(-2.5)	error #1133: expected integer or string, but got floating point number;	1		a_abs_fm2p5_bare.asm(4):12: error: floating point value where an integer is required (wrap it in `int(...)`)
a_abs_fm2p5_int	0	complete	0000 0002            dc.l INT(abs(-2.5))		0	00000002EEbuilt:5bytes,nofilewritten(pass-o<path>towriteone)	
a_abs_fwd	0	complete	0000 0005            dc.l abs(Later)		0	00000005EEbuilt:5bytes,nofilewritten(pass-o<path>towriteone)	
a_abs_h100000000_hi	0	complete	0000 0001            dc.l (abs($100000000))>>32		0	00000001EEbuilt:5bytes,nofilewritten(pass-o<path>towriteone)	
a_abs_h100000000_lo	0	complete	0000 0000            dc.l (abs($100000000))&$FFFFFFFF		0	00000000EEbuilt:5bytes,nofilewritten(pass-o<path>towriteone)	
a_abs_h7FFFFFFFFFFFFFFF_hi	0	complete	7FFF FFFF            dc.l (abs($7FFFFFFFFFFFFFFF))>>32		0	7FFFFFFFEEbuilt:5bytes,nofilewritten(pass-o<path>towriteone)	
a_abs_h7FFFFFFFFFFFFFFF_lo	0	complete	FFFF FFFF            dc.l (abs($7FFFFFFFFFFFFFFF))&$FFFFFFFF		0	FFFFFFFFEEbuilt:5bytes,nofilewritten(pass-o<path>towriteone)	
a_abs_h7FFFFFFF_hi	0	complete	0000 0000            dc.l (abs($7FFFFFFF))>>32		0	00000000EEbuilt:5bytes,nofilewritten(pass-o<path>towriteone)	
a_abs_h7FFFFFFF_lo	0	complete	7FFF FFFF            dc.l (abs($7FFFFFFF))&$FFFFFFFF		0	7FFFFFFFEEbuilt:5bytes,nofilewritten(pass-o<path>towriteone)	
a_abs_h80000000_hi	0	complete	0000 0000            dc.l (abs($80000000))>>32		0	00000000EEbuilt:5bytes,nofilewritten(pass-o<path>towriteone)	
a_abs_h80000000_lo	0	complete	8000 0000            dc.l (abs($80000000))&$FFFFFFFF		0	80000000EEbuilt:5bytes,nofilewritten(pass-o<path>towriteone)	
a_abs_h80_hi	0	complete	0000 0000            dc.l (abs($80))>>32		0	00000000EEbuilt:5bytes,nofilewritten(pass-o<path>towriteone)	
a_abs_h80_lo	0	complete	0000 0080            dc.l (abs($80))&$FFFFFFFF		0	00000080EEbuilt:5bytes,nofilewritten(pass-o<path>towriteone)	
a_abs_hE4_hi	0	complete	0000 0000            dc.l (abs($E4))>>32		0	00000000EEbuilt:5bytes,nofilewritten(pass-o<path>towriteone)	
a_abs_hE4_lo	0	complete	0000 00E4            dc.l (abs($E4))&$FFFFFFFF		0	000000E4EEbuilt:5bytes,nofilewritten(pass-o<path>towriteone)	
a_abs_hFFFEB_hi	0	complete	0000 0000            dc.l (abs($FFFEB))>>32		0	00000000EEbuilt:5bytes,nofilewritten(pass-o<path>towriteone)	
a_abs_hFFFEB_lo	0	complete	000F FFEB            dc.l (abs($FFFEB))&$FFFFFFFF		0	000FFFEBEEbuilt:5bytes,nofilewritten(pass-o<path>towriteone)	
a_abs_hFFFFFFFF_hi	0	complete	0000 0000            dc.l (abs($FFFFFFFF))>>32		0	00000000EEbuilt:5bytes,nofilewritten(pass-o<path>towriteone)	
a_abs_hFFFFFFFF_lo	0	complete	FFFF FFFF            dc.l (abs($FFFFFFFF))&$FFFFFFFF		0	FFFFFFFFEEbuilt:5bytes,nofilewritten(pass-o<path>towriteone)	
a_abs_hFF_hi	0	complete	0000 0000            dc.l (abs($FF))>>32		0	00000000EEbuilt:5bytes,nofilewritten(pass-o<path>towriteone)	
a_abs_hFF_lo	0	complete	0000 00FF            dc.l (abs($FF))&$FFFFFFFF		0	000000FFEEbuilt:5bytes,nofilewritten(pass-o<path>towriteone)	
a_abs_imm	0	complete	203C 0000 0005       move.l #abs(5),d0		0	203C00000005EEbuilt:7bytes,nofilewritten(pass-o<path>towriteone)	
a_abs_m1_hi	0	complete	0000 0000            dc.l (abs(-1))>>32		0	00000000EEbuilt:5bytes,nofilewritten(pass-o<path>towriteone)	
a_abs_m1_lo	0	complete	0000 0001            dc.l (abs(-1))&$FFFFFFFF		0	00000001EEbuilt:5bytes,nofilewritten(pass-o<path>towriteone)	
a_abs_m2_hi	0	complete	0000 0000            dc.l (abs(-2))>>32		0	00000000EEbuilt:5bytes,nofilewritten(pass-o<path>towriteone)	
a_abs_m2_lo	0	complete	0000 0002            dc.l (abs(-2))&$FFFFFFFF		0	00000002EEbuilt:5bytes,nofilewritten(pass-o<path>towriteone)	
a_abs_m5_hi	0	complete	0000 0000            dc.l (abs(-5))>>32		0	00000000EEbuilt:5bytes,nofilewritten(pass-o<path>towriteone)	
a_abs_m5_lo	0	complete	0000 0005            dc.l (abs(-5))&$FFFFFFFF		0	00000005EEbuilt:5bytes,nofilewritten(pass-o<path>towriteone)	
a_abs_mh7FFFFFFFFFFFFFFFm1_hi	0	complete	8000 0000            dc.l (abs(-$7FFFFFFFFFFFFFFF-1))>>32		0	80000000EEbuilt:5bytes,nofilewritten(pass-o<path>towriteone)	
a_abs_mh7FFFFFFFFFFFFFFFm1_lo	0	complete	0000 0000            dc.l (abs(-$7FFFFFFFFFFFFFFF-1))&$FFFFFFFF		0	00000000EEbuilt:5bytes,nofilewritten(pass-o<path>towriteone)	
a_abs_mh80_hi	0	complete	0000 0000            dc.l (abs(-$80))>>32		0	00000000EEbuilt:5bytes,nofilewritten(pass-o<path>towriteone)	
a_abs_mh80_lo	0	complete	0000 0080            dc.l (abs(-$80))&$FFFFFFFF		0	00000080EEbuilt:5bytes,nofilewritten(pass-o<path>towriteone)	
a_abs_nested	0	complete	0000 0005            dc.l abs(abs(5))		0	00000005EEbuilt:5bytes,nofilewritten(pass-o<path>towriteone)	
a_abs_q0q_hi	3	unknown		error #10000: internal error;	0	00000000EEbuilt:5bytes,nofilewritten(pass-o<path>towriteone)	
a_abs_q0q_lo	3	unknown		error #10000: internal error;	0	00000030EEbuilt:5bytes,nofilewritten(pass-o<path>towriteone)	
a_abs_qaq_hi	3	unknown		error #10000: internal error;	0	00000000EEbuilt:5bytes,nofilewritten(pass-o<path>towriteone)	
a_abs_qAq_hi	3	unknown		error #10000: internal error;	0	00000000EEbuilt:5bytes,nofilewritten(pass-o<path>towriteone)	
a_abs_qaq_lo	3	unknown		error #10000: internal error;	0	00000061EEbuilt:5bytes,nofilewritten(pass-o<path>towriteone)	
a_abs_qAq_lo	3	unknown		error #10000: internal error;	0	00000041EEbuilt:5bytes,nofilewritten(pass-o<path>towriteone)	
a_abs_qzq_hi	3	unknown		error #10000: internal error;	0	00000000EEbuilt:5bytes,nofilewritten(pass-o<path>towriteone)	
a_abs_qzq_lo	3	unknown		error #10000: internal error;	0	0000007AEEbuilt:5bytes,nofilewritten(pass-o<path>towriteone)	
a_abs_space	0	complete	0000 0005            dc.l abs( 5 )		0	00000005EEbuilt:5bytes,nofilewritten(pass-o<path>towriteone)	
a_abs_string2	3	unknown		error #10000: internal error;	1		a_abs_string2.asm(4):11: error: string operand in a data directive wider than a byte: asl emits one zero-extended element per character here, which is not implemented
a_abs_string	3	unknown		error #10000: internal error;	1		a_abs_string.asm(4):11: error: string operand in a data directive wider than a byte: asl emits one zero-extended element per character here, which is not implemented
a_abs_twoarg	2	complete	                     dc.l abs(1,2)	error #1490: wrong numbers of function arguments;	1		a_abs_twoarg.asm(4):7: error: bad long expression
a_abs_undef	2	complete	                     dc.l abs(Nope)	error #1010: symbol undefined;	1		a_abs_undef.asm(4):7: error: bad long expression
a_abs_upper	0	complete	0000 0005            dc.l ABS(5)		0	00000005EEbuilt:5bytes,nofilewritten(pass-o<path>towriteone)	
a_bitcnt_0_hi	0	complete	0000 0000            dc.l (bitcnt(0))>>32		1		a_bitcnt_0_hi.asm(4):7: error: bad long expression
a_bitcnt_0_lo	0	complete	0000 0000            dc.l (bitcnt(0))&$FFFFFFFF		1		a_bitcnt_0_lo.asm(4):7: error: bad long expression
a_bitcnt_12_hi	0	complete	0000 0000            dc.l (bitcnt(12))>>32		1		a_bitcnt_12_hi.asm(4):7: error: bad long expression
a_bitcnt_12_lo	0	complete	0000 0002            dc.l (bitcnt(12))&$FFFFFFFF		1		a_bitcnt_12_lo.asm(4):7: error: bad long expression
a_bitcnt_1_hi	0	complete	0000 0000            dc.l (bitcnt(1))>>32		1		a_bitcnt_1_hi.asm(4):7: error: bad long expression
a_bitcnt_1_lo	0	complete	0000 0001            dc.l (bitcnt(1))&$FFFFFFFF		1		a_bitcnt_1_lo.asm(4):7: error: bad long expression
a_bitcnt_2_hi	0	complete	0000 0000            dc.l (bitcnt(2))>>32		1		a_bitcnt_2_hi.asm(4):7: error: bad long expression
a_bitcnt_2_lo	0	complete	0000 0001            dc.l (bitcnt(2))&$FFFFFFFF		1		a_bitcnt_2_lo.asm(4):7: error: bad long expression
a_bitcnt_353_hi	0	complete	0000 0000            dc.l (bitcnt(353))>>32		1		a_bitcnt_353_hi.asm(4):7: error: bad long expression
a_bitcnt_353_lo	0	complete	0000 0004            dc.l (bitcnt(353))&$FFFFFFFF		1		a_bitcnt_353_lo.asm(4):7: error: bad long expression
a_bitcnt_3_hi	0	complete	0000 0000            dc.l (bitcnt(3))>>32		1		a_bitcnt_3_hi.asm(4):7: error: bad long expression
a_bitcnt_3_lo	0	complete	0000 0002            dc.l (bitcnt(3))&$FFFFFFFF		1		a_bitcnt_3_lo.asm(4):7: error: bad long expression
a_bitcnt_5_hi	0	complete	0000 0000            dc.l (bitcnt(5))>>32		1		a_bitcnt_5_hi.asm(4):7: error: bad long expression
a_bitcnt_5_lo	0	complete	0000 0002            dc.l (bitcnt(5))&$FFFFFFFF		1		a_bitcnt_5_lo.asm(4):7: error: bad long expression
a_bitcnt_6_hi	0	complete	0000 0000            dc.l (bitcnt(6))>>32		1		a_bitcnt_6_hi.asm(4):7: error: bad long expression
a_bitcnt_6_lo	0	complete	0000 0002            dc.l (bitcnt(6))&$FFFFFFFF		1		a_bitcnt_6_lo.asm(4):7: error: bad long expression
a_bitcnt_7_hi	0	complete	0000 0000            dc.l (bitcnt(7))>>32		1		a_bitcnt_7_hi.asm(4):7: error: bad long expression
a_bitcnt_7_lo	0	complete	0000 0003            dc.l (bitcnt(7))&$FFFFFFFF		1		a_bitcnt_7_lo.asm(4):7: error: bad long expression
a_bitcnt_8_hi	0	complete	0000 0000            dc.l (bitcnt(8))>>32		1		a_bitcnt_8_hi.asm(4):7: error: bad long expression
a_bitcnt_8_lo	0	complete	0000 0001            dc.l (bitcnt(8))&$FFFFFFFF		1		a_bitcnt_8_lo.asm(4):7: error: bad long expression
a_bitcnt_empty	0	complete	0000 0000            dc.l bitcnt()		1		a_bitcnt_empty.asm(4):7: error: bad long expression
a_bitcnt_empty_int	0	complete	0000 0000            dc.l INT(bitcnt())		1		a_bitcnt_empty_int.asm(4):7: error: int(): could not evaluate float expression
a_bitcnt_emptyparen	0	complete	0000 0000            dc.l bitcnt(())		1		a_bitcnt_emptyparen.asm(4):7: error: bad long expression
a_bitcnt_equ	0	complete	=$2                  X equ bitcnt(5)		1		a_bitcnt_equ.asm(4):1: error: trailing tokens in expression
a_bitcnt_f0p0_bare	3	unknown		error #10000: internal error;	1		a_bitcnt_f0p0_bare.asm(4):14: error: floating point value where an integer is required (wrap it in `int(...)`)
a_bitcnt_f0p0_int	3	unknown		error #10000: internal error;	1		a_bitcnt_f0p0_int.asm(4):7: error: int(): could not evaluate float expression
a_bitcnt_f0p5_bare	3	unknown		error #10000: internal error;	1		a_bitcnt_f0p5_bare.asm(4):14: error: floating point value where an integer is required (wrap it in `int(...)`)
a_bitcnt_f0p5_int	3	unknown		error #10000: internal error;	1		a_bitcnt_f0p5_int.asm(4):7: error: int(): could not evaluate float expression
a_bitcnt_f2p5_bare	3	unknown		error #10000: internal error;	1		a_bitcnt_f2p5_bare.asm(4):14: error: floating point value where an integer is required (wrap it in `int(...)`)
a_bitcnt_f2p5_int	3	unknown		error #10000: internal error;	1		a_bitcnt_f2p5_int.asm(4):7: error: int(): could not evaluate float expression
a_bitcnt_f5p0_bare	3	unknown		error #10000: internal error;	1		a_bitcnt_f5p0_bare.asm(4):14: error: floating point value where an integer is required (wrap it in `int(...)`)
a_bitcnt_f5p0_int	3	unknown		error #10000: internal error;	1		a_bitcnt_f5p0_int.asm(4):7: error: int(): could not evaluate float expression
a_bitcnt_floatsym	3	unknown	=2.5                 F set 2.5	error #10000: internal error;	1		a_bitcnt_floatsym.asm(5):14: error: floating point value where an integer is required (wrap it in `int(...)`)
a_bitcnt_fm2p5_bare	3	unknown		error #10000: internal error;	1		a_bitcnt_fm2p5_bare.asm(4):15: error: floating point value where an integer is required (wrap it in `int(...)`)
a_bitcnt_fm2p5_int	3	unknown		error #10000: internal error;	1		a_bitcnt_fm2p5_int.asm(4):7: error: int(): could not evaluate float expression
a_bitcnt_fwd	0	complete	0000 0002            dc.l bitcnt(Later)		1		a_bitcnt_fwd.asm(4):7: error: bad long expression
a_bitcnt_h100000000_hi	0	complete	0000 0000            dc.l (bitcnt($100000000))>>32		1		a_bitcnt_h100000000_hi.asm(4):7: error: bad long expression
a_bitcnt_h100000000_lo	0	complete	0000 0001            dc.l (bitcnt($100000000))&$FFFFFFFF		1		a_bitcnt_h100000000_lo.asm(4):7: error: bad long expression
a_bitcnt_h7FFFFFFFFFFFFFFF_hi	0	complete	0000 0000            dc.l (bitcnt($7FFFFFFFFFFFFFFF))>>32		1		a_bitcnt_h7FFFFFFFFFFFFFFF_hi.asm(4):7: error: bad long expression
a_bitcnt_h7FFFFFFFFFFFFFFF_lo	0	complete	0000 003F            dc.l (bitcnt($7FFFFFFFFFFFFFFF))&$FFFFFFFF		1		a_bitcnt_h7FFFFFFFFFFFFFFF_lo.asm(4):7: error: bad long expression
a_bitcnt_h7FFFFFFF_hi	0	complete	0000 0000            dc.l (bitcnt($7FFFFFFF))>>32		1		a_bitcnt_h7FFFFFFF_hi.asm(4):7: error: bad long expression
a_bitcnt_h7FFFFFFF_lo	0	complete	0000 001F            dc.l (bitcnt($7FFFFFFF))&$FFFFFFFF		1		a_bitcnt_h7FFFFFFF_lo.asm(4):7: error: bad long expression
a_bitcnt_h80000000_hi	0	complete	0000 0000            dc.l (bitcnt($80000000))>>32		1		a_bitcnt_h80000000_hi.asm(4):7: error: bad long expression
a_bitcnt_h80000000_lo	0	complete	0000 0001            dc.l (bitcnt($80000000))&$FFFFFFFF		1		a_bitcnt_h80000000_lo.asm(4):7: error: bad long expression
a_bitcnt_h80_hi	0	complete	0000 0000            dc.l (bitcnt($80))>>32		1		a_bitcnt_h80_hi.asm(4):7: error: bad long expression
a_bitcnt_h80_lo	0	complete	0000 0001            dc.l (bitcnt($80))&$FFFFFFFF		1		a_bitcnt_h80_lo.asm(4):7: error: bad long expression
a_bitcnt_hE4_hi	0	complete	0000 0000            dc.l (bitcnt($E4))>>32		1		a_bitcnt_hE4_hi.asm(4):7: error: bad long expression
a_bitcnt_hE4_lo	0	complete	0000 0004            dc.l (bitcnt($E4))&$FFFFFFFF		1		a_bitcnt_hE4_lo.asm(4):7: error: bad long expression
a_bitcnt_hFFFEB_hi	0	complete	0000 0000            dc.l (bitcnt($FFFEB))>>32		1		a_bitcnt_hFFFEB_hi.asm(4):7: error: bad long expression
a_bitcnt_hFFFEB_lo	0	complete	0000 0012            dc.l (bitcnt($FFFEB))&$FFFFFFFF		1		a_bitcnt_hFFFEB_lo.asm(4):7: error: bad long expression
a_bitcnt_hFFFFFFFF_hi	0	complete	0000 0000            dc.l (bitcnt($FFFFFFFF))>>32		1		a_bitcnt_hFFFFFFFF_hi.asm(4):7: error: bad long expression
a_bitcnt_hFFFFFFFF_lo	0	complete	0000 0020            dc.l (bitcnt($FFFFFFFF))&$FFFFFFFF		1		a_bitcnt_hFFFFFFFF_lo.asm(4):7: error: bad long expression
a_bitcnt_hFF_hi	0	complete	0000 0000            dc.l (bitcnt($FF))>>32		1		a_bitcnt_hFF_hi.asm(4):7: error: bad long expression
a_bitcnt_hFF_lo	0	complete	0000 0008            dc.l (bitcnt($FF))&$FFFFFFFF		1		a_bitcnt_hFF_lo.asm(4):7: error: bad long expression
a_bitcnt_imm	0	complete	203C 0000 0002       move.l #bitcnt(5),d0		1		a_bitcnt_imm.asm(4):9: error: trailing tokens in #immediate
a_bitcnt_m1_hi	0	complete	0000 0000            dc.l (bitcnt(-1))>>32		1		a_bitcnt_m1_hi.asm(4):7: error: bad long expression
a_bitcnt_m1_lo	0	complete	0000 0040            dc.l (bitcnt(-1))&$FFFFFFFF		1		a_bitcnt_m1_lo.asm(4):7: error: bad long expression
a_bitcnt_m2_hi	0	complete	0000 0000            dc.l (bitcnt(-2))>>32		1		a_bitcnt_m2_hi.asm(4):7: error: bad long expression
a_bitcnt_m2_lo	0	complete	0000 003F            dc.l (bitcnt(-2))&$FFFFFFFF		1		a_bitcnt_m2_lo.asm(4):7: error: bad long expression
a_bitcnt_m5_hi	0	complete	0000 0000            dc.l (bitcnt(-5))>>32		1		a_bitcnt_m5_hi.asm(4):7: error: bad long expression
a_bitcnt_m5_lo	0	complete	0000 003F            dc.l (bitcnt(-5))&$FFFFFFFF		1		a_bitcnt_m5_lo.asm(4):7: error: bad long expression
a_bitcnt_mh7FFFFFFFFFFFFFFFm1_hi	0	complete	0000 0000            dc.l (bitcnt(-$7FFFFFFFFFFFFFFF-1))>>32		1		a_bitcnt_mh7FFFFFFFFFFFFFFFm1_hi.asm(4):7: error: bad long expression
a_bitcnt_mh7FFFFFFFFFFFFFFFm1_lo	0	complete	0000 0001            dc.l (bitcnt(-$7FFFFFFFFFFFFFFF-1))&$FFFFFFFF		1		a_bitcnt_mh7FFFFFFFFFFFFFFFm1_lo.asm(4):7: error: bad long expression
a_bitcnt_mh80_hi	0	complete	0000 0000            dc.l (bitcnt(-$80))>>32		1		a_bitcnt_mh80_hi.asm(4):7: error: bad long expression
a_bitcnt_mh80_lo	0	complete	0000 0039            dc.l (bitcnt(-$80))&$FFFFFFFF		1		a_bitcnt_mh80_lo.asm(4):7: error: bad long expression
a_bitcnt_nested	0	complete	0000 0001            dc.l bitcnt(bitcnt(5))		1		a_bitcnt_nested.asm(4):7: error: bad long expression
a_bitcnt_q0q_hi	2	complete	                     dc.l (bitcnt('0'))>>32	error #1136: expected floating point number, but got string;	1		a_bitcnt_q0q_hi.asm(4):7: error: bad long expression
a_bitcnt_q0q_lo	2	complete	                     dc.l (bitcnt('0'))&$FFFFFFFF	error #1136: expected floating point number, but got string;	1		a_bitcnt_q0q_lo.asm(4):7: error: bad long expression
a_bitcnt_qaq_hi	2	complete	                     dc.l (bitcnt('a'))>>32	error #1136: expected floating point number, but got string;	1		a_bitcnt_qaq_hi.asm(4):7: error: bad long expression
a_bitcnt_qAq_hi	2	complete	                     dc.l (bitcnt('A'))>>32	error #1136: expected floating point number, but got string;	1		a_bitcnt_qAq_hi.asm(4):7: error: bad long expression
a_bitcnt_qaq_lo	2	complete	                     dc.l (bitcnt('a'))&$FFFFFFFF	error #1136: expected floating point number, but got string;	1		a_bitcnt_qaq_lo.asm(4):7: error: bad long expression
a_bitcnt_qAq_lo	2	complete	                     dc.l (bitcnt('A'))&$FFFFFFFF	error #1136: expected floating point number, but got string;	1		a_bitcnt_qAq_lo.asm(4):7: error: bad long expression
a_bitcnt_qzq_hi	2	complete	                     dc.l (bitcnt('z'))>>32	error #1136: expected floating point number, but got string;	1		a_bitcnt_qzq_hi.asm(4):7: error: bad long expression
a_bitcnt_qzq_lo	2	complete	                     dc.l (bitcnt('z'))&$FFFFFFFF	error #1136: expected floating point number, but got string;	1		a_bitcnt_qzq_lo.asm(4):7: error: bad long expression
a_bitcnt_space	0	complete	0000 0002            dc.l bitcnt( 5 )		1		a_bitcnt_space.asm(4):7: error: bad long expression
a_bitcnt_string2	2	complete	                     dc.l bitcnt("ab")	error #1136: expected floating point number, but got string;	1		a_bitcnt_string2.asm(4):14: error: string operand in a data directive wider than a byte: asl emits one zero-extended element per character here, which is not implemented
a_bitcnt_string	2	complete	                     dc.l bitcnt("A")	error #1136: expected floating point number, but got string;	1		a_bitcnt_string.asm(4):14: error: string operand in a data directive wider than a byte: asl emits one zero-extended element per character here, which is not implemented
a_bitcnt_twoarg	2	complete	                     dc.l bitcnt(1,2)	error #1490: wrong numbers of function arguments;	1		a_bitcnt_twoarg.asm(4):7: error: bad long expression
a_bitcnt_undef	2	complete	                     dc.l bitcnt(Nope)	error #1010: symbol undefined;	1		a_bitcnt_undef.asm(4):7: error: bad long expression
a_bitcnt_upper	0	complete	0000 0002            dc.l BITCNT(5)		1		a_bitcnt_upper.asm(4):7: error: bad long expression
a_bitpos_0_hi	2	complete	FFFF FFFF            dc.l (bitpos(0))>>32	error #1540: not exactly one bit set;	1		a_bitpos_0_hi.asm(4):7: error: bad long expression
a_bitpos_0_lo	2	complete	FFFF FFFF            dc.l (bitpos(0))&$FFFFFFFF	error #1540: not exactly one bit set;	1		a_bitpos_0_lo.asm(4):7: error: bad long expression
a_bitpos_12_hi	2	complete	FFFF FFFF            dc.l (bitpos(12))>>32	error #1540: not exactly one bit set;	1		a_bitpos_12_hi.asm(4):7: error: bad long expression
a_bitpos_12_lo	2	complete	FFFF FFFF            dc.l (bitpos(12))&$FFFFFFFF	error #1540: not exactly one bit set;	1		a_bitpos_12_lo.asm(4):7: error: bad long expression
a_bitpos_1_hi	0	complete	0000 0000            dc.l (bitpos(1))>>32		1		a_bitpos_1_hi.asm(4):7: error: bad long expression
a_bitpos_1_lo	0	complete	0000 0000            dc.l (bitpos(1))&$FFFFFFFF		1		a_bitpos_1_lo.asm(4):7: error: bad long expression
a_bitpos_2_hi	0	complete	0000 0000            dc.l (bitpos(2))>>32		1		a_bitpos_2_hi.asm(4):7: error: bad long expression
a_bitpos_2_lo	0	complete	0000 0001            dc.l (bitpos(2))&$FFFFFFFF		1		a_bitpos_2_lo.asm(4):7: error: bad long expression
a_bitpos_353_hi	2	complete	FFFF FFFF            dc.l (bitpos(353))>>32	error #1540: not exactly one bit set;	1		a_bitpos_353_hi.asm(4):7: error: bad long expression
a_bitpos_353_lo	2	complete	FFFF FFFF            dc.l (bitpos(353))&$FFFFFFFF	error #1540: not exactly one bit set;	1		a_bitpos_353_lo.asm(4):7: error: bad long expression
a_bitpos_3_hi	2	complete	FFFF FFFF            dc.l (bitpos(3))>>32	error #1540: not exactly one bit set;	1		a_bitpos_3_hi.asm(4):7: error: bad long expression
a_bitpos_3_lo	2	complete	FFFF FFFF            dc.l (bitpos(3))&$FFFFFFFF	error #1540: not exactly one bit set;	1		a_bitpos_3_lo.asm(4):7: error: bad long expression
a_bitpos_5_hi	2	complete	FFFF FFFF            dc.l (bitpos(5))>>32	error #1540: not exactly one bit set;	1		a_bitpos_5_hi.asm(4):7: error: bad long expression
a_bitpos_5_lo	2	complete	FFFF FFFF            dc.l (bitpos(5))&$FFFFFFFF	error #1540: not exactly one bit set;	1		a_bitpos_5_lo.asm(4):7: error: bad long expression
a_bitpos_6_hi	2	complete	FFFF FFFF            dc.l (bitpos(6))>>32	error #1540: not exactly one bit set;	1		a_bitpos_6_hi.asm(4):7: error: bad long expression
a_bitpos_6_lo	2	complete	FFFF FFFF            dc.l (bitpos(6))&$FFFFFFFF	error #1540: not exactly one bit set;	1		a_bitpos_6_lo.asm(4):7: error: bad long expression
a_bitpos_7_hi	2	complete	FFFF FFFF            dc.l (bitpos(7))>>32	error #1540: not exactly one bit set;	1		a_bitpos_7_hi.asm(4):7: error: bad long expression
a_bitpos_7_lo	2	complete	FFFF FFFF            dc.l (bitpos(7))&$FFFFFFFF	error #1540: not exactly one bit set;	1		a_bitpos_7_lo.asm(4):7: error: bad long expression
a_bitpos_8_hi	0	complete	0000 0000            dc.l (bitpos(8))>>32		1		a_bitpos_8_hi.asm(4):7: error: bad long expression
a_bitpos_8_lo	0	complete	0000 0003            dc.l (bitpos(8))&$FFFFFFFF		1		a_bitpos_8_lo.asm(4):7: error: bad long expression
a_bitpos_empty	2	complete	FFFF FFFF            dc.l bitpos()	error #1540: not exactly one bit set;	1		a_bitpos_empty.asm(4):7: error: bad long expression
a_bitpos_empty_int	2	complete	FFFF FFFF            dc.l INT(bitpos())	error #1540: not exactly one bit set;	1		a_bitpos_empty_int.asm(4):7: error: int(): could not evaluate float expression
a_bitpos_emptyparen	2	complete	FFFF FFFF            dc.l bitpos(())	error #1540: not exactly one bit set;	1		a_bitpos_emptyparen.asm(4):7: error: bad long expression
a_bitpos_equ	2	complete	=$FFFFFFFFFFFFFFFF   X equ bitpos(5)	error #1540: not exactly one bit set;	1		a_bitpos_equ.asm(4):1: error: trailing tokens in expression
a_bitpos_f0p0_bare	3	unknown		error #10000: internal error;	1		a_bitpos_f0p0_bare.asm(4):14: error: floating point value where an integer is required (wrap it in `int(...)`)
a_bitpos_f0p0_int	3	unknown		error #10000: internal error;	1		a_bitpos_f0p0_int.asm(4):7: error: int(): could not evaluate float expression
a_bitpos_f0p5_bare	3	unknown		error #10000: internal error;	1		a_bitpos_f0p5_bare.asm(4):14: error: floating point value where an integer is required (wrap it in `int(...)`)
a_bitpos_f0p5_int	3	unknown		error #10000: internal error;	1		a_bitpos_f0p5_int.asm(4):7: error: int(): could not evaluate float expression
a_bitpos_f2p5_bare	3	unknown		error #10000: internal error;	1		a_bitpos_f2p5_bare.asm(4):14: error: floating point value where an integer is required (wrap it in `int(...)`)
a_bitpos_f2p5_int	3	unknown		error #10000: internal error;	1		a_bitpos_f2p5_int.asm(4):7: error: int(): could not evaluate float expression
a_bitpos_f5p0_bare	3	unknown		error #10000: internal error;	1		a_bitpos_f5p0_bare.asm(4):14: error: floating point value where an integer is required (wrap it in `int(...)`)
a_bitpos_f5p0_int	3	unknown		error #10000: internal error;	1		a_bitpos_f5p0_int.asm(4):7: error: int(): could not evaluate float expression
a_bitpos_floatsym	3	unknown	=2.5                 F set 2.5	error #10000: internal error;	1		a_bitpos_floatsym.asm(5):14: error: floating point value where an integer is required (wrap it in `int(...)`)
a_bitpos_fm2p5_bare	3	unknown		error #10000: internal error;	1		a_bitpos_fm2p5_bare.asm(4):15: error: floating point value where an integer is required (wrap it in `int(...)`)
a_bitpos_fm2p5_int	3	unknown		error #10000: internal error;	1		a_bitpos_fm2p5_int.asm(4):7: error: int(): could not evaluate float expression
a_bitpos_fwd	2	INCOMPLETE	FFFF FFFF            dc.l bitpos(Later)	error #1540: not exactly one bit set;	1		a_bitpos_fwd.asm(4):7: error: bad long expression
a_bitpos_h100000000_hi	0	complete	0000 0000            dc.l (bitpos($100000000))>>32		1		a_bitpos_h100000000_hi.asm(4):7: error: bad long expression
a_bitpos_h100000000_lo	0	complete	0000 0020            dc.l (bitpos($100000000))&$FFFFFFFF		1		a_bitpos_h100000000_lo.asm(4):7: error: bad long expression
a_bitpos_h7FFFFFFFFFFFFFFF_hi	2	complete	FFFF FFFF            dc.l (bitpos($7FFFFFFFFFFFFFFF))>>32	error #1540: not exactly one bit set;	1		a_bitpos_h7FFFFFFFFFFFFFFF_hi.asm(4):7: error: bad long expression
a_bitpos_h7FFFFFFFFFFFFFFF_lo	2	complete	FFFF FFFF            dc.l (bitpos($7FFFFFFFFFFFFFFF))&$FFFFFFFF	error #1540: not exactly one bit set;	1		a_bitpos_h7FFFFFFFFFFFFFFF_lo.asm(4):7: error: bad long expression
a_bitpos_h7FFFFFFF_hi	2	complete	FFFF FFFF            dc.l (bitpos($7FFFFFFF))>>32	error #1540: not exactly one bit set;	1		a_bitpos_h7FFFFFFF_hi.asm(4):7: error: bad long expression
a_bitpos_h7FFFFFFF_lo	2	complete	FFFF FFFF            dc.l (bitpos($7FFFFFFF))&$FFFFFFFF	error #1540: not exactly one bit set;	1		a_bitpos_h7FFFFFFF_lo.asm(4):7: error: bad long expression
a_bitpos_h80000000_hi	0	complete	0000 0000            dc.l (bitpos($80000000))>>32		1		a_bitpos_h80000000_hi.asm(4):7: error: bad long expression
a_bitpos_h80000000_lo	0	complete	0000 001F            dc.l (bitpos($80000000))&$FFFFFFFF		1		a_bitpos_h80000000_lo.asm(4):7: error: bad long expression
a_bitpos_h80_hi	0	complete	0000 0000            dc.l (bitpos($80))>>32		1		a_bitpos_h80_hi.asm(4):7: error: bad long expression
a_bitpos_h80_lo	0	complete	0000 0007            dc.l (bitpos($80))&$FFFFFFFF		1		a_bitpos_h80_lo.asm(4):7: error: bad long expression
a_bitpos_hE4_hi	2	complete	FFFF FFFF            dc.l (bitpos($E4))>>32	error #1540: not exactly one bit set;	1		a_bitpos_hE4_hi.asm(4):7: error: bad long expression
a_bitpos_hE4_lo	2	complete	FFFF FFFF            dc.l (bitpos($E4))&$FFFFFFFF	error #1540: not exactly one bit set;	1		a_bitpos_hE4_lo.asm(4):7: error: bad long expression
a_bitpos_hFFFEB_hi	2	complete	FFFF FFFF            dc.l (bitpos($FFFEB))>>32	error #1540: not exactly one bit set;	1		a_bitpos_hFFFEB_hi.asm(4):7: error: bad long expression
a_bitpos_hFFFEB_lo	2	complete	FFFF FFFF            dc.l (bitpos($FFFEB))&$FFFFFFFF	error #1540: not exactly one bit set;	1		a_bitpos_hFFFEB_lo.asm(4):7: error: bad long expression
a_bitpos_hFFFFFFFF_hi	2	complete	FFFF FFFF            dc.l (bitpos($FFFFFFFF))>>32	error #1540: not exactly one bit set;	1		a_bitpos_hFFFFFFFF_hi.asm(4):7: error: bad long expression
a_bitpos_hFFFFFFFF_lo	2	complete	FFFF FFFF            dc.l (bitpos($FFFFFFFF))&$FFFFFFFF	error #1540: not exactly one bit set;	1		a_bitpos_hFFFFFFFF_lo.asm(4):7: error: bad long expression
a_bitpos_hFF_hi	2	complete	FFFF FFFF            dc.l (bitpos($FF))>>32	error #1540: not exactly one bit set;	1		a_bitpos_hFF_hi.asm(4):7: error: bad long expression
a_bitpos_hFF_lo	2	complete	FFFF FFFF            dc.l (bitpos($FF))&$FFFFFFFF	error #1540: not exactly one bit set;	1		a_bitpos_hFF_lo.asm(4):7: error: bad long expression
a_bitpos_imm	2	complete	203C FFFF FFFF       move.l #bitpos(5),d0	error #1540: not exactly one bit set;	1		a_bitpos_imm.asm(4):9: error: trailing tokens in #immediate
a_bitpos_m1_hi	2	complete	FFFF FFFF            dc.l (bitpos(-1))>>32	error #1540: not exactly one bit set;	1		a_bitpos_m1_hi.asm(4):7: error: bad long expression
a_bitpos_m1_lo	2	complete	FFFF FFFF            dc.l (bitpos(-1))&$FFFFFFFF	error #1540: not exactly one bit set;	1		a_bitpos_m1_lo.asm(4):7: error: bad long expression
a_bitpos_m2_hi	2	complete	FFFF FFFF            dc.l (bitpos(-2))>>32	error #1540: not exactly one bit set;	1		a_bitpos_m2_hi.asm(4):7: error: bad long expression
a_bitpos_m2_lo	2	complete	FFFF FFFF            dc.l (bitpos(-2))&$FFFFFFFF	error #1540: not exactly one bit set;	1		a_bitpos_m2_lo.asm(4):7: error: bad long expression
a_bitpos_m5_hi	2	complete	FFFF FFFF            dc.l (bitpos(-5))>>32	error #1540: not exactly one bit set;	1		a_bitpos_m5_hi.asm(4):7: error: bad long expression
a_bitpos_m5_lo	2	complete	FFFF FFFF            dc.l (bitpos(-5))&$FFFFFFFF	error #1540: not exactly one bit set;	1		a_bitpos_m5_lo.asm(4):7: error: bad long expression
a_bitpos_mh7FFFFFFFFFFFFFFFm1_hi	2	complete	FFFF FFFF            dc.l (bitpos(-$7FFFFFFFFFFFFFFF-1))>>32	error #1540: not exactly one bit set;	1		a_bitpos_mh7FFFFFFFFFFFFFFFm1_hi.asm(4):7: error: bad long expression
a_bitpos_mh7FFFFFFFFFFFFFFFm1_lo	2	complete	FFFF FFFF            dc.l (bitpos(-$7FFFFFFFFFFFFFFF-1))&$FFFFFFFF	error #1540: not exactly one bit set;	1		a_bitpos_mh7FFFFFFFFFFFFFFFm1_lo.asm(4):7: error: bad long expression
a_bitpos_mh80_hi	2	complete	FFFF FFFF            dc.l (bitpos(-$80))>>32	error #1540: not exactly one bit set;	1		a_bitpos_mh80_hi.asm(4):7: error: bad long expression
a_bitpos_mh80_lo	2	complete	FFFF FFFF            dc.l (bitpos(-$80))&$FFFFFFFF	error #1540: not exactly one bit set;	1		a_bitpos_mh80_lo.asm(4):7: error: bad long expression
a_bitpos_nested	2	complete	FFFF FFFF            dc.l bitpos(bitpos(5))	error #1540: not exactly one bit set;error #1540: not exactly one bit set;	1		a_bitpos_nested.asm(4):7: error: bad long expression
a_bitpos_q0q_hi	2	complete	                     dc.l (bitpos('0'))>>32	error #1136: expected floating point number, but got string;	1		a_bitpos_q0q_hi.asm(4):7: error: bad long expression
a_bitpos_q0q_lo	2	complete	                     dc.l (bitpos('0'))&$FFFFFFFF	error #1136: expected floating point number, but got string;	1		a_bitpos_q0q_lo.asm(4):7: error: bad long expression
a_bitpos_qaq_hi	2	complete	                     dc.l (bitpos('a'))>>32	error #1136: expected floating point number, but got string;	1		a_bitpos_qaq_hi.asm(4):7: error: bad long expression
a_bitpos_qAq_hi	2	complete	                     dc.l (bitpos('A'))>>32	error #1136: expected floating point number, but got string;	1		a_bitpos_qAq_hi.asm(4):7: error: bad long expression
a_bitpos_qaq_lo	2	complete	                     dc.l (bitpos('a'))&$FFFFFFFF	error #1136: expected floating point number, but got string;	1		a_bitpos_qaq_lo.asm(4):7: error: bad long expression
a_bitpos_qAq_lo	2	complete	                     dc.l (bitpos('A'))&$FFFFFFFF	error #1136: expected floating point number, but got string;	1		a_bitpos_qAq_lo.asm(4):7: error: bad long expression
a_bitpos_qzq_hi	2	complete	                     dc.l (bitpos('z'))>>32	error #1136: expected floating point number, but got string;	1		a_bitpos_qzq_hi.asm(4):7: error: bad long expression
a_bitpos_qzq_lo	2	complete	                     dc.l (bitpos('z'))&$FFFFFFFF	error #1136: expected floating point number, but got string;	1		a_bitpos_qzq_lo.asm(4):7: error: bad long expression
a_bitpos_space	2	complete	FFFF FFFF            dc.l bitpos( 5 )	error #1540: not exactly one bit set;	1		a_bitpos_space.asm(4):7: error: bad long expression
a_bitpos_string2	2	complete	                     dc.l bitpos("ab")	error #1136: expected floating point number, but got string;	1		a_bitpos_string2.asm(4):14: error: string operand in a data directive wider than a byte: asl emits one zero-extended element per character here, which is not implemented
a_bitpos_string	2	complete	                     dc.l bitpos("A")	error #1136: expected floating point number, but got string;	1		a_bitpos_string.asm(4):14: error: string operand in a data directive wider than a byte: asl emits one zero-extended element per character here, which is not implemented
a_bitpos_twoarg	2	complete	                     dc.l bitpos(1,2)	error #1490: wrong numbers of function arguments;	1		a_bitpos_twoarg.asm(4):7: error: bad long expression
a_bitpos_undef	2	INCOMPLETE	FFFF FFFF            dc.l bitpos(Nope)	error #1540: not exactly one bit set;	1		a_bitpos_undef.asm(4):7: error: bad long expression
a_bitpos_upper	2	complete	FFFF FFFF            dc.l BITPOS(5)	error #1540: not exactly one bit set;	1		a_bitpos_upper.asm(4):7: error: bad long expression
a_firstbit_0_hi	0	complete	FFFF FFFF            dc.l (firstbit(0))>>32		1		a_firstbit_0_hi.asm(4):7: error: bad long expression
a_firstbit_0_lo	0	complete	FFFF FFFF            dc.l (firstbit(0))&$FFFFFFFF		1		a_firstbit_0_lo.asm(4):7: error: bad long expression
a_firstbit_12_hi	0	complete	0000 0000            dc.l (firstbit(12))>>32		1		a_firstbit_12_hi.asm(4):7: error: bad long expression
a_firstbit_12_lo	0	complete	0000 0002            dc.l (firstbit(12))&$FFFFFFFF		1		a_firstbit_12_lo.asm(4):7: error: bad long expression
a_firstbit_1_hi	0	complete	FFFF FFFF            dc.l (firstbit(1))>>32		1		a_firstbit_1_hi.asm(4):7: error: bad long expression
a_firstbit_1_lo	0	complete	FFFF FFFF            dc.l (firstbit(1))&$FFFFFFFF		1		a_firstbit_1_lo.asm(4):7: error: bad long expression
a_firstbit_2_hi	0	complete	0000 0000            dc.l (firstbit(2))>>32		1		a_firstbit_2_hi.asm(4):7: error: bad long expression
a_firstbit_2_lo	0	complete	0000 0001            dc.l (firstbit(2))&$FFFFFFFF		1		a_firstbit_2_lo.asm(4):7: error: bad long expression
a_firstbit_353_hi	0	complete	0000 0000            dc.l (firstbit(353))>>32		1		a_firstbit_353_hi.asm(4):7: error: bad long expression
a_firstbit_353_lo	0	complete	0000 0004            dc.l (firstbit(353))&$FFFFFFFF		1		a_firstbit_353_lo.asm(4):7: error: bad long expression
a_firstbit_3_hi	0	complete	0000 0000            dc.l (firstbit(3))>>32		1		a_firstbit_3_hi.asm(4):7: error: bad long expression
a_firstbit_3_lo	0	complete	0000 0000            dc.l (firstbit(3))&$FFFFFFFF		1		a_firstbit_3_lo.asm(4):7: error: bad long expression
a_firstbit_5_hi	0	complete	0000 0000            dc.l (firstbit(5))>>32		1		a_firstbit_5_hi.asm(4):7: error: bad long expression
a_firstbit_5_lo	0	complete	0000 0001            dc.l (firstbit(5))&$FFFFFFFF		1		a_firstbit_5_lo.asm(4):7: error: bad long expression
a_firstbit_6_hi	0	complete	0000 0000            dc.l (firstbit(6))>>32		1		a_firstbit_6_hi.asm(4):7: error: bad long expression
a_firstbit_6_lo	0	complete	0000 0001            dc.l (firstbit(6))&$FFFFFFFF		1		a_firstbit_6_lo.asm(4):7: error: bad long expression
a_firstbit_7_hi	0	complete	0000 0000            dc.l (firstbit(7))>>32		1		a_firstbit_7_hi.asm(4):7: error: bad long expression
a_firstbit_7_lo	0	complete	0000 0000            dc.l (firstbit(7))&$FFFFFFFF		1		a_firstbit_7_lo.asm(4):7: error: bad long expression
a_firstbit_8_hi	0	complete	0000 0000            dc.l (firstbit(8))>>32		1		a_firstbit_8_hi.asm(4):7: error: bad long expression
a_firstbit_8_lo	0	complete	0000 0003            dc.l (firstbit(8))&$FFFFFFFF		1		a_firstbit_8_lo.asm(4):7: error: bad long expression
a_firstbit_empty	0	complete	FFFF FFFF            dc.l firstbit()		1		a_firstbit_empty.asm(4):7: error: bad long expression
a_firstbit_empty_int	0	complete	FFFF FFFF            dc.l INT(firstbit())		1		a_firstbit_empty_int.asm(4):7: error: int(): could not evaluate float expression
a_firstbit_emptyparen	0	complete	FFFF FFFF            dc.l firstbit(())		1		a_firstbit_emptyparen.asm(4):7: error: bad long expression
a_firstbit_equ	0	complete	=$1                  X equ firstbit(5)		1		a_firstbit_equ.asm(4):1: error: trailing tokens in expression
a_firstbit_f0p0_bare	3	unknown		error #10000: internal error;	1		a_firstbit_f0p0_bare.asm(4):16: error: floating point value where an integer is required (wrap it in `int(...)`)
a_firstbit_f0p0_int	3	unknown		error #10000: internal error;	1		a_firstbit_f0p0_int.asm(4):7: error: int(): could not evaluate float expression
a_firstbit_f0p5_bare	3	unknown		error #10000: internal error;	1		a_firstbit_f0p5_bare.asm(4):16: error: floating point value where an integer is required (wrap it in `int(...)`)
a_firstbit_f0p5_int	3	unknown		error #10000: internal error;	1		a_firstbit_f0p5_int.asm(4):7: error: int(): could not evaluate float expression
a_firstbit_f2p5_bare	3	unknown		error #10000: internal error;	1		a_firstbit_f2p5_bare.asm(4):16: error: floating point value where an integer is required (wrap it in `int(...)`)
a_firstbit_f2p5_int	3	unknown		error #10000: internal error;	1		a_firstbit_f2p5_int.asm(4):7: error: int(): could not evaluate float expression
a_firstbit_f5p0_bare	3	unknown		error #10000: internal error;	1		a_firstbit_f5p0_bare.asm(4):16: error: floating point value where an integer is required (wrap it in `int(...)`)
a_firstbit_f5p0_int	3	unknown		error #10000: internal error;	1		a_firstbit_f5p0_int.asm(4):7: error: int(): could not evaluate float expression
a_firstbit_floatsym	3	unknown	=2.5                 F set 2.5	error #10000: internal error;	1		a_firstbit_floatsym.asm(5):16: error: floating point value where an integer is required (wrap it in `int(...)`)
a_firstbit_fm2p5_bare	3	unknown		error #10000: internal error;	1		a_firstbit_fm2p5_bare.asm(4):17: error: floating point value where an integer is required (wrap it in `int(...)`)
a_firstbit_fm2p5_int	3	unknown		error #10000: internal error;	1		a_firstbit_fm2p5_int.asm(4):7: error: int(): could not evaluate float expression
a_firstbit_fwd	0	complete	0000 0001            dc.l firstbit(Later)		1		a_firstbit_fwd.asm(4):7: error: bad long expression
a_firstbit_h100000000_hi	0	complete	0000 0000            dc.l (firstbit($100000000))>>32		1		a_firstbit_h100000000_hi.asm(4):7: error: bad long expression
a_firstbit_h100000000_lo	0	complete	0000 0020            dc.l (firstbit($100000000))&$FFFFFFFF		1		a_firstbit_h100000000_lo.asm(4):7: error: bad long expression
a_firstbit_h7FFFFFFFFFFFFFFF_hi	0	complete	0000 0000            dc.l (firstbit($7FFFFFFFFFFFFFFF))>>32		1		a_firstbit_h7FFFFFFFFFFFFFFF_hi.asm(4):7: error: bad long expression
a_firstbit_h7FFFFFFFFFFFFFFF_lo	0	complete	0000 0000            dc.l (firstbit($7FFFFFFFFFFFFFFF))&$FFFFFFFF		1		a_firstbit_h7FFFFFFFFFFFFFFF_lo.asm(4):7: error: bad long expression
a_firstbit_h7FFFFFFF_hi	0	complete	0000 0000            dc.l (firstbit($7FFFFFFF))>>32		1		a_firstbit_h7FFFFFFF_hi.asm(4):7: error: bad long expression
a_firstbit_h7FFFFFFF_lo	0	complete	0000 0000            dc.l (firstbit($7FFFFFFF))&$FFFFFFFF		1		a_firstbit_h7FFFFFFF_lo.asm(4):7: error: bad long expression
a_firstbit_h80000000_hi	0	complete	0000 0000            dc.l (firstbit($80000000))>>32		1		a_firstbit_h80000000_hi.asm(4):7: error: bad long expression
a_firstbit_h80000000_lo	0	complete	0000 001F            dc.l (firstbit($80000000))&$FFFFFFFF		1		a_firstbit_h80000000_lo.asm(4):7: error: bad long expression
a_firstbit_h80_hi	0	complete	0000 0000            dc.l (firstbit($80))>>32		1		a_firstbit_h80_hi.asm(4):7: error: bad long expression
a_firstbit_h80_lo	0	complete	0000 0007            dc.l (firstbit($80))&$FFFFFFFF		1		a_firstbit_h80_lo.asm(4):7: error: bad long expression
a_firstbit_hE4_hi	0	complete	0000 0000            dc.l (firstbit($E4))>>32		1		a_firstbit_hE4_hi.asm(4):7: error: bad long expression
a_firstbit_hE4_lo	0	complete	0000 0002            dc.l (firstbit($E4))&$FFFFFFFF		1		a_firstbit_hE4_lo.asm(4):7: error: bad long expression
a_firstbit_hFFFEB_hi	0	complete	0000 0000            dc.l (firstbit($FFFEB))>>32		1		a_firstbit_hFFFEB_hi.asm(4):7: error: bad long expression
a_firstbit_hFFFEB_lo	0	complete	0000 0000            dc.l (firstbit($FFFEB))&$FFFFFFFF		1		a_firstbit_hFFFEB_lo.asm(4):7: error: bad long expression
a_firstbit_hFFFFFFFF_hi	0	complete	0000 0000            dc.l (firstbit($FFFFFFFF))>>32		1		a_firstbit_hFFFFFFFF_hi.asm(4):7: error: bad long expression
a_firstbit_hFFFFFFFF_lo	0	complete	0000 0000            dc.l (firstbit($FFFFFFFF))&$FFFFFFFF		1		a_firstbit_hFFFFFFFF_lo.asm(4):7: error: bad long expression
a_firstbit_hFF_hi	0	complete	0000 0000            dc.l (firstbit($FF))>>32		1		a_firstbit_hFF_hi.asm(4):7: error: bad long expression
a_firstbit_hFF_lo	0	complete	0000 0000            dc.l (firstbit($FF))&$FFFFFFFF		1		a_firstbit_hFF_lo.asm(4):7: error: bad long expression
a_firstbit_imm	0	complete	203C 0000 0001       move.l #firstbit(5),d0		1		a_firstbit_imm.asm(4):9: error: trailing tokens in #immediate
a_firstbit_m1_hi	0	complete	0000 0000            dc.l (firstbit(-1))>>32		1		a_firstbit_m1_hi.asm(4):7: error: bad long expression
a_firstbit_m1_lo	0	complete	0000 0000            dc.l (firstbit(-1))&$FFFFFFFF		1		a_firstbit_m1_lo.asm(4):7: error: bad long expression
a_firstbit_m2_hi	0	complete	0000 0000            dc.l (firstbit(-2))>>32		1		a_firstbit_m2_hi.asm(4):7: error: bad long expression
a_firstbit_m2_lo	0	complete	0000 0001            dc.l (firstbit(-2))&$FFFFFFFF		1		a_firstbit_m2_lo.asm(4):7: error: bad long expression
a_firstbit_m5_hi	0	complete	0000 0000            dc.l (firstbit(-5))>>32		1		a_firstbit_m5_hi.asm(4):7: error: bad long expression
a_firstbit_m5_lo	0	complete	0000 0000            dc.l (firstbit(-5))&$FFFFFFFF		1		a_firstbit_m5_lo.asm(4):7: error: bad long expression
a_firstbit_mh7FFFFFFFFFFFFFFFm1_hi	0	complete	0000 0000            dc.l (firstbit(-$7FFFFFFFFFFFFFFF-1))>>32		1		a_firstbit_mh7FFFFFFFFFFFFFFFm1_hi.asm(4):7: error: bad long expression
a_firstbit_mh7FFFFFFFFFFFFFFFm1_lo	0	complete	0000 003F            dc.l (firstbit(-$7FFFFFFFFFFFFFFF-1))&$FFFFFFFF		1		a_firstbit_mh7FFFFFFFFFFFFFFFm1_lo.asm(4):7: error: bad long expression
a_firstbit_mh80_hi	0	complete	0000 0000            dc.l (firstbit(-$80))>>32		1		a_firstbit_mh80_hi.asm(4):7: error: bad long expression
a_firstbit_mh80_lo	0	complete	0000 0007            dc.l (firstbit(-$80))&$FFFFFFFF		1		a_firstbit_mh80_lo.asm(4):7: error: bad long expression
a_firstbit_nested	0	complete	FFFF FFFF            dc.l firstbit(firstbit(5))		1		a_firstbit_nested.asm(4):7: error: bad long expression
a_firstbit_q0q_hi	2	complete	                     dc.l (firstbit('0'))>>32	error #1136: expected floating point number, but got string;	1		a_firstbit_q0q_hi.asm(4):7: error: bad long expression
a_firstbit_q0q_lo	2	complete	                     dc.l (firstbit('0'))&$FFFFFFFF	error #1136: expected floating point number, but got string;	1		a_firstbit_q0q_lo.asm(4):7: error: bad long expression
a_firstbit_qaq_hi	2	complete	                     dc.l (firstbit('a'))>>32	error #1136: expected floating point number, but got string;	1		a_firstbit_qaq_hi.asm(4):7: error: bad long expression
a_firstbit_qAq_hi	2	complete	                     dc.l (firstbit('A'))>>32	error #1136: expected floating point number, but got string;	1		a_firstbit_qAq_hi.asm(4):7: error: bad long expression
a_firstbit_qaq_lo	2	complete	                     dc.l (firstbit('a'))&$FFFFFFFF	error #1136: expected floating point number, but got string;	1		a_firstbit_qaq_lo.asm(4):7: error: bad long expression
a_firstbit_qAq_lo	2	complete	                     dc.l (firstbit('A'))&$FFFFFFFF	error #1136: expected floating point number, but got string;	1		a_firstbit_qAq_lo.asm(4):7: error: bad long expression
a_firstbit_qzq_hi	2	complete	                     dc.l (firstbit('z'))>>32	error #1136: expected floating point number, but got string;	1		a_firstbit_qzq_hi.asm(4):7: error: bad long expression
a_firstbit_qzq_lo	2	complete	                     dc.l (firstbit('z'))&$FFFFFFFF	error #1136: expected floating point number, but got string;	1		a_firstbit_qzq_lo.asm(4):7: error: bad long expression
a_firstbit_space	0	complete	0000 0001            dc.l firstbit( 5 )		1		a_firstbit_space.asm(4):7: error: bad long expression
a_firstbit_string2	2	complete	                     dc.l firstbit("ab")	error #1136: expected floating point number, but got string;	1		a_firstbit_string2.asm(4):16: error: string operand in a data directive wider than a byte: asl emits one zero-extended element per character here, which is not implemented
a_firstbit_string	2	complete	                     dc.l firstbit("A")	error #1136: expected floating point number, but got string;	1		a_firstbit_string.asm(4):16: error: string operand in a data directive wider than a byte: asl emits one zero-extended element per character here, which is not implemented
a_firstbit_twoarg	2	complete	                     dc.l firstbit(1,2)	error #1490: wrong numbers of function arguments;	1		a_firstbit_twoarg.asm(4):7: error: bad long expression
a_firstbit_undef	2	complete	                     dc.l firstbit(Nope)	error #1010: symbol undefined;	1		a_firstbit_undef.asm(4):7: error: bad long expression
a_firstbit_upper	0	complete	0000 0001            dc.l FIRSTBIT(5)		1		a_firstbit_upper.asm(4):7: error: bad long expression
a_i_bitcnt_interp	0	complete	33                   dc.b "\{bitcnt(7)}"		1		a_i_bitcnt_interp.asm(1):1: error: trailing tokens in expression
a_i_sgn_if	0	complete	=>TRUE                if sgn(-5)<0		1		a_i_sgn_if.asm(4):2: error: trailing tokens in expression
a_i_sgn_interp	0	complete	4646 4646 4646       dc.b "\{sgn(-5)}"		1		a_i_sgn_interp.asm(1):1: error: trailing tokens in expression
a_i_sgn_interp_pos	0	complete	31                   dc.b "\{sgn(7)}"		1		a_i_sgn_interp_pos.asm(1):1: error: trailing tokens in expression
a_i_sgn_substr0	0	complete	78                   dc.b substr("xyz",0,sgn(5))		1		a_i_sgn_substr0.asm(4):7: error: bad byte expression
a_i_sgn_substr	0	complete	2D                   dc.b substr("-",0,-sgn(-5))		1		a_i_sgn_substr.asm(4):7: error: bad byte expression
a_i_signed_neg	0	complete	2D24 35              dc.b signedToString(-5)		1		a_i_signed_neg.asm(5):7: error: bad byte expression
a_i_signed_pos	0	complete	2435                 dc.b signedToString(5)		1		a_i_signed_pos.asm(5):7: error: bad byte expression
a_i_signed_zero	0	complete	2D24 30              dc.b signedToString(0)		1		a_i_signed_zero.asm(5):7: error: bad byte expression
a_i_toupper_str	2	complete	                     dc.b toupper("a")	error #1136: expected floating point number, but got string;	1		a_i_toupper_str.asm(4):7: error: bad byte expression
a_lastbit_0_hi	0	complete	FFFF FFFF            dc.l (lastbit(0))>>32		0	FFFFFFFFEEbuilt:5bytes,nofilewritten(pass-o<path>towriteone)	
a_lastbit_0_lo	0	complete	FFFF FFFF            dc.l (lastbit(0))&$FFFFFFFF		0	FFFFFFFFEEbuilt:5bytes,nofilewritten(pass-o<path>towriteone)	
a_lastbit_12_hi	0	complete	0000 0000            dc.l (lastbit(12))>>32		0	00000000EEbuilt:5bytes,nofilewritten(pass-o<path>towriteone)	
a_lastbit_12_lo	0	complete	0000 0003            dc.l (lastbit(12))&$FFFFFFFF		0	00000003EEbuilt:5bytes,nofilewritten(pass-o<path>towriteone)	
a_lastbit_1_hi	0	complete	0000 0000            dc.l (lastbit(1))>>32		0	00000000EEbuilt:5bytes,nofilewritten(pass-o<path>towriteone)	
a_lastbit_1_lo	0	complete	0000 0000            dc.l (lastbit(1))&$FFFFFFFF		0	00000000EEbuilt:5bytes,nofilewritten(pass-o<path>towriteone)	
a_lastbit_2_hi	0	complete	0000 0000            dc.l (lastbit(2))>>32		0	00000000EEbuilt:5bytes,nofilewritten(pass-o<path>towriteone)	
a_lastbit_2_lo	0	complete	0000 0001            dc.l (lastbit(2))&$FFFFFFFF		0	00000001EEbuilt:5bytes,nofilewritten(pass-o<path>towriteone)	
a_lastbit_353_hi	0	complete	0000 0000            dc.l (lastbit(353))>>32		0	00000000EEbuilt:5bytes,nofilewritten(pass-o<path>towriteone)	
a_lastbit_353_lo	0	complete	0000 0008            dc.l (lastbit(353))&$FFFFFFFF		0	00000008EEbuilt:5bytes,nofilewritten(pass-o<path>towriteone)	
a_lastbit_3_hi	0	complete	0000 0000            dc.l (lastbit(3))>>32		0	00000000EEbuilt:5bytes,nofilewritten(pass-o<path>towriteone)	
a_lastbit_3_lo	0	complete	0000 0001            dc.l (lastbit(3))&$FFFFFFFF		0	00000001EEbuilt:5bytes,nofilewritten(pass-o<path>towriteone)	
a_lastbit_5_hi	0	complete	0000 0000            dc.l (lastbit(5))>>32		0	00000000EEbuilt:5bytes,nofilewritten(pass-o<path>towriteone)	
a_lastbit_5_lo	0	complete	0000 0002            dc.l (lastbit(5))&$FFFFFFFF		0	00000002EEbuilt:5bytes,nofilewritten(pass-o<path>towriteone)	
a_lastbit_6_hi	0	complete	0000 0000            dc.l (lastbit(6))>>32		0	00000000EEbuilt:5bytes,nofilewritten(pass-o<path>towriteone)	
a_lastbit_6_lo	0	complete	0000 0002            dc.l (lastbit(6))&$FFFFFFFF		0	00000002EEbuilt:5bytes,nofilewritten(pass-o<path>towriteone)	
a_lastbit_7_hi	0	complete	0000 0000            dc.l (lastbit(7))>>32		0	00000000EEbuilt:5bytes,nofilewritten(pass-o<path>towriteone)	
a_lastbit_7_lo	0	complete	0000 0002            dc.l (lastbit(7))&$FFFFFFFF		0	00000002EEbuilt:5bytes,nofilewritten(pass-o<path>towriteone)	
a_lastbit_8_hi	0	complete	0000 0000            dc.l (lastbit(8))>>32		0	00000000EEbuilt:5bytes,nofilewritten(pass-o<path>towriteone)	
a_lastbit_8_lo	0	complete	0000 0003            dc.l (lastbit(8))&$FFFFFFFF		0	00000003EEbuilt:5bytes,nofilewritten(pass-o<path>towriteone)	
a_lastbit_empty	0	complete	FFFF FFFF            dc.l lastbit()		0	FFFFFFFFEEbuilt:5bytes,nofilewritten(pass-o<path>towriteone)	
a_lastbit_empty_int	0	complete	FFFF FFFF            dc.l INT(lastbit())		0	FFFFFFFFEEbuilt:5bytes,nofilewritten(pass-o<path>towriteone)	
a_lastbit_emptyparen	0	complete	FFFF FFFF            dc.l lastbit(())		0	FFFFFFFFEEbuilt:5bytes,nofilewritten(pass-o<path>towriteone)	
a_lastbit_equ	0	complete	=$2                  X equ lastbit(5)		0	00000002EEbuilt:5bytes,nofilewritten(pass-o<path>towriteone)	
a_lastbit_f0p0_bare	3	unknown		error #10000: internal error;	1		a_lastbit_f0p0_bare.asm(4):15: error: floating point value where an integer is required (wrap it in `int(...)`)
a_lastbit_f0p0_int	3	unknown		error #10000: internal error;	1		a_lastbit_f0p0_int.asm(4):7: error: int(): could not evaluate float expression
a_lastbit_f0p5_bare	3	unknown		error #10000: internal error;	1		a_lastbit_f0p5_bare.asm(4):15: error: floating point value where an integer is required (wrap it in `int(...)`)
a_lastbit_f0p5_int	3	unknown		error #10000: internal error;	1		a_lastbit_f0p5_int.asm(4):7: error: int(): could not evaluate float expression
a_lastbit_f2p5_bare	3	unknown		error #10000: internal error;	1		a_lastbit_f2p5_bare.asm(4):15: error: floating point value where an integer is required (wrap it in `int(...)`)
a_lastbit_f2p5_int	3	unknown		error #10000: internal error;	1		a_lastbit_f2p5_int.asm(4):7: error: int(): could not evaluate float expression
a_lastbit_f5p0_bare	3	unknown		error #10000: internal error;	1		a_lastbit_f5p0_bare.asm(4):15: error: floating point value where an integer is required (wrap it in `int(...)`)
a_lastbit_f5p0_int	3	unknown		error #10000: internal error;	1		a_lastbit_f5p0_int.asm(4):7: error: int(): could not evaluate float expression
a_lastbit_floatsym	3	unknown	=2.5                 F set 2.5	error #10000: internal error;	1		a_lastbit_floatsym.asm(5):15: error: floating point value where an integer is required (wrap it in `int(...)`)
a_lastbit_fm2p5_bare	3	unknown		error #10000: internal error;	1		a_lastbit_fm2p5_bare.asm(4):16: error: floating point value where an integer is required (wrap it in `int(...)`)
a_lastbit_fm2p5_int	3	unknown		error #10000: internal error;	1		a_lastbit_fm2p5_int.asm(4):7: error: int(): could not evaluate float expression
a_lastbit_fwd	0	complete	0000 0002            dc.l lastbit(Later)		0	00000002EEbuilt:5bytes,nofilewritten(pass-o<path>towriteone)	
a_lastbit_h100000000_hi	0	complete	0000 0000            dc.l (lastbit($100000000))>>32		0	00000000EEbuilt:5bytes,nofilewritten(pass-o<path>towriteone)	
a_lastbit_h100000000_lo	0	complete	0000 0020            dc.l (lastbit($100000000))&$FFFFFFFF		0	00000020EEbuilt:5bytes,nofilewritten(pass-o<path>towriteone)	
a_lastbit_h7FFFFFFFFFFFFFFF_hi	0	complete	0000 0000            dc.l (lastbit($7FFFFFFFFFFFFFFF))>>32		0	00000000EEbuilt:5bytes,nofilewritten(pass-o<path>towriteone)	
a_lastbit_h7FFFFFFFFFFFFFFF_lo	0	complete	0000 003E            dc.l (lastbit($7FFFFFFFFFFFFFFF))&$FFFFFFFF		0	0000003EEEbuilt:5bytes,nofilewritten(pass-o<path>towriteone)	
a_lastbit_h7FFFFFFF_hi	0	complete	0000 0000            dc.l (lastbit($7FFFFFFF))>>32		0	00000000EEbuilt:5bytes,nofilewritten(pass-o<path>towriteone)	
a_lastbit_h7FFFFFFF_lo	0	complete	0000 001E            dc.l (lastbit($7FFFFFFF))&$FFFFFFFF		0	0000001EEEbuilt:5bytes,nofilewritten(pass-o<path>towriteone)	
a_lastbit_h80000000_hi	0	complete	0000 0000            dc.l (lastbit($80000000))>>32		0	00000000EEbuilt:5bytes,nofilewritten(pass-o<path>towriteone)	
a_lastbit_h80000000_lo	0	complete	0000 001F            dc.l (lastbit($80000000))&$FFFFFFFF		0	0000001FEEbuilt:5bytes,nofilewritten(pass-o<path>towriteone)	
a_lastbit_h80_hi	0	complete	0000 0000            dc.l (lastbit($80))>>32		0	00000000EEbuilt:5bytes,nofilewritten(pass-o<path>towriteone)	
a_lastbit_h80_lo	0	complete	0000 0007            dc.l (lastbit($80))&$FFFFFFFF		0	00000007EEbuilt:5bytes,nofilewritten(pass-o<path>towriteone)	
a_lastbit_hE4_hi	0	complete	0000 0000            dc.l (lastbit($E4))>>32		0	00000000EEbuilt:5bytes,nofilewritten(pass-o<path>towriteone)	
a_lastbit_hE4_lo	0	complete	0000 0007            dc.l (lastbit($E4))&$FFFFFFFF		0	00000007EEbuilt:5bytes,nofilewritten(pass-o<path>towriteone)	
a_lastbit_hFFFEB_hi	0	complete	0000 0000            dc.l (lastbit($FFFEB))>>32		0	00000000EEbuilt:5bytes,nofilewritten(pass-o<path>towriteone)	
a_lastbit_hFFFEB_lo	0	complete	0000 0013            dc.l (lastbit($FFFEB))&$FFFFFFFF		0	00000013EEbuilt:5bytes,nofilewritten(pass-o<path>towriteone)	
a_lastbit_hFFFFFFFF_hi	0	complete	0000 0000            dc.l (lastbit($FFFFFFFF))>>32		0	00000000EEbuilt:5bytes,nofilewritten(pass-o<path>towriteone)	
a_lastbit_hFFFFFFFF_lo	0	complete	0000 001F            dc.l (lastbit($FFFFFFFF))&$FFFFFFFF		0	0000001FEEbuilt:5bytes,nofilewritten(pass-o<path>towriteone)	
a_lastbit_hFF_hi	0	complete	0000 0000            dc.l (lastbit($FF))>>32		0	00000000EEbuilt:5bytes,nofilewritten(pass-o<path>towriteone)	
a_lastbit_hFF_lo	0	complete	0000 0007            dc.l (lastbit($FF))&$FFFFFFFF		0	00000007EEbuilt:5bytes,nofilewritten(pass-o<path>towriteone)	
a_lastbit_imm	0	complete	203C 0000 0002       move.l #lastbit(5),d0		0	203C00000002EEbuilt:7bytes,nofilewritten(pass-o<path>towriteone)	
a_lastbit_m1_hi	0	complete	0000 0000            dc.l (lastbit(-1))>>32		0	00000000EEbuilt:5bytes,nofilewritten(pass-o<path>towriteone)	
a_lastbit_m1_lo	0	complete	0000 003F            dc.l (lastbit(-1))&$FFFFFFFF		0	0000003FEEbuilt:5bytes,nofilewritten(pass-o<path>towriteone)	
a_lastbit_m2_hi	0	complete	0000 0000            dc.l (lastbit(-2))>>32		0	00000000EEbuilt:5bytes,nofilewritten(pass-o<path>towriteone)	
a_lastbit_m2_lo	0	complete	0000 003F            dc.l (lastbit(-2))&$FFFFFFFF		0	0000003FEEbuilt:5bytes,nofilewritten(pass-o<path>towriteone)	
a_lastbit_m5_hi	0	complete	0000 0000            dc.l (lastbit(-5))>>32		0	00000000EEbuilt:5bytes,nofilewritten(pass-o<path>towriteone)	
a_lastbit_m5_lo	0	complete	0000 003F            dc.l (lastbit(-5))&$FFFFFFFF		0	0000003FEEbuilt:5bytes,nofilewritten(pass-o<path>towriteone)	
a_lastbit_mh7FFFFFFFFFFFFFFFm1_hi	0	complete	0000 0000            dc.l (lastbit(-$7FFFFFFFFFFFFFFF-1))>>32		0	00000000EEbuilt:5bytes,nofilewritten(pass-o<path>towriteone)	
a_lastbit_mh7FFFFFFFFFFFFFFFm1_lo	0	complete	0000 003F            dc.l (lastbit(-$7FFFFFFFFFFFFFFF-1))&$FFFFFFFF		0	0000003FEEbuilt:5bytes,nofilewritten(pass-o<path>towriteone)	
a_lastbit_mh80_hi	0	complete	0000 0000            dc.l (lastbit(-$80))>>32		0	00000000EEbuilt:5bytes,nofilewritten(pass-o<path>towriteone)	
a_lastbit_mh80_lo	0	complete	0000 003F            dc.l (lastbit(-$80))&$FFFFFFFF		0	0000003FEEbuilt:5bytes,nofilewritten(pass-o<path>towriteone)	
a_lastbit_nested	0	complete	0000 0001            dc.l lastbit(lastbit(5))		0	00000001EEbuilt:5bytes,nofilewritten(pass-o<path>towriteone)	
a_lastbit_q0q_hi	2	complete	                     dc.l (lastbit('0'))>>32	error #1136: expected floating point number, but got string;	0	00000000EEbuilt:5bytes,nofilewritten(pass-o<path>towriteone)	
a_lastbit_q0q_lo	2	complete	                     dc.l (lastbit('0'))&$FFFFFFFF	error #1136: expected floating point number, but got string;	0	00000005EEbuilt:5bytes,nofilewritten(pass-o<path>towriteone)	
a_lastbit_qaq_hi	2	complete	                     dc.l (lastbit('a'))>>32	error #1136: expected floating point number, but got string;	0	00000000EEbuilt:5bytes,nofilewritten(pass-o<path>towriteone)	
a_lastbit_qAq_hi	2	complete	                     dc.l (lastbit('A'))>>32	error #1136: expected floating point number, but got string;	0	00000000EEbuilt:5bytes,nofilewritten(pass-o<path>towriteone)	
a_lastbit_qaq_lo	2	complete	                     dc.l (lastbit('a'))&$FFFFFFFF	error #1136: expected floating point number, but got string;	0	00000006EEbuilt:5bytes,nofilewritten(pass-o<path>towriteone)	
a_lastbit_qAq_lo	2	complete	                     dc.l (lastbit('A'))&$FFFFFFFF	error #1136: expected floating point number, but got string;	0	00000006EEbuilt:5bytes,nofilewritten(pass-o<path>towriteone)	
a_lastbit_qzq_hi	2	complete	                     dc.l (lastbit('z'))>>32	error #1136: expected floating point number, but got string;	0	00000000EEbuilt:5bytes,nofilewritten(pass-o<path>towriteone)	
a_lastbit_qzq_lo	2	complete	                     dc.l (lastbit('z'))&$FFFFFFFF	error #1136: expected floating point number, but got string;	0	00000006EEbuilt:5bytes,nofilewritten(pass-o<path>towriteone)	
a_lastbit_space	0	complete	0000 0002            dc.l lastbit( 5 )		0	00000002EEbuilt:5bytes,nofilewritten(pass-o<path>towriteone)	
a_lastbit_string2	2	complete	                     dc.l lastbit("ab")	error #1136: expected floating point number, but got string;	1		a_lastbit_string2.asm(4):15: error: string operand in a data directive wider than a byte: asl emits one zero-extended element per character here, which is not implemented
a_lastbit_string	2	complete	                     dc.l lastbit("A")	error #1136: expected floating point number, but got string;	1		a_lastbit_string.asm(4):15: error: string operand in a data directive wider than a byte: asl emits one zero-extended element per character here, which is not implemented
a_lastbit_twoarg	2	complete	                     dc.l lastbit(1,2)	error #1490: wrong numbers of function arguments;	1		a_lastbit_twoarg.asm(4):7: error: bad long expression
a_lastbit_undef	2	complete	                     dc.l lastbit(Nope)	error #1010: symbol undefined;	1		a_lastbit_undef.asm(4):7: error: bad long expression
a_lastbit_upper	0	complete	0000 0002            dc.l LASTBIT(5)		0	00000002EEbuilt:5bytes,nofilewritten(pass-o<path>towriteone)	
a_sgn_0_hi	0	complete	0000 0000            dc.l (sgn(0))>>32		1		a_sgn_0_hi.asm(4):7: error: bad long expression
a_sgn_0_lo	0	complete	0000 0000            dc.l (sgn(0))&$FFFFFFFF		1		a_sgn_0_lo.asm(4):7: error: bad long expression
a_sgn_12_hi	0	complete	0000 0000            dc.l (sgn(12))>>32		1		a_sgn_12_hi.asm(4):7: error: bad long expression
a_sgn_12_lo	0	complete	0000 0001            dc.l (sgn(12))&$FFFFFFFF		1		a_sgn_12_lo.asm(4):7: error: bad long expression
a_sgn_1_hi	0	complete	0000 0000            dc.l (sgn(1))>>32		1		a_sgn_1_hi.asm(4):7: error: bad long expression
a_sgn_1_lo	0	complete	0000 0001            dc.l (sgn(1))&$FFFFFFFF		1		a_sgn_1_lo.asm(4):7: error: bad long expression
a_sgn_2_hi	0	complete	0000 0000            dc.l (sgn(2))>>32		1		a_sgn_2_hi.asm(4):7: error: bad long expression
a_sgn_2_lo	0	complete	0000 0001            dc.l (sgn(2))&$FFFFFFFF		1		a_sgn_2_lo.asm(4):7: error: bad long expression
a_sgn_353_hi	0	complete	0000 0000            dc.l (sgn(353))>>32		1		a_sgn_353_hi.asm(4):7: error: bad long expression
a_sgn_353_lo	0	complete	0000 0001            dc.l (sgn(353))&$FFFFFFFF		1		a_sgn_353_lo.asm(4):7: error: bad long expression
a_sgn_3_hi	0	complete	0000 0000            dc.l (sgn(3))>>32		1		a_sgn_3_hi.asm(4):7: error: bad long expression
a_sgn_3_lo	0	complete	0000 0001            dc.l (sgn(3))&$FFFFFFFF		1		a_sgn_3_lo.asm(4):7: error: bad long expression
a_sgn_5_hi	0	complete	0000 0000            dc.l (sgn(5))>>32		1		a_sgn_5_hi.asm(4):7: error: bad long expression
a_sgn_5_lo	0	complete	0000 0001            dc.l (sgn(5))&$FFFFFFFF		1		a_sgn_5_lo.asm(4):7: error: bad long expression
a_sgn_6_hi	0	complete	0000 0000            dc.l (sgn(6))>>32		1		a_sgn_6_hi.asm(4):7: error: bad long expression
a_sgn_6_lo	0	complete	0000 0001            dc.l (sgn(6))&$FFFFFFFF		1		a_sgn_6_lo.asm(4):7: error: bad long expression
a_sgn_7_hi	0	complete	0000 0000            dc.l (sgn(7))>>32		1		a_sgn_7_hi.asm(4):7: error: bad long expression
a_sgn_7_lo	0	complete	0000 0001            dc.l (sgn(7))&$FFFFFFFF		1		a_sgn_7_lo.asm(4):7: error: bad long expression
a_sgn_8_hi	0	complete	0000 0000            dc.l (sgn(8))>>32		1		a_sgn_8_hi.asm(4):7: error: bad long expression
a_sgn_8_lo	0	complete	0000 0001            dc.l (sgn(8))&$FFFFFFFF		1		a_sgn_8_lo.asm(4):7: error: bad long expression
a_sgn_empty	0	complete	0000 0000            dc.l sgn()		1		a_sgn_empty.asm(4):7: error: bad long expression
a_sgn_empty_int	0	complete	0000 0000            dc.l INT(sgn())		1		a_sgn_empty_int.asm(4):7: error: int(): could not evaluate float expression
a_sgn_emptyparen	0	complete	0000 0000            dc.l sgn(())		1		a_sgn_emptyparen.asm(4):7: error: bad long expression
a_sgn_equ	0	complete	=$1                  X equ sgn(5)		1		a_sgn_equ.asm(4):1: error: trailing tokens in expression
a_sgn_f0p0_bare	0	complete	0000 0000            dc.l sgn(0.0)		1		a_sgn_f0p0_bare.asm(4):11: error: floating point value where an integer is required (wrap it in `int(...)`)
a_sgn_f0p0_int	0	complete	0000 0000            dc.l INT(sgn(0.0))		1		a_sgn_f0p0_int.asm(4):7: error: int(): could not evaluate float expression
a_sgn_f0p5_bare	0	complete	0000 0001            dc.l sgn(0.5)		1		a_sgn_f0p5_bare.asm(4):11: error: floating point value where an integer is required (wrap it in `int(...)`)
a_sgn_f0p5_int	0	complete	0000 0001            dc.l INT(sgn(0.5))		1		a_sgn_f0p5_int.asm(4):7: error: int(): could not evaluate float expression
a_sgn_f2p5_bare	0	complete	0000 0001            dc.l sgn(2.5)		1		a_sgn_f2p5_bare.asm(4):11: error: floating point value where an integer is required (wrap it in `int(...)`)
a_sgn_f2p5_int	0	complete	0000 0001            dc.l INT(sgn(2.5))		1		a_sgn_f2p5_int.asm(4):7: error: int(): could not evaluate float expression
a_sgn_f5p0_bare	0	complete	0000 0001            dc.l sgn(5.0)		1		a_sgn_f5p0_bare.asm(4):11: error: floating point value where an integer is required (wrap it in `int(...)`)
a_sgn_f5p0_int	0	complete	0000 0001            dc.l INT(sgn(5.0))		1		a_sgn_f5p0_int.asm(4):7: error: int(): could not evaluate float expression
a_sgn_floatsym	0	complete	=2.5                 F set 2.5		1		a_sgn_floatsym.asm(5):11: error: floating point value where an integer is required (wrap it in `int(...)`)
a_sgn_fm2p5_bare	0	complete	FFFF FFFF            dc.l sgn(-2.5)		1		a_sgn_fm2p5_bare.asm(4):12: error: floating point value where an integer is required (wrap it in `int(...)`)
a_sgn_fm2p5_int	0	complete	FFFF FFFF            dc.l INT(sgn(-2.5))		1		a_sgn_fm2p5_int.asm(4):7: error: int(): could not evaluate float expression
a_sgn_fwd	0	complete	0000 0001            dc.l sgn(Later)		1		a_sgn_fwd.asm(4):7: error: bad long expression
a_sgn_h100000000_hi	0	complete	0000 0000            dc.l (sgn($100000000))>>32		1		a_sgn_h100000000_hi.asm(4):7: error: bad long expression
a_sgn_h100000000_lo	0	complete	0000 0001            dc.l (sgn($100000000))&$FFFFFFFF		1		a_sgn_h100000000_lo.asm(4):7: error: bad long expression
a_sgn_h7FFFFFFFFFFFFFFF_hi	0	complete	0000 0000            dc.l (sgn($7FFFFFFFFFFFFFFF))>>32		1		a_sgn_h7FFFFFFFFFFFFFFF_hi.asm(4):7: error: bad long expression
a_sgn_h7FFFFFFFFFFFFFFF_lo	0	complete	0000 0001            dc.l (sgn($7FFFFFFFFFFFFFFF))&$FFFFFFFF		1		a_sgn_h7FFFFFFFFFFFFFFF_lo.asm(4):7: error: bad long expression
a_sgn_h7FFFFFFF_hi	0	complete	0000 0000            dc.l (sgn($7FFFFFFF))>>32		1		a_sgn_h7FFFFFFF_hi.asm(4):7: error: bad long expression
a_sgn_h7FFFFFFF_lo	0	complete	0000 0001            dc.l (sgn($7FFFFFFF))&$FFFFFFFF		1		a_sgn_h7FFFFFFF_lo.asm(4):7: error: bad long expression
a_sgn_h80000000_hi	0	complete	0000 0000            dc.l (sgn($80000000))>>32		1		a_sgn_h80000000_hi.asm(4):7: error: bad long expression
a_sgn_h80000000_lo	0	complete	0000 0001            dc.l (sgn($80000000))&$FFFFFFFF		1		a_sgn_h80000000_lo.asm(4):7: error: bad long expression
a_sgn_h80_hi	0	complete	0000 0000            dc.l (sgn($80))>>32		1		a_sgn_h80_hi.asm(4):7: error: bad long expression
a_sgn_h80_lo	0	complete	0000 0001            dc.l (sgn($80))&$FFFFFFFF		1		a_sgn_h80_lo.asm(4):7: error: bad long expression
a_sgn_hE4_hi	0	complete	0000 0000            dc.l (sgn($E4))>>32		1		a_sgn_hE4_hi.asm(4):7: error: bad long expression
a_sgn_hE4_lo	0	complete	0000 0001            dc.l (sgn($E4))&$FFFFFFFF		1		a_sgn_hE4_lo.asm(4):7: error: bad long expression
a_sgn_hFFFEB_hi	0	complete	0000 0000            dc.l (sgn($FFFEB))>>32		1		a_sgn_hFFFEB_hi.asm(4):7: error: bad long expression
a_sgn_hFFFEB_lo	0	complete	0000 0001            dc.l (sgn($FFFEB))&$FFFFFFFF		1		a_sgn_hFFFEB_lo.asm(4):7: error: bad long expression
a_sgn_hFFFFFFFF_hi	0	complete	0000 0000            dc.l (sgn($FFFFFFFF))>>32		1		a_sgn_hFFFFFFFF_hi.asm(4):7: error: bad long expression
a_sgn_hFFFFFFFF_lo	0	complete	0000 0001            dc.l (sgn($FFFFFFFF))&$FFFFFFFF		1		a_sgn_hFFFFFFFF_lo.asm(4):7: error: bad long expression
a_sgn_hFF_hi	0	complete	0000 0000            dc.l (sgn($FF))>>32		1		a_sgn_hFF_hi.asm(4):7: error: bad long expression
a_sgn_hFF_lo	0	complete	0000 0001            dc.l (sgn($FF))&$FFFFFFFF		1		a_sgn_hFF_lo.asm(4):7: error: bad long expression
a_sgn_imm	0	complete	203C 0000 0001       move.l #sgn(5),d0		1		a_sgn_imm.asm(4):9: error: trailing tokens in #immediate
a_sgn_m1_hi	0	complete	FFFF FFFF            dc.l (sgn(-1))>>32		1		a_sgn_m1_hi.asm(4):7: error: bad long expression
a_sgn_m1_lo	0	complete	FFFF FFFF            dc.l (sgn(-1))&$FFFFFFFF		1		a_sgn_m1_lo.asm(4):7: error: bad long expression
a_sgn_m2_hi	0	complete	FFFF FFFF            dc.l (sgn(-2))>>32		1		a_sgn_m2_hi.asm(4):7: error: bad long expression
a_sgn_m2_lo	0	complete	FFFF FFFF            dc.l (sgn(-2))&$FFFFFFFF		1		a_sgn_m2_lo.asm(4):7: error: bad long expression
a_sgn_m5_hi	0	complete	FFFF FFFF            dc.l (sgn(-5))>>32		1		a_sgn_m5_hi.asm(4):7: error: bad long expression
a_sgn_m5_lo	0	complete	FFFF FFFF            dc.l (sgn(-5))&$FFFFFFFF		1		a_sgn_m5_lo.asm(4):7: error: bad long expression
a_sgn_mh7FFFFFFFFFFFFFFFm1_hi	0	complete	FFFF FFFF            dc.l (sgn(-$7FFFFFFFFFFFFFFF-1))>>32		1		a_sgn_mh7FFFFFFFFFFFFFFFm1_hi.asm(4):7: error: bad long expression
a_sgn_mh7FFFFFFFFFFFFFFFm1_lo	0	complete	FFFF FFFF            dc.l (sgn(-$7FFFFFFFFFFFFFFF-1))&$FFFFFFFF		1		a_sgn_mh7FFFFFFFFFFFFFFFm1_lo.asm(4):7: error: bad long expression
a_sgn_mh80_hi	0	complete	FFFF FFFF            dc.l (sgn(-$80))>>32		1		a_sgn_mh80_hi.asm(4):7: error: bad long expression
a_sgn_mh80_lo	0	complete	FFFF FFFF            dc.l (sgn(-$80))&$FFFFFFFF		1		a_sgn_mh80_lo.asm(4):7: error: bad long expression
a_sgn_nested	0	complete	0000 0001            dc.l sgn(sgn(5))		1		a_sgn_nested.asm(4):7: error: bad long expression
a_sgn_q0q_hi	3	unknown		error #10000: internal error;	1		a_sgn_q0q_hi.asm(4):7: error: bad long expression
a_sgn_q0q_lo	3	unknown		error #10000: internal error;	1		a_sgn_q0q_lo.asm(4):7: error: bad long expression
a_sgn_qaq_hi	3	unknown		error #10000: internal error;	1		a_sgn_qaq_hi.asm(4):7: error: bad long expression
a_sgn_qAq_hi	3	unknown		error #10000: internal error;	1		a_sgn_qAq_hi.asm(4):7: error: bad long expression
a_sgn_qaq_lo	3	unknown		error #10000: internal error;	1		a_sgn_qaq_lo.asm(4):7: error: bad long expression
a_sgn_qAq_lo	3	unknown		error #10000: internal error;	1		a_sgn_qAq_lo.asm(4):7: error: bad long expression
a_sgn_qzq_hi	3	unknown		error #10000: internal error;	1		a_sgn_qzq_hi.asm(4):7: error: bad long expression
a_sgn_qzq_lo	3	unknown		error #10000: internal error;	1		a_sgn_qzq_lo.asm(4):7: error: bad long expression
a_sgn_space	0	complete	0000 0001            dc.l sgn( 5 )		1		a_sgn_space.asm(4):7: error: bad long expression
a_sgn_string2	3	unknown		error #10000: internal error;	1		a_sgn_string2.asm(4):11: error: string operand in a data directive wider than a byte: asl emits one zero-extended element per character here, which is not implemented
a_sgn_string	3	unknown		error #10000: internal error;	1		a_sgn_string.asm(4):11: error: string operand in a data directive wider than a byte: asl emits one zero-extended element per character here, which is not implemented
a_sgn_twoarg	2	complete	                     dc.l sgn(1,2)	error #1490: wrong numbers of function arguments;	1		a_sgn_twoarg.asm(4):7: error: bad long expression
a_sgn_undef	2	complete	                     dc.l sgn(Nope)	error #1010: symbol undefined;	1		a_sgn_undef.asm(4):7: error: bad long expression
a_sgn_upper	0	complete	0000 0001            dc.l SGN(5)		1		a_sgn_upper.asm(4):7: error: bad long expression
a_tolower_0_hi	0	complete	0000 0000            dc.l (tolower(0))>>32		1		a_tolower_0_hi.asm(4):7: error: bad long expression
a_tolower_0_lo	0	complete	0000 0000            dc.l (tolower(0))&$FFFFFFFF		1		a_tolower_0_lo.asm(4):7: error: bad long expression
a_tolower_12_hi	0	complete	0000 0000            dc.l (tolower(12))>>32		1		a_tolower_12_hi.asm(4):7: error: bad long expression
a_tolower_12_lo	0	complete	0000 000C            dc.l (tolower(12))&$FFFFFFFF		1		a_tolower_12_lo.asm(4):7: error: bad long expression
a_tolower_1_hi	0	complete	0000 0000            dc.l (tolower(1))>>32		1		a_tolower_1_hi.asm(4):7: error: bad long expression
a_tolower_1_lo	0	complete	0000 0001            dc.l (tolower(1))&$FFFFFFFF		1		a_tolower_1_lo.asm(4):7: error: bad long expression
a_tolower_2_hi	0	complete	0000 0000            dc.l (tolower(2))>>32		1		a_tolower_2_hi.asm(4):7: error: bad long expression
a_tolower_2_lo	0	complete	0000 0002            dc.l (tolower(2))&$FFFFFFFF		1		a_tolower_2_lo.asm(4):7: error: bad long expression
a_tolower_353_hi	2	complete	                     dc.l (tolower(353))>>32	error #1320: range overflow;	1		a_tolower_353_hi.asm(4):7: error: bad long expression
a_tolower_353_lo	2	complete	                     dc.l (tolower(353))&$FFFFFFFF	error #1320: range overflow;	1		a_tolower_353_lo.asm(4):7: error: bad long expression
a_tolower_3_hi	0	complete	0000 0000            dc.l (tolower(3))>>32		1		a_tolower_3_hi.asm(4):7: error: bad long expression
a_tolower_3_lo	0	complete	0000 0003            dc.l (tolower(3))&$FFFFFFFF		1		a_tolower_3_lo.asm(4):7: error: bad long expression
a_tolower_5_hi	0	complete	0000 0000            dc.l (tolower(5))>>32		1		a_tolower_5_hi.asm(4):7: error: bad long expression
a_tolower_5_lo	0	complete	0000 0005            dc.l (tolower(5))&$FFFFFFFF		1		a_tolower_5_lo.asm(4):7: error: bad long expression
a_tolower_6_hi	0	complete	0000 0000            dc.l (tolower(6))>>32		1		a_tolower_6_hi.asm(4):7: error: bad long expression
a_tolower_6_lo	0	complete	0000 0006            dc.l (tolower(6))&$FFFFFFFF		1		a_tolower_6_lo.asm(4):7: error: bad long expression
a_tolower_7_hi	0	complete	0000 0000            dc.l (tolower(7))>>32		1		a_tolower_7_hi.asm(4):7: error: bad long expression
a_tolower_7_lo	0	complete	0000 0007            dc.l (tolower(7))&$FFFFFFFF		1		a_tolower_7_lo.asm(4):7: error: bad long expression
a_tolower_8_hi	0	complete	0000 0000            dc.l (tolower(8))>>32		1		a_tolower_8_hi.asm(4):7: error: bad long expression
a_tolower_8_lo	0	complete	0000 0008            dc.l (tolower(8))&$FFFFFFFF		1		a_tolower_8_lo.asm(4):7: error: bad long expression
a_tolower_empty	0	complete	0000 0000            dc.l tolower()		1		a_tolower_empty.asm(4):7: error: bad long expression
a_tolower_empty_int	0	complete	0000 0000            dc.l INT(tolower())		1		a_tolower_empty_int.asm(4):7: error: int(): could not evaluate float expression
a_tolower_emptyparen	0	complete	0000 0000            dc.l tolower(())		1		a_tolower_emptyparen.asm(4):7: error: bad long expression
a_tolower_equ	0	complete	=$5                  X equ tolower(5)		1		a_tolower_equ.asm(4):1: error: trailing tokens in expression
a_tolower_f0p0_bare	3	unknown		error #10000: internal error;	1		a_tolower_f0p0_bare.asm(4):15: error: floating point value where an integer is required (wrap it in `int(...)`)
a_tolower_f0p0_int	3	unknown		error #10000: internal error;	1		a_tolower_f0p0_int.asm(4):7: error: int(): could not evaluate float expression
a_tolower_f0p5_bare	3	unknown		error #10000: internal error;	1		a_tolower_f0p5_bare.asm(4):15: error: floating point value where an integer is required (wrap it in `int(...)`)
a_tolower_f0p5_int	3	unknown		error #10000: internal error;	1		a_tolower_f0p5_int.asm(4):7: error: int(): could not evaluate float expression
a_tolower_f2p5_bare	3	unknown		error #10000: internal error;	1		a_tolower_f2p5_bare.asm(4):15: error: floating point value where an integer is required (wrap it in `int(...)`)
a_tolower_f2p5_int	3	unknown		error #10000: internal error;	1		a_tolower_f2p5_int.asm(4):7: error: int(): could not evaluate float expression
a_tolower_f5p0_bare	3	unknown		error #10000: internal error;	1		a_tolower_f5p0_bare.asm(4):15: error: floating point value where an integer is required (wrap it in `int(...)`)
a_tolower_f5p0_int	3	unknown		error #10000: internal error;	1		a_tolower_f5p0_int.asm(4):7: error: int(): could not evaluate float expression
a_tolower_floatsym	3	unknown	=2.5                 F set 2.5	error #10000: internal error;	1		a_tolower_floatsym.asm(5):15: error: floating point value where an integer is required (wrap it in `int(...)`)
a_tolower_fm2p5_bare	3	unknown		error #10000: internal error;	1		a_tolower_fm2p5_bare.asm(4):16: error: floating point value where an integer is required (wrap it in `int(...)`)
a_tolower_fm2p5_int	3	unknown		error #10000: internal error;	1		a_tolower_fm2p5_int.asm(4):7: error: int(): could not evaluate float expression
a_tolower_fwd	0	complete	0000 0005            dc.l tolower(Later)		1		a_tolower_fwd.asm(4):7: error: bad long expression
a_tolower_h100000000_hi	2	complete	                     dc.l (tolower($100000000))>>32	error #1320: range overflow;	1		a_tolower_h100000000_hi.asm(4):7: error: bad long expression
a_tolower_h100000000_lo	2	complete	                     dc.l (tolower($100000000))&$FFFFFFFF	error #1320: range overflow;	1		a_tolower_h100000000_lo.asm(4):7: error: bad long expression
a_tolower_h7FFFFFFFFFFFFFFF_hi	2	complete	                     dc.l (tolower($7FFFFFFFFFFFFFFF))>>32	error #1320: range overflow;	1		a_tolower_h7FFFFFFFFFFFFFFF_hi.asm(4):7: error: bad long expression
a_tolower_h7FFFFFFFFFFFFFFF_lo	2	complete	                     dc.l (tolower($7FFFFFFFFFFFFFFF))&$FFFFFFFF	error #1320: range overflow;	1		a_tolower_h7FFFFFFFFFFFFFFF_lo.asm(4):7: error: bad long expression
a_tolower_h7FFFFFFF_hi	2	complete	                     dc.l (tolower($7FFFFFFF))>>32	error #1320: range overflow;	1		a_tolower_h7FFFFFFF_hi.asm(4):7: error: bad long expression
a_tolower_h7FFFFFFF_lo	2	complete	                     dc.l (tolower($7FFFFFFF))&$FFFFFFFF	error #1320: range overflow;	1		a_tolower_h7FFFFFFF_lo.asm(4):7: error: bad long expression
a_tolower_h80000000_hi	2	complete	                     dc.l (tolower($80000000))>>32	error #1320: range overflow;	1		a_tolower_h80000000_hi.asm(4):7: error: bad long expression
a_tolower_h80000000_lo	2	complete	                     dc.l (tolower($80000000))&$FFFFFFFF	error #1320: range overflow;	1		a_tolower_h80000000_lo.asm(4):7: error: bad long expression
a_tolower_h80_hi	0	complete	0000 0000            dc.l (tolower($80))>>32		1		a_tolower_h80_hi.asm(4):7: error: bad long expression
a_tolower_h80_lo	0	complete	0000 0080            dc.l (tolower($80))&$FFFFFFFF		1		a_tolower_h80_lo.asm(4):7: error: bad long expression
a_tolower_hE4_hi	0	complete	0000 0000            dc.l (tolower($E4))>>32		1		a_tolower_hE4_hi.asm(4):7: error: bad long expression
a_tolower_hE4_lo	0	complete	0000 00E4            dc.l (tolower($E4))&$FFFFFFFF		1		a_tolower_hE4_lo.asm(4):7: error: bad long expression
a_tolower_hFFFEB_hi	2	complete	                     dc.l (tolower($FFFEB))>>32	error #1320: range overflow;	1		a_tolower_hFFFEB_hi.asm(4):7: error: bad long expression
a_tolower_hFFFEB_lo	2	complete	                     dc.l (tolower($FFFEB))&$FFFFFFFF	error #1320: range overflow;	1		a_tolower_hFFFEB_lo.asm(4):7: error: bad long expression
a_tolower_hFFFFFFFF_hi	2	complete	                     dc.l (tolower($FFFFFFFF))>>32	error #1320: range overflow;	1		a_tolower_hFFFFFFFF_hi.asm(4):7: error: bad long expression
a_tolower_hFFFFFFFF_lo	2	complete	                     dc.l (tolower($FFFFFFFF))&$FFFFFFFF	error #1320: range overflow;	1		a_tolower_hFFFFFFFF_lo.asm(4):7: error: bad long expression
a_tolower_hFF_hi	0	complete	0000 0000            dc.l (tolower($FF))>>32		1		a_tolower_hFF_hi.asm(4):7: error: bad long expression
a_tolower_hFF_lo	0	complete	0000 00FF            dc.l (tolower($FF))&$FFFFFFFF		1		a_tolower_hFF_lo.asm(4):7: error: bad long expression
a_tolower_imm	0	complete	203C 0000 0005       move.l #tolower(5),d0		1		a_tolower_imm.asm(4):9: error: trailing tokens in #immediate
a_tolower_m1_hi	2	complete	                     dc.l (tolower(-1))>>32	error #1320: range overflow;	1		a_tolower_m1_hi.asm(4):7: error: bad long expression
a_tolower_m1_lo	2	complete	                     dc.l (tolower(-1))&$FFFFFFFF	error #1320: range overflow;	1		a_tolower_m1_lo.asm(4):7: error: bad long expression
a_tolower_m2_hi	2	complete	                     dc.l (tolower(-2))>>32	error #1320: range overflow;	1		a_tolower_m2_hi.asm(4):7: error: bad long expression
a_tolower_m2_lo	2	complete	                     dc.l (tolower(-2))&$FFFFFFFF	error #1320: range overflow;	1		a_tolower_m2_lo.asm(4):7: error: bad long expression
a_tolower_m5_hi	2	complete	                     dc.l (tolower(-5))>>32	error #1320: range overflow;	1		a_tolower_m5_hi.asm(4):7: error: bad long expression
a_tolower_m5_lo	2	complete	                     dc.l (tolower(-5))&$FFFFFFFF	error #1320: range overflow;	1		a_tolower_m5_lo.asm(4):7: error: bad long expression
a_tolower_mh7FFFFFFFFFFFFFFFm1_hi	2	complete	                     dc.l (tolower(-$7FFFFFFFFFFFFFFF-1))>>32	error #1320: range overflow;	1		a_tolower_mh7FFFFFFFFFFFFFFFm1_hi.asm(4):7: error: bad long expression
a_tolower_mh7FFFFFFFFFFFFFFFm1_lo	2	complete	                     dc.l (tolower(-$7FFFFFFFFFFFFFFF-1))&$FFFFFFFF	error #1320: range overflow;	1		a_tolower_mh7FFFFFFFFFFFFFFFm1_lo.asm(4):7: error: bad long expression
a_tolower_mh80_hi	2	complete	                     dc.l (tolower(-$80))>>32	error #1320: range overflow;	1		a_tolower_mh80_hi.asm(4):7: error: bad long expression
a_tolower_mh80_lo	2	complete	                     dc.l (tolower(-$80))&$FFFFFFFF	error #1320: range overflow;	1		a_tolower_mh80_lo.asm(4):7: error: bad long expression
a_tolower_nested	0	complete	0000 0005            dc.l tolower(tolower(5))		1		a_tolower_nested.asm(4):7: error: bad long expression
a_tolower_q0q_hi	2	complete	                     dc.l (tolower('0'))>>32	error #1136: expected floating point number, but got string;	1		a_tolower_q0q_hi.asm(4):7: error: bad long expression
a_tolower_q0q_lo	2	complete	                     dc.l (tolower('0'))&$FFFFFFFF	error #1136: expected floating point number, but got string;	1		a_tolower_q0q_lo.asm(4):7: error: bad long expression
a_tolower_qaq_hi	2	complete	                     dc.l (tolower('a'))>>32	error #1136: expected floating point number, but got string;	1		a_tolower_qaq_hi.asm(4):7: error: bad long expression
a_tolower_qAq_hi	2	complete	                     dc.l (tolower('A'))>>32	error #1136: expected floating point number, but got string;	1		a_tolower_qAq_hi.asm(4):7: error: bad long expression
a_tolower_qaq_lo	2	complete	                     dc.l (tolower('a'))&$FFFFFFFF	error #1136: expected floating point number, but got string;	1		a_tolower_qaq_lo.asm(4):7: error: bad long expression
a_tolower_qAq_lo	2	complete	                     dc.l (tolower('A'))&$FFFFFFFF	error #1136: expected floating point number, but got string;	1		a_tolower_qAq_lo.asm(4):7: error: bad long expression
a_tolower_qzq_hi	2	complete	                     dc.l (tolower('z'))>>32	error #1136: expected floating point number, but got string;	1		a_tolower_qzq_hi.asm(4):7: error: bad long expression
a_tolower_qzq_lo	2	complete	                     dc.l (tolower('z'))&$FFFFFFFF	error #1136: expected floating point number, but got string;	1		a_tolower_qzq_lo.asm(4):7: error: bad long expression
a_tolower_space	0	complete	0000 0005            dc.l tolower( 5 )		1		a_tolower_space.asm(4):7: error: bad long expression
a_tolower_string2	2	complete	                     dc.l tolower("ab")	error #1136: expected floating point number, but got string;	1		a_tolower_string2.asm(4):15: error: string operand in a data directive wider than a byte: asl emits one zero-extended element per character here, which is not implemented
a_tolower_string	2	complete	                     dc.l tolower("A")	error #1136: expected floating point number, but got string;	1		a_tolower_string.asm(4):15: error: string operand in a data directive wider than a byte: asl emits one zero-extended element per character here, which is not implemented
a_tolower_twoarg	2	complete	                     dc.l tolower(1,2)	error #1490: wrong numbers of function arguments;	1		a_tolower_twoarg.asm(4):7: error: bad long expression
a_tolower_undef	2	complete	                     dc.l tolower(Nope)	error #1010: symbol undefined;	1		a_tolower_undef.asm(4):7: error: bad long expression
a_tolower_upper	0	complete	0000 0005            dc.l TOLOWER(5)		1		a_tolower_upper.asm(4):7: error: bad long expression
a_toupper_0_hi	0	complete	0000 0000            dc.l (toupper(0))>>32		1		a_toupper_0_hi.asm(4):7: error: bad long expression
a_toupper_0_lo	0	complete	0000 0000            dc.l (toupper(0))&$FFFFFFFF		1		a_toupper_0_lo.asm(4):7: error: bad long expression
a_toupper_12_hi	0	complete	0000 0000            dc.l (toupper(12))>>32		1		a_toupper_12_hi.asm(4):7: error: bad long expression
a_toupper_12_lo	0	complete	0000 000C            dc.l (toupper(12))&$FFFFFFFF		1		a_toupper_12_lo.asm(4):7: error: bad long expression
a_toupper_1_hi	0	complete	0000 0000            dc.l (toupper(1))>>32		1		a_toupper_1_hi.asm(4):7: error: bad long expression
a_toupper_1_lo	0	complete	0000 0001            dc.l (toupper(1))&$FFFFFFFF		1		a_toupper_1_lo.asm(4):7: error: bad long expression
a_toupper_2_hi	0	complete	0000 0000            dc.l (toupper(2))>>32		1		a_toupper_2_hi.asm(4):7: error: bad long expression
a_toupper_2_lo	0	complete	0000 0002            dc.l (toupper(2))&$FFFFFFFF		1		a_toupper_2_lo.asm(4):7: error: bad long expression
a_toupper_353_hi	2	complete	                     dc.l (toupper(353))>>32	error #1320: range overflow;	1		a_toupper_353_hi.asm(4):7: error: bad long expression
a_toupper_353_lo	2	complete	                     dc.l (toupper(353))&$FFFFFFFF	error #1320: range overflow;	1		a_toupper_353_lo.asm(4):7: error: bad long expression
a_toupper_3_hi	0	complete	0000 0000            dc.l (toupper(3))>>32		1		a_toupper_3_hi.asm(4):7: error: bad long expression
a_toupper_3_lo	0	complete	0000 0003            dc.l (toupper(3))&$FFFFFFFF		1		a_toupper_3_lo.asm(4):7: error: bad long expression
a_toupper_5_hi	0	complete	0000 0000            dc.l (toupper(5))>>32		1		a_toupper_5_hi.asm(4):7: error: bad long expression
a_toupper_5_lo	0	complete	0000 0005            dc.l (toupper(5))&$FFFFFFFF		1		a_toupper_5_lo.asm(4):7: error: bad long expression
a_toupper_6_hi	0	complete	0000 0000            dc.l (toupper(6))>>32		1		a_toupper_6_hi.asm(4):7: error: bad long expression
a_toupper_6_lo	0	complete	0000 0006            dc.l (toupper(6))&$FFFFFFFF		1		a_toupper_6_lo.asm(4):7: error: bad long expression
a_toupper_7_hi	0	complete	0000 0000            dc.l (toupper(7))>>32		1		a_toupper_7_hi.asm(4):7: error: bad long expression
a_toupper_7_lo	0	complete	0000 0007            dc.l (toupper(7))&$FFFFFFFF		1		a_toupper_7_lo.asm(4):7: error: bad long expression
a_toupper_8_hi	0	complete	0000 0000            dc.l (toupper(8))>>32		1		a_toupper_8_hi.asm(4):7: error: bad long expression
a_toupper_8_lo	0	complete	0000 0008            dc.l (toupper(8))&$FFFFFFFF		1		a_toupper_8_lo.asm(4):7: error: bad long expression
a_toupper_empty	0	complete	0000 0000            dc.l toupper()		1		a_toupper_empty.asm(4):7: error: bad long expression
a_toupper_empty_int	0	complete	0000 0000            dc.l INT(toupper())		1		a_toupper_empty_int.asm(4):7: error: int(): could not evaluate float expression
a_toupper_emptyparen	0	complete	0000 0000            dc.l toupper(())		1		a_toupper_emptyparen.asm(4):7: error: bad long expression
a_toupper_equ	0	complete	=$5                  X equ toupper(5)		1		a_toupper_equ.asm(4):1: error: trailing tokens in expression
a_toupper_f0p0_bare	3	unknown		error #10000: internal error;	1		a_toupper_f0p0_bare.asm(4):15: error: floating point value where an integer is required (wrap it in `int(...)`)
a_toupper_f0p0_int	3	unknown		error #10000: internal error;	1		a_toupper_f0p0_int.asm(4):7: error: int(): could not evaluate float expression
a_toupper_f0p5_bare	3	unknown		error #10000: internal error;	1		a_toupper_f0p5_bare.asm(4):15: error: floating point value where an integer is required (wrap it in `int(...)`)
a_toupper_f0p5_int	3	unknown		error #10000: internal error;	1		a_toupper_f0p5_int.asm(4):7: error: int(): could not evaluate float expression
a_toupper_f2p5_bare	3	unknown		error #10000: internal error;	1		a_toupper_f2p5_bare.asm(4):15: error: floating point value where an integer is required (wrap it in `int(...)`)
a_toupper_f2p5_int	3	unknown		error #10000: internal error;	1		a_toupper_f2p5_int.asm(4):7: error: int(): could not evaluate float expression
a_toupper_f5p0_bare	3	unknown		error #10000: internal error;	1		a_toupper_f5p0_bare.asm(4):15: error: floating point value where an integer is required (wrap it in `int(...)`)
a_toupper_f5p0_int	3	unknown		error #10000: internal error;	1		a_toupper_f5p0_int.asm(4):7: error: int(): could not evaluate float expression
a_toupper_floatsym	3	unknown	=2.5                 F set 2.5	error #10000: internal error;	1		a_toupper_floatsym.asm(5):15: error: floating point value where an integer is required (wrap it in `int(...)`)
a_toupper_fm2p5_bare	3	unknown		error #10000: internal error;	1		a_toupper_fm2p5_bare.asm(4):16: error: floating point value where an integer is required (wrap it in `int(...)`)
a_toupper_fm2p5_int	3	unknown		error #10000: internal error;	1		a_toupper_fm2p5_int.asm(4):7: error: int(): could not evaluate float expression
a_toupper_fwd	0	complete	0000 0005            dc.l toupper(Later)		1		a_toupper_fwd.asm(4):7: error: bad long expression
a_toupper_h100000000_hi	2	complete	                     dc.l (toupper($100000000))>>32	error #1320: range overflow;	1		a_toupper_h100000000_hi.asm(4):7: error: bad long expression
a_toupper_h100000000_lo	2	complete	                     dc.l (toupper($100000000))&$FFFFFFFF	error #1320: range overflow;	1		a_toupper_h100000000_lo.asm(4):7: error: bad long expression
a_toupper_h7FFFFFFFFFFFFFFF_hi	2	complete	                     dc.l (toupper($7FFFFFFFFFFFFFFF))>>32	error #1320: range overflow;	1		a_toupper_h7FFFFFFFFFFFFFFF_hi.asm(4):7: error: bad long expression
a_toupper_h7FFFFFFFFFFFFFFF_lo	2	complete	                     dc.l (toupper($7FFFFFFFFFFFFFFF))&$FFFFFFFF	error #1320: range overflow;	1		a_toupper_h7FFFFFFFFFFFFFFF_lo.asm(4):7: error: bad long expression
a_toupper_h7FFFFFFF_hi	2	complete	                     dc.l (toupper($7FFFFFFF))>>32	error #1320: range overflow;	1		a_toupper_h7FFFFFFF_hi.asm(4):7: error: bad long expression
a_toupper_h7FFFFFFF_lo	2	complete	                     dc.l (toupper($7FFFFFFF))&$FFFFFFFF	error #1320: range overflow;	1		a_toupper_h7FFFFFFF_lo.asm(4):7: error: bad long expression
a_toupper_h80000000_hi	2	complete	                     dc.l (toupper($80000000))>>32	error #1320: range overflow;	1		a_toupper_h80000000_hi.asm(4):7: error: bad long expression
a_toupper_h80000000_lo	2	complete	                     dc.l (toupper($80000000))&$FFFFFFFF	error #1320: range overflow;	1		a_toupper_h80000000_lo.asm(4):7: error: bad long expression
a_toupper_h80_hi	0	complete	0000 0000            dc.l (toupper($80))>>32		1		a_toupper_h80_hi.asm(4):7: error: bad long expression
a_toupper_h80_lo	0	complete	0000 0080            dc.l (toupper($80))&$FFFFFFFF		1		a_toupper_h80_lo.asm(4):7: error: bad long expression
a_toupper_hE4_hi	0	complete	0000 0000            dc.l (toupper($E4))>>32		1		a_toupper_hE4_hi.asm(4):7: error: bad long expression
a_toupper_hE4_lo	0	complete	0000 00E4            dc.l (toupper($E4))&$FFFFFFFF		1		a_toupper_hE4_lo.asm(4):7: error: bad long expression
a_toupper_hFFFEB_hi	2	complete	                     dc.l (toupper($FFFEB))>>32	error #1320: range overflow;	1		a_toupper_hFFFEB_hi.asm(4):7: error: bad long expression
a_toupper_hFFFEB_lo	2	complete	                     dc.l (toupper($FFFEB))&$FFFFFFFF	error #1320: range overflow;	1		a_toupper_hFFFEB_lo.asm(4):7: error: bad long expression
a_toupper_hFFFFFFFF_hi	2	complete	                     dc.l (toupper($FFFFFFFF))>>32	error #1320: range overflow;	1		a_toupper_hFFFFFFFF_hi.asm(4):7: error: bad long expression
a_toupper_hFFFFFFFF_lo	2	complete	                     dc.l (toupper($FFFFFFFF))&$FFFFFFFF	error #1320: range overflow;	1		a_toupper_hFFFFFFFF_lo.asm(4):7: error: bad long expression
a_toupper_hFF_hi	0	complete	0000 0000            dc.l (toupper($FF))>>32		1		a_toupper_hFF_hi.asm(4):7: error: bad long expression
a_toupper_hFF_lo	0	complete	0000 00FF            dc.l (toupper($FF))&$FFFFFFFF		1		a_toupper_hFF_lo.asm(4):7: error: bad long expression
a_toupper_imm	0	complete	203C 0000 0005       move.l #toupper(5),d0		1		a_toupper_imm.asm(4):9: error: trailing tokens in #immediate
a_toupper_m1_hi	2	complete	                     dc.l (toupper(-1))>>32	error #1320: range overflow;	1		a_toupper_m1_hi.asm(4):7: error: bad long expression
a_toupper_m1_lo	2	complete	                     dc.l (toupper(-1))&$FFFFFFFF	error #1320: range overflow;	1		a_toupper_m1_lo.asm(4):7: error: bad long expression
a_toupper_m2_hi	2	complete	                     dc.l (toupper(-2))>>32	error #1320: range overflow;	1		a_toupper_m2_hi.asm(4):7: error: bad long expression
a_toupper_m2_lo	2	complete	                     dc.l (toupper(-2))&$FFFFFFFF	error #1320: range overflow;	1		a_toupper_m2_lo.asm(4):7: error: bad long expression
a_toupper_m5_hi	2	complete	                     dc.l (toupper(-5))>>32	error #1320: range overflow;	1		a_toupper_m5_hi.asm(4):7: error: bad long expression
a_toupper_m5_lo	2	complete	                     dc.l (toupper(-5))&$FFFFFFFF	error #1320: range overflow;	1		a_toupper_m5_lo.asm(4):7: error: bad long expression
a_toupper_mh7FFFFFFFFFFFFFFFm1_hi	2	complete	                     dc.l (toupper(-$7FFFFFFFFFFFFFFF-1))>>32	error #1320: range overflow;	1		a_toupper_mh7FFFFFFFFFFFFFFFm1_hi.asm(4):7: error: bad long expression
a_toupper_mh7FFFFFFFFFFFFFFFm1_lo	2	complete	                     dc.l (toupper(-$7FFFFFFFFFFFFFFF-1))&$FFFFFFFF	error #1320: range overflow;	1		a_toupper_mh7FFFFFFFFFFFFFFFm1_lo.asm(4):7: error: bad long expression
a_toupper_mh80_hi	2	complete	                     dc.l (toupper(-$80))>>32	error #1320: range overflow;	1		a_toupper_mh80_hi.asm(4):7: error: bad long expression
a_toupper_mh80_lo	2	complete	                     dc.l (toupper(-$80))&$FFFFFFFF	error #1320: range overflow;	1		a_toupper_mh80_lo.asm(4):7: error: bad long expression
a_toupper_nested	0	complete	0000 0005            dc.l toupper(toupper(5))		1		a_toupper_nested.asm(4):7: error: bad long expression
a_toupper_q0q_hi	2	complete	                     dc.l (toupper('0'))>>32	error #1136: expected floating point number, but got string;	1		a_toupper_q0q_hi.asm(4):7: error: bad long expression
a_toupper_q0q_lo	2	complete	                     dc.l (toupper('0'))&$FFFFFFFF	error #1136: expected floating point number, but got string;	1		a_toupper_q0q_lo.asm(4):7: error: bad long expression
a_toupper_qaq_hi	2	complete	                     dc.l (toupper('a'))>>32	error #1136: expected floating point number, but got string;	1		a_toupper_qaq_hi.asm(4):7: error: bad long expression
a_toupper_qAq_hi	2	complete	                     dc.l (toupper('A'))>>32	error #1136: expected floating point number, but got string;	1		a_toupper_qAq_hi.asm(4):7: error: bad long expression
a_toupper_qaq_lo	2	complete	                     dc.l (toupper('a'))&$FFFFFFFF	error #1136: expected floating point number, but got string;	1		a_toupper_qaq_lo.asm(4):7: error: bad long expression
a_toupper_qAq_lo	2	complete	                     dc.l (toupper('A'))&$FFFFFFFF	error #1136: expected floating point number, but got string;	1		a_toupper_qAq_lo.asm(4):7: error: bad long expression
a_toupper_qzq_hi	2	complete	                     dc.l (toupper('z'))>>32	error #1136: expected floating point number, but got string;	1		a_toupper_qzq_hi.asm(4):7: error: bad long expression
a_toupper_qzq_lo	2	complete	                     dc.l (toupper('z'))&$FFFFFFFF	error #1136: expected floating point number, but got string;	1		a_toupper_qzq_lo.asm(4):7: error: bad long expression
a_toupper_space	0	complete	0000 0005            dc.l toupper( 5 )		1		a_toupper_space.asm(4):7: error: bad long expression
a_toupper_string2	2	complete	                     dc.l toupper("ab")	error #1136: expected floating point number, but got string;	1		a_toupper_string2.asm(4):15: error: string operand in a data directive wider than a byte: asl emits one zero-extended element per character here, which is not implemented
a_toupper_string	2	complete	                     dc.l toupper("A")	error #1136: expected floating point number, but got string;	1		a_toupper_string.asm(4):15: error: string operand in a data directive wider than a byte: asl emits one zero-extended element per character here, which is not implemented
a_toupper_twoarg	2	complete	                     dc.l toupper(1,2)	error #1490: wrong numbers of function arguments;	1		a_toupper_twoarg.asm(4):7: error: bad long expression
a_toupper_undef	2	complete	                     dc.l toupper(Nope)	error #1010: symbol undefined;	1		a_toupper_undef.asm(4):7: error: bad long expression
a_toupper_upper	0	complete	0000 0005            dc.l TOUPPER(5)		1		a_toupper_upper.asm(4):7: error: bad long expression
a_x_acos_empty	0	complete	0000 0001            dc.l INT(acos())		1		a_x_acos_empty.asm(4):7: error: int(): could not evaluate float expression
a_x_acos_empty_bare	2	complete	                     dc.l acos()	error #1133: expected integer or string, but got floating point number;	1		a_x_acos_empty_bare.asm(4):7: error: bad long expression
a_x_acosh_empty	2	complete	                     dc.l INT(acosh())	error #1880: floating point overflow;	1		a_x_acosh_empty.asm(4):7: error: int(): could not evaluate float expression
a_x_acosh_empty_bare	2	complete	                     dc.l acosh()	error #1880: floating point overflow;	1		a_x_acosh_empty_bare.asm(4):7: error: bad long expression
a_x_asin_empty	0	complete	0000 0000            dc.l INT(asin())		1		a_x_asin_empty.asm(4):7: error: int(): could not evaluate float expression
a_x_asin_empty_bare	2	complete	                     dc.l asin()	error #1133: expected integer or string, but got floating point number;	1		a_x_asin_empty_bare.asm(4):7: error: bad long expression
a_x_asinh_empty	0	complete	0000 0000            dc.l INT(asinh())		1		a_x_asinh_empty.asm(4):7: error: int(): could not evaluate float expression
a_x_asinh_empty_bare	2	complete	                     dc.l asinh()	error #1133: expected integer or string, but got floating point number;	1		a_x_asinh_empty_bare.asm(4):7: error: bad long expression
a_x_atan_empty	0	complete	0000 0000            dc.l INT(atan())		1		a_x_atan_empty.asm(4):7: error: int(): could not evaluate float expression
a_x_atan_empty_bare	2	complete	                     dc.l atan()	error #1133: expected integer or string, but got floating point number;	1		a_x_atan_empty_bare.asm(4):7: error: bad long expression
a_x_atanh_empty	0	complete	0000 0000            dc.l INT(atanh())		1		a_x_atanh_empty.asm(4):7: error: int(): could not evaluate float expression
a_x_atanh_empty_bare	2	complete	                     dc.l atanh()	error #1133: expected integer or string, but got floating point number;	1		a_x_atanh_empty_bare.asm(4):7: error: bad long expression
a_x_cos_empty	0	complete	0000 0001            dc.l INT(cos())		1		a_x_cos_empty.asm(4):7: error: int(): could not evaluate float expression
a_x_cos_empty_bare	2	complete	                     dc.l cos()	error #1133: expected integer or string, but got floating point number;	1		a_x_cos_empty_bare.asm(4):7: error: bad long expression
a_x_cosh_empty	0	complete	0000 0001            dc.l INT(cosh())		1		a_x_cosh_empty.asm(4):7: error: int(): could not evaluate float expression
a_x_cosh_empty_bare	2	complete	                     dc.l cosh()	error #1133: expected integer or string, but got floating point number;	1		a_x_cosh_empty_bare.asm(4):7: error: bad long expression
a_x_exp_empty	0	complete	0000 0001            dc.l INT(exp())		1		a_x_exp_empty.asm(4):7: error: int(): could not evaluate float expression
a_x_exp_empty_bare	2	complete	                     dc.l exp()	error #1133: expected integer or string, but got floating point number;	1		a_x_exp_empty_bare.asm(4):7: error: bad long expression
a_x_int_empty	0	complete	0000 0000            dc.l INT(int())		1		a_x_int_empty.asm(4):7: error: int(): could not evaluate float expression
a_x_int_empty_bare	0	complete	0000 0000            dc.l int()		1		a_x_int_empty_bare.asm(4):7: error: int(): could not evaluate float expression
a_x_ln_empty	2	complete	                     dc.l INT(ln())	error #1870: function argument out of definition range;	1		a_x_ln_empty.asm(4):7: error: int(): could not evaluate float expression
a_x_ln_empty_bare	2	complete	                     dc.l ln()	error #1870: function argument out of definition range;	1		a_x_ln_empty_bare.asm(4):7: error: bad long expression
a_x_log_empty	2	complete	                     dc.l INT(log())	error #1870: function argument out of definition range;	1		a_x_log_empty.asm(4):7: error: int(): could not evaluate float expression
a_x_log_empty_bare	2	complete	                     dc.l log()	error #1870: function argument out of definition range;	1		a_x_log_empty_bare.asm(4):7: error: bad long expression
a_x_sin_empty	0	complete	0000 0000            dc.l INT(sin())		1		a_x_sin_empty.asm(4):7: error: int(): could not evaluate float expression
a_x_sin_empty_bare	2	complete	                     dc.l sin()	error #1133: expected integer or string, but got floating point number;	1		a_x_sin_empty_bare.asm(4):7: error: bad long expression
a_x_sinh_empty	0	complete	0000 0000            dc.l INT(sinh())		1		a_x_sinh_empty.asm(4):7: error: int(): could not evaluate float expression
a_x_sinh_empty_bare	2	complete	                     dc.l sinh()	error #1133: expected integer or string, but got floating point number;	1		a_x_sinh_empty_bare.asm(4):7: error: bad long expression
a_x_sqrt_empty	0	complete	0000 0000            dc.l INT(sqrt())		1		a_x_sqrt_empty.asm(4):7: error: int(): could not evaluate float expression
a_x_sqrt_empty_bare	2	complete	                     dc.l sqrt()	error #1133: expected integer or string, but got floating point number;	1		a_x_sqrt_empty_bare.asm(4):7: error: bad long expression
a_x_tan_empty	0	complete	0000 0000            dc.l INT(tan())		1		a_x_tan_empty.asm(4):7: error: int(): could not evaluate float expression
a_x_tan_empty_bare	2	complete	                     dc.l tan()	error #1133: expected integer or string, but got floating point number;	1		a_x_tan_empty_bare.asm(4):7: error: bad long expression
a_x_tanh_empty	0	complete	0000 0000            dc.l INT(tanh())		1		a_x_tanh_empty.asm(4):7: error: int(): could not evaluate float expression
a_x_tanh_empty_bare	2	complete	                     dc.l tanh()	error #1133: expected integer or string, but got floating point number;	1		a_x_tanh_empty_bare.asm(4):7: error: bad long expression
b_abs_0_hi	0	complete	303C 1234            move.w #$1234,d0		0	303C1234567800000000EEbuilt:11bytes,nofilewritten(pass-o<path>towriteone)	
b_abs_0_lo	0	complete	303C 1234            move.w #$1234,d0		0	303C1234567800000000EEbuilt:11bytes,nofilewritten(pass-o<path>towriteone)	
b_abs_12_hi	0	complete	303C 1234            move.w #$1234,d0		0	303C1234567800000000EEbuilt:11bytes,nofilewritten(pass-o<path>towriteone)	
b_abs_12_lo	0	complete	303C 1234            move.w #$1234,d0		0	303C123456780000000CEEbuilt:11bytes,nofilewritten(pass-o<path>towriteone)	
b_abs_1_hi	0	complete	303C 1234            move.w #$1234,d0		0	303C1234567800000000EEbuilt:11bytes,nofilewritten(pass-o<path>towriteone)	
b_abs_1_lo	0	complete	303C 1234            move.w #$1234,d0		0	303C1234567800000001EEbuilt:11bytes,nofilewritten(pass-o<path>towriteone)	
b_abs_2_hi	0	complete	303C 1234            move.w #$1234,d0		0	303C1234567800000000EEbuilt:11bytes,nofilewritten(pass-o<path>towriteone)	
b_abs_2_lo	0	complete	303C 1234            move.w #$1234,d0		0	303C1234567800000002EEbuilt:11bytes,nofilewritten(pass-o<path>towriteone)	
b_abs_353_hi	0	complete	303C 1234            move.w #$1234,d0		0	303C1234567800000000EEbuilt:11bytes,nofilewritten(pass-o<path>towriteone)	
b_abs_353_lo	0	complete	303C 1234            move.w #$1234,d0		0	303C1234567800000161EEbuilt:11bytes,nofilewritten(pass-o<path>towriteone)	
b_abs_3_hi	0	complete	303C 1234            move.w #$1234,d0		0	303C1234567800000000EEbuilt:11bytes,nofilewritten(pass-o<path>towriteone)	
b_abs_3_lo	0	complete	303C 1234            move.w #$1234,d0		0	303C1234567800000003EEbuilt:11bytes,nofilewritten(pass-o<path>towriteone)	
b_abs_5_hi	0	complete	303C 1234            move.w #$1234,d0		0	303C1234567800000000EEbuilt:11bytes,nofilewritten(pass-o<path>towriteone)	
b_abs_5_lo	0	complete	303C 1234            move.w #$1234,d0		0	303C1234567800000005EEbuilt:11bytes,nofilewritten(pass-o<path>towriteone)	
b_abs_6_hi	0	complete	303C 1234            move.w #$1234,d0		0	303C1234567800000000EEbuilt:11bytes,nofilewritten(pass-o<path>towriteone)	
b_abs_6_lo	0	complete	303C 1234            move.w #$1234,d0		0	303C1234567800000006EEbuilt:11bytes,nofilewritten(pass-o<path>towriteone)	
b_abs_7_hi	0	complete	303C 1234            move.w #$1234,d0		0	303C1234567800000000EEbuilt:11bytes,nofilewritten(pass-o<path>towriteone)	
b_abs_7_lo	0	complete	303C 1234            move.w #$1234,d0		0	303C1234567800000007EEbuilt:11bytes,nofilewritten(pass-o<path>towriteone)	
b_abs_8_hi	0	complete	303C 1234            move.w #$1234,d0		0	303C1234567800000000EEbuilt:11bytes,nofilewritten(pass-o<path>towriteone)	
b_abs_8_lo	0	complete	303C 1234            move.w #$1234,d0		0	303C1234567800000008EEbuilt:11bytes,nofilewritten(pass-o<path>towriteone)	
b_abs_empty	0	complete	303C 1234            move.w #$1234,d0		1		b_abs_empty.asm(6):7: error: bad long expression
b_abs_empty_int	0	complete	303C 1234            move.w #$1234,d0		1		b_abs_empty_int.asm(6):7: error: int(): could not evaluate float expression
b_abs_emptyparen	0	complete	303C 1234            move.w #$1234,d0		0	303C1234567800000000EEbuilt:11bytes,nofilewritten(pass-o<path>towriteone)	
b_abs_equ	0	complete	303C 1234            move.w #$1234,d0		0	303C1234567800000005EEbuilt:11bytes,nofilewritten(pass-o<path>towriteone)	
b_abs_f0p0_bare	2	complete	303C 1234            move.w #$1234,d0	error #1133: expected integer or string, but got floating point number;	1		b_abs_f0p0_bare.asm(6):11: error: floating point value where an integer is required (wrap it in `int(...)`)
b_abs_f0p0_int	0	complete	303C 1234            move.w #$1234,d0		0	303C1234567800000000EEbuilt:11bytes,nofilewritten(pass-o<path>towriteone)	
b_abs_f0p5_bare	2	complete	303C 1234            move.w #$1234,d0	error #1133: expected integer or string, but got floating point number;	1		b_abs_f0p5_bare.asm(6):11: error: floating point value where an integer is required (wrap it in `int(...)`)
b_abs_f0p5_int	0	complete	303C 1234            move.w #$1234,d0		0	303C1234567800000000EEbuilt:11bytes,nofilewritten(pass-o<path>towriteone)	
b_abs_f2p5_bare	2	complete	303C 1234            move.w #$1234,d0	error #1133: expected integer or string, but got floating point number;	1		b_abs_f2p5_bare.asm(6):11: error: floating point value where an integer is required (wrap it in `int(...)`)
b_abs_f2p5_int	0	complete	303C 1234            move.w #$1234,d0		0	303C1234567800000002EEbuilt:11bytes,nofilewritten(pass-o<path>towriteone)	
b_abs_f5p0_bare	2	complete	303C 1234            move.w #$1234,d0	error #1133: expected integer or string, but got floating point number;	1		b_abs_f5p0_bare.asm(6):11: error: floating point value where an integer is required (wrap it in `int(...)`)
b_abs_f5p0_int	0	complete	303C 1234            move.w #$1234,d0		0	303C1234567800000005EEbuilt:11bytes,nofilewritten(pass-o<path>towriteone)	
b_abs_floatsym	2	complete	303C 1234            move.w #$1234,d0	error #1133: expected integer or string, but got floating point number;	1		b_abs_floatsym.asm(7):11: error: floating point value where an integer is required (wrap it in `int(...)`)
b_abs_fm2p5_bare	2	complete	303C 1234            move.w #$1234,d0	error #1133: expected integer or string, but got floating point number;	1		b_abs_fm2p5_bare.asm(6):12: error: floating point value where an integer is required (wrap it in `int(...)`)
b_abs_fm2p5_int	0	complete	303C 1234            move.w #$1234,d0		0	303C1234567800000002EEbuilt:11bytes,nofilewritten(pass-o<path>towriteone)	
b_abs_fwd	0	complete	303C 1234            move.w #$1234,d0		0	303C1234567800000005EEbuilt:11bytes,nofilewritten(pass-o<path>towriteone)	
b_abs_h100000000_hi	0	complete	303C 1234            move.w #$1234,d0		0	303C1234567800000001EEbuilt:11bytes,nofilewritten(pass-o<path>towriteone)	
b_abs_h100000000_lo	0	complete	303C 1234            move.w #$1234,d0		0	303C1234567800000000EEbuilt:11bytes,nofilewritten(pass-o<path>towriteone)	
b_abs_h7FFFFFFFFFFFFFFF_hi	0	complete	303C 1234            move.w #$1234,d0		0	303C123456787FFFFFFFEEbuilt:11bytes,nofilewritten(pass-o<path>towriteone)	
b_abs_h7FFFFFFFFFFFFFFF_lo	0	complete	303C 1234            move.w #$1234,d0		0	303C12345678FFFFFFFFEEbuilt:11bytes,nofilewritten(pass-o<path>towriteone)	
b_abs_h7FFFFFFF_hi	0	complete	303C 1234            move.w #$1234,d0		0	303C1234567800000000EEbuilt:11bytes,nofilewritten(pass-o<path>towriteone)	
b_abs_h7FFFFFFF_lo	0	complete	303C 1234            move.w #$1234,d0		0	303C123456787FFFFFFFEEbuilt:11bytes,nofilewritten(pass-o<path>towriteone)	
b_abs_h80000000_hi	0	complete	303C 1234            move.w #$1234,d0		0	303C1234567800000000EEbuilt:11bytes,nofilewritten(pass-o<path>towriteone)	
b_abs_h80000000_lo	0	complete	303C 1234            move.w #$1234,d0		0	303C1234567880000000EEbuilt:11bytes,nofilewritten(pass-o<path>towriteone)	
b_abs_h80_hi	0	complete	303C 1234            move.w #$1234,d0		0	303C1234567800000000EEbuilt:11bytes,nofilewritten(pass-o<path>towriteone)	
b_abs_h80_lo	0	complete	303C 1234            move.w #$1234,d0		0	303C1234567800000080EEbuilt:11bytes,nofilewritten(pass-o<path>towriteone)	
b_abs_hE4_hi	0	complete	303C 1234            move.w #$1234,d0		0	303C1234567800000000EEbuilt:11bytes,nofilewritten(pass-o<path>towriteone)	
b_abs_hE4_lo	0	complete	303C 1234            move.w #$1234,d0		0	303C12345678000000E4EEbuilt:11bytes,nofilewritten(pass-o<path>towriteone)	
b_abs_hFFFEB_hi	0	complete	303C 1234            move.w #$1234,d0		0	303C1234567800000000EEbuilt:11bytes,nofilewritten(pass-o<path>towriteone)	
b_abs_hFFFEB_lo	0	complete	303C 1234            move.w #$1234,d0		0	303C12345678000FFFEBEEbuilt:11bytes,nofilewritten(pass-o<path>towriteone)	
b_abs_hFFFFFFFF_hi	0	complete	303C 1234            move.w #$1234,d0		0	303C1234567800000000EEbuilt:11bytes,nofilewritten(pass-o<path>towriteone)	
b_abs_hFFFFFFFF_lo	0	complete	303C 1234            move.w #$1234,d0		0	303C12345678FFFFFFFFEEbuilt:11bytes,nofilewritten(pass-o<path>towriteone)	
b_abs_hFF_hi	0	complete	303C 1234            move.w #$1234,d0		0	303C1234567800000000EEbuilt:11bytes,nofilewritten(pass-o<path>towriteone)	
b_abs_hFF_lo	0	complete	303C 1234            move.w #$1234,d0		0	303C12345678000000FFEEbuilt:11bytes,nofilewritten(pass-o<path>towriteone)	
b_abs_imm	0	complete	303C 1234            move.w #$1234,d0		0	303C12345678203C00000005EEbuilt:13bytes,nofilewritten(pass-o<path>towriteone)	
b_abs_m1_hi	0	complete	303C 1234            move.w #$1234,d0		0	303C1234567800000000EEbuilt:11bytes,nofilewritten(pass-o<path>towriteone)	
b_abs_m1_lo	0	complete	303C 1234            move.w #$1234,d0		0	303C1234567800000001EEbuilt:11bytes,nofilewritten(pass-o<path>towriteone)	
b_abs_m2_hi	0	complete	303C 1234            move.w #$1234,d0		0	303C1234567800000000EEbuilt:11bytes,nofilewritten(pass-o<path>towriteone)	
b_abs_m2_lo	0	complete	303C 1234            move.w #$1234,d0		0	303C1234567800000002EEbuilt:11bytes,nofilewritten(pass-o<path>towriteone)	
b_abs_m5_hi	0	complete	303C 1234            move.w #$1234,d0		0	303C1234567800000000EEbuilt:11bytes,nofilewritten(pass-o<path>towriteone)	
b_abs_m5_lo	0	complete	303C 1234            move.w #$1234,d0		0	303C1234567800000005EEbuilt:11bytes,nofilewritten(pass-o<path>towriteone)	
b_abs_mh7FFFFFFFFFFFFFFFm1_hi	0	complete	303C 1234            move.w #$1234,d0		0	303C1234567880000000EEbuilt:11bytes,nofilewritten(pass-o<path>towriteone)	
b_abs_mh7FFFFFFFFFFFFFFFm1_lo	0	complete	303C 1234            move.w #$1234,d0		0	303C1234567800000000EEbuilt:11bytes,nofilewritten(pass-o<path>towriteone)	
b_abs_mh80_hi	0	complete	303C 1234            move.w #$1234,d0		0	303C1234567800000000EEbuilt:11bytes,nofilewritten(pass-o<path>towriteone)	
b_abs_mh80_lo	0	complete	303C 1234            move.w #$1234,d0		0	303C1234567800000080EEbuilt:11bytes,nofilewritten(pass-o<path>towriteone)	
b_abs_nested	0	complete	303C 1234            move.w #$1234,d0		0	303C1234567800000005EEbuilt:11bytes,nofilewritten(pass-o<path>towriteone)	
b_abs_q0q_hi	3	unknown	303C 1234            move.w #$1234,d0	error #10000: internal error;	0	303C1234567800000000EEbuilt:11bytes,nofilewritten(pass-o<path>towriteone)	
b_abs_q0q_lo	3	unknown	303C 1234            move.w #$1234,d0	error #10000: internal error;	0	303C1234567800000030EEbuilt:11bytes,nofilewritten(pass-o<path>towriteone)	
b_abs_qaq_hi	3	unknown	303C 1234            move.w #$1234,d0	error #10000: internal error;	0	303C1234567800000000EEbuilt:11bytes,nofilewritten(pass-o<path>towriteone)	
b_abs_qAq_hi	3	unknown	303C 1234            move.w #$1234,d0	error #10000: internal error;	0	303C1234567800000000EEbuilt:11bytes,nofilewritten(pass-o<path>towriteone)	
b_abs_qaq_lo	3	unknown	303C 1234            move.w #$1234,d0	error #10000: internal error;	0	303C1234567800000061EEbuilt:11bytes,nofilewritten(pass-o<path>towriteone)	
b_abs_qAq_lo	3	unknown	303C 1234            move.w #$1234,d0	error #10000: internal error;	0	303C1234567800000041EEbuilt:11bytes,nofilewritten(pass-o<path>towriteone)	
b_abs_qzq_hi	3	unknown	303C 1234            move.w #$1234,d0	error #10000: internal error;	0	303C1234567800000000EEbuilt:11bytes,nofilewritten(pass-o<path>towriteone)	
b_abs_qzq_lo	3	unknown	303C 1234            move.w #$1234,d0	error #10000: internal error;	0	303C123456780000007AEEbuilt:11bytes,nofilewritten(pass-o<path>towriteone)	
b_abs_space	0	complete	303C 1234            move.w #$1234,d0		0	303C1234567800000005EEbuilt:11bytes,nofilewritten(pass-o<path>towriteone)	
b_abs_string2	3	unknown	303C 1234            move.w #$1234,d0	error #10000: internal error;	1		b_abs_string2.asm(6):11: error: string operand in a data directive wider than a byte: asl emits one zero-extended element per character here, which is not implemented
b_abs_string	3	unknown	303C 1234            move.w #$1234,d0	error #10000: internal error;	1		b_abs_string.asm(6):11: error: string operand in a data directive wider than a byte: asl emits one zero-extended element per character here, which is not implemented
b_abs_twoarg	2	complete	303C 1234            move.w #$1234,d0	error #1490: wrong numbers of function arguments;	1		b_abs_twoarg.asm(6):7: error: bad long expression
b_abs_undef	2	complete	303C 1234            move.w #$1234,d0	error #1010: symbol undefined;	1		b_abs_undef.asm(6):7: error: bad long expression
b_abs_upper	0	complete	303C 1234            move.w #$1234,d0		0	303C1234567800000005EEbuilt:11bytes,nofilewritten(pass-o<path>towriteone)	
b_bitcnt_0_hi	0	complete	303C 1234            move.w #$1234,d0		1		b_bitcnt_0_hi.asm(6):7: error: bad long expression
b_bitcnt_0_lo	0	complete	303C 1234            move.w #$1234,d0		1		b_bitcnt_0_lo.asm(6):7: error: bad long expression
b_bitcnt_12_hi	0	complete	303C 1234            move.w #$1234,d0		1		b_bitcnt_12_hi.asm(6):7: error: bad long expression
b_bitcnt_12_lo	0	complete	303C 1234            move.w #$1234,d0		1		b_bitcnt_12_lo.asm(6):7: error: bad long expression
b_bitcnt_1_hi	0	complete	303C 1234            move.w #$1234,d0		1		b_bitcnt_1_hi.asm(6):7: error: bad long expression
b_bitcnt_1_lo	0	complete	303C 1234            move.w #$1234,d0		1		b_bitcnt_1_lo.asm(6):7: error: bad long expression
b_bitcnt_2_hi	0	complete	303C 1234            move.w #$1234,d0		1		b_bitcnt_2_hi.asm(6):7: error: bad long expression
b_bitcnt_2_lo	0	complete	303C 1234            move.w #$1234,d0		1		b_bitcnt_2_lo.asm(6):7: error: bad long expression
b_bitcnt_353_hi	0	complete	303C 1234            move.w #$1234,d0		1		b_bitcnt_353_hi.asm(6):7: error: bad long expression
b_bitcnt_353_lo	0	complete	303C 1234            move.w #$1234,d0		1		b_bitcnt_353_lo.asm(6):7: error: bad long expression
b_bitcnt_3_hi	0	complete	303C 1234            move.w #$1234,d0		1		b_bitcnt_3_hi.asm(6):7: error: bad long expression
b_bitcnt_3_lo	0	complete	303C 1234            move.w #$1234,d0		1		b_bitcnt_3_lo.asm(6):7: error: bad long expression
b_bitcnt_5_hi	0	complete	303C 1234            move.w #$1234,d0		1		b_bitcnt_5_hi.asm(6):7: error: bad long expression
b_bitcnt_5_lo	0	complete	303C 1234            move.w #$1234,d0		1		b_bitcnt_5_lo.asm(6):7: error: bad long expression
b_bitcnt_6_hi	0	complete	303C 1234            move.w #$1234,d0		1		b_bitcnt_6_hi.asm(6):7: error: bad long expression
b_bitcnt_6_lo	0	complete	303C 1234            move.w #$1234,d0		1		b_bitcnt_6_lo.asm(6):7: error: bad long expression
b_bitcnt_7_hi	0	complete	303C 1234            move.w #$1234,d0		1		b_bitcnt_7_hi.asm(6):7: error: bad long expression
b_bitcnt_7_lo	0	complete	303C 1234            move.w #$1234,d0		1		b_bitcnt_7_lo.asm(6):7: error: bad long expression
b_bitcnt_8_hi	0	complete	303C 1234            move.w #$1234,d0		1		b_bitcnt_8_hi.asm(6):7: error: bad long expression
b_bitcnt_8_lo	0	complete	303C 1234            move.w #$1234,d0		1		b_bitcnt_8_lo.asm(6):7: error: bad long expression
b_bitcnt_empty	0	complete	303C 1234            move.w #$1234,d0		1		b_bitcnt_empty.asm(6):7: error: bad long expression
b_bitcnt_empty_int	0	complete	303C 1234            move.w #$1234,d0		1		b_bitcnt_empty_int.asm(6):7: error: int(): could not evaluate float expression
b_bitcnt_emptyparen	0	complete	303C 1234            move.w #$1234,d0		1		b_bitcnt_emptyparen.asm(6):7: error: bad long expression
b_bitcnt_equ	0	complete	303C 1234            move.w #$1234,d0		1		b_bitcnt_equ.asm(6):1: error: trailing tokens in expression
b_bitcnt_f0p0_bare	3	unknown	303C 1234            move.w #$1234,d0	error #10000: internal error;	1		b_bitcnt_f0p0_bare.asm(6):14: error: floating point value where an integer is required (wrap it in `int(...)`)
b_bitcnt_f0p0_int	3	unknown	303C 1234            move.w #$1234,d0	error #10000: internal error;	1		b_bitcnt_f0p0_int.asm(6):7: error: int(): could not evaluate float expression
b_bitcnt_f0p5_bare	3	unknown	303C 1234            move.w #$1234,d0	error #10000: internal error;	1		b_bitcnt_f0p5_bare.asm(6):14: error: floating point value where an integer is required (wrap it in `int(...)`)
b_bitcnt_f0p5_int	3	unknown	303C 1234            move.w #$1234,d0	error #10000: internal error;	1		b_bitcnt_f0p5_int.asm(6):7: error: int(): could not evaluate float expression
b_bitcnt_f2p5_bare	3	unknown	303C 1234            move.w #$1234,d0	error #10000: internal error;	1		b_bitcnt_f2p5_bare.asm(6):14: error: floating point value where an integer is required (wrap it in `int(...)`)
b_bitcnt_f2p5_int	3	unknown	303C 1234            move.w #$1234,d0	error #10000: internal error;	1		b_bitcnt_f2p5_int.asm(6):7: error: int(): could not evaluate float expression
b_bitcnt_f5p0_bare	3	unknown	303C 1234            move.w #$1234,d0	error #10000: internal error;	1		b_bitcnt_f5p0_bare.asm(6):14: error: floating point value where an integer is required (wrap it in `int(...)`)
b_bitcnt_f5p0_int	3	unknown	303C 1234            move.w #$1234,d0	error #10000: internal error;	1		b_bitcnt_f5p0_int.asm(6):7: error: int(): could not evaluate float expression
b_bitcnt_floatsym	3	unknown	303C 1234            move.w #$1234,d0	error #10000: internal error;	1		b_bitcnt_floatsym.asm(7):14: error: floating point value where an integer is required (wrap it in `int(...)`)
b_bitcnt_fm2p5_bare	3	unknown	303C 1234            move.w #$1234,d0	error #10000: internal error;	1		b_bitcnt_fm2p5_bare.asm(6):15: error: floating point value where an integer is required (wrap it in `int(...)`)
b_bitcnt_fm2p5_int	3	unknown	303C 1234            move.w #$1234,d0	error #10000: internal error;	1		b_bitcnt_fm2p5_int.asm(6):7: error: int(): could not evaluate float expression
b_bitcnt_fwd	0	complete	303C 1234            move.w #$1234,d0		1		b_bitcnt_fwd.asm(6):7: error: bad long expression
b_bitcnt_h100000000_hi	0	complete	303C 1234            move.w #$1234,d0		1		b_bitcnt_h100000000_hi.asm(6):7: error: bad long expression
b_bitcnt_h100000000_lo	0	complete	303C 1234            move.w #$1234,d0		1		b_bitcnt_h100000000_lo.asm(6):7: error: bad long expression
b_bitcnt_h7FFFFFFFFFFFFFFF_hi	0	complete	303C 1234            move.w #$1234,d0		1		b_bitcnt_h7FFFFFFFFFFFFFFF_hi.asm(6):7: error: bad long expression
b_bitcnt_h7FFFFFFFFFFFFFFF_lo	0	complete	303C 1234            move.w #$1234,d0		1		b_bitcnt_h7FFFFFFFFFFFFFFF_lo.asm(6):7: error: bad long expression
b_bitcnt_h7FFFFFFF_hi	0	complete	303C 1234            move.w #$1234,d0		1		b_bitcnt_h7FFFFFFF_hi.asm(6):7: error: bad long expression
b_bitcnt_h7FFFFFFF_lo	0	complete	303C 1234            move.w #$1234,d0		1		b_bitcnt_h7FFFFFFF_lo.asm(6):7: error: bad long expression
b_bitcnt_h80000000_hi	0	complete	303C 1234            move.w #$1234,d0		1		b_bitcnt_h80000000_hi.asm(6):7: error: bad long expression
b_bitcnt_h80000000_lo	0	complete	303C 1234            move.w #$1234,d0		1		b_bitcnt_h80000000_lo.asm(6):7: error: bad long expression
b_bitcnt_h80_hi	0	complete	303C 1234            move.w #$1234,d0		1		b_bitcnt_h80_hi.asm(6):7: error: bad long expression
b_bitcnt_h80_lo	0	complete	303C 1234            move.w #$1234,d0		1		b_bitcnt_h80_lo.asm(6):7: error: bad long expression
b_bitcnt_hE4_hi	0	complete	303C 1234            move.w #$1234,d0		1		b_bitcnt_hE4_hi.asm(6):7: error: bad long expression
b_bitcnt_hE4_lo	0	complete	303C 1234            move.w #$1234,d0		1		b_bitcnt_hE4_lo.asm(6):7: error: bad long expression
b_bitcnt_hFFFEB_hi	0	complete	303C 1234            move.w #$1234,d0		1		b_bitcnt_hFFFEB_hi.asm(6):7: error: bad long expression
b_bitcnt_hFFFEB_lo	0	complete	303C 1234            move.w #$1234,d0		1		b_bitcnt_hFFFEB_lo.asm(6):7: error: bad long expression
b_bitcnt_hFFFFFFFF_hi	0	complete	303C 1234            move.w #$1234,d0		1		b_bitcnt_hFFFFFFFF_hi.asm(6):7: error: bad long expression
b_bitcnt_hFFFFFFFF_lo	0	complete	303C 1234            move.w #$1234,d0		1		b_bitcnt_hFFFFFFFF_lo.asm(6):7: error: bad long expression
b_bitcnt_hFF_hi	0	complete	303C 1234            move.w #$1234,d0		1		b_bitcnt_hFF_hi.asm(6):7: error: bad long expression
b_bitcnt_hFF_lo	0	complete	303C 1234            move.w #$1234,d0		1		b_bitcnt_hFF_lo.asm(6):7: error: bad long expression
b_bitcnt_imm	0	complete	303C 1234            move.w #$1234,d0		1		b_bitcnt_imm.asm(6):9: error: trailing tokens in #immediate
b_bitcnt_m1_hi	0	complete	303C 1234            move.w #$1234,d0		1		b_bitcnt_m1_hi.asm(6):7: error: bad long expression
b_bitcnt_m1_lo	0	complete	303C 1234            move.w #$1234,d0		1		b_bitcnt_m1_lo.asm(6):7: error: bad long expression
b_bitcnt_m2_hi	0	complete	303C 1234            move.w #$1234,d0		1		b_bitcnt_m2_hi.asm(6):7: error: bad long expression
b_bitcnt_m2_lo	0	complete	303C 1234            move.w #$1234,d0		1		b_bitcnt_m2_lo.asm(6):7: error: bad long expression
b_bitcnt_m5_hi	0	complete	303C 1234            move.w #$1234,d0		1		b_bitcnt_m5_hi.asm(6):7: error: bad long expression
b_bitcnt_m5_lo	0	complete	303C 1234            move.w #$1234,d0		1		b_bitcnt_m5_lo.asm(6):7: error: bad long expression
b_bitcnt_mh7FFFFFFFFFFFFFFFm1_hi	0	complete	303C 1234            move.w #$1234,d0		1		b_bitcnt_mh7FFFFFFFFFFFFFFFm1_hi.asm(6):7: error: bad long expression
b_bitcnt_mh7FFFFFFFFFFFFFFFm1_lo	0	complete	303C 1234            move.w #$1234,d0		1		b_bitcnt_mh7FFFFFFFFFFFFFFFm1_lo.asm(6):7: error: bad long expression
b_bitcnt_mh80_hi	0	complete	303C 1234            move.w #$1234,d0		1		b_bitcnt_mh80_hi.asm(6):7: error: bad long expression
b_bitcnt_mh80_lo	0	complete	303C 1234            move.w #$1234,d0		1		b_bitcnt_mh80_lo.asm(6):7: error: bad long expression
b_bitcnt_nested	0	complete	303C 1234            move.w #$1234,d0		1		b_bitcnt_nested.asm(6):7: error: bad long expression
b_bitcnt_q0q_hi	2	complete	303C 1234            move.w #$1234,d0	error #1136: expected floating point number, but got string;	1		b_bitcnt_q0q_hi.asm(6):7: error: bad long expression
b_bitcnt_q0q_lo	2	complete	303C 1234            move.w #$1234,d0	error #1136: expected floating point number, but got string;	1		b_bitcnt_q0q_lo.asm(6):7: error: bad long expression
b_bitcnt_qaq_hi	2	complete	303C 1234            move.w #$1234,d0	error #1136: expected floating point number, but got string;	1		b_bitcnt_qaq_hi.asm(6):7: error: bad long expression
b_bitcnt_qAq_hi	2	complete	303C 1234            move.w #$1234,d0	error #1136: expected floating point number, but got string;	1		b_bitcnt_qAq_hi.asm(6):7: error: bad long expression
b_bitcnt_qaq_lo	2	complete	303C 1234            move.w #$1234,d0	error #1136: expected floating point number, but got string;	1		b_bitcnt_qaq_lo.asm(6):7: error: bad long expression
b_bitcnt_qAq_lo	2	complete	303C 1234            move.w #$1234,d0	error #1136: expected floating point number, but got string;	1		b_bitcnt_qAq_lo.asm(6):7: error: bad long expression
b_bitcnt_qzq_hi	2	complete	303C 1234            move.w #$1234,d0	error #1136: expected floating point number, but got string;	1		b_bitcnt_qzq_hi.asm(6):7: error: bad long expression
b_bitcnt_qzq_lo	2	complete	303C 1234            move.w #$1234,d0	error #1136: expected floating point number, but got string;	1		b_bitcnt_qzq_lo.asm(6):7: error: bad long expression
b_bitcnt_space	0	complete	303C 1234            move.w #$1234,d0		1		b_bitcnt_space.asm(6):7: error: bad long expression
b_bitcnt_string2	2	complete	303C 1234            move.w #$1234,d0	error #1136: expected floating point number, but got string;	1		b_bitcnt_string2.asm(6):14: error: string operand in a data directive wider than a byte: asl emits one zero-extended element per character here, which is not implemented
b_bitcnt_string	2	complete	303C 1234            move.w #$1234,d0	error #1136: expected floating point number, but got string;	1		b_bitcnt_string.asm(6):14: error: string operand in a data directive wider than a byte: asl emits one zero-extended element per character here, which is not implemented
b_bitcnt_twoarg	2	complete	303C 1234            move.w #$1234,d0	error #1490: wrong numbers of function arguments;	1		b_bitcnt_twoarg.asm(6):7: error: bad long expression
b_bitcnt_undef	2	complete	303C 1234            move.w #$1234,d0	error #1010: symbol undefined;	1		b_bitcnt_undef.asm(6):7: error: bad long expression
b_bitcnt_upper	0	complete	303C 1234            move.w #$1234,d0		1		b_bitcnt_upper.asm(6):7: error: bad long expression
b_bitpos_0_hi	2	complete	303C 1234            move.w #$1234,d0	error #1540: not exactly one bit set;	1		b_bitpos_0_hi.asm(6):7: error: bad long expression
b_bitpos_0_lo	2	complete	303C 1234            move.w #$1234,d0	error #1540: not exactly one bit set;	1		b_bitpos_0_lo.asm(6):7: error: bad long expression
b_bitpos_12_hi	2	complete	303C 1234            move.w #$1234,d0	error #1540: not exactly one bit set;	1		b_bitpos_12_hi.asm(6):7: error: bad long expression
b_bitpos_12_lo	2	complete	303C 1234            move.w #$1234,d0	error #1540: not exactly one bit set;	1		b_bitpos_12_lo.asm(6):7: error: bad long expression
b_bitpos_1_hi	0	complete	303C 1234            move.w #$1234,d0		1		b_bitpos_1_hi.asm(6):7: error: bad long expression
b_bitpos_1_lo	0	complete	303C 1234            move.w #$1234,d0		1		b_bitpos_1_lo.asm(6):7: error: bad long expression
b_bitpos_2_hi	0	complete	303C 1234            move.w #$1234,d0		1		b_bitpos_2_hi.asm(6):7: error: bad long expression
b_bitpos_2_lo	0	complete	303C 1234            move.w #$1234,d0		1		b_bitpos_2_lo.asm(6):7: error: bad long expression
b_bitpos_353_hi	2	complete	303C 1234            move.w #$1234,d0	error #1540: not exactly one bit set;	1		b_bitpos_353_hi.asm(6):7: error: bad long expression
b_bitpos_353_lo	2	complete	303C 1234            move.w #$1234,d0	error #1540: not exactly one bit set;	1		b_bitpos_353_lo.asm(6):7: error: bad long expression
b_bitpos_3_hi	2	complete	303C 1234            move.w #$1234,d0	error #1540: not exactly one bit set;	1		b_bitpos_3_hi.asm(6):7: error: bad long expression
b_bitpos_3_lo	2	complete	303C 1234            move.w #$1234,d0	error #1540: not exactly one bit set;	1		b_bitpos_3_lo.asm(6):7: error: bad long expression
b_bitpos_5_hi	2	complete	303C 1234            move.w #$1234,d0	error #1540: not exactly one bit set;	1		b_bitpos_5_hi.asm(6):7: error: bad long expression
b_bitpos_5_lo	2	complete	303C 1234            move.w #$1234,d0	error #1540: not exactly one bit set;	1		b_bitpos_5_lo.asm(6):7: error: bad long expression
b_bitpos_6_hi	2	complete	303C 1234            move.w #$1234,d0	error #1540: not exactly one bit set;	1		b_bitpos_6_hi.asm(6):7: error: bad long expression
b_bitpos_6_lo	2	complete	303C 1234            move.w #$1234,d0	error #1540: not exactly one bit set;	1		b_bitpos_6_lo.asm(6):7: error: bad long expression
b_bitpos_7_hi	2	complete	303C 1234            move.w #$1234,d0	error #1540: not exactly one bit set;	1		b_bitpos_7_hi.asm(6):7: error: bad long expression
b_bitpos_7_lo	2	complete	303C 1234            move.w #$1234,d0	error #1540: not exactly one bit set;	1		b_bitpos_7_lo.asm(6):7: error: bad long expression
b_bitpos_8_hi	0	complete	303C 1234            move.w #$1234,d0		1		b_bitpos_8_hi.asm(6):7: error: bad long expression
b_bitpos_8_lo	0	complete	303C 1234            move.w #$1234,d0		1		b_bitpos_8_lo.asm(6):7: error: bad long expression
b_bitpos_empty	2	complete	303C 1234            move.w #$1234,d0	error #1540: not exactly one bit set;	1		b_bitpos_empty.asm(6):7: error: bad long expression
b_bitpos_empty_int	2	complete	303C 1234            move.w #$1234,d0	error #1540: not exactly one bit set;	1		b_bitpos_empty_int.asm(6):7: error: int(): could not evaluate float expression
b_bitpos_emptyparen	2	complete	303C 1234            move.w #$1234,d0	error #1540: not exactly one bit set;	1		b_bitpos_emptyparen.asm(6):7: error: bad long expression
b_bitpos_equ	2	complete	303C 1234            move.w #$1234,d0	error #1540: not exactly one bit set;	1		b_bitpos_equ.asm(6):1: error: trailing tokens in expression
b_bitpos_f0p0_bare	3	unknown	303C 1234            move.w #$1234,d0	error #10000: internal error;	1		b_bitpos_f0p0_bare.asm(6):14: error: floating point value where an integer is required (wrap it in `int(...)`)
b_bitpos_f0p0_int	3	unknown	303C 1234            move.w #$1234,d0	error #10000: internal error;	1		b_bitpos_f0p0_int.asm(6):7: error: int(): could not evaluate float expression
b_bitpos_f0p5_bare	3	unknown	303C 1234            move.w #$1234,d0	error #10000: internal error;	1		b_bitpos_f0p5_bare.asm(6):14: error: floating point value where an integer is required (wrap it in `int(...)`)
b_bitpos_f0p5_int	3	unknown	303C 1234            move.w #$1234,d0	error #10000: internal error;	1		b_bitpos_f0p5_int.asm(6):7: error: int(): could not evaluate float expression
b_bitpos_f2p5_bare	3	unknown	303C 1234            move.w #$1234,d0	error #10000: internal error;	1		b_bitpos_f2p5_bare.asm(6):14: error: floating point value where an integer is required (wrap it in `int(...)`)
b_bitpos_f2p5_int	3	unknown	303C 1234            move.w #$1234,d0	error #10000: internal error;	1		b_bitpos_f2p5_int.asm(6):7: error: int(): could not evaluate float expression
b_bitpos_f5p0_bare	3	unknown	303C 1234            move.w #$1234,d0	error #10000: internal error;	1		b_bitpos_f5p0_bare.asm(6):14: error: floating point value where an integer is required (wrap it in `int(...)`)
b_bitpos_f5p0_int	3	unknown	303C 1234            move.w #$1234,d0	error #10000: internal error;	1		b_bitpos_f5p0_int.asm(6):7: error: int(): could not evaluate float expression
b_bitpos_floatsym	3	unknown	303C 1234            move.w #$1234,d0	error #10000: internal error;	1		b_bitpos_floatsym.asm(7):14: error: floating point value where an integer is required (wrap it in `int(...)`)
b_bitpos_fm2p5_bare	3	unknown	303C 1234            move.w #$1234,d0	error #10000: internal error;	1		b_bitpos_fm2p5_bare.asm(6):15: error: floating point value where an integer is required (wrap it in `int(...)`)
b_bitpos_fm2p5_int	3	unknown	303C 1234            move.w #$1234,d0	error #10000: internal error;	1		b_bitpos_fm2p5_int.asm(6):7: error: int(): could not evaluate float expression
b_bitpos_fwd	2	INCOMPLETE	303C 1234            move.w #$1234,d0	error #1540: not exactly one bit set;	1		b_bitpos_fwd.asm(6):7: error: bad long expression
b_bitpos_h100000000_hi	0	complete	303C 1234            move.w #$1234,d0		1		b_bitpos_h100000000_hi.asm(6):7: error: bad long expression
b_bitpos_h100000000_lo	0	complete	303C 1234            move.w #$1234,d0		1		b_bitpos_h100000000_lo.asm(6):7: error: bad long expression
b_bitpos_h7FFFFFFFFFFFFFFF_hi	2	complete	303C 1234            move.w #$1234,d0	error #1540: not exactly one bit set;	1		b_bitpos_h7FFFFFFFFFFFFFFF_hi.asm(6):7: error: bad long expression
b_bitpos_h7FFFFFFFFFFFFFFF_lo	2	complete	303C 1234            move.w #$1234,d0	error #1540: not exactly one bit set;	1		b_bitpos_h7FFFFFFFFFFFFFFF_lo.asm(6):7: error: bad long expression
b_bitpos_h7FFFFFFF_hi	2	complete	303C 1234            move.w #$1234,d0	error #1540: not exactly one bit set;	1		b_bitpos_h7FFFFFFF_hi.asm(6):7: error: bad long expression
b_bitpos_h7FFFFFFF_lo	2	complete	303C 1234            move.w #$1234,d0	error #1540: not exactly one bit set;	1		b_bitpos_h7FFFFFFF_lo.asm(6):7: error: bad long expression
b_bitpos_h80000000_hi	0	complete	303C 1234            move.w #$1234,d0		1		b_bitpos_h80000000_hi.asm(6):7: error: bad long expression
b_bitpos_h80000000_lo	0	complete	303C 1234            move.w #$1234,d0		1		b_bitpos_h80000000_lo.asm(6):7: error: bad long expression
b_bitpos_h80_hi	0	complete	303C 1234            move.w #$1234,d0		1		b_bitpos_h80_hi.asm(6):7: error: bad long expression
b_bitpos_h80_lo	0	complete	303C 1234            move.w #$1234,d0		1		b_bitpos_h80_lo.asm(6):7: error: bad long expression
b_bitpos_hE4_hi	2	complete	303C 1234            move.w #$1234,d0	error #1540: not exactly one bit set;	1		b_bitpos_hE4_hi.asm(6):7: error: bad long expression
b_bitpos_hE4_lo	2	complete	303C 1234            move.w #$1234,d0	error #1540: not exactly one bit set;	1		b_bitpos_hE4_lo.asm(6):7: error: bad long expression
b_bitpos_hFFFEB_hi	2	complete	303C 1234            move.w #$1234,d0	error #1540: not exactly one bit set;	1		b_bitpos_hFFFEB_hi.asm(6):7: error: bad long expression
b_bitpos_hFFFEB_lo	2	complete	303C 1234            move.w #$1234,d0	error #1540: not exactly one bit set;	1		b_bitpos_hFFFEB_lo.asm(6):7: error: bad long expression
b_bitpos_hFFFFFFFF_hi	2	complete	303C 1234            move.w #$1234,d0	error #1540: not exactly one bit set;	1		b_bitpos_hFFFFFFFF_hi.asm(6):7: error: bad long expression
b_bitpos_hFFFFFFFF_lo	2	complete	303C 1234            move.w #$1234,d0	error #1540: not exactly one bit set;	1		b_bitpos_hFFFFFFFF_lo.asm(6):7: error: bad long expression
b_bitpos_hFF_hi	2	complete	303C 1234            move.w #$1234,d0	error #1540: not exactly one bit set;	1		b_bitpos_hFF_hi.asm(6):7: error: bad long expression
b_bitpos_hFF_lo	2	complete	303C 1234            move.w #$1234,d0	error #1540: not exactly one bit set;	1		b_bitpos_hFF_lo.asm(6):7: error: bad long expression
b_bitpos_imm	2	complete	303C 1234            move.w #$1234,d0	error #1540: not exactly one bit set;	1		b_bitpos_imm.asm(6):9: error: trailing tokens in #immediate
b_bitpos_m1_hi	2	complete	303C 1234            move.w #$1234,d0	error #1540: not exactly one bit set;	1		b_bitpos_m1_hi.asm(6):7: error: bad long expression
b_bitpos_m1_lo	2	complete	303C 1234            move.w #$1234,d0	error #1540: not exactly one bit set;	1		b_bitpos_m1_lo.asm(6):7: error: bad long expression
b_bitpos_m2_hi	2	complete	303C 1234            move.w #$1234,d0	error #1540: not exactly one bit set;	1		b_bitpos_m2_hi.asm(6):7: error: bad long expression
b_bitpos_m2_lo	2	complete	303C 1234            move.w #$1234,d0	error #1540: not exactly one bit set;	1		b_bitpos_m2_lo.asm(6):7: error: bad long expression
b_bitpos_m5_hi	2	complete	303C 1234            move.w #$1234,d0	error #1540: not exactly one bit set;	1		b_bitpos_m5_hi.asm(6):7: error: bad long expression
b_bitpos_m5_lo	2	complete	303C 1234            move.w #$1234,d0	error #1540: not exactly one bit set;	1		b_bitpos_m5_lo.asm(6):7: error: bad long expression
b_bitpos_mh7FFFFFFFFFFFFFFFm1_hi	2	complete	303C 1234            move.w #$1234,d0	error #1540: not exactly one bit set;	1		b_bitpos_mh7FFFFFFFFFFFFFFFm1_hi.asm(6):7: error: bad long expression
b_bitpos_mh7FFFFFFFFFFFFFFFm1_lo	2	complete	303C 1234            move.w #$1234,d0	error #1540: not exactly one bit set;	1		b_bitpos_mh7FFFFFFFFFFFFFFFm1_lo.asm(6):7: error: bad long expression
b_bitpos_mh80_hi	2	complete	303C 1234            move.w #$1234,d0	error #1540: not exactly one bit set;	1		b_bitpos_mh80_hi.asm(6):7: error: bad long expression
b_bitpos_mh80_lo	2	complete	303C 1234            move.w #$1234,d0	error #1540: not exactly one bit set;	1		b_bitpos_mh80_lo.asm(6):7: error: bad long expression
b_bitpos_nested	2	complete	303C 1234            move.w #$1234,d0	error #1540: not exactly one bit set;error #1540: not exactly one bit set;	1		b_bitpos_nested.asm(6):7: error: bad long expression
b_bitpos_q0q_hi	2	complete	303C 1234            move.w #$1234,d0	error #1136: expected floating point number, but got string;	1		b_bitpos_q0q_hi.asm(6):7: error: bad long expression
b_bitpos_q0q_lo	2	complete	303C 1234            move.w #$1234,d0	error #1136: expected floating point number, but got string;	1		b_bitpos_q0q_lo.asm(6):7: error: bad long expression
b_bitpos_qaq_hi	2	complete	303C 1234            move.w #$1234,d0	error #1136: expected floating point number, but got string;	1		b_bitpos_qaq_hi.asm(6):7: error: bad long expression
b_bitpos_qAq_hi	2	complete	303C 1234            move.w #$1234,d0	error #1136: expected floating point number, but got string;	1		b_bitpos_qAq_hi.asm(6):7: error: bad long expression
b_bitpos_qaq_lo	2	complete	303C 1234            move.w #$1234,d0	error #1136: expected floating point number, but got string;	1		b_bitpos_qaq_lo.asm(6):7: error: bad long expression
b_bitpos_qAq_lo	2	complete	303C 1234            move.w #$1234,d0	error #1136: expected floating point number, but got string;	1		b_bitpos_qAq_lo.asm(6):7: error: bad long expression
b_bitpos_qzq_hi	2	complete	303C 1234            move.w #$1234,d0	error #1136: expected floating point number, but got string;	1		b_bitpos_qzq_hi.asm(6):7: error: bad long expression
b_bitpos_qzq_lo	2	complete	303C 1234            move.w #$1234,d0	error #1136: expected floating point number, but got string;	1		b_bitpos_qzq_lo.asm(6):7: error: bad long expression
b_bitpos_space	2	complete	303C 1234            move.w #$1234,d0	error #1540: not exactly one bit set;	1		b_bitpos_space.asm(6):7: error: bad long expression
b_bitpos_string2	2	complete	303C 1234            move.w #$1234,d0	error #1136: expected floating point number, but got string;	1		b_bitpos_string2.asm(6):14: error: string operand in a data directive wider than a byte: asl emits one zero-extended element per character here, which is not implemented
b_bitpos_string	2	complete	303C 1234            move.w #$1234,d0	error #1136: expected floating point number, but got string;	1		b_bitpos_string.asm(6):14: error: string operand in a data directive wider than a byte: asl emits one zero-extended element per character here, which is not implemented
b_bitpos_twoarg	2	complete	303C 1234            move.w #$1234,d0	error #1490: wrong numbers of function arguments;	1		b_bitpos_twoarg.asm(6):7: error: bad long expression
b_bitpos_undef	2	INCOMPLETE	303C 1234            move.w #$1234,d0	error #1540: not exactly one bit set;	1		b_bitpos_undef.asm(6):7: error: bad long expression
b_bitpos_upper	2	complete	303C 1234            move.w #$1234,d0	error #1540: not exactly one bit set;	1		b_bitpos_upper.asm(6):7: error: bad long expression
b_firstbit_0_hi	0	complete	303C 1234            move.w #$1234,d0		1		b_firstbit_0_hi.asm(6):7: error: bad long expression
b_firstbit_0_lo	0	complete	303C 1234            move.w #$1234,d0		1		b_firstbit_0_lo.asm(6):7: error: bad long expression
b_firstbit_12_hi	0	complete	303C 1234            move.w #$1234,d0		1		b_firstbit_12_hi.asm(6):7: error: bad long expression
b_firstbit_12_lo	0	complete	303C 1234            move.w #$1234,d0		1		b_firstbit_12_lo.asm(6):7: error: bad long expression
b_firstbit_1_hi	0	complete	303C 1234            move.w #$1234,d0		1		b_firstbit_1_hi.asm(6):7: error: bad long expression
b_firstbit_1_lo	0	complete	303C 1234            move.w #$1234,d0		1		b_firstbit_1_lo.asm(6):7: error: bad long expression
b_firstbit_2_hi	0	complete	303C 1234            move.w #$1234,d0		1		b_firstbit_2_hi.asm(6):7: error: bad long expression
b_firstbit_2_lo	0	complete	303C 1234            move.w #$1234,d0		1		b_firstbit_2_lo.asm(6):7: error: bad long expression
b_firstbit_353_hi	0	complete	303C 1234            move.w #$1234,d0		1		b_firstbit_353_hi.asm(6):7: error: bad long expression
b_firstbit_353_lo	0	complete	303C 1234            move.w #$1234,d0		1		b_firstbit_353_lo.asm(6):7: error: bad long expression
b_firstbit_3_hi	0	complete	303C 1234            move.w #$1234,d0		1		b_firstbit_3_hi.asm(6):7: error: bad long expression
b_firstbit_3_lo	0	complete	303C 1234            move.w #$1234,d0		1		b_firstbit_3_lo.asm(6):7: error: bad long expression
b_firstbit_5_hi	0	complete	303C 1234            move.w #$1234,d0		1		b_firstbit_5_hi.asm(6):7: error: bad long expression
b_firstbit_5_lo	0	complete	303C 1234            move.w #$1234,d0		1		b_firstbit_5_lo.asm(6):7: error: bad long expression
b_firstbit_6_hi	0	complete	303C 1234            move.w #$1234,d0		1		b_firstbit_6_hi.asm(6):7: error: bad long expression
b_firstbit_6_lo	0	complete	303C 1234            move.w #$1234,d0		1		b_firstbit_6_lo.asm(6):7: error: bad long expression
b_firstbit_7_hi	0	complete	303C 1234            move.w #$1234,d0		1		b_firstbit_7_hi.asm(6):7: error: bad long expression
b_firstbit_7_lo	0	complete	303C 1234            move.w #$1234,d0		1		b_firstbit_7_lo.asm(6):7: error: bad long expression
b_firstbit_8_hi	0	complete	303C 1234            move.w #$1234,d0		1		b_firstbit_8_hi.asm(6):7: error: bad long expression
b_firstbit_8_lo	0	complete	303C 1234            move.w #$1234,d0		1		b_firstbit_8_lo.asm(6):7: error: bad long expression
b_firstbit_empty	0	complete	303C 1234            move.w #$1234,d0		1		b_firstbit_empty.asm(6):7: error: bad long expression
b_firstbit_empty_int	0	complete	303C 1234            move.w #$1234,d0		1		b_firstbit_empty_int.asm(6):7: error: int(): could not evaluate float expression
b_firstbit_emptyparen	0	complete	303C 1234            move.w #$1234,d0		1		b_firstbit_emptyparen.asm(6):7: error: bad long expression
b_firstbit_equ	0	complete	303C 1234            move.w #$1234,d0		1		b_firstbit_equ.asm(6):1: error: trailing tokens in expression
b_firstbit_f0p0_bare	3	unknown	303C 1234            move.w #$1234,d0	error #10000: internal error;	1		b_firstbit_f0p0_bare.asm(6):16: error: floating point value where an integer is required (wrap it in `int(...)`)
b_firstbit_f0p0_int	3	unknown	303C 1234            move.w #$1234,d0	error #10000: internal error;	1		b_firstbit_f0p0_int.asm(6):7: error: int(): could not evaluate float expression
b_firstbit_f0p5_bare	3	unknown	303C 1234            move.w #$1234,d0	error #10000: internal error;	1		b_firstbit_f0p5_bare.asm(6):16: error: floating point value where an integer is required (wrap it in `int(...)`)
b_firstbit_f0p5_int	3	unknown	303C 1234            move.w #$1234,d0	error #10000: internal error;	1		b_firstbit_f0p5_int.asm(6):7: error: int(): could not evaluate float expression
b_firstbit_f2p5_bare	3	unknown	303C 1234            move.w #$1234,d0	error #10000: internal error;	1		b_firstbit_f2p5_bare.asm(6):16: error: floating point value where an integer is required (wrap it in `int(...)`)
b_firstbit_f2p5_int	3	unknown	303C 1234            move.w #$1234,d0	error #10000: internal error;	1		b_firstbit_f2p5_int.asm(6):7: error: int(): could not evaluate float expression
b_firstbit_f5p0_bare	3	unknown	303C 1234            move.w #$1234,d0	error #10000: internal error;	1		b_firstbit_f5p0_bare.asm(6):16: error: floating point value where an integer is required (wrap it in `int(...)`)
b_firstbit_f5p0_int	3	unknown	303C 1234            move.w #$1234,d0	error #10000: internal error;	1		b_firstbit_f5p0_int.asm(6):7: error: int(): could not evaluate float expression
b_firstbit_floatsym	3	unknown	303C 1234            move.w #$1234,d0	error #10000: internal error;	1		b_firstbit_floatsym.asm(7):16: error: floating point value where an integer is required (wrap it in `int(...)`)
b_firstbit_fm2p5_bare	3	unknown	303C 1234            move.w #$1234,d0	error #10000: internal error;	1		b_firstbit_fm2p5_bare.asm(6):17: error: floating point value where an integer is required (wrap it in `int(...)`)
b_firstbit_fm2p5_int	3	unknown	303C 1234            move.w #$1234,d0	error #10000: internal error;	1		b_firstbit_fm2p5_int.asm(6):7: error: int(): could not evaluate float expression
b_firstbit_fwd	0	complete	303C 1234            move.w #$1234,d0		1		b_firstbit_fwd.asm(6):7: error: bad long expression
b_firstbit_h100000000_hi	0	complete	303C 1234            move.w #$1234,d0		1		b_firstbit_h100000000_hi.asm(6):7: error: bad long expression
b_firstbit_h100000000_lo	0	complete	303C 1234            move.w #$1234,d0		1		b_firstbit_h100000000_lo.asm(6):7: error: bad long expression
b_firstbit_h7FFFFFFFFFFFFFFF_hi	0	complete	303C 1234            move.w #$1234,d0		1		b_firstbit_h7FFFFFFFFFFFFFFF_hi.asm(6):7: error: bad long expression
b_firstbit_h7FFFFFFFFFFFFFFF_lo	0	complete	303C 1234            move.w #$1234,d0		1		b_firstbit_h7FFFFFFFFFFFFFFF_lo.asm(6):7: error: bad long expression
b_firstbit_h7FFFFFFF_hi	0	complete	303C 1234            move.w #$1234,d0		1		b_firstbit_h7FFFFFFF_hi.asm(6):7: error: bad long expression
b_firstbit_h7FFFFFFF_lo	0	complete	303C 1234            move.w #$1234,d0		1		b_firstbit_h7FFFFFFF_lo.asm(6):7: error: bad long expression
b_firstbit_h80000000_hi	0	complete	303C 1234            move.w #$1234,d0		1		b_firstbit_h80000000_hi.asm(6):7: error: bad long expression
b_firstbit_h80000000_lo	0	complete	303C 1234            move.w #$1234,d0		1		b_firstbit_h80000000_lo.asm(6):7: error: bad long expression
b_firstbit_h80_hi	0	complete	303C 1234            move.w #$1234,d0		1		b_firstbit_h80_hi.asm(6):7: error: bad long expression
b_firstbit_h80_lo	0	complete	303C 1234            move.w #$1234,d0		1		b_firstbit_h80_lo.asm(6):7: error: bad long expression
b_firstbit_hE4_hi	0	complete	303C 1234            move.w #$1234,d0		1		b_firstbit_hE4_hi.asm(6):7: error: bad long expression
b_firstbit_hE4_lo	0	complete	303C 1234            move.w #$1234,d0		1		b_firstbit_hE4_lo.asm(6):7: error: bad long expression
b_firstbit_hFFFEB_hi	0	complete	303C 1234            move.w #$1234,d0		1		b_firstbit_hFFFEB_hi.asm(6):7: error: bad long expression
b_firstbit_hFFFEB_lo	0	complete	303C 1234            move.w #$1234,d0		1		b_firstbit_hFFFEB_lo.asm(6):7: error: bad long expression
b_firstbit_hFFFFFFFF_hi	0	complete	303C 1234            move.w #$1234,d0		1		b_firstbit_hFFFFFFFF_hi.asm(6):7: error: bad long expression
b_firstbit_hFFFFFFFF_lo	0	complete	303C 1234            move.w #$1234,d0		1		b_firstbit_hFFFFFFFF_lo.asm(6):7: error: bad long expression
b_firstbit_hFF_hi	0	complete	303C 1234            move.w #$1234,d0		1		b_firstbit_hFF_hi.asm(6):7: error: bad long expression
b_firstbit_hFF_lo	0	complete	303C 1234            move.w #$1234,d0		1		b_firstbit_hFF_lo.asm(6):7: error: bad long expression
b_firstbit_imm	0	complete	303C 1234            move.w #$1234,d0		1		b_firstbit_imm.asm(6):9: error: trailing tokens in #immediate
b_firstbit_m1_hi	0	complete	303C 1234            move.w #$1234,d0		1		b_firstbit_m1_hi.asm(6):7: error: bad long expression
b_firstbit_m1_lo	0	complete	303C 1234            move.w #$1234,d0		1		b_firstbit_m1_lo.asm(6):7: error: bad long expression
b_firstbit_m2_hi	0	complete	303C 1234            move.w #$1234,d0		1		b_firstbit_m2_hi.asm(6):7: error: bad long expression
b_firstbit_m2_lo	0	complete	303C 1234            move.w #$1234,d0		1		b_firstbit_m2_lo.asm(6):7: error: bad long expression
b_firstbit_m5_hi	0	complete	303C 1234            move.w #$1234,d0		1		b_firstbit_m5_hi.asm(6):7: error: bad long expression
b_firstbit_m5_lo	0	complete	303C 1234            move.w #$1234,d0		1		b_firstbit_m5_lo.asm(6):7: error: bad long expression
b_firstbit_mh7FFFFFFFFFFFFFFFm1_hi	0	complete	303C 1234            move.w #$1234,d0		1		b_firstbit_mh7FFFFFFFFFFFFFFFm1_hi.asm(6):7: error: bad long expression
b_firstbit_mh7FFFFFFFFFFFFFFFm1_lo	0	complete	303C 1234            move.w #$1234,d0		1		b_firstbit_mh7FFFFFFFFFFFFFFFm1_lo.asm(6):7: error: bad long expression
b_firstbit_mh80_hi	0	complete	303C 1234            move.w #$1234,d0		1		b_firstbit_mh80_hi.asm(6):7: error: bad long expression
b_firstbit_mh80_lo	0	complete	303C 1234            move.w #$1234,d0		1		b_firstbit_mh80_lo.asm(6):7: error: bad long expression
b_firstbit_nested	0	complete	303C 1234            move.w #$1234,d0		1		b_firstbit_nested.asm(6):7: error: bad long expression
b_firstbit_q0q_hi	2	complete	303C 1234            move.w #$1234,d0	error #1136: expected floating point number, but got string;	1		b_firstbit_q0q_hi.asm(6):7: error: bad long expression
b_firstbit_q0q_lo	2	complete	303C 1234            move.w #$1234,d0	error #1136: expected floating point number, but got string;	1		b_firstbit_q0q_lo.asm(6):7: error: bad long expression
b_firstbit_qaq_hi	2	complete	303C 1234            move.w #$1234,d0	error #1136: expected floating point number, but got string;	1		b_firstbit_qaq_hi.asm(6):7: error: bad long expression
b_firstbit_qAq_hi	2	complete	303C 1234            move.w #$1234,d0	error #1136: expected floating point number, but got string;	1		b_firstbit_qAq_hi.asm(6):7: error: bad long expression
b_firstbit_qaq_lo	2	complete	303C 1234            move.w #$1234,d0	error #1136: expected floating point number, but got string;	1		b_firstbit_qaq_lo.asm(6):7: error: bad long expression
b_firstbit_qAq_lo	2	complete	303C 1234            move.w #$1234,d0	error #1136: expected floating point number, but got string;	1		b_firstbit_qAq_lo.asm(6):7: error: bad long expression
b_firstbit_qzq_hi	2	complete	303C 1234            move.w #$1234,d0	error #1136: expected floating point number, but got string;	1		b_firstbit_qzq_hi.asm(6):7: error: bad long expression
b_firstbit_qzq_lo	2	complete	303C 1234            move.w #$1234,d0	error #1136: expected floating point number, but got string;	1		b_firstbit_qzq_lo.asm(6):7: error: bad long expression
b_firstbit_space	0	complete	303C 1234            move.w #$1234,d0		1		b_firstbit_space.asm(6):7: error: bad long expression
b_firstbit_string2	2	complete	303C 1234            move.w #$1234,d0	error #1136: expected floating point number, but got string;	1		b_firstbit_string2.asm(6):16: error: string operand in a data directive wider than a byte: asl emits one zero-extended element per character here, which is not implemented
b_firstbit_string	2	complete	303C 1234            move.w #$1234,d0	error #1136: expected floating point number, but got string;	1		b_firstbit_string.asm(6):16: error: string operand in a data directive wider than a byte: asl emits one zero-extended element per character here, which is not implemented
b_firstbit_twoarg	2	complete	303C 1234            move.w #$1234,d0	error #1490: wrong numbers of function arguments;	1		b_firstbit_twoarg.asm(6):7: error: bad long expression
b_firstbit_undef	2	complete	303C 1234            move.w #$1234,d0	error #1010: symbol undefined;	1		b_firstbit_undef.asm(6):7: error: bad long expression
b_firstbit_upper	0	complete	303C 1234            move.w #$1234,d0		1		b_firstbit_upper.asm(6):7: error: bad long expression
b_i_bitcnt_interp	0	complete	303C 1234            move.w #$1234,d0		1		b_i_bitcnt_interp.asm(1):1: error: trailing tokens in expression
b_i_sgn_if	0	complete	303C 1234            move.w #$1234,d0		1		b_i_sgn_if.asm(6):2: error: trailing tokens in expression
b_i_sgn_interp	0	complete	303C 1234            move.w #$1234,d0		1		b_i_sgn_interp.asm(1):1: error: trailing tokens in expression
b_i_sgn_interp_pos	0	complete	303C 1234            move.w #$1234,d0		1		b_i_sgn_interp_pos.asm(1):1: error: trailing tokens in expression
b_i_sgn_substr0	0	complete	303C 1234            move.w #$1234,d0		1		b_i_sgn_substr0.asm(6):7: error: bad byte expression
b_i_sgn_substr	0	complete	303C 1234            move.w #$1234,d0		1		b_i_sgn_substr.asm(6):7: error: bad byte expression
b_i_signed_neg	0	complete	303C 1234            move.w #$1234,d0		1		b_i_signed_neg.asm(7):7: error: bad byte expression
b_i_signed_pos	0	complete	303C 1234            move.w #$1234,d0		1		b_i_signed_pos.asm(7):7: error: bad byte expression
b_i_signed_zero	0	complete	303C 1234            move.w #$1234,d0		1		b_i_signed_zero.asm(7):7: error: bad byte expression
b_i_toupper_str	2	complete	303C 1234            move.w #$1234,d0	error #1136: expected floating point number, but got string;	1		b_i_toupper_str.asm(6):7: error: bad byte expression
b_lastbit_0_hi	0	complete	303C 1234            move.w #$1234,d0		0	303C12345678FFFFFFFFEEbuilt:11bytes,nofilewritten(pass-o<path>towriteone)	
b_lastbit_0_lo	0	complete	303C 1234            move.w #$1234,d0		0	303C12345678FFFFFFFFEEbuilt:11bytes,nofilewritten(pass-o<path>towriteone)	
b_lastbit_12_hi	0	complete	303C 1234            move.w #$1234,d0		0	303C1234567800000000EEbuilt:11bytes,nofilewritten(pass-o<path>towriteone)	
b_lastbit_12_lo	0	complete	303C 1234            move.w #$1234,d0		0	303C1234567800000003EEbuilt:11bytes,nofilewritten(pass-o<path>towriteone)	
b_lastbit_1_hi	0	complete	303C 1234            move.w #$1234,d0		0	303C1234567800000000EEbuilt:11bytes,nofilewritten(pass-o<path>towriteone)	
b_lastbit_1_lo	0	complete	303C 1234            move.w #$1234,d0		0	303C1234567800000000EEbuilt:11bytes,nofilewritten(pass-o<path>towriteone)	
b_lastbit_2_hi	0	complete	303C 1234            move.w #$1234,d0		0	303C1234567800000000EEbuilt:11bytes,nofilewritten(pass-o<path>towriteone)	
b_lastbit_2_lo	0	complete	303C 1234            move.w #$1234,d0		0	303C1234567800000001EEbuilt:11bytes,nofilewritten(pass-o<path>towriteone)	
b_lastbit_353_hi	0	complete	303C 1234            move.w #$1234,d0		0	303C1234567800000000EEbuilt:11bytes,nofilewritten(pass-o<path>towriteone)	
b_lastbit_353_lo	0	complete	303C 1234            move.w #$1234,d0		0	303C1234567800000008EEbuilt:11bytes,nofilewritten(pass-o<path>towriteone)	
b_lastbit_3_hi	0	complete	303C 1234            move.w #$1234,d0		0	303C1234567800000000EEbuilt:11bytes,nofilewritten(pass-o<path>towriteone)	
b_lastbit_3_lo	0	complete	303C 1234            move.w #$1234,d0		0	303C1234567800000001EEbuilt:11bytes,nofilewritten(pass-o<path>towriteone)	
b_lastbit_5_hi	0	complete	303C 1234            move.w #$1234,d0		0	303C1234567800000000EEbuilt:11bytes,nofilewritten(pass-o<path>towriteone)	
b_lastbit_5_lo	0	complete	303C 1234            move.w #$1234,d0		0	303C1234567800000002EEbuilt:11bytes,nofilewritten(pass-o<path>towriteone)	
b_lastbit_6_hi	0	complete	303C 1234            move.w #$1234,d0		0	303C1234567800000000EEbuilt:11bytes,nofilewritten(pass-o<path>towriteone)	
b_lastbit_6_lo	0	complete	303C 1234            move.w #$1234,d0		0	303C1234567800000002EEbuilt:11bytes,nofilewritten(pass-o<path>towriteone)	
b_lastbit_7_hi	0	complete	303C 1234            move.w #$1234,d0		0	303C1234567800000000EEbuilt:11bytes,nofilewritten(pass-o<path>towriteone)	
b_lastbit_7_lo	0	complete	303C 1234            move.w #$1234,d0		0	303C1234567800000002EEbuilt:11bytes,nofilewritten(pass-o<path>towriteone)	
b_lastbit_8_hi	0	complete	303C 1234            move.w #$1234,d0		0	303C1234567800000000EEbuilt:11bytes,nofilewritten(pass-o<path>towriteone)	
b_lastbit_8_lo	0	complete	303C 1234            move.w #$1234,d0		0	303C1234567800000003EEbuilt:11bytes,nofilewritten(pass-o<path>towriteone)	
b_lastbit_empty	0	complete	303C 1234            move.w #$1234,d0		0	303C12345678FFFFFFFFEEbuilt:11bytes,nofilewritten(pass-o<path>towriteone)	
b_lastbit_empty_int	0	complete	303C 1234            move.w #$1234,d0		0	303C12345678FFFFFFFFEEbuilt:11bytes,nofilewritten(pass-o<path>towriteone)	
b_lastbit_emptyparen	0	complete	303C 1234            move.w #$1234,d0		0	303C12345678FFFFFFFFEEbuilt:11bytes,nofilewritten(pass-o<path>towriteone)	
b_lastbit_equ	0	complete	303C 1234            move.w #$1234,d0		0	303C1234567800000002EEbuilt:11bytes,nofilewritten(pass-o<path>towriteone)	
b_lastbit_f0p0_bare	3	unknown	303C 1234            move.w #$1234,d0	error #10000: internal error;	1		b_lastbit_f0p0_bare.asm(6):15: error: floating point value where an integer is required (wrap it in `int(...)`)
b_lastbit_f0p0_int	3	unknown	303C 1234            move.w #$1234,d0	error #10000: internal error;	1		b_lastbit_f0p0_int.asm(6):7: error: int(): could not evaluate float expression
b_lastbit_f0p5_bare	3	unknown	303C 1234            move.w #$1234,d0	error #10000: internal error;	1		b_lastbit_f0p5_bare.asm(6):15: error: floating point value where an integer is required (wrap it in `int(...)`)
b_lastbit_f0p5_int	3	unknown	303C 1234            move.w #$1234,d0	error #10000: internal error;	1		b_lastbit_f0p5_int.asm(6):7: error: int(): could not evaluate float expression
b_lastbit_f2p5_bare	3	unknown	303C 1234            move.w #$1234,d0	error #10000: internal error;	1		b_lastbit_f2p5_bare.asm(6):15: error: floating point value where an integer is required (wrap it in `int(...)`)
b_lastbit_f2p5_int	3	unknown	303C 1234            move.w #$1234,d0	error #10000: internal error;	1		b_lastbit_f2p5_int.asm(6):7: error: int(): could not evaluate float expression
b_lastbit_f5p0_bare	3	unknown	303C 1234            move.w #$1234,d0	error #10000: internal error;	1		b_lastbit_f5p0_bare.asm(6):15: error: floating point value where an integer is required (wrap it in `int(...)`)
b_lastbit_f5p0_int	3	unknown	303C 1234            move.w #$1234,d0	error #10000: internal error;	1		b_lastbit_f5p0_int.asm(6):7: error: int(): could not evaluate float expression
b_lastbit_floatsym	3	unknown	303C 1234            move.w #$1234,d0	error #10000: internal error;	1		b_lastbit_floatsym.asm(7):15: error: floating point value where an integer is required (wrap it in `int(...)`)
b_lastbit_fm2p5_bare	3	unknown	303C 1234            move.w #$1234,d0	error #10000: internal error;	1		b_lastbit_fm2p5_bare.asm(6):16: error: floating point value where an integer is required (wrap it in `int(...)`)
b_lastbit_fm2p5_int	3	unknown	303C 1234            move.w #$1234,d0	error #10000: internal error;	1		b_lastbit_fm2p5_int.asm(6):7: error: int(): could not evaluate float expression
b_lastbit_fwd	0	complete	303C 1234            move.w #$1234,d0		0	303C1234567800000002EEbuilt:11bytes,nofilewritten(pass-o<path>towriteone)	
b_lastbit_h100000000_hi	0	complete	303C 1234            move.w #$1234,d0		0	303C1234567800000000EEbuilt:11bytes,nofilewritten(pass-o<path>towriteone)	
b_lastbit_h100000000_lo	0	complete	303C 1234            move.w #$1234,d0		0	303C1234567800000020EEbuilt:11bytes,nofilewritten(pass-o<path>towriteone)	
b_lastbit_h7FFFFFFFFFFFFFFF_hi	0	complete	303C 1234            move.w #$1234,d0		0	303C1234567800000000EEbuilt:11bytes,nofilewritten(pass-o<path>towriteone)	
b_lastbit_h7FFFFFFFFFFFFFFF_lo	0	complete	303C 1234            move.w #$1234,d0		0	303C123456780000003EEEbuilt:11bytes,nofilewritten(pass-o<path>towriteone)	
b_lastbit_h7FFFFFFF_hi	0	complete	303C 1234            move.w #$1234,d0		0	303C1234567800000000EEbuilt:11bytes,nofilewritten(pass-o<path>towriteone)	
b_lastbit_h7FFFFFFF_lo	0	complete	303C 1234            move.w #$1234,d0		0	303C123456780000001EEEbuilt:11bytes,nofilewritten(pass-o<path>towriteone)	
b_lastbit_h80000000_hi	0	complete	303C 1234            move.w #$1234,d0		0	303C1234567800000000EEbuilt:11bytes,nofilewritten(pass-o<path>towriteone)	
b_lastbit_h80000000_lo	0	complete	303C 1234            move.w #$1234,d0		0	303C123456780000001FEEbuilt:11bytes,nofilewritten(pass-o<path>towriteone)	
b_lastbit_h80_hi	0	complete	303C 1234            move.w #$1234,d0		0	303C1234567800000000EEbuilt:11bytes,nofilewritten(pass-o<path>towriteone)	
b_lastbit_h80_lo	0	complete	303C 1234            move.w #$1234,d0		0	303C1234567800000007EEbuilt:11bytes,nofilewritten(pass-o<path>towriteone)	
b_lastbit_hE4_hi	0	complete	303C 1234            move.w #$1234,d0		0	303C1234567800000000EEbuilt:11bytes,nofilewritten(pass-o<path>towriteone)	
b_lastbit_hE4_lo	0	complete	303C 1234            move.w #$1234,d0		0	303C1234567800000007EEbuilt:11bytes,nofilewritten(pass-o<path>towriteone)	
b_lastbit_hFFFEB_hi	0	complete	303C 1234            move.w #$1234,d0		0	303C1234567800000000EEbuilt:11bytes,nofilewritten(pass-o<path>towriteone)	
b_lastbit_hFFFEB_lo	0	complete	303C 1234            move.w #$1234,d0		0	303C1234567800000013EEbuilt:11bytes,nofilewritten(pass-o<path>towriteone)	
b_lastbit_hFFFFFFFF_hi	0	complete	303C 1234            move.w #$1234,d0		0	303C1234567800000000EEbuilt:11bytes,nofilewritten(pass-o<path>towriteone)	
b_lastbit_hFFFFFFFF_lo	0	complete	303C 1234            move.w #$1234,d0		0	303C123456780000001FEEbuilt:11bytes,nofilewritten(pass-o<path>towriteone)	
b_lastbit_hFF_hi	0	complete	303C 1234            move.w #$1234,d0		0	303C1234567800000000EEbuilt:11bytes,nofilewritten(pass-o<path>towriteone)	
b_lastbit_hFF_lo	0	complete	303C 1234            move.w #$1234,d0		0	303C1234567800000007EEbuilt:11bytes,nofilewritten(pass-o<path>towriteone)	
b_lastbit_imm	0	complete	303C 1234            move.w #$1234,d0		0	303C12345678203C00000002EEbuilt:13bytes,nofilewritten(pass-o<path>towriteone)	
b_lastbit_m1_hi	0	complete	303C 1234            move.w #$1234,d0		0	303C1234567800000000EEbuilt:11bytes,nofilewritten(pass-o<path>towriteone)	
b_lastbit_m1_lo	0	complete	303C 1234            move.w #$1234,d0		0	303C123456780000003FEEbuilt:11bytes,nofilewritten(pass-o<path>towriteone)	
b_lastbit_m2_hi	0	complete	303C 1234            move.w #$1234,d0		0	303C1234567800000000EEbuilt:11bytes,nofilewritten(pass-o<path>towriteone)	
b_lastbit_m2_lo	0	complete	303C 1234            move.w #$1234,d0		0	303C123456780000003FEEbuilt:11bytes,nofilewritten(pass-o<path>towriteone)	
b_lastbit_m5_hi	0	complete	303C 1234            move.w #$1234,d0		0	303C1234567800000000EEbuilt:11bytes,nofilewritten(pass-o<path>towriteone)	
b_lastbit_m5_lo	0	complete	303C 1234            move.w #$1234,d0		0	303C123456780000003FEEbuilt:11bytes,nofilewritten(pass-o<path>towriteone)	
b_lastbit_mh7FFFFFFFFFFFFFFFm1_hi	0	complete	303C 1234            move.w #$1234,d0		0	303C1234567800000000EEbuilt:11bytes,nofilewritten(pass-o<path>towriteone)	
b_lastbit_mh7FFFFFFFFFFFFFFFm1_lo	0	complete	303C 1234            move.w #$1234,d0		0	303C123456780000003FEEbuilt:11bytes,nofilewritten(pass-o<path>towriteone)	
b_lastbit_mh80_hi	0	complete	303C 1234            move.w #$1234,d0		0	303C1234567800000000EEbuilt:11bytes,nofilewritten(pass-o<path>towriteone)	
b_lastbit_mh80_lo	0	complete	303C 1234            move.w #$1234,d0		0	303C123456780000003FEEbuilt:11bytes,nofilewritten(pass-o<path>towriteone)	
b_lastbit_nested	0	complete	303C 1234            move.w #$1234,d0		0	303C1234567800000001EEbuilt:11bytes,nofilewritten(pass-o<path>towriteone)	
b_lastbit_q0q_hi	2	complete	303C 1234            move.w #$1234,d0	error #1136: expected floating point number, but got string;	0	303C1234567800000000EEbuilt:11bytes,nofilewritten(pass-o<path>towriteone)	
b_lastbit_q0q_lo	2	complete	303C 1234            move.w #$1234,d0	error #1136: expected floating point number, but got string;	0	303C1234567800000005EEbuilt:11bytes,nofilewritten(pass-o<path>towriteone)	
b_lastbit_qaq_hi	2	complete	303C 1234            move.w #$1234,d0	error #1136: expected floating point number, but got string;	0	303C1234567800000000EEbuilt:11bytes,nofilewritten(pass-o<path>towriteone)	
b_lastbit_qAq_hi	2	complete	303C 1234            move.w #$1234,d0	error #1136: expected floating point number, but got string;	0	303C1234567800000000EEbuilt:11bytes,nofilewritten(pass-o<path>towriteone)	
b_lastbit_qaq_lo	2	complete	303C 1234            move.w #$1234,d0	error #1136: expected floating point number, but got string;	0	303C1234567800000006EEbuilt:11bytes,nofilewritten(pass-o<path>towriteone)	
b_lastbit_qAq_lo	2	complete	303C 1234            move.w #$1234,d0	error #1136: expected floating point number, but got string;	0	303C1234567800000006EEbuilt:11bytes,nofilewritten(pass-o<path>towriteone)	
b_lastbit_qzq_hi	2	complete	303C 1234            move.w #$1234,d0	error #1136: expected floating point number, but got string;	0	303C1234567800000000EEbuilt:11bytes,nofilewritten(pass-o<path>towriteone)	
b_lastbit_qzq_lo	2	complete	303C 1234            move.w #$1234,d0	error #1136: expected floating point number, but got string;	0	303C1234567800000006EEbuilt:11bytes,nofilewritten(pass-o<path>towriteone)	
b_lastbit_space	0	complete	303C 1234            move.w #$1234,d0		0	303C1234567800000002EEbuilt:11bytes,nofilewritten(pass-o<path>towriteone)	
b_lastbit_string2	2	complete	303C 1234            move.w #$1234,d0	error #1136: expected floating point number, but got string;	1		b_lastbit_string2.asm(6):15: error: string operand in a data directive wider than a byte: asl emits one zero-extended element per character here, which is not implemented
b_lastbit_string	2	complete	303C 1234            move.w #$1234,d0	error #1136: expected floating point number, but got string;	1		b_lastbit_string.asm(6):15: error: string operand in a data directive wider than a byte: asl emits one zero-extended element per character here, which is not implemented
b_lastbit_twoarg	2	complete	303C 1234            move.w #$1234,d0	error #1490: wrong numbers of function arguments;	1		b_lastbit_twoarg.asm(6):7: error: bad long expression
b_lastbit_undef	2	complete	303C 1234            move.w #$1234,d0	error #1010: symbol undefined;	1		b_lastbit_undef.asm(6):7: error: bad long expression
b_lastbit_upper	0	complete	303C 1234            move.w #$1234,d0		0	303C1234567800000002EEbuilt:11bytes,nofilewritten(pass-o<path>towriteone)	
b_sgn_0_hi	0	complete	303C 1234            move.w #$1234,d0		1		b_sgn_0_hi.asm(6):7: error: bad long expression
b_sgn_0_lo	0	complete	303C 1234            move.w #$1234,d0		1		b_sgn_0_lo.asm(6):7: error: bad long expression
b_sgn_12_hi	0	complete	303C 1234            move.w #$1234,d0		1		b_sgn_12_hi.asm(6):7: error: bad long expression
b_sgn_12_lo	0	complete	303C 1234            move.w #$1234,d0		1		b_sgn_12_lo.asm(6):7: error: bad long expression
b_sgn_1_hi	0	complete	303C 1234            move.w #$1234,d0		1		b_sgn_1_hi.asm(6):7: error: bad long expression
b_sgn_1_lo	0	complete	303C 1234            move.w #$1234,d0		1		b_sgn_1_lo.asm(6):7: error: bad long expression
b_sgn_2_hi	0	complete	303C 1234            move.w #$1234,d0		1		b_sgn_2_hi.asm(6):7: error: bad long expression
b_sgn_2_lo	0	complete	303C 1234            move.w #$1234,d0		1		b_sgn_2_lo.asm(6):7: error: bad long expression
b_sgn_353_hi	0	complete	303C 1234            move.w #$1234,d0		1		b_sgn_353_hi.asm(6):7: error: bad long expression
b_sgn_353_lo	0	complete	303C 1234            move.w #$1234,d0		1		b_sgn_353_lo.asm(6):7: error: bad long expression
b_sgn_3_hi	0	complete	303C 1234            move.w #$1234,d0		1		b_sgn_3_hi.asm(6):7: error: bad long expression
b_sgn_3_lo	0	complete	303C 1234            move.w #$1234,d0		1		b_sgn_3_lo.asm(6):7: error: bad long expression
b_sgn_5_hi	0	complete	303C 1234            move.w #$1234,d0		1		b_sgn_5_hi.asm(6):7: error: bad long expression
b_sgn_5_lo	0	complete	303C 1234            move.w #$1234,d0		1		b_sgn_5_lo.asm(6):7: error: bad long expression
b_sgn_6_hi	0	complete	303C 1234            move.w #$1234,d0		1		b_sgn_6_hi.asm(6):7: error: bad long expression
b_sgn_6_lo	0	complete	303C 1234            move.w #$1234,d0		1		b_sgn_6_lo.asm(6):7: error: bad long expression
b_sgn_7_hi	0	complete	303C 1234            move.w #$1234,d0		1		b_sgn_7_hi.asm(6):7: error: bad long expression
b_sgn_7_lo	0	complete	303C 1234            move.w #$1234,d0		1		b_sgn_7_lo.asm(6):7: error: bad long expression
b_sgn_8_hi	0	complete	303C 1234            move.w #$1234,d0		1		b_sgn_8_hi.asm(6):7: error: bad long expression
b_sgn_8_lo	0	complete	303C 1234            move.w #$1234,d0		1		b_sgn_8_lo.asm(6):7: error: bad long expression
b_sgn_empty	0	complete	303C 1234            move.w #$1234,d0		1		b_sgn_empty.asm(6):7: error: bad long expression
b_sgn_empty_int	0	complete	303C 1234            move.w #$1234,d0		1		b_sgn_empty_int.asm(6):7: error: int(): could not evaluate float expression
b_sgn_emptyparen	0	complete	303C 1234            move.w #$1234,d0		1		b_sgn_emptyparen.asm(6):7: error: bad long expression
b_sgn_equ	0	complete	303C 1234            move.w #$1234,d0		1		b_sgn_equ.asm(6):1: error: trailing tokens in expression
b_sgn_f0p0_bare	0	complete	303C 1234            move.w #$1234,d0		1		b_sgn_f0p0_bare.asm(6):11: error: floating point value where an integer is required (wrap it in `int(...)`)
b_sgn_f0p0_int	0	complete	303C 1234            move.w #$1234,d0		1		b_sgn_f0p0_int.asm(6):7: error: int(): could not evaluate float expression
b_sgn_f0p5_bare	0	complete	303C 1234            move.w #$1234,d0		1		b_sgn_f0p5_bare.asm(6):11: error: floating point value where an integer is required (wrap it in `int(...)`)
b_sgn_f0p5_int	0	complete	303C 1234            move.w #$1234,d0		1		b_sgn_f0p5_int.asm(6):7: error: int(): could not evaluate float expression
b_sgn_f2p5_bare	0	complete	303C 1234            move.w #$1234,d0		1		b_sgn_f2p5_bare.asm(6):11: error: floating point value where an integer is required (wrap it in `int(...)`)
b_sgn_f2p5_int	0	complete	303C 1234            move.w #$1234,d0		1		b_sgn_f2p5_int.asm(6):7: error: int(): could not evaluate float expression
b_sgn_f5p0_bare	0	complete	303C 1234            move.w #$1234,d0		1		b_sgn_f5p0_bare.asm(6):11: error: floating point value where an integer is required (wrap it in `int(...)`)
b_sgn_f5p0_int	0	complete	303C 1234            move.w #$1234,d0		1		b_sgn_f5p0_int.asm(6):7: error: int(): could not evaluate float expression
b_sgn_floatsym	0	complete	303C 1234            move.w #$1234,d0		1		b_sgn_floatsym.asm(7):11: error: floating point value where an integer is required (wrap it in `int(...)`)
b_sgn_fm2p5_bare	0	complete	303C 1234            move.w #$1234,d0		1		b_sgn_fm2p5_bare.asm(6):12: error: floating point value where an integer is required (wrap it in `int(...)`)
b_sgn_fm2p5_int	0	complete	303C 1234            move.w #$1234,d0		1		b_sgn_fm2p5_int.asm(6):7: error: int(): could not evaluate float expression
b_sgn_fwd	0	complete	303C 1234            move.w #$1234,d0		1		b_sgn_fwd.asm(6):7: error: bad long expression
b_sgn_h100000000_hi	0	complete	303C 1234            move.w #$1234,d0		1		b_sgn_h100000000_hi.asm(6):7: error: bad long expression
b_sgn_h100000000_lo	0	complete	303C 1234            move.w #$1234,d0		1		b_sgn_h100000000_lo.asm(6):7: error: bad long expression
b_sgn_h7FFFFFFFFFFFFFFF_hi	0	complete	303C 1234            move.w #$1234,d0		1		b_sgn_h7FFFFFFFFFFFFFFF_hi.asm(6):7: error: bad long expression
b_sgn_h7FFFFFFFFFFFFFFF_lo	0	complete	303C 1234            move.w #$1234,d0		1		b_sgn_h7FFFFFFFFFFFFFFF_lo.asm(6):7: error: bad long expression
b_sgn_h7FFFFFFF_hi	0	complete	303C 1234            move.w #$1234,d0		1		b_sgn_h7FFFFFFF_hi.asm(6):7: error: bad long expression
b_sgn_h7FFFFFFF_lo	0	complete	303C 1234            move.w #$1234,d0		1		b_sgn_h7FFFFFFF_lo.asm(6):7: error: bad long expression
b_sgn_h80000000_hi	0	complete	303C 1234            move.w #$1234,d0		1		b_sgn_h80000000_hi.asm(6):7: error: bad long expression
b_sgn_h80000000_lo	0	complete	303C 1234            move.w #$1234,d0		1		b_sgn_h80000000_lo.asm(6):7: error: bad long expression
b_sgn_h80_hi	0	complete	303C 1234            move.w #$1234,d0		1		b_sgn_h80_hi.asm(6):7: error: bad long expression
b_sgn_h80_lo	0	complete	303C 1234            move.w #$1234,d0		1		b_sgn_h80_lo.asm(6):7: error: bad long expression
b_sgn_hE4_hi	0	complete	303C 1234            move.w #$1234,d0		1		b_sgn_hE4_hi.asm(6):7: error: bad long expression
b_sgn_hE4_lo	0	complete	303C 1234            move.w #$1234,d0		1		b_sgn_hE4_lo.asm(6):7: error: bad long expression
b_sgn_hFFFEB_hi	0	complete	303C 1234            move.w #$1234,d0		1		b_sgn_hFFFEB_hi.asm(6):7: error: bad long expression
b_sgn_hFFFEB_lo	0	complete	303C 1234            move.w #$1234,d0		1		b_sgn_hFFFEB_lo.asm(6):7: error: bad long expression
b_sgn_hFFFFFFFF_hi	0	complete	303C 1234            move.w #$1234,d0		1		b_sgn_hFFFFFFFF_hi.asm(6):7: error: bad long expression
b_sgn_hFFFFFFFF_lo	0	complete	303C 1234            move.w #$1234,d0		1		b_sgn_hFFFFFFFF_lo.asm(6):7: error: bad long expression
b_sgn_hFF_hi	0	complete	303C 1234            move.w #$1234,d0		1		b_sgn_hFF_hi.asm(6):7: error: bad long expression
b_sgn_hFF_lo	0	complete	303C 1234            move.w #$1234,d0		1		b_sgn_hFF_lo.asm(6):7: error: bad long expression
b_sgn_imm	0	complete	303C 1234            move.w #$1234,d0		1		b_sgn_imm.asm(6):9: error: trailing tokens in #immediate
b_sgn_m1_hi	0	complete	303C 1234            move.w #$1234,d0		1		b_sgn_m1_hi.asm(6):7: error: bad long expression
b_sgn_m1_lo	0	complete	303C 1234            move.w #$1234,d0		1		b_sgn_m1_lo.asm(6):7: error: bad long expression
b_sgn_m2_hi	0	complete	303C 1234            move.w #$1234,d0		1		b_sgn_m2_hi.asm(6):7: error: bad long expression
b_sgn_m2_lo	0	complete	303C 1234            move.w #$1234,d0		1		b_sgn_m2_lo.asm(6):7: error: bad long expression
b_sgn_m5_hi	0	complete	303C 1234            move.w #$1234,d0		1		b_sgn_m5_hi.asm(6):7: error: bad long expression
b_sgn_m5_lo	0	complete	303C 1234            move.w #$1234,d0		1		b_sgn_m5_lo.asm(6):7: error: bad long expression
b_sgn_mh7FFFFFFFFFFFFFFFm1_hi	0	complete	303C 1234            move.w #$1234,d0		1		b_sgn_mh7FFFFFFFFFFFFFFFm1_hi.asm(6):7: error: bad long expression
b_sgn_mh7FFFFFFFFFFFFFFFm1_lo	0	complete	303C 1234            move.w #$1234,d0		1		b_sgn_mh7FFFFFFFFFFFFFFFm1_lo.asm(6):7: error: bad long expression
b_sgn_mh80_hi	0	complete	303C 1234            move.w #$1234,d0		1		b_sgn_mh80_hi.asm(6):7: error: bad long expression
b_sgn_mh80_lo	0	complete	303C 1234            move.w #$1234,d0		1		b_sgn_mh80_lo.asm(6):7: error: bad long expression
b_sgn_nested	0	complete	303C 1234            move.w #$1234,d0		1		b_sgn_nested.asm(6):7: error: bad long expression
b_sgn_q0q_hi	3	unknown	303C 1234            move.w #$1234,d0	error #10000: internal error;	1		b_sgn_q0q_hi.asm(6):7: error: bad long expression
b_sgn_q0q_lo	3	unknown	303C 1234            move.w #$1234,d0	error #10000: internal error;	1		b_sgn_q0q_lo.asm(6):7: error: bad long expression
b_sgn_qaq_hi	3	unknown	303C 1234            move.w #$1234,d0	error #10000: internal error;	1		b_sgn_qaq_hi.asm(6):7: error: bad long expression
b_sgn_qAq_hi	3	unknown	303C 1234            move.w #$1234,d0	error #10000: internal error;	1		b_sgn_qAq_hi.asm(6):7: error: bad long expression
b_sgn_qaq_lo	3	unknown	303C 1234            move.w #$1234,d0	error #10000: internal error;	1		b_sgn_qaq_lo.asm(6):7: error: bad long expression
b_sgn_qAq_lo	3	unknown	303C 1234            move.w #$1234,d0	error #10000: internal error;	1		b_sgn_qAq_lo.asm(6):7: error: bad long expression
b_sgn_qzq_hi	3	unknown	303C 1234            move.w #$1234,d0	error #10000: internal error;	1		b_sgn_qzq_hi.asm(6):7: error: bad long expression
b_sgn_qzq_lo	3	unknown	303C 1234            move.w #$1234,d0	error #10000: internal error;	1		b_sgn_qzq_lo.asm(6):7: error: bad long expression
b_sgn_space	0	complete	303C 1234            move.w #$1234,d0		1		b_sgn_space.asm(6):7: error: bad long expression
b_sgn_string2	3	unknown	303C 1234            move.w #$1234,d0	error #10000: internal error;	1		b_sgn_string2.asm(6):11: error: string operand in a data directive wider than a byte: asl emits one zero-extended element per character here, which is not implemented
b_sgn_string	3	unknown	303C 1234            move.w #$1234,d0	error #10000: internal error;	1		b_sgn_string.asm(6):11: error: string operand in a data directive wider than a byte: asl emits one zero-extended element per character here, which is not implemented
b_sgn_twoarg	2	complete	303C 1234            move.w #$1234,d0	error #1490: wrong numbers of function arguments;	1		b_sgn_twoarg.asm(6):7: error: bad long expression
b_sgn_undef	2	complete	303C 1234            move.w #$1234,d0	error #1010: symbol undefined;	1		b_sgn_undef.asm(6):7: error: bad long expression
b_sgn_upper	0	complete	303C 1234            move.w #$1234,d0		1		b_sgn_upper.asm(6):7: error: bad long expression
b_tolower_0_hi	0	complete	303C 1234            move.w #$1234,d0		1		b_tolower_0_hi.asm(6):7: error: bad long expression
b_tolower_0_lo	0	complete	303C 1234            move.w #$1234,d0		1		b_tolower_0_lo.asm(6):7: error: bad long expression
b_tolower_12_hi	0	complete	303C 1234            move.w #$1234,d0		1		b_tolower_12_hi.asm(6):7: error: bad long expression
b_tolower_12_lo	0	complete	303C 1234            move.w #$1234,d0		1		b_tolower_12_lo.asm(6):7: error: bad long expression
b_tolower_1_hi	0	complete	303C 1234            move.w #$1234,d0		1		b_tolower_1_hi.asm(6):7: error: bad long expression
b_tolower_1_lo	0	complete	303C 1234            move.w #$1234,d0		1		b_tolower_1_lo.asm(6):7: error: bad long expression
b_tolower_2_hi	0	complete	303C 1234            move.w #$1234,d0		1		b_tolower_2_hi.asm(6):7: error: bad long expression
b_tolower_2_lo	0	complete	303C 1234            move.w #$1234,d0		1		b_tolower_2_lo.asm(6):7: error: bad long expression
b_tolower_353_hi	2	complete	303C 1234            move.w #$1234,d0	error #1320: range overflow;	1		b_tolower_353_hi.asm(6):7: error: bad long expression
b_tolower_353_lo	2	complete	303C 1234            move.w #$1234,d0	error #1320: range overflow;	1		b_tolower_353_lo.asm(6):7: error: bad long expression
b_tolower_3_hi	0	complete	303C 1234            move.w #$1234,d0		1		b_tolower_3_hi.asm(6):7: error: bad long expression
b_tolower_3_lo	0	complete	303C 1234            move.w #$1234,d0		1		b_tolower_3_lo.asm(6):7: error: bad long expression
b_tolower_5_hi	0	complete	303C 1234            move.w #$1234,d0		1		b_tolower_5_hi.asm(6):7: error: bad long expression
b_tolower_5_lo	0	complete	303C 1234            move.w #$1234,d0		1		b_tolower_5_lo.asm(6):7: error: bad long expression
b_tolower_6_hi	0	complete	303C 1234            move.w #$1234,d0		1		b_tolower_6_hi.asm(6):7: error: bad long expression
b_tolower_6_lo	0	complete	303C 1234            move.w #$1234,d0		1		b_tolower_6_lo.asm(6):7: error: bad long expression
b_tolower_7_hi	0	complete	303C 1234            move.w #$1234,d0		1		b_tolower_7_hi.asm(6):7: error: bad long expression
b_tolower_7_lo	0	complete	303C 1234            move.w #$1234,d0		1		b_tolower_7_lo.asm(6):7: error: bad long expression
b_tolower_8_hi	0	complete	303C 1234            move.w #$1234,d0		1		b_tolower_8_hi.asm(6):7: error: bad long expression
b_tolower_8_lo	0	complete	303C 1234            move.w #$1234,d0		1		b_tolower_8_lo.asm(6):7: error: bad long expression
b_tolower_empty	0	complete	303C 1234            move.w #$1234,d0		1		b_tolower_empty.asm(6):7: error: bad long expression
b_tolower_empty_int	0	complete	303C 1234            move.w #$1234,d0		1		b_tolower_empty_int.asm(6):7: error: int(): could not evaluate float expression
b_tolower_emptyparen	0	complete	303C 1234            move.w #$1234,d0		1		b_tolower_emptyparen.asm(6):7: error: bad long expression
b_tolower_equ	0	complete	303C 1234            move.w #$1234,d0		1		b_tolower_equ.asm(6):1: error: trailing tokens in expression
b_tolower_f0p0_bare	3	unknown	303C 1234            move.w #$1234,d0	error #10000: internal error;	1		b_tolower_f0p0_bare.asm(6):15: error: floating point value where an integer is required (wrap it in `int(...)`)
b_tolower_f0p0_int	3	unknown	303C 1234            move.w #$1234,d0	error #10000: internal error;	1		b_tolower_f0p0_int.asm(6):7: error: int(): could not evaluate float expression
b_tolower_f0p5_bare	3	unknown	303C 1234            move.w #$1234,d0	error #10000: internal error;	1		b_tolower_f0p5_bare.asm(6):15: error: floating point value where an integer is required (wrap it in `int(...)`)
b_tolower_f0p5_int	3	unknown	303C 1234            move.w #$1234,d0	error #10000: internal error;	1		b_tolower_f0p5_int.asm(6):7: error: int(): could not evaluate float expression
b_tolower_f2p5_bare	3	unknown	303C 1234            move.w #$1234,d0	error #10000: internal error;	1		b_tolower_f2p5_bare.asm(6):15: error: floating point value where an integer is required (wrap it in `int(...)`)
b_tolower_f2p5_int	3	unknown	303C 1234            move.w #$1234,d0	error #10000: internal error;	1		b_tolower_f2p5_int.asm(6):7: error: int(): could not evaluate float expression
b_tolower_f5p0_bare	3	unknown	303C 1234            move.w #$1234,d0	error #10000: internal error;	1		b_tolower_f5p0_bare.asm(6):15: error: floating point value where an integer is required (wrap it in `int(...)`)
b_tolower_f5p0_int	3	unknown	303C 1234            move.w #$1234,d0	error #10000: internal error;	1		b_tolower_f5p0_int.asm(6):7: error: int(): could not evaluate float expression
b_tolower_floatsym	3	unknown	303C 1234            move.w #$1234,d0	error #10000: internal error;	1		b_tolower_floatsym.asm(7):15: error: floating point value where an integer is required (wrap it in `int(...)`)
b_tolower_fm2p5_bare	3	unknown	303C 1234            move.w #$1234,d0	error #10000: internal error;	1		b_tolower_fm2p5_bare.asm(6):16: error: floating point value where an integer is required (wrap it in `int(...)`)
b_tolower_fm2p5_int	3	unknown	303C 1234            move.w #$1234,d0	error #10000: internal error;	1		b_tolower_fm2p5_int.asm(6):7: error: int(): could not evaluate float expression
b_tolower_fwd	0	complete	303C 1234            move.w #$1234,d0		1		b_tolower_fwd.asm(6):7: error: bad long expression
b_tolower_h100000000_hi	2	complete	303C 1234            move.w #$1234,d0	error #1320: range overflow;	1		b_tolower_h100000000_hi.asm(6):7: error: bad long expression
b_tolower_h100000000_lo	2	complete	303C 1234            move.w #$1234,d0	error #1320: range overflow;	1		b_tolower_h100000000_lo.asm(6):7: error: bad long expression
b_tolower_h7FFFFFFFFFFFFFFF_hi	2	complete	303C 1234            move.w #$1234,d0	error #1320: range overflow;	1		b_tolower_h7FFFFFFFFFFFFFFF_hi.asm(6):7: error: bad long expression
b_tolower_h7FFFFFFFFFFFFFFF_lo	2	complete	303C 1234            move.w #$1234,d0	error #1320: range overflow;	1		b_tolower_h7FFFFFFFFFFFFFFF_lo.asm(6):7: error: bad long expression
b_tolower_h7FFFFFFF_hi	2	complete	303C 1234            move.w #$1234,d0	error #1320: range overflow;	1		b_tolower_h7FFFFFFF_hi.asm(6):7: error: bad long expression
b_tolower_h7FFFFFFF_lo	2	complete	303C 1234            move.w #$1234,d0	error #1320: range overflow;	1		b_tolower_h7FFFFFFF_lo.asm(6):7: error: bad long expression
b_tolower_h80000000_hi	2	complete	303C 1234            move.w #$1234,d0	error #1320: range overflow;	1		b_tolower_h80000000_hi.asm(6):7: error: bad long expression
b_tolower_h80000000_lo	2	complete	303C 1234            move.w #$1234,d0	error #1320: range overflow;	1		b_tolower_h80000000_lo.asm(6):7: error: bad long expression
b_tolower_h80_hi	0	complete	303C 1234            move.w #$1234,d0		1		b_tolower_h80_hi.asm(6):7: error: bad long expression
b_tolower_h80_lo	0	complete	303C 1234            move.w #$1234,d0		1		b_tolower_h80_lo.asm(6):7: error: bad long expression
b_tolower_hE4_hi	0	complete	303C 1234            move.w #$1234,d0		1		b_tolower_hE4_hi.asm(6):7: error: bad long expression
b_tolower_hE4_lo	0	complete	303C 1234            move.w #$1234,d0		1		b_tolower_hE4_lo.asm(6):7: error: bad long expression
b_tolower_hFFFEB_hi	2	complete	303C 1234            move.w #$1234,d0	error #1320: range overflow;	1		b_tolower_hFFFEB_hi.asm(6):7: error: bad long expression
b_tolower_hFFFEB_lo	2	complete	303C 1234            move.w #$1234,d0	error #1320: range overflow;	1		b_tolower_hFFFEB_lo.asm(6):7: error: bad long expression
b_tolower_hFFFFFFFF_hi	2	complete	303C 1234            move.w #$1234,d0	error #1320: range overflow;	1		b_tolower_hFFFFFFFF_hi.asm(6):7: error: bad long expression
b_tolower_hFFFFFFFF_lo	2	complete	303C 1234            move.w #$1234,d0	error #1320: range overflow;	1		b_tolower_hFFFFFFFF_lo.asm(6):7: error: bad long expression
b_tolower_hFF_hi	0	complete	303C 1234            move.w #$1234,d0		1		b_tolower_hFF_hi.asm(6):7: error: bad long expression
b_tolower_hFF_lo	0	complete	303C 1234            move.w #$1234,d0		1		b_tolower_hFF_lo.asm(6):7: error: bad long expression
b_tolower_imm	0	complete	303C 1234            move.w #$1234,d0		1		b_tolower_imm.asm(6):9: error: trailing tokens in #immediate
b_tolower_m1_hi	2	complete	303C 1234            move.w #$1234,d0	error #1320: range overflow;	1		b_tolower_m1_hi.asm(6):7: error: bad long expression
b_tolower_m1_lo	2	complete	303C 1234            move.w #$1234,d0	error #1320: range overflow;	1		b_tolower_m1_lo.asm(6):7: error: bad long expression
b_tolower_m2_hi	2	complete	303C 1234            move.w #$1234,d0	error #1320: range overflow;	1		b_tolower_m2_hi.asm(6):7: error: bad long expression
b_tolower_m2_lo	2	complete	303C 1234            move.w #$1234,d0	error #1320: range overflow;	1		b_tolower_m2_lo.asm(6):7: error: bad long expression
b_tolower_m5_hi	2	complete	303C 1234            move.w #$1234,d0	error #1320: range overflow;	1		b_tolower_m5_hi.asm(6):7: error: bad long expression
b_tolower_m5_lo	2	complete	303C 1234            move.w #$1234,d0	error #1320: range overflow;	1		b_tolower_m5_lo.asm(6):7: error: bad long expression
b_tolower_mh7FFFFFFFFFFFFFFFm1_hi	2	complete	303C 1234            move.w #$1234,d0	error #1320: range overflow;	1		b_tolower_mh7FFFFFFFFFFFFFFFm1_hi.asm(6):7: error: bad long expression
b_tolower_mh7FFFFFFFFFFFFFFFm1_lo	2	complete	303C 1234            move.w #$1234,d0	error #1320: range overflow;	1		b_tolower_mh7FFFFFFFFFFFFFFFm1_lo.asm(6):7: error: bad long expression
b_tolower_mh80_hi	2	complete	303C 1234            move.w #$1234,d0	error #1320: range overflow;	1		b_tolower_mh80_hi.asm(6):7: error: bad long expression
b_tolower_mh80_lo	2	complete	303C 1234            move.w #$1234,d0	error #1320: range overflow;	1		b_tolower_mh80_lo.asm(6):7: error: bad long expression
b_tolower_nested	0	complete	303C 1234            move.w #$1234,d0		1		b_tolower_nested.asm(6):7: error: bad long expression
b_tolower_q0q_hi	2	complete	303C 1234            move.w #$1234,d0	error #1136: expected floating point number, but got string;	1		b_tolower_q0q_hi.asm(6):7: error: bad long expression
b_tolower_q0q_lo	2	complete	303C 1234            move.w #$1234,d0	error #1136: expected floating point number, but got string;	1		b_tolower_q0q_lo.asm(6):7: error: bad long expression
b_tolower_qaq_hi	2	complete	303C 1234            move.w #$1234,d0	error #1136: expected floating point number, but got string;	1		b_tolower_qaq_hi.asm(6):7: error: bad long expression
b_tolower_qAq_hi	2	complete	303C 1234            move.w #$1234,d0	error #1136: expected floating point number, but got string;	1		b_tolower_qAq_hi.asm(6):7: error: bad long expression
b_tolower_qaq_lo	2	complete	303C 1234            move.w #$1234,d0	error #1136: expected floating point number, but got string;	1		b_tolower_qaq_lo.asm(6):7: error: bad long expression
b_tolower_qAq_lo	2	complete	303C 1234            move.w #$1234,d0	error #1136: expected floating point number, but got string;	1		b_tolower_qAq_lo.asm(6):7: error: bad long expression
b_tolower_qzq_hi	2	complete	303C 1234            move.w #$1234,d0	error #1136: expected floating point number, but got string;	1		b_tolower_qzq_hi.asm(6):7: error: bad long expression
b_tolower_qzq_lo	2	complete	303C 1234            move.w #$1234,d0	error #1136: expected floating point number, but got string;	1		b_tolower_qzq_lo.asm(6):7: error: bad long expression
b_tolower_space	0	complete	303C 1234            move.w #$1234,d0		1		b_tolower_space.asm(6):7: error: bad long expression
b_tolower_string2	2	complete	303C 1234            move.w #$1234,d0	error #1136: expected floating point number, but got string;	1		b_tolower_string2.asm(6):15: error: string operand in a data directive wider than a byte: asl emits one zero-extended element per character here, which is not implemented
b_tolower_string	2	complete	303C 1234            move.w #$1234,d0	error #1136: expected floating point number, but got string;	1		b_tolower_string.asm(6):15: error: string operand in a data directive wider than a byte: asl emits one zero-extended element per character here, which is not implemented
b_tolower_twoarg	2	complete	303C 1234            move.w #$1234,d0	error #1490: wrong numbers of function arguments;	1		b_tolower_twoarg.asm(6):7: error: bad long expression
b_tolower_undef	2	complete	303C 1234            move.w #$1234,d0	error #1010: symbol undefined;	1		b_tolower_undef.asm(6):7: error: bad long expression
b_tolower_upper	0	complete	303C 1234            move.w #$1234,d0		1		b_tolower_upper.asm(6):7: error: bad long expression
b_toupper_0_hi	0	complete	303C 1234            move.w #$1234,d0		1		b_toupper_0_hi.asm(6):7: error: bad long expression
b_toupper_0_lo	0	complete	303C 1234            move.w #$1234,d0		1		b_toupper_0_lo.asm(6):7: error: bad long expression
b_toupper_12_hi	0	complete	303C 1234            move.w #$1234,d0		1		b_toupper_12_hi.asm(6):7: error: bad long expression
b_toupper_12_lo	0	complete	303C 1234            move.w #$1234,d0		1		b_toupper_12_lo.asm(6):7: error: bad long expression
b_toupper_1_hi	0	complete	303C 1234            move.w #$1234,d0		1		b_toupper_1_hi.asm(6):7: error: bad long expression
b_toupper_1_lo	0	complete	303C 1234            move.w #$1234,d0		1		b_toupper_1_lo.asm(6):7: error: bad long expression
b_toupper_2_hi	0	complete	303C 1234            move.w #$1234,d0		1		b_toupper_2_hi.asm(6):7: error: bad long expression
b_toupper_2_lo	0	complete	303C 1234            move.w #$1234,d0		1		b_toupper_2_lo.asm(6):7: error: bad long expression
b_toupper_353_hi	2	complete	303C 1234            move.w #$1234,d0	error #1320: range overflow;	1		b_toupper_353_hi.asm(6):7: error: bad long expression
b_toupper_353_lo	2	complete	303C 1234            move.w #$1234,d0	error #1320: range overflow;	1		b_toupper_353_lo.asm(6):7: error: bad long expression
b_toupper_3_hi	0	complete	303C 1234            move.w #$1234,d0		1		b_toupper_3_hi.asm(6):7: error: bad long expression
b_toupper_3_lo	0	complete	303C 1234            move.w #$1234,d0		1		b_toupper_3_lo.asm(6):7: error: bad long expression
b_toupper_5_hi	0	complete	303C 1234            move.w #$1234,d0		1		b_toupper_5_hi.asm(6):7: error: bad long expression
b_toupper_5_lo	0	complete	303C 1234            move.w #$1234,d0		1		b_toupper_5_lo.asm(6):7: error: bad long expression
b_toupper_6_hi	0	complete	303C 1234            move.w #$1234,d0		1		b_toupper_6_hi.asm(6):7: error: bad long expression
b_toupper_6_lo	0	complete	303C 1234            move.w #$1234,d0		1		b_toupper_6_lo.asm(6):7: error: bad long expression
b_toupper_7_hi	0	complete	303C 1234            move.w #$1234,d0		1		b_toupper_7_hi.asm(6):7: error: bad long expression
b_toupper_7_lo	0	complete	303C 1234            move.w #$1234,d0		1		b_toupper_7_lo.asm(6):7: error: bad long expression
b_toupper_8_hi	0	complete	303C 1234            move.w #$1234,d0		1		b_toupper_8_hi.asm(6):7: error: bad long expression
b_toupper_8_lo	0	complete	303C 1234            move.w #$1234,d0		1		b_toupper_8_lo.asm(6):7: error: bad long expression
b_toupper_empty	0	complete	303C 1234            move.w #$1234,d0		1		b_toupper_empty.asm(6):7: error: bad long expression
b_toupper_empty_int	0	complete	303C 1234            move.w #$1234,d0		1		b_toupper_empty_int.asm(6):7: error: int(): could not evaluate float expression
b_toupper_emptyparen	0	complete	303C 1234            move.w #$1234,d0		1		b_toupper_emptyparen.asm(6):7: error: bad long expression
b_toupper_equ	0	complete	303C 1234            move.w #$1234,d0		1		b_toupper_equ.asm(6):1: error: trailing tokens in expression
b_toupper_f0p0_bare	3	unknown	303C 1234            move.w #$1234,d0	error #10000: internal error;	1		b_toupper_f0p0_bare.asm(6):15: error: floating point value where an integer is required (wrap it in `int(...)`)
b_toupper_f0p0_int	3	unknown	303C 1234            move.w #$1234,d0	error #10000: internal error;	1		b_toupper_f0p0_int.asm(6):7: error: int(): could not evaluate float expression
b_toupper_f0p5_bare	3	unknown	303C 1234            move.w #$1234,d0	error #10000: internal error;	1		b_toupper_f0p5_bare.asm(6):15: error: floating point value where an integer is required (wrap it in `int(...)`)
b_toupper_f0p5_int	3	unknown	303C 1234            move.w #$1234,d0	error #10000: internal error;	1		b_toupper_f0p5_int.asm(6):7: error: int(): could not evaluate float expression
b_toupper_f2p5_bare	3	unknown	303C 1234            move.w #$1234,d0	error #10000: internal error;	1		b_toupper_f2p5_bare.asm(6):15: error: floating point value where an integer is required (wrap it in `int(...)`)
b_toupper_f2p5_int	3	unknown	303C 1234            move.w #$1234,d0	error #10000: internal error;	1		b_toupper_f2p5_int.asm(6):7: error: int(): could not evaluate float expression
b_toupper_f5p0_bare	3	unknown	303C 1234            move.w #$1234,d0	error #10000: internal error;	1		b_toupper_f5p0_bare.asm(6):15: error: floating point value where an integer is required (wrap it in `int(...)`)
b_toupper_f5p0_int	3	unknown	303C 1234            move.w #$1234,d0	error #10000: internal error;	1		b_toupper_f5p0_int.asm(6):7: error: int(): could not evaluate float expression
b_toupper_floatsym	3	unknown	303C 1234            move.w #$1234,d0	error #10000: internal error;	1		b_toupper_floatsym.asm(7):15: error: floating point value where an integer is required (wrap it in `int(...)`)
b_toupper_fm2p5_bare	3	unknown	303C 1234            move.w #$1234,d0	error #10000: internal error;	1		b_toupper_fm2p5_bare.asm(6):16: error: floating point value where an integer is required (wrap it in `int(...)`)
b_toupper_fm2p5_int	3	unknown	303C 1234            move.w #$1234,d0	error #10000: internal error;	1		b_toupper_fm2p5_int.asm(6):7: error: int(): could not evaluate float expression
b_toupper_fwd	0	complete	303C 1234            move.w #$1234,d0		1		b_toupper_fwd.asm(6):7: error: bad long expression
b_toupper_h100000000_hi	2	complete	303C 1234            move.w #$1234,d0	error #1320: range overflow;	1		b_toupper_h100000000_hi.asm(6):7: error: bad long expression
b_toupper_h100000000_lo	2	complete	303C 1234            move.w #$1234,d0	error #1320: range overflow;	1		b_toupper_h100000000_lo.asm(6):7: error: bad long expression
b_toupper_h7FFFFFFFFFFFFFFF_hi	2	complete	303C 1234            move.w #$1234,d0	error #1320: range overflow;	1		b_toupper_h7FFFFFFFFFFFFFFF_hi.asm(6):7: error: bad long expression
b_toupper_h7FFFFFFFFFFFFFFF_lo	2	complete	303C 1234            move.w #$1234,d0	error #1320: range overflow;	1		b_toupper_h7FFFFFFFFFFFFFFF_lo.asm(6):7: error: bad long expression
b_toupper_h7FFFFFFF_hi	2	complete	303C 1234            move.w #$1234,d0	error #1320: range overflow;	1		b_toupper_h7FFFFFFF_hi.asm(6):7: error: bad long expression
b_toupper_h7FFFFFFF_lo	2	complete	303C 1234            move.w #$1234,d0	error #1320: range overflow;	1		b_toupper_h7FFFFFFF_lo.asm(6):7: error: bad long expression
b_toupper_h80000000_hi	2	complete	303C 1234            move.w #$1234,d0	error #1320: range overflow;	1		b_toupper_h80000000_hi.asm(6):7: error: bad long expression
b_toupper_h80000000_lo	2	complete	303C 1234            move.w #$1234,d0	error #1320: range overflow;	1		b_toupper_h80000000_lo.asm(6):7: error: bad long expression
b_toupper_h80_hi	0	complete	303C 1234            move.w #$1234,d0		1		b_toupper_h80_hi.asm(6):7: error: bad long expression
b_toupper_h80_lo	0	complete	303C 1234            move.w #$1234,d0		1		b_toupper_h80_lo.asm(6):7: error: bad long expression
b_toupper_hE4_hi	0	complete	303C 1234            move.w #$1234,d0		1		b_toupper_hE4_hi.asm(6):7: error: bad long expression
b_toupper_hE4_lo	0	complete	303C 1234            move.w #$1234,d0		1		b_toupper_hE4_lo.asm(6):7: error: bad long expression
b_toupper_hFFFEB_hi	2	complete	303C 1234            move.w #$1234,d0	error #1320: range overflow;	1		b_toupper_hFFFEB_hi.asm(6):7: error: bad long expression
b_toupper_hFFFEB_lo	2	complete	303C 1234            move.w #$1234,d0	error #1320: range overflow;	1		b_toupper_hFFFEB_lo.asm(6):7: error: bad long expression
b_toupper_hFFFFFFFF_hi	2	complete	303C 1234            move.w #$1234,d0	error #1320: range overflow;	1		b_toupper_hFFFFFFFF_hi.asm(6):7: error: bad long expression
b_toupper_hFFFFFFFF_lo	2	complete	303C 1234            move.w #$1234,d0	error #1320: range overflow;	1		b_toupper_hFFFFFFFF_lo.asm(6):7: error: bad long expression
b_toupper_hFF_hi	0	complete	303C 1234            move.w #$1234,d0		1		b_toupper_hFF_hi.asm(6):7: error: bad long expression
b_toupper_hFF_lo	0	complete	303C 1234            move.w #$1234,d0		1		b_toupper_hFF_lo.asm(6):7: error: bad long expression
b_toupper_imm	0	complete	303C 1234            move.w #$1234,d0		1		b_toupper_imm.asm(6):9: error: trailing tokens in #immediate
b_toupper_m1_hi	2	complete	303C 1234            move.w #$1234,d0	error #1320: range overflow;	1		b_toupper_m1_hi.asm(6):7: error: bad long expression
b_toupper_m1_lo	2	complete	303C 1234            move.w #$1234,d0	error #1320: range overflow;	1		b_toupper_m1_lo.asm(6):7: error: bad long expression
b_toupper_m2_hi	2	complete	303C 1234            move.w #$1234,d0	error #1320: range overflow;	1		b_toupper_m2_hi.asm(6):7: error: bad long expression
b_toupper_m2_lo	2	complete	303C 1234            move.w #$1234,d0	error #1320: range overflow;	1		b_toupper_m2_lo.asm(6):7: error: bad long expression
b_toupper_m5_hi	2	complete	303C 1234            move.w #$1234,d0	error #1320: range overflow;	1		b_toupper_m5_hi.asm(6):7: error: bad long expression
b_toupper_m5_lo	2	complete	303C 1234            move.w #$1234,d0	error #1320: range overflow;	1		b_toupper_m5_lo.asm(6):7: error: bad long expression
b_toupper_mh7FFFFFFFFFFFFFFFm1_hi	2	complete	303C 1234            move.w #$1234,d0	error #1320: range overflow;	1		b_toupper_mh7FFFFFFFFFFFFFFFm1_hi.asm(6):7: error: bad long expression
b_toupper_mh7FFFFFFFFFFFFFFFm1_lo	2	complete	303C 1234            move.w #$1234,d0	error #1320: range overflow;	1		b_toupper_mh7FFFFFFFFFFFFFFFm1_lo.asm(6):7: error: bad long expression
b_toupper_mh80_hi	2	complete	303C 1234            move.w #$1234,d0	error #1320: range overflow;	1		b_toupper_mh80_hi.asm(6):7: error: bad long expression
b_toupper_mh80_lo	2	complete	303C 1234            move.w #$1234,d0	error #1320: range overflow;	1		b_toupper_mh80_lo.asm(6):7: error: bad long expression
b_toupper_nested	0	complete	303C 1234            move.w #$1234,d0		1		b_toupper_nested.asm(6):7: error: bad long expression
b_toupper_q0q_hi	2	complete	303C 1234            move.w #$1234,d0	error #1136: expected floating point number, but got string;	1		b_toupper_q0q_hi.asm(6):7: error: bad long expression
b_toupper_q0q_lo	2	complete	303C 1234            move.w #$1234,d0	error #1136: expected floating point number, but got string;	1		b_toupper_q0q_lo.asm(6):7: error: bad long expression
b_toupper_qaq_hi	2	complete	303C 1234            move.w #$1234,d0	error #1136: expected floating point number, but got string;	1		b_toupper_qaq_hi.asm(6):7: error: bad long expression
b_toupper_qAq_hi	2	complete	303C 1234            move.w #$1234,d0	error #1136: expected floating point number, but got string;	1		b_toupper_qAq_hi.asm(6):7: error: bad long expression
b_toupper_qaq_lo	2	complete	303C 1234            move.w #$1234,d0	error #1136: expected floating point number, but got string;	1		b_toupper_qaq_lo.asm(6):7: error: bad long expression
b_toupper_qAq_lo	2	complete	303C 1234            move.w #$1234,d0	error #1136: expected floating point number, but got string;	1		b_toupper_qAq_lo.asm(6):7: error: bad long expression
b_toupper_qzq_hi	2	complete	303C 1234            move.w #$1234,d0	error #1136: expected floating point number, but got string;	1		b_toupper_qzq_hi.asm(6):7: error: bad long expression
b_toupper_qzq_lo	2	complete	303C 1234            move.w #$1234,d0	error #1136: expected floating point number, but got string;	1		b_toupper_qzq_lo.asm(6):7: error: bad long expression
b_toupper_space	0	complete	303C 1234            move.w #$1234,d0		1		b_toupper_space.asm(6):7: error: bad long expression
b_toupper_string2	2	complete	303C 1234            move.w #$1234,d0	error #1136: expected floating point number, but got string;	1		b_toupper_string2.asm(6):15: error: string operand in a data directive wider than a byte: asl emits one zero-extended element per character here, which is not implemented
b_toupper_string	2	complete	303C 1234            move.w #$1234,d0	error #1136: expected floating point number, but got string;	1		b_toupper_string.asm(6):15: error: string operand in a data directive wider than a byte: asl emits one zero-extended element per character here, which is not implemented
b_toupper_twoarg	2	complete	303C 1234            move.w #$1234,d0	error #1490: wrong numbers of function arguments;	1		b_toupper_twoarg.asm(6):7: error: bad long expression
b_toupper_undef	2	complete	303C 1234            move.w #$1234,d0	error #1010: symbol undefined;	1		b_toupper_undef.asm(6):7: error: bad long expression
b_toupper_upper	0	complete	303C 1234            move.w #$1234,d0		1		b_toupper_upper.asm(6):7: error: bad long expression
b_x_acos_empty	0	complete	303C 1234            move.w #$1234,d0		1		b_x_acos_empty.asm(6):7: error: int(): could not evaluate float expression
b_x_acos_empty_bare	2	complete	303C 1234            move.w #$1234,d0	error #1133: expected integer or string, but got floating point number;	1		b_x_acos_empty_bare.asm(6):7: error: bad long expression
b_x_acosh_empty	2	complete	303C 1234            move.w #$1234,d0	error #1880: floating point overflow;	1		b_x_acosh_empty.asm(6):7: error: int(): could not evaluate float expression
b_x_acosh_empty_bare	2	complete	303C 1234            move.w #$1234,d0	error #1880: floating point overflow;	1		b_x_acosh_empty_bare.asm(6):7: error: bad long expression
b_x_asin_empty	0	complete	303C 1234            move.w #$1234,d0		1		b_x_asin_empty.asm(6):7: error: int(): could not evaluate float expression
b_x_asin_empty_bare	2	complete	303C 1234            move.w #$1234,d0	error #1133: expected integer or string, but got floating point number;	1		b_x_asin_empty_bare.asm(6):7: error: bad long expression
b_x_asinh_empty	0	complete	303C 1234            move.w #$1234,d0		1		b_x_asinh_empty.asm(6):7: error: int(): could not evaluate float expression
b_x_asinh_empty_bare	2	complete	303C 1234            move.w #$1234,d0	error #1133: expected integer or string, but got floating point number;	1		b_x_asinh_empty_bare.asm(6):7: error: bad long expression
b_x_atan_empty	0	complete	303C 1234            move.w #$1234,d0		1		b_x_atan_empty.asm(6):7: error: int(): could not evaluate float expression
b_x_atan_empty_bare	2	complete	303C 1234            move.w #$1234,d0	error #1133: expected integer or string, but got floating point number;	1		b_x_atan_empty_bare.asm(6):7: error: bad long expression
b_x_atanh_empty	0	complete	303C 1234            move.w #$1234,d0		1		b_x_atanh_empty.asm(6):7: error: int(): could not evaluate float expression
b_x_atanh_empty_bare	2	complete	303C 1234            move.w #$1234,d0	error #1133: expected integer or string, but got floating point number;	1		b_x_atanh_empty_bare.asm(6):7: error: bad long expression
b_x_cos_empty	0	complete	303C 1234            move.w #$1234,d0		1		b_x_cos_empty.asm(6):7: error: int(): could not evaluate float expression
b_x_cos_empty_bare	2	complete	303C 1234            move.w #$1234,d0	error #1133: expected integer or string, but got floating point number;	1		b_x_cos_empty_bare.asm(6):7: error: bad long expression
b_x_cosh_empty	0	complete	303C 1234            move.w #$1234,d0		1		b_x_cosh_empty.asm(6):7: error: int(): could not evaluate float expression
b_x_cosh_empty_bare	2	complete	303C 1234            move.w #$1234,d0	error #1133: expected integer or string, but got floating point number;	1		b_x_cosh_empty_bare.asm(6):7: error: bad long expression
b_x_exp_empty	0	complete	303C 1234            move.w #$1234,d0		1		b_x_exp_empty.asm(6):7: error: int(): could not evaluate float expression
b_x_exp_empty_bare	2	complete	303C 1234            move.w #$1234,d0	error #1133: expected integer or string, but got floating point number;	1		b_x_exp_empty_bare.asm(6):7: error: bad long expression
b_x_int_empty	0	complete	303C 1234            move.w #$1234,d0		1		b_x_int_empty.asm(6):7: error: int(): could not evaluate float expression
b_x_int_empty_bare	0	complete	303C 1234            move.w #$1234,d0		1		b_x_int_empty_bare.asm(6):7: error: int(): could not evaluate float expression
b_x_ln_empty	2	complete	303C 1234            move.w #$1234,d0	error #1870: function argument out of definition range;	1		b_x_ln_empty.asm(6):7: error: int(): could not evaluate float expression
b_x_ln_empty_bare	2	complete	303C 1234            move.w #$1234,d0	error #1870: function argument out of definition range;	1		b_x_ln_empty_bare.asm(6):7: error: bad long expression
b_x_log_empty	2	complete	303C 1234            move.w #$1234,d0	error #1870: function argument out of definition range;	1		b_x_log_empty.asm(6):7: error: int(): could not evaluate float expression
b_x_log_empty_bare	2	complete	303C 1234            move.w #$1234,d0	error #1870: function argument out of definition range;	1		b_x_log_empty_bare.asm(6):7: error: bad long expression
b_x_sin_empty	0	complete	303C 1234            move.w #$1234,d0		1		b_x_sin_empty.asm(6):7: error: int(): could not evaluate float expression
b_x_sin_empty_bare	2	complete	303C 1234            move.w #$1234,d0	error #1133: expected integer or string, but got floating point number;	1		b_x_sin_empty_bare.asm(6):7: error: bad long expression
b_x_sinh_empty	0	complete	303C 1234            move.w #$1234,d0		1		b_x_sinh_empty.asm(6):7: error: int(): could not evaluate float expression
b_x_sinh_empty_bare	2	complete	303C 1234            move.w #$1234,d0	error #1133: expected integer or string, but got floating point number;	1		b_x_sinh_empty_bare.asm(6):7: error: bad long expression
b_x_sqrt_empty	0	complete	303C 1234            move.w #$1234,d0		1		b_x_sqrt_empty.asm(6):7: error: int(): could not evaluate float expression
b_x_sqrt_empty_bare	2	complete	303C 1234            move.w #$1234,d0	error #1133: expected integer or string, but got floating point number;	1		b_x_sqrt_empty_bare.asm(6):7: error: bad long expression
b_x_tan_empty	0	complete	303C 1234            move.w #$1234,d0		1		b_x_tan_empty.asm(6):7: error: int(): could not evaluate float expression
b_x_tan_empty_bare	2	complete	303C 1234            move.w #$1234,d0	error #1133: expected integer or string, but got floating point number;	1		b_x_tan_empty_bare.asm(6):7: error: bad long expression
b_x_tanh_empty	0	complete	303C 1234            move.w #$1234,d0		1		b_x_tanh_empty.asm(6):7: error: int(): could not evaluate float expression
b_x_tanh_empty_bare	2	complete	303C 1234            move.w #$1234,d0	error #1133: expected integer or string, but got floating point number;	1		b_x_tanh_empty_bare.asm(6):7: error: bad long expression
