SIGIL sigil 0.1.0 (c480edba)
SIGIL md5 7b1b0958a9cd04cf3845ec02d2a73572
CONTROL C1 no-op-edit: PASSED, gate fired (the edit changed no text at /home/volence/sonic_hacks/.scratch-optcomp/sweep-cross-s2c/selftest/t.asm:1; an un)
   C1 mutation on disk: 'Revision = 1'
CONTROL C2 wrong-line: PASSED, gate fired (/home/volence/sonic_hacks/.scratch-optcomp/sweep-cross-s2c/selftest/t.asm:1 does not declare `Revision`, it re)
   C3 mutation on disk: 'Revision = 2'
CONTROL C3 shadowed-declaration: PASSED, gate fired (`Revision` is declared at column 0 on lines [1, 3], not only 1; a second declaration would shadow the edit)
CONTROL C4 blind-comparer: PASSED, gate fired (the planted-byte control failed; this compare cannot report a difference and its figure is void)
   C5 mutation on disk: other.asm 'B = 1'
CONTROL C5 option-outside-block: PASSED, gate fired (selftest: the documented-declaration scan and the ASSEMBLY OPTIONS block disagree. scan-only=['B'] block-only=)
   C6 mutation on disk: 'A = 5'
CONTROL C6 one-element-domain: PASSED, gate fired (selftest: `A` derived the one-element domain [5] from its prose, so it would be counted as swept and execute n)
CONTROL C8 warning-normaliser: PASSED, the source warning both toolchains fire normalises to one string, the coded and sigil-only ones stay apart, and asl#180 pairs with [as.odd-address] by location in all 5 cases
CONTROL C9 stock-decline-adjudicator: PASSED, an image only sigil produced is a finding and an acknowledgement matching no corner is stale
   C10 mutation on disk: tools/x.lua 'local extra = true'
CONTROL C10a lua-toggle-outside-block: PASSED, gate fired (selftest: a column-0 boolean local outside build.lua's Settings block is a toggle this sweep cannot reach: ['t)
CONTROL C10b lua-domains: PASSED, a boolean sweeps its other arm and a number literal is unreadable
CONTROL C10c lua-block-statement: PASSED, gate fired (selftest: build.lua:4 is inside the Settings block but is not a column-0 `local <name> = <literal>`, so its do)
CONTROL C11a lua-no-op-edit: PASSED, gate fired (the edit changed no text at /home/volence/sonic_hacks/.scratch-optcomp/sweep-cross-s2c/selftest/t.lua:1; an un)
   C11b mutation on disk: 'fast = true'
CONTROL C11b lua-overriding-assignment: PASSED, gate fired (`fast` is assigned on lines [1, 2], not only 1; a second assignment would override the edit)
CONTROL C11c lua-table-field-is-a-read: PASSED
CONTROL C12 ack-diagnostic-text: PASSED, a refusal for a neighbouring reason is a mismatch
CONTROL C12b ack-difference-text: PASSED, a difference of another size, shape or place is a mismatch
CONTROL C13 cross-corner-acknowledgement: PASSED, a corner outside the rule, a corner differing by another amount, a rule covering nothing, a pin that is only a prefix and a pin no corner reported are each caught
SELF_TEST PASSED

==============================================================================
CORPUS s2disasm at e45ebf332f39987424ca3102e50c717628f71269 (HEAD)
  extracted read-only by git archive of e45ebf332f39987424ca3102e50c717628f71269 into /home/volence/sonic_hacks/.scratch-optcomp/sweep-cross-s2c/trees/s2disasm-pristine
  build.lua says: root=s2.asm output=s2built.bin p2bin/sigil args=-p=0 -z=0,saxman-bugged,Size_of_Snd_driver_guess,after
  DERIVED 10 documented switches, cross-checked against the ASSEMBLY OPTIONS block
  DERIVED 3 build-script settings from build.lua's Settings block, cross-checked against every column-0 boolean local in 5 .lua file(s)
    gameRevision                             = 1   domain [0, 1, 2]    arms [0, 2]
    padToPowerOfTwo                          = 1   domain [0, 1]       arms [0]
    fixBugs                                  = 0   domain [0, 1]       arms [1]
    allOptimizations                         = 0   domain [0, 1]       arms [1]
    skipChecksumCheck                        = 0   domain [0, 1]       arms [1]
    zeroOffsetOptimization                     DERIVED  right-hand side `0|allOptimizations` names another switch, so this is not independently settable
    removeJmpTos                               DERIVED  right-hand side `0|(gameRevision>=2)|allOptimizations` names another switch, so this is not independently settable
    addsubOptimize                             DERIVED  right-hand side `0|(gameRevision=2)|allOptimizations` names another switch, so this is not independently settable
    relativeLea                                DERIVED  right-hand side `0|(gameRevision<2)|allOptimizations` names another switch, so this is not independently settable
    useFullWaterTables                       = 0   domain [0, 1]       arms [1]
    build.lua:improved_sound_driver_compression = 0   domain [0, 1]       arms [1]
    build.lua:music_buffer_address             UNREADABLE `0x1380` is a number literal; build.lua states no set of legal values for it
    build.lua:music_buffer_size                UNREADABLE `0x7C0` is a number literal; build.lua states no set of legal values for it
POPULATION s2disasm asm_options=10 asm_swept=6 asm_arms=7 build_script_settings=3 build_script_swept=1 build_script_arms=1 lua_files=5 corners=192
  RECONCILE switches: 13 derived = 7 swept + 6 excluded
  RECONCILE legs: 8 arms -> 8 flip legs + 1 baseline

-- LEG s2disasm-shipped   shipped
   LEG_START s2disasm-shipped
   BUILD_LUA exit=0 wrote=True  (s2disasm-shipped.lua.log)
   SIGIL exit=0 wrote=True  stderr lines=0 (s2disasm-shipped.sigil.err)
   reference crc32=7b905383 size=1048576
   candidate crc32=7b905383 size=1048576
   DIFF 0 bytes in 0 runs
   CONTROL planted at ['0x200', '0x80000', '0xffffe'] -> 3 bytes in 3 runs: PASSED
   LEG_REPORTED s2disasm-shipped
   RESULT AGREE

-- LEG s2disasm-gameRevision-0   gameRevision = 0
   LEG_START s2disasm-gameRevision-0
   edit s2.asm:20
     before: 'gameRevision = 1'
     after:  'gameRevision = 0'
   BUILD_LUA exit=1 wrote=True  (s2disasm-gameRevision-0.lua.log)
   SIGIL exit=0 wrote=True  stderr lines=1 (s2disasm-gameRevision-0.sigil.err)
     sigil: s2.asm(30438):2: warning: [as.odd-address] word access at odd address $1: on a 68000 a word or long read or write at an odd address is an address error and crashes the machine (asl #180: address is not properly aligned)
   reference crc32=24ab4c3a size=1048576
   candidate crc32=24ab4c3a size=1048576
   DIFF 0 bytes in 0 runs
   CONTROL planted at ['0x200', '0x80000', '0xffffe'] -> 3 bytes in 3 runs: PASSED
   LEG_REPORTED s2disasm-gameRevision-0
   RESULT AGREE

-- LEG s2disasm-gameRevision-2   gameRevision = 2
   LEG_START s2disasm-gameRevision-2
   edit s2.asm:20
     before: 'gameRevision = 1'
     after:  'gameRevision = 2'
   BUILD_LUA exit=0 wrote=True  (s2disasm-gameRevision-2.lua.log)
   SIGIL exit=0 wrote=True  stderr lines=0 (s2disasm-gameRevision-2.sigil.err)
   reference crc32=d10a3a93 size=1048576
   candidate crc32=d10a3a93 size=1048576
   DIFF 0 bytes in 0 runs
   CONTROL planted at ['0x200', '0x80000', '0xffffe'] -> 3 bytes in 3 runs: PASSED
   LEG_REPORTED s2disasm-gameRevision-2
   RESULT AGREE

-- LEG s2disasm-padToPowerOfTwo-0   padToPowerOfTwo = 0
   LEG_START s2disasm-padToPowerOfTwo-0
   edit s2.asm:24
     before: 'padToPowerOfTwo = 1'
     after:  'padToPowerOfTwo = 0'
   BUILD_LUA exit=0 wrote=True  (s2disasm-padToPowerOfTwo-0.lua.log)
   SIGIL exit=0 wrote=True  stderr lines=0 (s2disasm-padToPowerOfTwo-0.sigil.err)
   reference crc32=dd0ebd72 size=1048556
   candidate crc32=dd0ebd72 size=1048556
   DIFF 0 bytes in 0 runs
   CONTROL planted at ['0x200', '0x7fff6', '0xfffea'] -> 3 bytes in 3 runs: PASSED
   LEG_REPORTED s2disasm-padToPowerOfTwo-0
   RESULT AGREE

-- LEG s2disasm-fixBugs-1   fixBugs = 1
   LEG_START s2disasm-fixBugs-1
   edit s2.asm:27
     before: 'fixBugs = 0'
     after:  'fixBugs = 1'
   BUILD_LUA exit=0 wrote=True  (s2disasm-fixBugs-1.lua.log)
   SIGIL exit=1 wrote=False  stderr lines=1 (s2disasm-fixBugs-1.sigil.err)
     sigil: s2.sounddriver.asm(248):6: error: `-z=0,saxman-bugged,Size_of_Snd_driver_guess,after`: the blob [0x0, 0x134F) is 0xF88 bytes compressed as saxman-bugged, and `Size_of_Snd_driver_guess`, the size the source declares for it, is $F64; every byte the source computed from that name is short by 0x24, and p2bin's own message for this is to raise it, so set `Size_of_Snd_driver_guess` to $F88
   LEG_REPORTED s2disasm-fixBugs-1
   RESULT SIGIL-DECLINED

-- LEG s2disasm-allOptimizations-1   allOptimizations = 1
   LEG_START s2disasm-allOptimizations-1
   edit s2.asm:31
     before: 'allOptimizations = 0'
     after:  'allOptimizations = 1'
   BUILD_LUA exit=0 wrote=True  (s2disasm-allOptimizations-1.lua.log)
   SIGIL exit=0 wrote=True  stderr lines=0 (s2disasm-allOptimizations-1.sigil.err)
   reference crc32=6c8cbd9b size=1048576
   candidate crc32=6c8cbd9b size=1048576
   DIFF 0 bytes in 0 runs
   CONTROL planted at ['0x200', '0x80000', '0xffffe'] -> 3 bytes in 3 runs: PASSED
   LEG_REPORTED s2disasm-allOptimizations-1
   RESULT AGREE

-- LEG s2disasm-skipChecksumCheck-1   skipChecksumCheck = 1
   LEG_START s2disasm-skipChecksumCheck-1
   edit s2.asm:34
     before: 'skipChecksumCheck = 0'
     after:  'skipChecksumCheck = 1'
   BUILD_LUA exit=0 wrote=True  (s2disasm-skipChecksumCheck-1.lua.log)
   SIGIL exit=0 wrote=True  stderr lines=0 (s2disasm-skipChecksumCheck-1.sigil.err)
   reference crc32=f8425851 size=1048576
   candidate crc32=f8425851 size=1048576
   DIFF 0 bytes in 0 runs
   CONTROL planted at ['0x200', '0x80000', '0xffffe'] -> 3 bytes in 3 runs: PASSED
   LEG_REPORTED s2disasm-skipChecksumCheck-1
   RESULT AGREE

-- LEG s2disasm-useFullWaterTables-1   useFullWaterTables = 1
   LEG_START s2disasm-useFullWaterTables-1
   edit s2.asm:49
     before: 'useFullWaterTables = 0'
     after:  'useFullWaterTables = 1'
   BUILD_LUA exit=0 wrote=True  (s2disasm-useFullWaterTables-1.lua.log)
   SIGIL exit=0 wrote=True  stderr lines=0 (s2disasm-useFullWaterTables-1.sigil.err)
   reference crc32=bbaffa38 size=1048576
   candidate crc32=bbaffa38 size=1048576
   DIFF 0 bytes in 0 runs
   CONTROL planted at ['0x200', '0x80000', '0xffffe'] -> 3 bytes in 3 runs: PASSED
   LEG_REPORTED s2disasm-useFullWaterTables-1
   RESULT AGREE

-- LEG s2disasm-build.lua:improved_sound_driver_compression-1   build.lua:improved_sound_driver_compression = 1
   LEG_START s2disasm-build.lua:improved_sound_driver_compression-1
   edit build.lua:10
     before: 'local improved_sound_driver_compression = false'
     after:  'local improved_sound_driver_compression = true'
   BUILD_LUA exit=0 wrote=True  (s2disasm-build.lua:improved_sound_driver_compression-1.lua.log)
   p2bin/sigil args for this leg: -p=0 -z=0,saxman-optimised,Size_of_Snd_driver_guess,after  (shipped: -p=0 -z=0,saxman-bugged,Size_of_Snd_driver_guess,after)
   SIGIL exit=0 wrote=True  stderr lines=0 (s2disasm-build.lua:improved_sound_driver_compression-1.sigil.err)
   reference crc32=c4e244a2 size=1048576
   candidate crc32=b8a9299a size=1048576
   DIFF 2 bytes in 2 runs
     [0x00018F,0x000190) ref 36 cand 50
     [0x0EC051,0x0EC052) ref 4a cand 64
   CONTROL planted at ['0x200', '0x80000', '0xffffe'] -> 5 bytes in 5 runs: PASSED
   LEG_REPORTED s2disasm-build.lua:improved_sound_driver_compression-1
   RESULT DIFFER

== CONTROL C7 s2disasm: reference built from the shipped tree, then gameRevision = 0 applied before sigil runs; the sweep must report a difference
   LEG_START s2disasm-CONTROL-divergent-source
   BUILD_LUA exit=0 wrote=True  (s2disasm-CONTROL-divergent-source.lua.log)
   edit s2.asm:20
     before: 'gameRevision = 1'
     after:  'gameRevision = 0'
   SIGIL exit=0 wrote=True  stderr lines=1 (s2disasm-CONTROL-divergent-source.sigil.err)
     sigil: s2.asm(30438):2: warning: [as.odd-address] word access at odd address $1: on a 68000 a word or long read or write at an odd address is an address error and crashes the machine (asl #180: address is not properly aligned)
   reference crc32=7b905383 size=1048576
   candidate crc32=24ab4c3a size=1048576
   DIFF 210513 bytes in 24226 runs
     [0x000073,0x000074) ref 54 cand 48
     [0x00007A,0x00007C) ref 04 08 cand 03 fc
     [0x00018D,0x000190) ref 31 d9 51 cand 30 de b8
     [0x000306,0x000307) ref 32 cand 08
     [0x000309,0x00030A) ref c0 cand 06
     [0x00030B,0x000325) ref 04 08 01 00 01 66 f4 08 cand a1 00 0d 67 0c 0c b8 69
     [0x000326,0x000328) ref 00 4a cand 01 a4
     [0x000329,0x00032B) ref 7c 00 cand 11 72
   CONTROL planted at ['0x200', '0x80000', '0xffffe'] -> 210516 bytes in 24229 runs: PASSED
   LEG_REPORTED s2disasm-CONTROL-divergent-source
   CONTROL C7 s2disasm: PASSED (DIFFER)

== CROSS s2disasm: 7 swept switches with domains [3, 2, 2, 2, 2, 2, 2] -> 192 corners
   sigil-refusing settings, read off this run's phase 1: {'fixBugs=1': 's2.sounddriver.asm(248):6: error: `-z=0,saxman-bugged,Size_of_Snd_driv'}
   acknowledged stock-decline rules: 0

-- CORNER s2disasm-X-0000000   gameRevision=0 padToPowerOfTwo=0 fixBugs=0 allOptimizations=0 skipChecksumCheck=0 useFullWaterTables=0 build.lua:improved_sound_driver_compression=0   predict sigil BUILT
   LEG_START s2disasm-X-0000000
   edit s2.asm:20
     before: 'gameRevision = 1'
     after:  'gameRevision = 0'
   edit s2.asm:24
     before: 'padToPowerOfTwo = 1'
     after:  'padToPowerOfTwo = 0'
   BUILD_LUA exit=1 wrote=True  (s2disasm-X-0000000.lua.log)
   SIGIL exit=0 wrote=True  stderr lines=1 (s2disasm-X-0000000.sigil.err)
     sigil: s2.asm(30438):2: warning: [as.odd-address] word access at odd address $1: on a 68000 a word or long read or write at an odd address is an address error and crashes the machine (asl #180: address is not properly aligned)
   reference crc32=aa6c122e size=1048556
   candidate crc32=aa6c122e size=1048556
   DIFF 0 bytes in 0 runs
   CONTROL planted at ['0x200', '0x7fff6', '0xfffea'] -> 3 bytes in 3 runs: PASSED
   LEG_REPORTED s2disasm-X-0000000
   RESULT AGREE   sigil BUILT (predicted BUILT)

-- CORNER s2disasm-X-0000001   gameRevision=0 padToPowerOfTwo=0 fixBugs=0 allOptimizations=0 skipChecksumCheck=0 useFullWaterTables=0 build.lua:improved_sound_driver_compression=1   predict sigil BUILT
   LEG_START s2disasm-X-0000001
   edit s2.asm:20
     before: 'gameRevision = 1'
     after:  'gameRevision = 0'
   edit s2.asm:24
     before: 'padToPowerOfTwo = 1'
     after:  'padToPowerOfTwo = 0'
   edit build.lua:10
     before: 'local improved_sound_driver_compression = false'
     after:  'local improved_sound_driver_compression = true'
   BUILD_LUA exit=1 wrote=True  (s2disasm-X-0000001.lua.log)
   p2bin/sigil args for this leg: -p=0 -z=0,saxman-optimised,Size_of_Snd_driver_guess,after  (shipped: -p=0 -z=0,saxman-bugged,Size_of_Snd_driver_guess,after)
   SIGIL exit=0 wrote=True  stderr lines=1 (s2disasm-X-0000001.sigil.err)
     sigil: s2.asm(30438):2: warning: [as.odd-address] word access at odd address $1: on a 68000 a word or long read or write at an odd address is an address error and crashes the machine (asl #180: address is not properly aligned)
   reference crc32=73e51eac size=1048444
   candidate crc32=14c93cb7 size=1048444
   DIFF 2 bytes in 2 runs
     [0x00018F,0x000190) ref 9d cand b7
     [0x0EC051,0x0EC052) ref 4a cand 64
   CONTROL planted at ['0x200', '0x7ffbe', '0xfff7a'] -> 5 bytes in 5 runs: PASSED
   LEG_REPORTED s2disasm-X-0000001
   RESULT DIFFER   sigil BUILT (predicted BUILT)

-- CORNER s2disasm-X-0000010   gameRevision=0 padToPowerOfTwo=0 fixBugs=0 allOptimizations=0 skipChecksumCheck=0 useFullWaterTables=1 build.lua:improved_sound_driver_compression=0   predict sigil BUILT
   LEG_START s2disasm-X-0000010
   edit s2.asm:20
     before: 'gameRevision = 1'
     after:  'gameRevision = 0'
   edit s2.asm:24
     before: 'padToPowerOfTwo = 1'
     after:  'padToPowerOfTwo = 0'
   edit s2.asm:49
     before: 'useFullWaterTables = 0'
     after:  'useFullWaterTables = 1'
   BUILD_LUA exit=1 wrote=True  (s2disasm-X-0000010.lua.log)
   SIGIL exit=0 wrote=True  stderr lines=1 (s2disasm-X-0000010.sigil.err)
     sigil: s2.asm(30438):2: warning: [as.odd-address] word access at odd address $1: on a 68000 a word or long read or write at an odd address is an address error and crashes the machine (asl #180: address is not properly aligned)
   reference crc32=21239569 size=1048556
   candidate crc32=21239569 size=1048556
   DIFF 0 bytes in 0 runs
   CONTROL planted at ['0x200', '0x7fff6', '0xfffea'] -> 3 bytes in 3 runs: PASSED
   LEG_REPORTED s2disasm-X-0000010
   RESULT AGREE   sigil BUILT (predicted BUILT)

-- CORNER s2disasm-X-0000011   gameRevision=0 padToPowerOfTwo=0 fixBugs=0 allOptimizations=0 skipChecksumCheck=0 useFullWaterTables=1 build.lua:improved_sound_driver_compression=1   predict sigil BUILT
   LEG_START s2disasm-X-0000011
   edit s2.asm:20
     before: 'gameRevision = 1'
     after:  'gameRevision = 0'
   edit s2.asm:24
     before: 'padToPowerOfTwo = 1'
     after:  'padToPowerOfTwo = 0'
   edit s2.asm:49
     before: 'useFullWaterTables = 0'
     after:  'useFullWaterTables = 1'
   edit build.lua:10
     before: 'local improved_sound_driver_compression = false'
     after:  'local improved_sound_driver_compression = true'
   BUILD_LUA exit=1 wrote=True  (s2disasm-X-0000011.lua.log)
   p2bin/sigil args for this leg: -p=0 -z=0,saxman-optimised,Size_of_Snd_driver_guess,after  (shipped: -p=0 -z=0,saxman-bugged,Size_of_Snd_driver_guess,after)
   SIGIL exit=0 wrote=True  stderr lines=1 (s2disasm-X-0000011.sigil.err)
     sigil: s2.asm(30438):2: warning: [as.odd-address] word access at odd address $1: on a 68000 a word or long read or write at an odd address is an address error and crashes the machine (asl #180: address is not properly aligned)
   reference crc32=68913d1f size=1048444
   candidate crc32=a4caa1d1 size=1048444
   DIFF 2 bytes in 2 runs
     [0x00018F,0x000190) ref 92 cand ac
     [0x0EC051,0x0EC052) ref 4a cand 64
   CONTROL planted at ['0x200', '0x7ffbe', '0xfff7a'] -> 5 bytes in 5 runs: PASSED
   LEG_REPORTED s2disasm-X-0000011
   RESULT DIFFER   sigil BUILT (predicted BUILT)

-- CORNER s2disasm-X-0000100   gameRevision=0 padToPowerOfTwo=0 fixBugs=0 allOptimizations=0 skipChecksumCheck=1 useFullWaterTables=0 build.lua:improved_sound_driver_compression=0   predict sigil BUILT
   LEG_START s2disasm-X-0000100
   edit s2.asm:20
     before: 'gameRevision = 1'
     after:  'gameRevision = 0'
   edit s2.asm:24
     before: 'padToPowerOfTwo = 1'
     after:  'padToPowerOfTwo = 0'
   edit s2.asm:34
     before: 'skipChecksumCheck = 0'
     after:  'skipChecksumCheck = 1'
   BUILD_LUA exit=1 wrote=True  (s2disasm-X-0000100.lua.log)
   SIGIL exit=0 wrote=True  stderr lines=1 (s2disasm-X-0000100.sigil.err)
     sigil: s2.asm(30438):2: warning: [as.odd-address] word access at odd address $1: on a 68000 a word or long read or write at an odd address is an address error and crashes the machine (asl #180: address is not properly aligned)
   reference crc32=9f238189 size=1048556
   candidate crc32=9f238189 size=1048556
   DIFF 0 bytes in 0 runs
   CONTROL planted at ['0x200', '0x7fff6', '0xfffea'] -> 3 bytes in 3 runs: PASSED
   LEG_REPORTED s2disasm-X-0000100
   RESULT AGREE   sigil BUILT (predicted BUILT)

-- CORNER s2disasm-X-0000101   gameRevision=0 padToPowerOfTwo=0 fixBugs=0 allOptimizations=0 skipChecksumCheck=1 useFullWaterTables=0 build.lua:improved_sound_driver_compression=1   predict sigil BUILT
   LEG_START s2disasm-X-0000101
   edit s2.asm:20
     before: 'gameRevision = 1'
     after:  'gameRevision = 0'
   edit s2.asm:24
     before: 'padToPowerOfTwo = 1'
     after:  'padToPowerOfTwo = 0'
   edit s2.asm:34
     before: 'skipChecksumCheck = 0'
     after:  'skipChecksumCheck = 1'
   edit build.lua:10
     before: 'local improved_sound_driver_compression = false'
     after:  'local improved_sound_driver_compression = true'
   BUILD_LUA exit=1 wrote=True  (s2disasm-X-0000101.lua.log)
   p2bin/sigil args for this leg: -p=0 -z=0,saxman-optimised,Size_of_Snd_driver_guess,after  (shipped: -p=0 -z=0,saxman-bugged,Size_of_Snd_driver_guess,after)
   SIGIL exit=0 wrote=True  stderr lines=1 (s2disasm-X-0000101.sigil.err)
     sigil: s2.asm(30438):2: warning: [as.odd-address] word access at odd address $1: on a 68000 a word or long read or write at an odd address is an address error and crashes the machine (asl #180: address is not properly aligned)
   reference crc32=001bcd61 size=1048444
   candidate crc32=a7d26b39 size=1048444
   DIFF 3 bytes in 2 runs
     [0x00018E,0x000190) ref 1d fb cand 1e 15
     [0x0EC051,0x0EC052) ref 4a cand 64
   CONTROL planted at ['0x200', '0x7ffbe', '0xfff7a'] -> 6 bytes in 5 runs: PASSED
   LEG_REPORTED s2disasm-X-0000101
   RESULT DIFFER   sigil BUILT (predicted BUILT)

-- CORNER s2disasm-X-0000110   gameRevision=0 padToPowerOfTwo=0 fixBugs=0 allOptimizations=0 skipChecksumCheck=1 useFullWaterTables=1 build.lua:improved_sound_driver_compression=0   predict sigil BUILT
   LEG_START s2disasm-X-0000110
   edit s2.asm:20
     before: 'gameRevision = 1'
     after:  'gameRevision = 0'
   edit s2.asm:24
     before: 'padToPowerOfTwo = 1'
     after:  'padToPowerOfTwo = 0'
   edit s2.asm:34
     before: 'skipChecksumCheck = 0'
     after:  'skipChecksumCheck = 1'
   edit s2.asm:49
     before: 'useFullWaterTables = 0'
     after:  'useFullWaterTables = 1'
   BUILD_LUA exit=1 wrote=True  (s2disasm-X-0000110.lua.log)
   SIGIL exit=0 wrote=True  stderr lines=1 (s2disasm-X-0000110.sigil.err)
     sigil: s2.asm(30438):2: warning: [as.odd-address] word access at odd address $1: on a 68000 a word or long read or write at an odd address is an address error and crashes the machine (asl #180: address is not properly aligned)
   reference crc32=4b02d275 size=1048556
   candidate crc32=4b02d275 size=1048556
   DIFF 0 bytes in 0 runs
   CONTROL planted at ['0x200', '0x7fff6', '0xfffea'] -> 3 bytes in 3 runs: PASSED
   LEG_REPORTED s2disasm-X-0000110
   RESULT AGREE   sigil BUILT (predicted BUILT)

-- CORNER s2disasm-X-0000111   gameRevision=0 padToPowerOfTwo=0 fixBugs=0 allOptimizations=0 skipChecksumCheck=1 useFullWaterTables=1 build.lua:improved_sound_driver_compression=1   predict sigil BUILT
   LEG_START s2disasm-X-0000111
   edit s2.asm:20
     before: 'gameRevision = 1'
     after:  'gameRevision = 0'
   edit s2.asm:24
     before: 'padToPowerOfTwo = 1'
     after:  'padToPowerOfTwo = 0'
   edit s2.asm:34
     before: 'skipChecksumCheck = 0'
     after:  'skipChecksumCheck = 1'
   edit s2.asm:49
     before: 'useFullWaterTables = 0'
     after:  'useFullWaterTables = 1'
   edit build.lua:10
     before: 'local improved_sound_driver_compression = false'
     after:  'local improved_sound_driver_compression = true'
   BUILD_LUA exit=1 wrote=True  (s2disasm-X-0000111.lua.log)
   p2bin/sigil args for this leg: -p=0 -z=0,saxman-optimised,Size_of_Snd_driver_guess,after  (shipped: -p=0 -z=0,saxman-bugged,Size_of_Snd_driver_guess,after)
   SIGIL exit=0 wrote=True  stderr lines=1 (s2disasm-X-0000111.sigil.err)
     sigil: s2.asm(30438):2: warning: [as.odd-address] word access at odd address $1: on a 68000 a word or long read or write at an odd address is an address error and crashes the machine (asl #180: address is not properly aligned)
   reference crc32=0344d04d size=1048444
   candidate crc32=fabf43d0 size=1048444
   DIFF 3 bytes in 2 runs
     [0x00018E,0x000190) ref 0e f1 cand 0f 0b
     [0x0EC051,0x0EC052) ref 4a cand 64
   CONTROL planted at ['0x200', '0x7ffbe', '0xfff7a'] -> 6 bytes in 5 runs: PASSED
   LEG_REPORTED s2disasm-X-0000111
   RESULT DIFFER   sigil BUILT (predicted BUILT)

-- CORNER s2disasm-X-0001000   gameRevision=0 padToPowerOfTwo=0 fixBugs=0 allOptimizations=1 skipChecksumCheck=0 useFullWaterTables=0 build.lua:improved_sound_driver_compression=0   predict sigil BUILT
   LEG_START s2disasm-X-0001000
   edit s2.asm:20
     before: 'gameRevision = 1'
     after:  'gameRevision = 0'
   edit s2.asm:24
     before: 'padToPowerOfTwo = 1'
     after:  'padToPowerOfTwo = 0'
   edit s2.asm:31
     before: 'allOptimizations = 0'
     after:  'allOptimizations = 1'
   BUILD_LUA exit=1 wrote=True  (s2disasm-X-0001000.lua.log)
   SIGIL exit=0 wrote=True  stderr lines=1 (s2disasm-X-0001000.sigil.err)
     sigil: s2.asm(30438):2: warning: [as.odd-address] word access at odd address $1: on a 68000 a word or long read or write at an odd address is an address error and crashes the machine (asl #180: address is not properly aligned)
   reference crc32=88d82f78 size=1048556
   candidate crc32=88d82f78 size=1048556
   DIFF 0 bytes in 0 runs
   CONTROL planted at ['0x200', '0x7fff6', '0xfffea'] -> 3 bytes in 3 runs: PASSED
   LEG_REPORTED s2disasm-X-0001000
   RESULT AGREE   sigil BUILT (predicted BUILT)

-- CORNER s2disasm-X-0001001   gameRevision=0 padToPowerOfTwo=0 fixBugs=0 allOptimizations=1 skipChecksumCheck=0 useFullWaterTables=0 build.lua:improved_sound_driver_compression=1   predict sigil BUILT
   LEG_START s2disasm-X-0001001
   edit s2.asm:20
     before: 'gameRevision = 1'
     after:  'gameRevision = 0'
   edit s2.asm:24
     before: 'padToPowerOfTwo = 1'
     after:  'padToPowerOfTwo = 0'
   edit s2.asm:31
     before: 'allOptimizations = 0'
     after:  'allOptimizations = 1'
   edit build.lua:10
     before: 'local improved_sound_driver_compression = false'
     after:  'local improved_sound_driver_compression = true'
   BUILD_LUA exit=1 wrote=True  (s2disasm-X-0001001.lua.log)
   p2bin/sigil args for this leg: -p=0 -z=0,saxman-optimised,Size_of_Snd_driver_guess,after  (shipped: -p=0 -z=0,saxman-bugged,Size_of_Snd_driver_guess,after)
   SIGIL exit=0 wrote=True  stderr lines=1 (s2disasm-X-0001001.sigil.err)
     sigil: s2.asm(30438):2: warning: [as.odd-address] word access at odd address $1: on a 68000 a word or long read or write at an odd address is an address error and crashes the machine (asl #180: address is not properly aligned)
   reference crc32=8ec30d7b size=1048444
   candidate crc32=8f3dbad3 size=1048444
   DIFF 2 bytes in 2 runs
     [0x00018F,0x000190) ref c6 cand e0
     [0x0EC051,0x0EC052) ref 4a cand 64
   CONTROL planted at ['0x200', '0x7ffbe', '0xfff7a'] -> 5 bytes in 5 runs: PASSED
   LEG_REPORTED s2disasm-X-0001001
   RESULT DIFFER   sigil BUILT (predicted BUILT)

-- CORNER s2disasm-X-0001010   gameRevision=0 padToPowerOfTwo=0 fixBugs=0 allOptimizations=1 skipChecksumCheck=0 useFullWaterTables=1 build.lua:improved_sound_driver_compression=0   predict sigil BUILT
   LEG_START s2disasm-X-0001010
   edit s2.asm:20
     before: 'gameRevision = 1'
     after:  'gameRevision = 0'
   edit s2.asm:24
     before: 'padToPowerOfTwo = 1'
     after:  'padToPowerOfTwo = 0'
   edit s2.asm:31
     before: 'allOptimizations = 0'
     after:  'allOptimizations = 1'
   edit s2.asm:49
     before: 'useFullWaterTables = 0'
     after:  'useFullWaterTables = 1'
   BUILD_LUA exit=1 wrote=True  (s2disasm-X-0001010.lua.log)
   SIGIL exit=0 wrote=True  stderr lines=1 (s2disasm-X-0001010.sigil.err)
     sigil: s2.asm(30438):2: warning: [as.odd-address] word access at odd address $1: on a 68000 a word or long read or write at an odd address is an address error and crashes the machine (asl #180: address is not properly aligned)
   reference crc32=b6320f4b size=1048556
   candidate crc32=b6320f4b size=1048556
   DIFF 0 bytes in 0 runs
   CONTROL planted at ['0x200', '0x7fff6', '0xfffea'] -> 3 bytes in 3 runs: PASSED
   LEG_REPORTED s2disasm-X-0001010
   RESULT AGREE   sigil BUILT (predicted BUILT)

-- CORNER s2disasm-X-0001011   gameRevision=0 padToPowerOfTwo=0 fixBugs=0 allOptimizations=1 skipChecksumCheck=0 useFullWaterTables=1 build.lua:improved_sound_driver_compression=1   predict sigil BUILT
   LEG_START s2disasm-X-0001011
   edit s2.asm:20
     before: 'gameRevision = 1'
     after:  'gameRevision = 0'
   edit s2.asm:24
     before: 'padToPowerOfTwo = 1'
     after:  'padToPowerOfTwo = 0'
   edit s2.asm:31
     before: 'allOptimizations = 0'
     after:  'allOptimizations = 1'
   edit s2.asm:49
     before: 'useFullWaterTables = 0'
     after:  'useFullWaterTables = 1'
   edit build.lua:10
     before: 'local improved_sound_driver_compression = false'
     after:  'local improved_sound_driver_compression = true'
   BUILD_LUA exit=1 wrote=True  (s2disasm-X-0001011.lua.log)
   p2bin/sigil args for this leg: -p=0 -z=0,saxman-optimised,Size_of_Snd_driver_guess,after  (shipped: -p=0 -z=0,saxman-bugged,Size_of_Snd_driver_guess,after)
   SIGIL exit=0 wrote=True  stderr lines=1 (s2disasm-X-0001011.sigil.err)
     sigil: s2.asm(30438):2: warning: [as.odd-address] word access at odd address $1: on a 68000 a word or long read or write at an odd address is an address error and crashes the machine (asl #180: address is not properly aligned)
   reference crc32=4a10420a size=1048444
   candidate crc32=f999be32 size=1048444
   DIFF 2 bytes in 2 runs
     [0x00018F,0x000190) ref 62 cand 7c
     [0x0EC051,0x0EC052) ref 4a cand 64
   CONTROL planted at ['0x200', '0x7ffbe', '0xfff7a'] -> 5 bytes in 5 runs: PASSED
   LEG_REPORTED s2disasm-X-0001011
   RESULT DIFFER   sigil BUILT (predicted BUILT)

-- CORNER s2disasm-X-0001100   gameRevision=0 padToPowerOfTwo=0 fixBugs=0 allOptimizations=1 skipChecksumCheck=1 useFullWaterTables=0 build.lua:improved_sound_driver_compression=0   predict sigil BUILT
   LEG_START s2disasm-X-0001100
   edit s2.asm:20
     before: 'gameRevision = 1'
     after:  'gameRevision = 0'
   edit s2.asm:24
     before: 'padToPowerOfTwo = 1'
     after:  'padToPowerOfTwo = 0'
   edit s2.asm:31
     before: 'allOptimizations = 0'
     after:  'allOptimizations = 1'
   edit s2.asm:34
     before: 'skipChecksumCheck = 0'
     after:  'skipChecksumCheck = 1'
   BUILD_LUA exit=1 wrote=True  (s2disasm-X-0001100.lua.log)
   SIGIL exit=0 wrote=True  stderr lines=1 (s2disasm-X-0001100.sigil.err)
     sigil: s2.asm(30438):2: warning: [as.odd-address] word access at odd address $1: on a 68000 a word or long read or write at an odd address is an address error and crashes the machine (asl #180: address is not properly aligned)
   reference crc32=bc7e30f6 size=1048556
   candidate crc32=bc7e30f6 size=1048556
   DIFF 0 bytes in 0 runs
   CONTROL planted at ['0x200', '0x7fff6', '0xfffea'] -> 3 bytes in 3 runs: PASSED
   LEG_REPORTED s2disasm-X-0001100
   RESULT AGREE   sigil BUILT (predicted BUILT)

-- CORNER s2disasm-X-0001101   gameRevision=0 padToPowerOfTwo=0 fixBugs=0 allOptimizations=1 skipChecksumCheck=1 useFullWaterTables=0 build.lua:improved_sound_driver_compression=1   predict sigil BUILT
   LEG_START s2disasm-X-0001101
   edit s2.asm:20
     before: 'gameRevision = 1'
     after:  'gameRevision = 0'
   edit s2.asm:24
     before: 'padToPowerOfTwo = 1'
     after:  'padToPowerOfTwo = 0'
   edit s2.asm:31
     before: 'allOptimizations = 0'
     after:  'allOptimizations = 1'
   edit s2.asm:34
     before: 'skipChecksumCheck = 0'
     after:  'skipChecksumCheck = 1'
   edit build.lua:10
     before: 'local improved_sound_driver_compression = false'
     after:  'local improved_sound_driver_compression = true'
   BUILD_LUA exit=1 wrote=True  (s2disasm-X-0001101.lua.log)
   p2bin/sigil args for this leg: -p=0 -z=0,saxman-optimised,Size_of_Snd_driver_guess,after  (shipped: -p=0 -z=0,saxman-bugged,Size_of_Snd_driver_guess,after)
   SIGIL exit=0 wrote=True  stderr lines=1 (s2disasm-X-0001101.sigil.err)
     sigil: s2.asm(30438):2: warning: [as.odd-address] word access at odd address $1: on a 68000 a word or long read or write at an odd address is an address error and crashes the machine (asl #180: address is not properly aligned)
   reference crc32=af88682c size=1048444
   candidate crc32=63d3f4e2 size=1048444
   DIFF 2 bytes in 2 runs
     [0x00018F,0x000190) ref 13 cand 2d
     [0x0EC051,0x0EC052) ref 4a cand 64
   CONTROL planted at ['0x200', '0x7ffbe', '0xfff7a'] -> 5 bytes in 5 runs: PASSED
   LEG_REPORTED s2disasm-X-0001101
   RESULT DIFFER   sigil BUILT (predicted BUILT)

-- CORNER s2disasm-X-0001110   gameRevision=0 padToPowerOfTwo=0 fixBugs=0 allOptimizations=1 skipChecksumCheck=1 useFullWaterTables=1 build.lua:improved_sound_driver_compression=0   predict sigil BUILT
   LEG_START s2disasm-X-0001110
   edit s2.asm:20
     before: 'gameRevision = 1'
     after:  'gameRevision = 0'
   edit s2.asm:24
     before: 'padToPowerOfTwo = 1'
     after:  'padToPowerOfTwo = 0'
   edit s2.asm:31
     before: 'allOptimizations = 0'
     after:  'allOptimizations = 1'
   edit s2.asm:34
     before: 'skipChecksumCheck = 0'
     after:  'skipChecksumCheck = 1'
   edit s2.asm:49
     before: 'useFullWaterTables = 0'
     after:  'useFullWaterTables = 1'
   BUILD_LUA exit=1 wrote=True  (s2disasm-X-0001110.lua.log)
   SIGIL exit=0 wrote=True  stderr lines=1 (s2disasm-X-0001110.sigil.err)
     sigil: s2.asm(30438):2: warning: [as.odd-address] word access at odd address $1: on a 68000 a word or long read or write at an odd address is an address error and crashes the machine (asl #180: address is not properly aligned)
   reference crc32=72ffc37a size=1048556
   candidate crc32=72ffc37a size=1048556
   DIFF 0 bytes in 0 runs
   CONTROL planted at ['0x200', '0x7fff6', '0xfffea'] -> 3 bytes in 3 runs: PASSED
   LEG_REPORTED s2disasm-X-0001110
   RESULT AGREE   sigil BUILT (predicted BUILT)

-- CORNER s2disasm-X-0001111   gameRevision=0 padToPowerOfTwo=0 fixBugs=0 allOptimizations=1 skipChecksumCheck=1 useFullWaterTables=1 build.lua:improved_sound_driver_compression=1   predict sigil BUILT
   LEG_START s2disasm-X-0001111
   edit s2.asm:20
     before: 'gameRevision = 1'
     after:  'gameRevision = 0'
   edit s2.asm:24
     before: 'padToPowerOfTwo = 1'
     after:  'padToPowerOfTwo = 0'
   edit s2.asm:31
     before: 'allOptimizations = 0'
     after:  'allOptimizations = 1'
   edit s2.asm:34
     before: 'skipChecksumCheck = 0'
     after:  'skipChecksumCheck = 1'
   edit s2.asm:49
     before: 'useFullWaterTables = 0'
     after:  'useFullWaterTables = 1'
   edit build.lua:10
     before: 'local improved_sound_driver_compression = false'
     after:  'local improved_sound_driver_compression = true'
   BUILD_LUA exit=1 wrote=True  (s2disasm-X-0001111.lua.log)
   p2bin/sigil args for this leg: -p=0 -z=0,saxman-optimised,Size_of_Snd_driver_guess,after  (shipped: -p=0 -z=0,saxman-bugged,Size_of_Snd_driver_guess,after)
   SIGIL exit=0 wrote=True  stderr lines=1 (s2disasm-X-0001111.sigil.err)
     sigil: s2.asm(30438):2: warning: [as.odd-address] word access at odd address $1: on a 68000 a word or long read or write at an odd address is an address error and crashes the machine (asl #180: address is not properly aligned)
   reference crc32=dc6c6ef2 size=1048444
   candidate crc32=7b0dbd7e size=1048444
   DIFF 2 bytes in 2 runs
     [0x00018F,0x000190) ref b0 cand ca
     [0x0EC051,0x0EC052) ref 4a cand 64
   CONTROL planted at ['0x200', '0x7ffbe', '0xfff7a'] -> 5 bytes in 5 runs: PASSED
   LEG_REPORTED s2disasm-X-0001111
   RESULT DIFFER   sigil BUILT (predicted BUILT)

-- CORNER s2disasm-X-0010000   gameRevision=0 padToPowerOfTwo=0 fixBugs=1 allOptimizations=0 skipChecksumCheck=0 useFullWaterTables=0 build.lua:improved_sound_driver_compression=0   predict sigil DECLINED
   LEG_START s2disasm-X-0010000
   edit s2.asm:20
     before: 'gameRevision = 1'
     after:  'gameRevision = 0'
   edit s2.asm:24
     before: 'padToPowerOfTwo = 1'
     after:  'padToPowerOfTwo = 0'
   edit s2.asm:27
     before: 'fixBugs = 0'
     after:  'fixBugs = 1'
   BUILD_LUA exit=1 wrote=True  (s2disasm-X-0010000.lua.log)
   SIGIL exit=1 wrote=False  stderr lines=2 (s2disasm-X-0010000.sigil.err)
     sigil: s2.asm(30438):2: warning: [as.odd-address] word access at odd address $1: on a 68000 a word or long read or write at an odd address is an address error and crashes the machine (asl #180: address is not properly aligned)
     sigil: s2.sounddriver.asm(248):6: error: `-z=0,saxman-bugged,Size_of_Snd_driver_guess,after`: the blob [0x0, 0x134F) is 0xF88 bytes compressed as saxman-bugged, and `Size_of_Snd_driver_guess`, the size the source declares for it, is $F64; every byte the source computed from that name is short by 0x24, and p2bin's own message for this is to raise it, so set `Size_of_Snd_driver_guess` to $F88
   LEG_REPORTED s2disasm-X-0010000
   RESULT SIGIL-DECLINED   sigil DECLINED (predicted DECLINED)

-- CORNER s2disasm-X-0010001   gameRevision=0 padToPowerOfTwo=0 fixBugs=1 allOptimizations=0 skipChecksumCheck=0 useFullWaterTables=0 build.lua:improved_sound_driver_compression=1   predict sigil DECLINED
   LEG_START s2disasm-X-0010001
   edit s2.asm:20
     before: 'gameRevision = 1'
     after:  'gameRevision = 0'
   edit s2.asm:24
     before: 'padToPowerOfTwo = 1'
     after:  'padToPowerOfTwo = 0'
   edit s2.asm:27
     before: 'fixBugs = 0'
     after:  'fixBugs = 1'
   edit build.lua:10
     before: 'local improved_sound_driver_compression = false'
     after:  'local improved_sound_driver_compression = true'
   BUILD_LUA exit=1 wrote=True  (s2disasm-X-0010001.lua.log)
   p2bin/sigil args for this leg: -p=0 -z=0,saxman-optimised,Size_of_Snd_driver_guess,after  (shipped: -p=0 -z=0,saxman-bugged,Size_of_Snd_driver_guess,after)
   SIGIL exit=1 wrote=False  stderr lines=2 (s2disasm-X-0010001.sigil.err)
     sigil: s2.asm(30438):2: warning: [as.odd-address] word access at odd address $1: on a 68000 a word or long read or write at an odd address is an address error and crashes the machine (asl #180: address is not properly aligned)
     sigil: s2.sounddriver.asm(248):6: error: `-z=0,saxman-optimised,Size_of_Snd_driver_guess,after`: the blob [0x0, 0x134F) is 0xF6E bytes compressed as saxman-optimised, and `Size_of_Snd_driver_guess`, the size the source declares for it, is $F64; every byte the source computed from that name is short by 0xA, and p2bin's own message for this is to raise it, so set `Size_of_Snd_driver_guess` to $F6E
   LEG_REPORTED s2disasm-X-0010001
   RESULT SIGIL-DECLINED   sigil DECLINED (predicted DECLINED)

-- CORNER s2disasm-X-0010010   gameRevision=0 padToPowerOfTwo=0 fixBugs=1 allOptimizations=0 skipChecksumCheck=0 useFullWaterTables=1 build.lua:improved_sound_driver_compression=0   predict sigil DECLINED
   LEG_START s2disasm-X-0010010
   edit s2.asm:20
     before: 'gameRevision = 1'
     after:  'gameRevision = 0'
   edit s2.asm:24
     before: 'padToPowerOfTwo = 1'
     after:  'padToPowerOfTwo = 0'
   edit s2.asm:27
     before: 'fixBugs = 0'
     after:  'fixBugs = 1'
   edit s2.asm:49
     before: 'useFullWaterTables = 0'
     after:  'useFullWaterTables = 1'
   BUILD_LUA exit=1 wrote=True  (s2disasm-X-0010010.lua.log)
   SIGIL exit=1 wrote=False  stderr lines=2 (s2disasm-X-0010010.sigil.err)
     sigil: s2.asm(30438):2: warning: [as.odd-address] word access at odd address $1: on a 68000 a word or long read or write at an odd address is an address error and crashes the machine (asl #180: address is not properly aligned)
     sigil: s2.sounddriver.asm(248):6: error: `-z=0,saxman-bugged,Size_of_Snd_driver_guess,after`: the blob [0x0, 0x134F) is 0xF88 bytes compressed as saxman-bugged, and `Size_of_Snd_driver_guess`, the size the source declares for it, is $F64; every byte the source computed from that name is short by 0x24, and p2bin's own message for this is to raise it, so set `Size_of_Snd_driver_guess` to $F88
   LEG_REPORTED s2disasm-X-0010010
   RESULT SIGIL-DECLINED   sigil DECLINED (predicted DECLINED)

-- CORNER s2disasm-X-0010011   gameRevision=0 padToPowerOfTwo=0 fixBugs=1 allOptimizations=0 skipChecksumCheck=0 useFullWaterTables=1 build.lua:improved_sound_driver_compression=1   predict sigil DECLINED
   LEG_START s2disasm-X-0010011
   edit s2.asm:20
     before: 'gameRevision = 1'
     after:  'gameRevision = 0'
   edit s2.asm:24
     before: 'padToPowerOfTwo = 1'
     after:  'padToPowerOfTwo = 0'
   edit s2.asm:27
     before: 'fixBugs = 0'
     after:  'fixBugs = 1'
   edit s2.asm:49
     before: 'useFullWaterTables = 0'
     after:  'useFullWaterTables = 1'
   edit build.lua:10
     before: 'local improved_sound_driver_compression = false'
     after:  'local improved_sound_driver_compression = true'
   BUILD_LUA exit=1 wrote=True  (s2disasm-X-0010011.lua.log)
   p2bin/sigil args for this leg: -p=0 -z=0,saxman-optimised,Size_of_Snd_driver_guess,after  (shipped: -p=0 -z=0,saxman-bugged,Size_of_Snd_driver_guess,after)
   SIGIL exit=1 wrote=False  stderr lines=2 (s2disasm-X-0010011.sigil.err)
     sigil: s2.asm(30438):2: warning: [as.odd-address] word access at odd address $1: on a 68000 a word or long read or write at an odd address is an address error and crashes the machine (asl #180: address is not properly aligned)
     sigil: s2.sounddriver.asm(248):6: error: `-z=0,saxman-optimised,Size_of_Snd_driver_guess,after`: the blob [0x0, 0x134F) is 0xF6E bytes compressed as saxman-optimised, and `Size_of_Snd_driver_guess`, the size the source declares for it, is $F64; every byte the source computed from that name is short by 0xA, and p2bin's own message for this is to raise it, so set `Size_of_Snd_driver_guess` to $F6E
   LEG_REPORTED s2disasm-X-0010011
   RESULT SIGIL-DECLINED   sigil DECLINED (predicted DECLINED)

-- CORNER s2disasm-X-0010100   gameRevision=0 padToPowerOfTwo=0 fixBugs=1 allOptimizations=0 skipChecksumCheck=1 useFullWaterTables=0 build.lua:improved_sound_driver_compression=0   predict sigil DECLINED
   LEG_START s2disasm-X-0010100
   edit s2.asm:20
     before: 'gameRevision = 1'
     after:  'gameRevision = 0'
   edit s2.asm:24
     before: 'padToPowerOfTwo = 1'
     after:  'padToPowerOfTwo = 0'
   edit s2.asm:27
     before: 'fixBugs = 0'
     after:  'fixBugs = 1'
   edit s2.asm:34
     before: 'skipChecksumCheck = 0'
     after:  'skipChecksumCheck = 1'
   BUILD_LUA exit=1 wrote=True  (s2disasm-X-0010100.lua.log)
   SIGIL exit=1 wrote=False  stderr lines=2 (s2disasm-X-0010100.sigil.err)
     sigil: s2.asm(30438):2: warning: [as.odd-address] word access at odd address $1: on a 68000 a word or long read or write at an odd address is an address error and crashes the machine (asl #180: address is not properly aligned)
     sigil: s2.sounddriver.asm(248):6: error: `-z=0,saxman-bugged,Size_of_Snd_driver_guess,after`: the blob [0x0, 0x134F) is 0xF88 bytes compressed as saxman-bugged, and `Size_of_Snd_driver_guess`, the size the source declares for it, is $F64; every byte the source computed from that name is short by 0x24, and p2bin's own message for this is to raise it, so set `Size_of_Snd_driver_guess` to $F88
   LEG_REPORTED s2disasm-X-0010100
   RESULT SIGIL-DECLINED   sigil DECLINED (predicted DECLINED)

-- CORNER s2disasm-X-0010101   gameRevision=0 padToPowerOfTwo=0 fixBugs=1 allOptimizations=0 skipChecksumCheck=1 useFullWaterTables=0 build.lua:improved_sound_driver_compression=1   predict sigil DECLINED
   LEG_START s2disasm-X-0010101
   edit s2.asm:20
     before: 'gameRevision = 1'
     after:  'gameRevision = 0'
   edit s2.asm:24
     before: 'padToPowerOfTwo = 1'
     after:  'padToPowerOfTwo = 0'
   edit s2.asm:27
     before: 'fixBugs = 0'
     after:  'fixBugs = 1'
   edit s2.asm:34
     before: 'skipChecksumCheck = 0'
     after:  'skipChecksumCheck = 1'
   edit build.lua:10
     before: 'local improved_sound_driver_compression = false'
     after:  'local improved_sound_driver_compression = true'
   BUILD_LUA exit=1 wrote=True  (s2disasm-X-0010101.lua.log)
   p2bin/sigil args for this leg: -p=0 -z=0,saxman-optimised,Size_of_Snd_driver_guess,after  (shipped: -p=0 -z=0,saxman-bugged,Size_of_Snd_driver_guess,after)
   SIGIL exit=1 wrote=False  stderr lines=2 (s2disasm-X-0010101.sigil.err)
     sigil: s2.asm(30438):2: warning: [as.odd-address] word access at odd address $1: on a 68000 a word or long read or write at an odd address is an address error and crashes the machine (asl #180: address is not properly aligned)
     sigil: s2.sounddriver.asm(248):6: error: `-z=0,saxman-optimised,Size_of_Snd_driver_guess,after`: the blob [0x0, 0x134F) is 0xF6E bytes compressed as saxman-optimised, and `Size_of_Snd_driver_guess`, the size the source declares for it, is $F64; every byte the source computed from that name is short by 0xA, and p2bin's own message for this is to raise it, so set `Size_of_Snd_driver_guess` to $F6E
   LEG_REPORTED s2disasm-X-0010101
   RESULT SIGIL-DECLINED   sigil DECLINED (predicted DECLINED)

-- CORNER s2disasm-X-0010110   gameRevision=0 padToPowerOfTwo=0 fixBugs=1 allOptimizations=0 skipChecksumCheck=1 useFullWaterTables=1 build.lua:improved_sound_driver_compression=0   predict sigil DECLINED
   LEG_START s2disasm-X-0010110
   edit s2.asm:20
     before: 'gameRevision = 1'
     after:  'gameRevision = 0'
   edit s2.asm:24
     before: 'padToPowerOfTwo = 1'
     after:  'padToPowerOfTwo = 0'
   edit s2.asm:27
     before: 'fixBugs = 0'
     after:  'fixBugs = 1'
   edit s2.asm:34
     before: 'skipChecksumCheck = 0'
     after:  'skipChecksumCheck = 1'
   edit s2.asm:49
     before: 'useFullWaterTables = 0'
     after:  'useFullWaterTables = 1'
   BUILD_LUA exit=1 wrote=True  (s2disasm-X-0010110.lua.log)
   SIGIL exit=1 wrote=False  stderr lines=2 (s2disasm-X-0010110.sigil.err)
     sigil: s2.asm(30438):2: warning: [as.odd-address] word access at odd address $1: on a 68000 a word or long read or write at an odd address is an address error and crashes the machine (asl #180: address is not properly aligned)
     sigil: s2.sounddriver.asm(248):6: error: `-z=0,saxman-bugged,Size_of_Snd_driver_guess,after`: the blob [0x0, 0x134F) is 0xF88 bytes compressed as saxman-bugged, and `Size_of_Snd_driver_guess`, the size the source declares for it, is $F64; every byte the source computed from that name is short by 0x24, and p2bin's own message for this is to raise it, so set `Size_of_Snd_driver_guess` to $F88
   LEG_REPORTED s2disasm-X-0010110
   RESULT SIGIL-DECLINED   sigil DECLINED (predicted DECLINED)

-- CORNER s2disasm-X-0010111   gameRevision=0 padToPowerOfTwo=0 fixBugs=1 allOptimizations=0 skipChecksumCheck=1 useFullWaterTables=1 build.lua:improved_sound_driver_compression=1   predict sigil DECLINED
   LEG_START s2disasm-X-0010111
   edit s2.asm:20
     before: 'gameRevision = 1'
     after:  'gameRevision = 0'
   edit s2.asm:24
     before: 'padToPowerOfTwo = 1'
     after:  'padToPowerOfTwo = 0'
   edit s2.asm:27
     before: 'fixBugs = 0'
     after:  'fixBugs = 1'
   edit s2.asm:34
     before: 'skipChecksumCheck = 0'
     after:  'skipChecksumCheck = 1'
   edit s2.asm:49
     before: 'useFullWaterTables = 0'
     after:  'useFullWaterTables = 1'
   edit build.lua:10
     before: 'local improved_sound_driver_compression = false'
     after:  'local improved_sound_driver_compression = true'
   BUILD_LUA exit=1 wrote=True  (s2disasm-X-0010111.lua.log)
   p2bin/sigil args for this leg: -p=0 -z=0,saxman-optimised,Size_of_Snd_driver_guess,after  (shipped: -p=0 -z=0,saxman-bugged,Size_of_Snd_driver_guess,after)
   SIGIL exit=1 wrote=False  stderr lines=2 (s2disasm-X-0010111.sigil.err)
     sigil: s2.asm(30438):2: warning: [as.odd-address] word access at odd address $1: on a 68000 a word or long read or write at an odd address is an address error and crashes the machine (asl #180: address is not properly aligned)
     sigil: s2.sounddriver.asm(248):6: error: `-z=0,saxman-optimised,Size_of_Snd_driver_guess,after`: the blob [0x0, 0x134F) is 0xF6E bytes compressed as saxman-optimised, and `Size_of_Snd_driver_guess`, the size the source declares for it, is $F64; every byte the source computed from that name is short by 0xA, and p2bin's own message for this is to raise it, so set `Size_of_Snd_driver_guess` to $F6E
   LEG_REPORTED s2disasm-X-0010111
   RESULT SIGIL-DECLINED   sigil DECLINED (predicted DECLINED)

-- CORNER s2disasm-X-0011000   gameRevision=0 padToPowerOfTwo=0 fixBugs=1 allOptimizations=1 skipChecksumCheck=0 useFullWaterTables=0 build.lua:improved_sound_driver_compression=0   predict sigil DECLINED
   LEG_START s2disasm-X-0011000
   edit s2.asm:20
     before: 'gameRevision = 1'
     after:  'gameRevision = 0'
   edit s2.asm:24
     before: 'padToPowerOfTwo = 1'
     after:  'padToPowerOfTwo = 0'
   edit s2.asm:27
     before: 'fixBugs = 0'
     after:  'fixBugs = 1'
   edit s2.asm:31
     before: 'allOptimizations = 0'
     after:  'allOptimizations = 1'
   BUILD_LUA exit=1 wrote=True  (s2disasm-X-0011000.lua.log)
   SIGIL exit=1 wrote=False  stderr lines=2 (s2disasm-X-0011000.sigil.err)
     sigil: s2.asm(30438):2: warning: [as.odd-address] word access at odd address $1: on a 68000 a word or long read or write at an odd address is an address error and crashes the machine (asl #180: address is not properly aligned)
     sigil: s2.sounddriver.asm(248):6: error: `-z=0,saxman-bugged,Size_of_Snd_driver_guess,after`: the blob [0x0, 0x134F) is 0xF86 bytes compressed as saxman-bugged, and `Size_of_Snd_driver_guess`, the size the source declares for it, is $F64; every byte the source computed from that name is short by 0x22, and p2bin's own message for this is to raise it, so set `Size_of_Snd_driver_guess` to $F86
   LEG_REPORTED s2disasm-X-0011000
   RESULT SIGIL-DECLINED   sigil DECLINED (predicted DECLINED)

-- CORNER s2disasm-X-0011001   gameRevision=0 padToPowerOfTwo=0 fixBugs=1 allOptimizations=1 skipChecksumCheck=0 useFullWaterTables=0 build.lua:improved_sound_driver_compression=1   predict sigil DECLINED
   LEG_START s2disasm-X-0011001
   edit s2.asm:20
     before: 'gameRevision = 1'
     after:  'gameRevision = 0'
   edit s2.asm:24
     before: 'padToPowerOfTwo = 1'
     after:  'padToPowerOfTwo = 0'
   edit s2.asm:27
     before: 'fixBugs = 0'
     after:  'fixBugs = 1'
   edit s2.asm:31
     before: 'allOptimizations = 0'
     after:  'allOptimizations = 1'
   edit build.lua:10
     before: 'local improved_sound_driver_compression = false'
     after:  'local improved_sound_driver_compression = true'
   BUILD_LUA exit=1 wrote=True  (s2disasm-X-0011001.lua.log)
   p2bin/sigil args for this leg: -p=0 -z=0,saxman-optimised,Size_of_Snd_driver_guess,after  (shipped: -p=0 -z=0,saxman-bugged,Size_of_Snd_driver_guess,after)
   SIGIL exit=1 wrote=False  stderr lines=2 (s2disasm-X-0011001.sigil.err)
     sigil: s2.asm(30438):2: warning: [as.odd-address] word access at odd address $1: on a 68000 a word or long read or write at an odd address is an address error and crashes the machine (asl #180: address is not properly aligned)
     sigil: s2.sounddriver.asm(248):6: error: `-z=0,saxman-optimised,Size_of_Snd_driver_guess,after`: the blob [0x0, 0x134F) is 0xF6C bytes compressed as saxman-optimised, and `Size_of_Snd_driver_guess`, the size the source declares for it, is $F64; every byte the source computed from that name is short by 0x8, and p2bin's own message for this is to raise it, so set `Size_of_Snd_driver_guess` to $F6C
   LEG_REPORTED s2disasm-X-0011001
   RESULT SIGIL-DECLINED   sigil DECLINED (predicted DECLINED)

-- CORNER s2disasm-X-0011010   gameRevision=0 padToPowerOfTwo=0 fixBugs=1 allOptimizations=1 skipChecksumCheck=0 useFullWaterTables=1 build.lua:improved_sound_driver_compression=0   predict sigil DECLINED
   LEG_START s2disasm-X-0011010
   edit s2.asm:20
     before: 'gameRevision = 1'
     after:  'gameRevision = 0'
   edit s2.asm:24
     before: 'padToPowerOfTwo = 1'
     after:  'padToPowerOfTwo = 0'
   edit s2.asm:27
     before: 'fixBugs = 0'
     after:  'fixBugs = 1'
   edit s2.asm:31
     before: 'allOptimizations = 0'
     after:  'allOptimizations = 1'
   edit s2.asm:49
     before: 'useFullWaterTables = 0'
     after:  'useFullWaterTables = 1'
   BUILD_LUA exit=1 wrote=True  (s2disasm-X-0011010.lua.log)
   SIGIL exit=1 wrote=False  stderr lines=2 (s2disasm-X-0011010.sigil.err)
     sigil: s2.asm(30438):2: warning: [as.odd-address] word access at odd address $1: on a 68000 a word or long read or write at an odd address is an address error and crashes the machine (asl #180: address is not properly aligned)
     sigil: s2.sounddriver.asm(248):6: error: `-z=0,saxman-bugged,Size_of_Snd_driver_guess,after`: the blob [0x0, 0x134F) is 0xF86 bytes compressed as saxman-bugged, and `Size_of_Snd_driver_guess`, the size the source declares for it, is $F64; every byte the source computed from that name is short by 0x22, and p2bin's own message for this is to raise it, so set `Size_of_Snd_driver_guess` to $F86
   LEG_REPORTED s2disasm-X-0011010
   RESULT SIGIL-DECLINED   sigil DECLINED (predicted DECLINED)

-- CORNER s2disasm-X-0011011   gameRevision=0 padToPowerOfTwo=0 fixBugs=1 allOptimizations=1 skipChecksumCheck=0 useFullWaterTables=1 build.lua:improved_sound_driver_compression=1   predict sigil DECLINED
   LEG_START s2disasm-X-0011011
   edit s2.asm:20
     before: 'gameRevision = 1'
     after:  'gameRevision = 0'
   edit s2.asm:24
     before: 'padToPowerOfTwo = 1'
     after:  'padToPowerOfTwo = 0'
   edit s2.asm:27
     before: 'fixBugs = 0'
     after:  'fixBugs = 1'
   edit s2.asm:31
     before: 'allOptimizations = 0'
     after:  'allOptimizations = 1'
   edit s2.asm:49
     before: 'useFullWaterTables = 0'
     after:  'useFullWaterTables = 1'
   edit build.lua:10
     before: 'local improved_sound_driver_compression = false'
     after:  'local improved_sound_driver_compression = true'
   BUILD_LUA exit=1 wrote=True  (s2disasm-X-0011011.lua.log)
   p2bin/sigil args for this leg: -p=0 -z=0,saxman-optimised,Size_of_Snd_driver_guess,after  (shipped: -p=0 -z=0,saxman-bugged,Size_of_Snd_driver_guess,after)
   SIGIL exit=1 wrote=False  stderr lines=2 (s2disasm-X-0011011.sigil.err)
     sigil: s2.asm(30438):2: warning: [as.odd-address] word access at odd address $1: on a 68000 a word or long read or write at an odd address is an address error and crashes the machine (asl #180: address is not properly aligned)
     sigil: s2.sounddriver.asm(248):6: error: `-z=0,saxman-optimised,Size_of_Snd_driver_guess,after`: the blob [0x0, 0x134F) is 0xF6C bytes compressed as saxman-optimised, and `Size_of_Snd_driver_guess`, the size the source declares for it, is $F64; every byte the source computed from that name is short by 0x8, and p2bin's own message for this is to raise it, so set `Size_of_Snd_driver_guess` to $F6C
   LEG_REPORTED s2disasm-X-0011011
   RESULT SIGIL-DECLINED   sigil DECLINED (predicted DECLINED)

-- CORNER s2disasm-X-0011100   gameRevision=0 padToPowerOfTwo=0 fixBugs=1 allOptimizations=1 skipChecksumCheck=1 useFullWaterTables=0 build.lua:improved_sound_driver_compression=0   predict sigil DECLINED
   LEG_START s2disasm-X-0011100
   edit s2.asm:20
     before: 'gameRevision = 1'
     after:  'gameRevision = 0'
   edit s2.asm:24
     before: 'padToPowerOfTwo = 1'
     after:  'padToPowerOfTwo = 0'
   edit s2.asm:27
     before: 'fixBugs = 0'
     after:  'fixBugs = 1'
   edit s2.asm:31
     before: 'allOptimizations = 0'
     after:  'allOptimizations = 1'
   edit s2.asm:34
     before: 'skipChecksumCheck = 0'
     after:  'skipChecksumCheck = 1'
   BUILD_LUA exit=1 wrote=True  (s2disasm-X-0011100.lua.log)
   SIGIL exit=1 wrote=False  stderr lines=2 (s2disasm-X-0011100.sigil.err)
     sigil: s2.asm(30438):2: warning: [as.odd-address] word access at odd address $1: on a 68000 a word or long read or write at an odd address is an address error and crashes the machine (asl #180: address is not properly aligned)
     sigil: s2.sounddriver.asm(248):6: error: `-z=0,saxman-bugged,Size_of_Snd_driver_guess,after`: the blob [0x0, 0x134F) is 0xF86 bytes compressed as saxman-bugged, and `Size_of_Snd_driver_guess`, the size the source declares for it, is $F64; every byte the source computed from that name is short by 0x22, and p2bin's own message for this is to raise it, so set `Size_of_Snd_driver_guess` to $F86
   LEG_REPORTED s2disasm-X-0011100
   RESULT SIGIL-DECLINED   sigil DECLINED (predicted DECLINED)

-- CORNER s2disasm-X-0011101   gameRevision=0 padToPowerOfTwo=0 fixBugs=1 allOptimizations=1 skipChecksumCheck=1 useFullWaterTables=0 build.lua:improved_sound_driver_compression=1   predict sigil DECLINED
   LEG_START s2disasm-X-0011101
   edit s2.asm:20
     before: 'gameRevision = 1'
     after:  'gameRevision = 0'
   edit s2.asm:24
     before: 'padToPowerOfTwo = 1'
     after:  'padToPowerOfTwo = 0'
   edit s2.asm:27
     before: 'fixBugs = 0'
     after:  'fixBugs = 1'
   edit s2.asm:31
     before: 'allOptimizations = 0'
     after:  'allOptimizations = 1'
   edit s2.asm:34
     before: 'skipChecksumCheck = 0'
     after:  'skipChecksumCheck = 1'
   edit build.lua:10
     before: 'local improved_sound_driver_compression = false'
     after:  'local improved_sound_driver_compression = true'
   BUILD_LUA exit=1 wrote=True  (s2disasm-X-0011101.lua.log)
   p2bin/sigil args for this leg: -p=0 -z=0,saxman-optimised,Size_of_Snd_driver_guess,after  (shipped: -p=0 -z=0,saxman-bugged,Size_of_Snd_driver_guess,after)
   SIGIL exit=1 wrote=False  stderr lines=2 (s2disasm-X-0011101.sigil.err)
     sigil: s2.asm(30438):2: warning: [as.odd-address] word access at odd address $1: on a 68000 a word or long read or write at an odd address is an address error and crashes the machine (asl #180: address is not properly aligned)
     sigil: s2.sounddriver.asm(248):6: error: `-z=0,saxman-optimised,Size_of_Snd_driver_guess,after`: the blob [0x0, 0x134F) is 0xF6C bytes compressed as saxman-optimised, and `Size_of_Snd_driver_guess`, the size the source declares for it, is $F64; every byte the source computed from that name is short by 0x8, and p2bin's own message for this is to raise it, so set `Size_of_Snd_driver_guess` to $F6C
   LEG_REPORTED s2disasm-X-0011101
   RESULT SIGIL-DECLINED   sigil DECLINED (predicted DECLINED)

-- CORNER s2disasm-X-0011110   gameRevision=0 padToPowerOfTwo=0 fixBugs=1 allOptimizations=1 skipChecksumCheck=1 useFullWaterTables=1 build.lua:improved_sound_driver_compression=0   predict sigil DECLINED
   LEG_START s2disasm-X-0011110
   edit s2.asm:20
     before: 'gameRevision = 1'
     after:  'gameRevision = 0'
   edit s2.asm:24
     before: 'padToPowerOfTwo = 1'
     after:  'padToPowerOfTwo = 0'
   edit s2.asm:27
     before: 'fixBugs = 0'
     after:  'fixBugs = 1'
   edit s2.asm:31
     before: 'allOptimizations = 0'
     after:  'allOptimizations = 1'
   edit s2.asm:34
     before: 'skipChecksumCheck = 0'
     after:  'skipChecksumCheck = 1'
   edit s2.asm:49
     before: 'useFullWaterTables = 0'
     after:  'useFullWaterTables = 1'
   BUILD_LUA exit=1 wrote=True  (s2disasm-X-0011110.lua.log)
   SIGIL exit=1 wrote=False  stderr lines=2 (s2disasm-X-0011110.sigil.err)
     sigil: s2.asm(30438):2: warning: [as.odd-address] word access at odd address $1: on a 68000 a word or long read or write at an odd address is an address error and crashes the machine (asl #180: address is not properly aligned)
     sigil: s2.sounddriver.asm(248):6: error: `-z=0,saxman-bugged,Size_of_Snd_driver_guess,after`: the blob [0x0, 0x134F) is 0xF86 bytes compressed as saxman-bugged, and `Size_of_Snd_driver_guess`, the size the source declares for it, is $F64; every byte the source computed from that name is short by 0x22, and p2bin's own message for this is to raise it, so set `Size_of_Snd_driver_guess` to $F86
   LEG_REPORTED s2disasm-X-0011110
   RESULT SIGIL-DECLINED   sigil DECLINED (predicted DECLINED)

-- CORNER s2disasm-X-0011111   gameRevision=0 padToPowerOfTwo=0 fixBugs=1 allOptimizations=1 skipChecksumCheck=1 useFullWaterTables=1 build.lua:improved_sound_driver_compression=1   predict sigil DECLINED
   LEG_START s2disasm-X-0011111
   edit s2.asm:20
     before: 'gameRevision = 1'
     after:  'gameRevision = 0'
   edit s2.asm:24
     before: 'padToPowerOfTwo = 1'
     after:  'padToPowerOfTwo = 0'
   edit s2.asm:27
     before: 'fixBugs = 0'
     after:  'fixBugs = 1'
   edit s2.asm:31
     before: 'allOptimizations = 0'
     after:  'allOptimizations = 1'
   edit s2.asm:34
     before: 'skipChecksumCheck = 0'
     after:  'skipChecksumCheck = 1'
   edit s2.asm:49
     before: 'useFullWaterTables = 0'
     after:  'useFullWaterTables = 1'
   edit build.lua:10
     before: 'local improved_sound_driver_compression = false'
     after:  'local improved_sound_driver_compression = true'
   BUILD_LUA exit=1 wrote=True  (s2disasm-X-0011111.lua.log)
   p2bin/sigil args for this leg: -p=0 -z=0,saxman-optimised,Size_of_Snd_driver_guess,after  (shipped: -p=0 -z=0,saxman-bugged,Size_of_Snd_driver_guess,after)
   SIGIL exit=1 wrote=False  stderr lines=2 (s2disasm-X-0011111.sigil.err)
     sigil: s2.asm(30438):2: warning: [as.odd-address] word access at odd address $1: on a 68000 a word or long read or write at an odd address is an address error and crashes the machine (asl #180: address is not properly aligned)
     sigil: s2.sounddriver.asm(248):6: error: `-z=0,saxman-optimised,Size_of_Snd_driver_guess,after`: the blob [0x0, 0x134F) is 0xF6C bytes compressed as saxman-optimised, and `Size_of_Snd_driver_guess`, the size the source declares for it, is $F64; every byte the source computed from that name is short by 0x8, and p2bin's own message for this is to raise it, so set `Size_of_Snd_driver_guess` to $F6C
   LEG_REPORTED s2disasm-X-0011111
   RESULT SIGIL-DECLINED   sigil DECLINED (predicted DECLINED)

-- CORNER s2disasm-X-0100000   gameRevision=0 padToPowerOfTwo=1 fixBugs=0 allOptimizations=0 skipChecksumCheck=0 useFullWaterTables=0 build.lua:improved_sound_driver_compression=0   predict sigil BUILT
   LEG_START s2disasm-X-0100000
   edit s2.asm:20
     before: 'gameRevision = 1'
     after:  'gameRevision = 0'
   BUILD_LUA exit=1 wrote=True  (s2disasm-X-0100000.lua.log)
   SIGIL exit=0 wrote=True  stderr lines=1 (s2disasm-X-0100000.sigil.err)
     sigil: s2.asm(30438):2: warning: [as.odd-address] word access at odd address $1: on a 68000 a word or long read or write at an odd address is an address error and crashes the machine (asl #180: address is not properly aligned)
   reference crc32=24ab4c3a size=1048576
   candidate crc32=24ab4c3a size=1048576
   DIFF 0 bytes in 0 runs
   CONTROL planted at ['0x200', '0x80000', '0xffffe'] -> 3 bytes in 3 runs: PASSED
   LEG_REPORTED s2disasm-X-0100000
   RESULT AGREE   sigil BUILT (predicted BUILT)

-- CORNER s2disasm-X-0100001   gameRevision=0 padToPowerOfTwo=1 fixBugs=0 allOptimizations=0 skipChecksumCheck=0 useFullWaterTables=0 build.lua:improved_sound_driver_compression=1   predict sigil BUILT
   LEG_START s2disasm-X-0100001
   edit s2.asm:20
     before: 'gameRevision = 1'
     after:  'gameRevision = 0'
   edit build.lua:10
     before: 'local improved_sound_driver_compression = false'
     after:  'local improved_sound_driver_compression = true'
   BUILD_LUA exit=1 wrote=True  (s2disasm-X-0100001.lua.log)
   p2bin/sigil args for this leg: -p=0 -z=0,saxman-optimised,Size_of_Snd_driver_guess,after  (shipped: -p=0 -z=0,saxman-bugged,Size_of_Snd_driver_guess,after)
   SIGIL exit=0 wrote=True  stderr lines=1 (s2disasm-X-0100001.sigil.err)
     sigil: s2.asm(30438):2: warning: [as.odd-address] word access at odd address $1: on a 68000 a word or long read or write at an odd address is an address error and crashes the machine (asl #180: address is not properly aligned)
   reference crc32=033354cd size=1048576
   candidate crc32=b2b257b2 size=1048576
   DIFF 2 bytes in 2 runs
     [0x00018F,0x000190) ref 9d cand b7
     [0x0EC051,0x0EC052) ref 4a cand 64
   CONTROL planted at ['0x200', '0x80000', '0xffffe'] -> 5 bytes in 5 runs: PASSED
   LEG_REPORTED s2disasm-X-0100001
   RESULT DIFFER   sigil BUILT (predicted BUILT)

-- CORNER s2disasm-X-0100010   gameRevision=0 padToPowerOfTwo=1 fixBugs=0 allOptimizations=0 skipChecksumCheck=0 useFullWaterTables=1 build.lua:improved_sound_driver_compression=0   predict sigil BUILT
   LEG_START s2disasm-X-0100010
   edit s2.asm:20
     before: 'gameRevision = 1'
     after:  'gameRevision = 0'
   edit s2.asm:49
     before: 'useFullWaterTables = 0'
     after:  'useFullWaterTables = 1'
   BUILD_LUA exit=1 wrote=True  (s2disasm-X-0100010.lua.log)
   SIGIL exit=0 wrote=True  stderr lines=1 (s2disasm-X-0100010.sigil.err)
     sigil: s2.asm(30438):2: warning: [as.odd-address] word access at odd address $1: on a 68000 a word or long read or write at an odd address is an address error and crashes the machine (asl #180: address is not properly aligned)
   reference crc32=63cc125e size=1048576
   candidate crc32=63cc125e size=1048576
   DIFF 0 bytes in 0 runs
   CONTROL planted at ['0x200', '0x80000', '0xffffe'] -> 3 bytes in 3 runs: PASSED
   LEG_REPORTED s2disasm-X-0100010
   RESULT AGREE   sigil BUILT (predicted BUILT)

-- CORNER s2disasm-X-0100011   gameRevision=0 padToPowerOfTwo=1 fixBugs=0 allOptimizations=0 skipChecksumCheck=0 useFullWaterTables=1 build.lua:improved_sound_driver_compression=1   predict sigil BUILT
   LEG_START s2disasm-X-0100011
   edit s2.asm:20
     before: 'gameRevision = 1'
     after:  'gameRevision = 0'
   edit s2.asm:49
     before: 'useFullWaterTables = 0'
     after:  'useFullWaterTables = 1'
   edit build.lua:10
     before: 'local improved_sound_driver_compression = false'
     after:  'local improved_sound_driver_compression = true'
   BUILD_LUA exit=1 wrote=True  (s2disasm-X-0100011.lua.log)
   p2bin/sigil args for this leg: -p=0 -z=0,saxman-optimised,Size_of_Snd_driver_guess,after  (shipped: -p=0 -z=0,saxman-bugged,Size_of_Snd_driver_guess,after)
   SIGIL exit=0 wrote=True  stderr lines=1 (s2disasm-X-0100011.sigil.err)
     sigil: s2.asm(30438):2: warning: [as.odd-address] word access at odd address $1: on a 68000 a word or long read or write at an odd address is an address error and crashes the machine (asl #180: address is not properly aligned)
   reference crc32=e6cddd17 size=1048576
   candidate crc32=8e5e06c6 size=1048576
   DIFF 2 bytes in 2 runs
     [0x00018F,0x000190) ref 92 cand ac
     [0x0EC051,0x0EC052) ref 4a cand 64
   CONTROL planted at ['0x200', '0x80000', '0xffffe'] -> 5 bytes in 5 runs: PASSED
   LEG_REPORTED s2disasm-X-0100011
   RESULT DIFFER   sigil BUILT (predicted BUILT)

-- CORNER s2disasm-X-0100100   gameRevision=0 padToPowerOfTwo=1 fixBugs=0 allOptimizations=0 skipChecksumCheck=1 useFullWaterTables=0 build.lua:improved_sound_driver_compression=0   predict sigil BUILT
   LEG_START s2disasm-X-0100100
   edit s2.asm:20
     before: 'gameRevision = 1'
     after:  'gameRevision = 0'
   edit s2.asm:34
     before: 'skipChecksumCheck = 0'
     after:  'skipChecksumCheck = 1'
   BUILD_LUA exit=1 wrote=True  (s2disasm-X-0100100.lua.log)
   SIGIL exit=0 wrote=True  stderr lines=1 (s2disasm-X-0100100.sigil.err)
     sigil: s2.asm(30438):2: warning: [as.odd-address] word access at odd address $1: on a 68000 a word or long read or write at an odd address is an address error and crashes the machine (asl #180: address is not properly aligned)
   reference crc32=1f490c7e size=1048576
   candidate crc32=1f490c7e size=1048576
   DIFF 0 bytes in 0 runs
   CONTROL planted at ['0x200', '0x80000', '0xffffe'] -> 3 bytes in 3 runs: PASSED
   LEG_REPORTED s2disasm-X-0100100
   RESULT AGREE   sigil BUILT (predicted BUILT)

-- CORNER s2disasm-X-0100101   gameRevision=0 padToPowerOfTwo=1 fixBugs=0 allOptimizations=0 skipChecksumCheck=1 useFullWaterTables=0 build.lua:improved_sound_driver_compression=1   predict sigil BUILT
   LEG_START s2disasm-X-0100101
   edit s2.asm:20
     before: 'gameRevision = 1'
     after:  'gameRevision = 0'
   edit s2.asm:34
     before: 'skipChecksumCheck = 0'
     after:  'skipChecksumCheck = 1'
   edit build.lua:10
     before: 'local improved_sound_driver_compression = false'
     after:  'local improved_sound_driver_compression = true'
   BUILD_LUA exit=1 wrote=True  (s2disasm-X-0100101.lua.log)
   p2bin/sigil args for this leg: -p=0 -z=0,saxman-optimised,Size_of_Snd_driver_guess,after  (shipped: -p=0 -z=0,saxman-bugged,Size_of_Snd_driver_guess,after)
   SIGIL exit=0 wrote=True  stderr lines=1 (s2disasm-X-0100101.sigil.err)
     sigil: s2.asm(30438):2: warning: [as.odd-address] word access at odd address $1: on a 68000 a word or long read or write at an odd address is an address error and crashes the machine (asl #180: address is not properly aligned)
   reference crc32=6f4c2198 size=1048576
   candidate crc32=7688c2e3 size=1048576
   DIFF 3 bytes in 2 runs
     [0x00018E,0x000190) ref 1d fb cand 1e 15
     [0x0EC051,0x0EC052) ref 4a cand 64
   CONTROL planted at ['0x200', '0x80000', '0xffffe'] -> 6 bytes in 5 runs: PASSED
   LEG_REPORTED s2disasm-X-0100101
   RESULT DIFFER   sigil BUILT (predicted BUILT)

-- CORNER s2disasm-X-0100110   gameRevision=0 padToPowerOfTwo=1 fixBugs=0 allOptimizations=0 skipChecksumCheck=1 useFullWaterTables=1 build.lua:improved_sound_driver_compression=0   predict sigil BUILT
   LEG_START s2disasm-X-0100110
   edit s2.asm:20
     before: 'gameRevision = 1'
     after:  'gameRevision = 0'
   edit s2.asm:34
     before: 'skipChecksumCheck = 0'
     after:  'skipChecksumCheck = 1'
   edit s2.asm:49
     before: 'useFullWaterTables = 0'
     after:  'useFullWaterTables = 1'
   BUILD_LUA exit=1 wrote=True  (s2disasm-X-0100110.lua.log)
   SIGIL exit=0 wrote=True  stderr lines=1 (s2disasm-X-0100110.sigil.err)
     sigil: s2.asm(30438):2: warning: [as.odd-address] word access at odd address $1: on a 68000 a word or long read or write at an odd address is an address error and crashes the machine (asl #180: address is not properly aligned)
   reference crc32=a4d76575 size=1048576
   candidate crc32=a4d76575 size=1048576
   DIFF 0 bytes in 0 runs
   CONTROL planted at ['0x200', '0x80000', '0xffffe'] -> 3 bytes in 3 runs: PASSED
   LEG_REPORTED s2disasm-X-0100110
   RESULT AGREE   sigil BUILT (predicted BUILT)

-- CORNER s2disasm-X-0100111   gameRevision=0 padToPowerOfTwo=1 fixBugs=0 allOptimizations=0 skipChecksumCheck=1 useFullWaterTables=1 build.lua:improved_sound_driver_compression=1   predict sigil BUILT
   LEG_START s2disasm-X-0100111
   edit s2.asm:20
     before: 'gameRevision = 1'
     after:  'gameRevision = 0'
   edit s2.asm:34
     before: 'skipChecksumCheck = 0'
     after:  'skipChecksumCheck = 1'
   edit s2.asm:49
     before: 'useFullWaterTables = 0'
     after:  'useFullWaterTables = 1'
   edit build.lua:10
     before: 'local improved_sound_driver_compression = false'
     after:  'local improved_sound_driver_compression = true'
   BUILD_LUA exit=1 wrote=True  (s2disasm-X-0100111.lua.log)
   p2bin/sigil args for this leg: -p=0 -z=0,saxman-optimised,Size_of_Snd_driver_guess,after  (shipped: -p=0 -z=0,saxman-bugged,Size_of_Snd_driver_guess,after)
   SIGIL exit=0 wrote=True  stderr lines=1 (s2disasm-X-0100111.sigil.err)
     sigil: s2.asm(30438):2: warning: [as.odd-address] word access at odd address $1: on a 68000 a word or long read or write at an odd address is an address error and crashes the machine (asl #180: address is not properly aligned)
   reference crc32=8340ff74 size=1048576
   candidate crc32=a9e97b2c size=1048576
   DIFF 3 bytes in 2 runs
     [0x00018E,0x000190) ref 0e f1 cand 0f 0b
     [0x0EC051,0x0EC052) ref 4a cand 64
   CONTROL planted at ['0x200', '0x80000', '0xffffe'] -> 6 bytes in 5 runs: PASSED
   LEG_REPORTED s2disasm-X-0100111
   RESULT DIFFER   sigil BUILT (predicted BUILT)

-- CORNER s2disasm-X-0101000   gameRevision=0 padToPowerOfTwo=1 fixBugs=0 allOptimizations=1 skipChecksumCheck=0 useFullWaterTables=0 build.lua:improved_sound_driver_compression=0   predict sigil BUILT
   LEG_START s2disasm-X-0101000
   edit s2.asm:20
     before: 'gameRevision = 1'
     after:  'gameRevision = 0'
   edit s2.asm:31
     before: 'allOptimizations = 0'
     after:  'allOptimizations = 1'
   BUILD_LUA exit=1 wrote=True  (s2disasm-X-0101000.lua.log)
   SIGIL exit=0 wrote=True  stderr lines=1 (s2disasm-X-0101000.sigil.err)
     sigil: s2.asm(30438):2: warning: [as.odd-address] word access at odd address $1: on a 68000 a word or long read or write at an odd address is an address error and crashes the machine (asl #180: address is not properly aligned)
   reference crc32=5be2706f size=1048576
   candidate crc32=5be2706f size=1048576
   DIFF 0 bytes in 0 runs
   CONTROL planted at ['0x200', '0x80000', '0xffffe'] -> 3 bytes in 3 runs: PASSED
   LEG_REPORTED s2disasm-X-0101000
   RESULT AGREE   sigil BUILT (predicted BUILT)

-- CORNER s2disasm-X-0101001   gameRevision=0 padToPowerOfTwo=1 fixBugs=0 allOptimizations=1 skipChecksumCheck=0 useFullWaterTables=0 build.lua:improved_sound_driver_compression=1   predict sigil BUILT
   LEG_START s2disasm-X-0101001
   edit s2.asm:20
     before: 'gameRevision = 1'
     after:  'gameRevision = 0'
   edit s2.asm:31
     before: 'allOptimizations = 0'
     after:  'allOptimizations = 1'
   edit build.lua:10
     before: 'local improved_sound_driver_compression = false'
     after:  'local improved_sound_driver_compression = true'
   BUILD_LUA exit=1 wrote=True  (s2disasm-X-0101001.lua.log)
   p2bin/sigil args for this leg: -p=0 -z=0,saxman-optimised,Size_of_Snd_driver_guess,after  (shipped: -p=0 -z=0,saxman-bugged,Size_of_Snd_driver_guess,after)
   SIGIL exit=0 wrote=True  stderr lines=1 (s2disasm-X-0101001.sigil.err)
     sigil: s2.asm(30438):2: warning: [as.odd-address] word access at odd address $1: on a 68000 a word or long read or write at an odd address is an address error and crashes the machine (asl #180: address is not properly aligned)
   reference crc32=61abbe93 size=1048576
   candidate crc32=98db0a76 size=1048576
   DIFF 2 bytes in 2 runs
     [0x00018F,0x000190) ref c6 cand e0
     [0x0EC051,0x0EC052) ref 4a cand 64
   CONTROL planted at ['0x200', '0x80000', '0xffffe'] -> 5 bytes in 5 runs: PASSED
   LEG_REPORTED s2disasm-X-0101001
   RESULT DIFFER   sigil BUILT (predicted BUILT)

-- CORNER s2disasm-X-0101010   gameRevision=0 padToPowerOfTwo=1 fixBugs=0 allOptimizations=1 skipChecksumCheck=0 useFullWaterTables=1 build.lua:improved_sound_driver_compression=0   predict sigil BUILT
   LEG_START s2disasm-X-0101010
   edit s2.asm:20
     before: 'gameRevision = 1'
     after:  'gameRevision = 0'
   edit s2.asm:31
     before: 'allOptimizations = 0'
     after:  'allOptimizations = 1'
   edit s2.asm:49
     before: 'useFullWaterTables = 0'
     after:  'useFullWaterTables = 1'
   BUILD_LUA exit=1 wrote=True  (s2disasm-X-0101010.lua.log)
   SIGIL exit=0 wrote=True  stderr lines=1 (s2disasm-X-0101010.sigil.err)
     sigil: s2.asm(30438):2: warning: [as.odd-address] word access at odd address $1: on a 68000 a word or long read or write at an odd address is an address error and crashes the machine (asl #180: address is not properly aligned)
   reference crc32=0b0608d0 size=1048576
   candidate crc32=0b0608d0 size=1048576
   DIFF 0 bytes in 0 runs
   CONTROL planted at ['0x200', '0x80000', '0xffffe'] -> 3 bytes in 3 runs: PASSED
   LEG_REPORTED s2disasm-X-0101010
   RESULT AGREE   sigil BUILT (predicted BUILT)

-- CORNER s2disasm-X-0101011   gameRevision=0 padToPowerOfTwo=1 fixBugs=0 allOptimizations=1 skipChecksumCheck=0 useFullWaterTables=1 build.lua:improved_sound_driver_compression=1   predict sigil BUILT
   LEG_START s2disasm-X-0101011
   edit s2.asm:20
     before: 'gameRevision = 1'
     after:  'gameRevision = 0'
   edit s2.asm:31
     before: 'allOptimizations = 0'
     after:  'allOptimizations = 1'
   edit s2.asm:49
     before: 'useFullWaterTables = 0'
     after:  'useFullWaterTables = 1'
   edit build.lua:10
     before: 'local improved_sound_driver_compression = false'
     after:  'local improved_sound_driver_compression = true'
   BUILD_LUA exit=1 wrote=True  (s2disasm-X-0101011.lua.log)
   p2bin/sigil args for this leg: -p=0 -z=0,saxman-optimised,Size_of_Snd_driver_guess,after  (shipped: -p=0 -z=0,saxman-bugged,Size_of_Snd_driver_guess,after)
   SIGIL exit=0 wrote=True  stderr lines=1 (s2disasm-X-0101011.sigil.err)
     sigil: s2.asm(30438):2: warning: [as.odd-address] word access at odd address $1: on a 68000 a word or long read or write at an odd address is an address error and crashes the machine (asl #180: address is not properly aligned)
   reference crc32=404731e9 size=1048576
   candidate crc32=87f185f6 size=1048576
   DIFF 2 bytes in 2 runs
     [0x00018F,0x000190) ref 62 cand 7c
     [0x0EC051,0x0EC052) ref 4a cand 64
   CONTROL planted at ['0x200', '0x80000', '0xffffe'] -> 5 bytes in 5 runs: PASSED
   LEG_REPORTED s2disasm-X-0101011
   RESULT DIFFER   sigil BUILT (predicted BUILT)

-- CORNER s2disasm-X-0101100   gameRevision=0 padToPowerOfTwo=1 fixBugs=0 allOptimizations=1 skipChecksumCheck=1 useFullWaterTables=0 build.lua:improved_sound_driver_compression=0   predict sigil BUILT
   LEG_START s2disasm-X-0101100
   edit s2.asm:20
     before: 'gameRevision = 1'
     after:  'gameRevision = 0'
   edit s2.asm:31
     before: 'allOptimizations = 0'
     after:  'allOptimizations = 1'
   edit s2.asm:34
     before: 'skipChecksumCheck = 0'
     after:  'skipChecksumCheck = 1'
   BUILD_LUA exit=1 wrote=True  (s2disasm-X-0101100.lua.log)
   SIGIL exit=0 wrote=True  stderr lines=1 (s2disasm-X-0101100.sigil.err)
     sigil: s2.asm(30438):2: warning: [as.odd-address] word access at odd address $1: on a 68000 a word or long read or write at an odd address is an address error and crashes the machine (asl #180: address is not properly aligned)
   reference crc32=ce9db89c size=1048576
   candidate crc32=ce9db89c size=1048576
   DIFF 0 bytes in 0 runs
   CONTROL planted at ['0x200', '0x80000', '0xffffe'] -> 3 bytes in 3 runs: PASSED
   LEG_REPORTED s2disasm-X-0101100
   RESULT AGREE   sigil BUILT (predicted BUILT)

-- CORNER s2disasm-X-0101101   gameRevision=0 padToPowerOfTwo=1 fixBugs=0 allOptimizations=1 skipChecksumCheck=1 useFullWaterTables=0 build.lua:improved_sound_driver_compression=1   predict sigil BUILT
   LEG_START s2disasm-X-0101101
   edit s2.asm:20
     before: 'gameRevision = 1'
     after:  'gameRevision = 0'
   edit s2.asm:31
     before: 'allOptimizations = 0'
     after:  'allOptimizations = 1'
   edit s2.asm:34
     before: 'skipChecksumCheck = 0'
     after:  'skipChecksumCheck = 1'
   edit build.lua:10
     before: 'local improved_sound_driver_compression = false'
     after:  'local improved_sound_driver_compression = true'
   BUILD_LUA exit=1 wrote=True  (s2disasm-X-0101101.lua.log)
   p2bin/sigil args for this leg: -p=0 -z=0,saxman-optimised,Size_of_Snd_driver_guess,after  (shipped: -p=0 -z=0,saxman-bugged,Size_of_Snd_driver_guess,after)
   SIGIL exit=0 wrote=True  stderr lines=1 (s2disasm-X-0101101.sigil.err)
     sigil: s2.asm(30438):2: warning: [as.odd-address] word access at odd address $1: on a 68000 a word or long read or write at an odd address is an address error and crashes the machine (asl #180: address is not properly aligned)
   reference crc32=3aace0eb size=1048576
   candidate crc32=523f3b3a size=1048576
   DIFF 2 bytes in 2 runs
     [0x00018F,0x000190) ref 13 cand 2d
     [0x0EC051,0x0EC052) ref 4a cand 64
   CONTROL planted at ['0x200', '0x80000', '0xffffe'] -> 5 bytes in 5 runs: PASSED
   LEG_REPORTED s2disasm-X-0101101
   RESULT DIFFER   sigil BUILT (predicted BUILT)

-- CORNER s2disasm-X-0101110   gameRevision=0 padToPowerOfTwo=1 fixBugs=0 allOptimizations=1 skipChecksumCheck=1 useFullWaterTables=1 build.lua:improved_sound_driver_compression=0   predict sigil BUILT
   LEG_START s2disasm-X-0101110
   edit s2.asm:20
     before: 'gameRevision = 1'
     after:  'gameRevision = 0'
   edit s2.asm:31
     before: 'allOptimizations = 0'
     after:  'allOptimizations = 1'
   edit s2.asm:34
     before: 'skipChecksumCheck = 0'
     after:  'skipChecksumCheck = 1'
   edit s2.asm:49
     before: 'useFullWaterTables = 0'
     after:  'useFullWaterTables = 1'
   BUILD_LUA exit=1 wrote=True  (s2disasm-X-0101110.lua.log)
   SIGIL exit=0 wrote=True  stderr lines=1 (s2disasm-X-0101110.sigil.err)
     sigil: s2.asm(30438):2: warning: [as.odd-address] word access at odd address $1: on a 68000 a word or long read or write at an odd address is an address error and crashes the machine (asl #180: address is not properly aligned)
   reference crc32=d0043c7e size=1048576
   candidate crc32=d0043c7e size=1048576
   DIFF 0 bytes in 0 runs
   CONTROL planted at ['0x200', '0x80000', '0xffffe'] -> 3 bytes in 3 runs: PASSED
   LEG_REPORTED s2disasm-X-0101110
   RESULT AGREE   sigil BUILT (predicted BUILT)

-- CORNER s2disasm-X-0101111   gameRevision=0 padToPowerOfTwo=1 fixBugs=0 allOptimizations=1 skipChecksumCheck=1 useFullWaterTables=1 build.lua:improved_sound_driver_compression=1   predict sigil BUILT
   LEG_START s2disasm-X-0101111
   edit s2.asm:20
     before: 'gameRevision = 1'
     after:  'gameRevision = 0'
   edit s2.asm:31
     before: 'allOptimizations = 0'
     after:  'allOptimizations = 1'
   edit s2.asm:34
     before: 'skipChecksumCheck = 0'
     after:  'skipChecksumCheck = 1'
   edit s2.asm:49
     before: 'useFullWaterTables = 0'
     after:  'useFullWaterTables = 1'
   edit build.lua:10
     before: 'local improved_sound_driver_compression = false'
     after:  'local improved_sound_driver_compression = true'
   BUILD_LUA exit=1 wrote=True  (s2disasm-X-0101111.lua.log)
   p2bin/sigil args for this leg: -p=0 -z=0,saxman-optimised,Size_of_Snd_driver_guess,after  (shipped: -p=0 -z=0,saxman-bugged,Size_of_Snd_driver_guess,after)
   SIGIL exit=0 wrote=True  stderr lines=1 (s2disasm-X-0101111.sigil.err)
     sigil: s2.asm(30438):2: warning: [as.odd-address] word access at odd address $1: on a 68000 a word or long read or write at an odd address is an address error and crashes the machine (asl #180: address is not properly aligned)
   reference crc32=9a6a94af size=1048576
   candidate crc32=f942f9ea size=1048576
   DIFF 2 bytes in 2 runs
     [0x00018F,0x000190) ref b0 cand ca
     [0x0EC051,0x0EC052) ref 4a cand 64
   CONTROL planted at ['0x200', '0x80000', '0xffffe'] -> 5 bytes in 5 runs: PASSED
   LEG_REPORTED s2disasm-X-0101111
   RESULT DIFFER   sigil BUILT (predicted BUILT)

-- CORNER s2disasm-X-0110000   gameRevision=0 padToPowerOfTwo=1 fixBugs=1 allOptimizations=0 skipChecksumCheck=0 useFullWaterTables=0 build.lua:improved_sound_driver_compression=0   predict sigil DECLINED
   LEG_START s2disasm-X-0110000
   edit s2.asm:20
     before: 'gameRevision = 1'
     after:  'gameRevision = 0'
   edit s2.asm:27
     before: 'fixBugs = 0'
     after:  'fixBugs = 1'
   BUILD_LUA exit=1 wrote=True  (s2disasm-X-0110000.lua.log)
   SIGIL exit=1 wrote=False  stderr lines=2 (s2disasm-X-0110000.sigil.err)
     sigil: s2.asm(30438):2: warning: [as.odd-address] word access at odd address $1: on a 68000 a word or long read or write at an odd address is an address error and crashes the machine (asl #180: address is not properly aligned)
     sigil: s2.sounddriver.asm(248):6: error: `-z=0,saxman-bugged,Size_of_Snd_driver_guess,after`: the blob [0x0, 0x134F) is 0xF88 bytes compressed as saxman-bugged, and `Size_of_Snd_driver_guess`, the size the source declares for it, is $F64; every byte the source computed from that name is short by 0x24, and p2bin's own message for this is to raise it, so set `Size_of_Snd_driver_guess` to $F88
   LEG_REPORTED s2disasm-X-0110000
   RESULT SIGIL-DECLINED   sigil DECLINED (predicted DECLINED)

-- CORNER s2disasm-X-0110001   gameRevision=0 padToPowerOfTwo=1 fixBugs=1 allOptimizations=0 skipChecksumCheck=0 useFullWaterTables=0 build.lua:improved_sound_driver_compression=1   predict sigil DECLINED
   LEG_START s2disasm-X-0110001
   edit s2.asm:20
     before: 'gameRevision = 1'
     after:  'gameRevision = 0'
   edit s2.asm:27
     before: 'fixBugs = 0'
     after:  'fixBugs = 1'
   edit build.lua:10
     before: 'local improved_sound_driver_compression = false'
     after:  'local improved_sound_driver_compression = true'
   BUILD_LUA exit=1 wrote=True  (s2disasm-X-0110001.lua.log)
   p2bin/sigil args for this leg: -p=0 -z=0,saxman-optimised,Size_of_Snd_driver_guess,after  (shipped: -p=0 -z=0,saxman-bugged,Size_of_Snd_driver_guess,after)
   SIGIL exit=1 wrote=False  stderr lines=2 (s2disasm-X-0110001.sigil.err)
     sigil: s2.asm(30438):2: warning: [as.odd-address] word access at odd address $1: on a 68000 a word or long read or write at an odd address is an address error and crashes the machine (asl #180: address is not properly aligned)
     sigil: s2.sounddriver.asm(248):6: error: `-z=0,saxman-optimised,Size_of_Snd_driver_guess,after`: the blob [0x0, 0x134F) is 0xF6E bytes compressed as saxman-optimised, and `Size_of_Snd_driver_guess`, the size the source declares for it, is $F64; every byte the source computed from that name is short by 0xA, and p2bin's own message for this is to raise it, so set `Size_of_Snd_driver_guess` to $F6E
   LEG_REPORTED s2disasm-X-0110001
   RESULT SIGIL-DECLINED   sigil DECLINED (predicted DECLINED)

-- CORNER s2disasm-X-0110010   gameRevision=0 padToPowerOfTwo=1 fixBugs=1 allOptimizations=0 skipChecksumCheck=0 useFullWaterTables=1 build.lua:improved_sound_driver_compression=0   predict sigil DECLINED
   LEG_START s2disasm-X-0110010
   edit s2.asm:20
     before: 'gameRevision = 1'
     after:  'gameRevision = 0'
   edit s2.asm:27
     before: 'fixBugs = 0'
     after:  'fixBugs = 1'
   edit s2.asm:49
     before: 'useFullWaterTables = 0'
     after:  'useFullWaterTables = 1'
   BUILD_LUA exit=1 wrote=True  (s2disasm-X-0110010.lua.log)
   SIGIL exit=1 wrote=False  stderr lines=2 (s2disasm-X-0110010.sigil.err)
     sigil: s2.asm(30438):2: warning: [as.odd-address] word access at odd address $1: on a 68000 a word or long read or write at an odd address is an address error and crashes the machine (asl #180: address is not properly aligned)
     sigil: s2.sounddriver.asm(248):6: error: `-z=0,saxman-bugged,Size_of_Snd_driver_guess,after`: the blob [0x0, 0x134F) is 0xF88 bytes compressed as saxman-bugged, and `Size_of_Snd_driver_guess`, the size the source declares for it, is $F64; every byte the source computed from that name is short by 0x24, and p2bin's own message for this is to raise it, so set `Size_of_Snd_driver_guess` to $F88
   LEG_REPORTED s2disasm-X-0110010
   RESULT SIGIL-DECLINED   sigil DECLINED (predicted DECLINED)

-- CORNER s2disasm-X-0110011   gameRevision=0 padToPowerOfTwo=1 fixBugs=1 allOptimizations=0 skipChecksumCheck=0 useFullWaterTables=1 build.lua:improved_sound_driver_compression=1   predict sigil DECLINED
   LEG_START s2disasm-X-0110011
   edit s2.asm:20
     before: 'gameRevision = 1'
     after:  'gameRevision = 0'
   edit s2.asm:27
     before: 'fixBugs = 0'
     after:  'fixBugs = 1'
   edit s2.asm:49
     before: 'useFullWaterTables = 0'
     after:  'useFullWaterTables = 1'
   edit build.lua:10
     before: 'local improved_sound_driver_compression = false'
     after:  'local improved_sound_driver_compression = true'
   BUILD_LUA exit=1 wrote=True  (s2disasm-X-0110011.lua.log)
   p2bin/sigil args for this leg: -p=0 -z=0,saxman-optimised,Size_of_Snd_driver_guess,after  (shipped: -p=0 -z=0,saxman-bugged,Size_of_Snd_driver_guess,after)
   SIGIL exit=1 wrote=False  stderr lines=2 (s2disasm-X-0110011.sigil.err)
     sigil: s2.asm(30438):2: warning: [as.odd-address] word access at odd address $1: on a 68000 a word or long read or write at an odd address is an address error and crashes the machine (asl #180: address is not properly aligned)
     sigil: s2.sounddriver.asm(248):6: error: `-z=0,saxman-optimised,Size_of_Snd_driver_guess,after`: the blob [0x0, 0x134F) is 0xF6E bytes compressed as saxman-optimised, and `Size_of_Snd_driver_guess`, the size the source declares for it, is $F64; every byte the source computed from that name is short by 0xA, and p2bin's own message for this is to raise it, so set `Size_of_Snd_driver_guess` to $F6E
   LEG_REPORTED s2disasm-X-0110011
   RESULT SIGIL-DECLINED   sigil DECLINED (predicted DECLINED)

-- CORNER s2disasm-X-0110100   gameRevision=0 padToPowerOfTwo=1 fixBugs=1 allOptimizations=0 skipChecksumCheck=1 useFullWaterTables=0 build.lua:improved_sound_driver_compression=0   predict sigil DECLINED
   LEG_START s2disasm-X-0110100
   edit s2.asm:20
     before: 'gameRevision = 1'
     after:  'gameRevision = 0'
   edit s2.asm:27
     before: 'fixBugs = 0'
     after:  'fixBugs = 1'
   edit s2.asm:34
     before: 'skipChecksumCheck = 0'
     after:  'skipChecksumCheck = 1'
   BUILD_LUA exit=1 wrote=True  (s2disasm-X-0110100.lua.log)
   SIGIL exit=1 wrote=False  stderr lines=2 (s2disasm-X-0110100.sigil.err)
     sigil: s2.asm(30438):2: warning: [as.odd-address] word access at odd address $1: on a 68000 a word or long read or write at an odd address is an address error and crashes the machine (asl #180: address is not properly aligned)
     sigil: s2.sounddriver.asm(248):6: error: `-z=0,saxman-bugged,Size_of_Snd_driver_guess,after`: the blob [0x0, 0x134F) is 0xF88 bytes compressed as saxman-bugged, and `Size_of_Snd_driver_guess`, the size the source declares for it, is $F64; every byte the source computed from that name is short by 0x24, and p2bin's own message for this is to raise it, so set `Size_of_Snd_driver_guess` to $F88
   LEG_REPORTED s2disasm-X-0110100
   RESULT SIGIL-DECLINED   sigil DECLINED (predicted DECLINED)

-- CORNER s2disasm-X-0110101   gameRevision=0 padToPowerOfTwo=1 fixBugs=1 allOptimizations=0 skipChecksumCheck=1 useFullWaterTables=0 build.lua:improved_sound_driver_compression=1   predict sigil DECLINED
   LEG_START s2disasm-X-0110101
   edit s2.asm:20
     before: 'gameRevision = 1'
     after:  'gameRevision = 0'
   edit s2.asm:27
     before: 'fixBugs = 0'
     after:  'fixBugs = 1'
   edit s2.asm:34
     before: 'skipChecksumCheck = 0'
     after:  'skipChecksumCheck = 1'
   edit build.lua:10
     before: 'local improved_sound_driver_compression = false'
     after:  'local improved_sound_driver_compression = true'
   BUILD_LUA exit=1 wrote=True  (s2disasm-X-0110101.lua.log)
   p2bin/sigil args for this leg: -p=0 -z=0,saxman-optimised,Size_of_Snd_driver_guess,after  (shipped: -p=0 -z=0,saxman-bugged,Size_of_Snd_driver_guess,after)
   SIGIL exit=1 wrote=False  stderr lines=2 (s2disasm-X-0110101.sigil.err)
     sigil: s2.asm(30438):2: warning: [as.odd-address] word access at odd address $1: on a 68000 a word or long read or write at an odd address is an address error and crashes the machine (asl #180: address is not properly aligned)
     sigil: s2.sounddriver.asm(248):6: error: `-z=0,saxman-optimised,Size_of_Snd_driver_guess,after`: the blob [0x0, 0x134F) is 0xF6E bytes compressed as saxman-optimised, and `Size_of_Snd_driver_guess`, the size the source declares for it, is $F64; every byte the source computed from that name is short by 0xA, and p2bin's own message for this is to raise it, so set `Size_of_Snd_driver_guess` to $F6E
   LEG_REPORTED s2disasm-X-0110101
   RESULT SIGIL-DECLINED   sigil DECLINED (predicted DECLINED)

-- CORNER s2disasm-X-0110110   gameRevision=0 padToPowerOfTwo=1 fixBugs=1 allOptimizations=0 skipChecksumCheck=1 useFullWaterTables=1 build.lua:improved_sound_driver_compression=0   predict sigil DECLINED
   LEG_START s2disasm-X-0110110
   edit s2.asm:20
     before: 'gameRevision = 1'
     after:  'gameRevision = 0'
   edit s2.asm:27
     before: 'fixBugs = 0'
     after:  'fixBugs = 1'
   edit s2.asm:34
     before: 'skipChecksumCheck = 0'
     after:  'skipChecksumCheck = 1'
   edit s2.asm:49
     before: 'useFullWaterTables = 0'
     after:  'useFullWaterTables = 1'
   BUILD_LUA exit=1 wrote=True  (s2disasm-X-0110110.lua.log)
   SIGIL exit=1 wrote=False  stderr lines=2 (s2disasm-X-0110110.sigil.err)
     sigil: s2.asm(30438):2: warning: [as.odd-address] word access at odd address $1: on a 68000 a word or long read or write at an odd address is an address error and crashes the machine (asl #180: address is not properly aligned)
     sigil: s2.sounddriver.asm(248):6: error: `-z=0,saxman-bugged,Size_of_Snd_driver_guess,after`: the blob [0x0, 0x134F) is 0xF88 bytes compressed as saxman-bugged, and `Size_of_Snd_driver_guess`, the size the source declares for it, is $F64; every byte the source computed from that name is short by 0x24, and p2bin's own message for this is to raise it, so set `Size_of_Snd_driver_guess` to $F88
   LEG_REPORTED s2disasm-X-0110110
   RESULT SIGIL-DECLINED   sigil DECLINED (predicted DECLINED)

-- CORNER s2disasm-X-0110111   gameRevision=0 padToPowerOfTwo=1 fixBugs=1 allOptimizations=0 skipChecksumCheck=1 useFullWaterTables=1 build.lua:improved_sound_driver_compression=1   predict sigil DECLINED
   LEG_START s2disasm-X-0110111
   edit s2.asm:20
     before: 'gameRevision = 1'
     after:  'gameRevision = 0'
   edit s2.asm:27
     before: 'fixBugs = 0'
     after:  'fixBugs = 1'
   edit s2.asm:34
     before: 'skipChecksumCheck = 0'
     after:  'skipChecksumCheck = 1'
   edit s2.asm:49
     before: 'useFullWaterTables = 0'
     after:  'useFullWaterTables = 1'
   edit build.lua:10
     before: 'local improved_sound_driver_compression = false'
     after:  'local improved_sound_driver_compression = true'
   BUILD_LUA exit=1 wrote=True  (s2disasm-X-0110111.lua.log)
   p2bin/sigil args for this leg: -p=0 -z=0,saxman-optimised,Size_of_Snd_driver_guess,after  (shipped: -p=0 -z=0,saxman-bugged,Size_of_Snd_driver_guess,after)
   SIGIL exit=1 wrote=False  stderr lines=2 (s2disasm-X-0110111.sigil.err)
     sigil: s2.asm(30438):2: warning: [as.odd-address] word access at odd address $1: on a 68000 a word or long read or write at an odd address is an address error and crashes the machine (asl #180: address is not properly aligned)
     sigil: s2.sounddriver.asm(248):6: error: `-z=0,saxman-optimised,Size_of_Snd_driver_guess,after`: the blob [0x0, 0x134F) is 0xF6E bytes compressed as saxman-optimised, and `Size_of_Snd_driver_guess`, the size the source declares for it, is $F64; every byte the source computed from that name is short by 0xA, and p2bin's own message for this is to raise it, so set `Size_of_Snd_driver_guess` to $F6E
   LEG_REPORTED s2disasm-X-0110111
   RESULT SIGIL-DECLINED   sigil DECLINED (predicted DECLINED)

-- CORNER s2disasm-X-0111000   gameRevision=0 padToPowerOfTwo=1 fixBugs=1 allOptimizations=1 skipChecksumCheck=0 useFullWaterTables=0 build.lua:improved_sound_driver_compression=0   predict sigil DECLINED
   LEG_START s2disasm-X-0111000
   edit s2.asm:20
     before: 'gameRevision = 1'
     after:  'gameRevision = 0'
   edit s2.asm:27
     before: 'fixBugs = 0'
     after:  'fixBugs = 1'
   edit s2.asm:31
     before: 'allOptimizations = 0'
     after:  'allOptimizations = 1'
   BUILD_LUA exit=1 wrote=True  (s2disasm-X-0111000.lua.log)
   SIGIL exit=1 wrote=False  stderr lines=2 (s2disasm-X-0111000.sigil.err)
     sigil: s2.asm(30438):2: warning: [as.odd-address] word access at odd address $1: on a 68000 a word or long read or write at an odd address is an address error and crashes the machine (asl #180: address is not properly aligned)
     sigil: s2.sounddriver.asm(248):6: error: `-z=0,saxman-bugged,Size_of_Snd_driver_guess,after`: the blob [0x0, 0x134F) is 0xF86 bytes compressed as saxman-bugged, and `Size_of_Snd_driver_guess`, the size the source declares for it, is $F64; every byte the source computed from that name is short by 0x22, and p2bin's own message for this is to raise it, so set `Size_of_Snd_driver_guess` to $F86
   LEG_REPORTED s2disasm-X-0111000
   RESULT SIGIL-DECLINED   sigil DECLINED (predicted DECLINED)

-- CORNER s2disasm-X-0111001   gameRevision=0 padToPowerOfTwo=1 fixBugs=1 allOptimizations=1 skipChecksumCheck=0 useFullWaterTables=0 build.lua:improved_sound_driver_compression=1   predict sigil DECLINED
   LEG_START s2disasm-X-0111001
   edit s2.asm:20
     before: 'gameRevision = 1'
     after:  'gameRevision = 0'
   edit s2.asm:27
     before: 'fixBugs = 0'
     after:  'fixBugs = 1'
   edit s2.asm:31
     before: 'allOptimizations = 0'
     after:  'allOptimizations = 1'
   edit build.lua:10
     before: 'local improved_sound_driver_compression = false'
     after:  'local improved_sound_driver_compression = true'
   BUILD_LUA exit=1 wrote=True  (s2disasm-X-0111001.lua.log)
   p2bin/sigil args for this leg: -p=0 -z=0,saxman-optimised,Size_of_Snd_driver_guess,after  (shipped: -p=0 -z=0,saxman-bugged,Size_of_Snd_driver_guess,after)
   SIGIL exit=1 wrote=False  stderr lines=2 (s2disasm-X-0111001.sigil.err)
     sigil: s2.asm(30438):2: warning: [as.odd-address] word access at odd address $1: on a 68000 a word or long read or write at an odd address is an address error and crashes the machine (asl #180: address is not properly aligned)
     sigil: s2.sounddriver.asm(248):6: error: `-z=0,saxman-optimised,Size_of_Snd_driver_guess,after`: the blob [0x0, 0x134F) is 0xF6C bytes compressed as saxman-optimised, and `Size_of_Snd_driver_guess`, the size the source declares for it, is $F64; every byte the source computed from that name is short by 0x8, and p2bin's own message for this is to raise it, so set `Size_of_Snd_driver_guess` to $F6C
   LEG_REPORTED s2disasm-X-0111001
   RESULT SIGIL-DECLINED   sigil DECLINED (predicted DECLINED)

-- CORNER s2disasm-X-0111010   gameRevision=0 padToPowerOfTwo=1 fixBugs=1 allOptimizations=1 skipChecksumCheck=0 useFullWaterTables=1 build.lua:improved_sound_driver_compression=0   predict sigil DECLINED
   LEG_START s2disasm-X-0111010
   edit s2.asm:20
     before: 'gameRevision = 1'
     after:  'gameRevision = 0'
   edit s2.asm:27
     before: 'fixBugs = 0'
     after:  'fixBugs = 1'
   edit s2.asm:31
     before: 'allOptimizations = 0'
     after:  'allOptimizations = 1'
   edit s2.asm:49
     before: 'useFullWaterTables = 0'
     after:  'useFullWaterTables = 1'
   BUILD_LUA exit=1 wrote=True  (s2disasm-X-0111010.lua.log)
   SIGIL exit=1 wrote=False  stderr lines=2 (s2disasm-X-0111010.sigil.err)
     sigil: s2.asm(30438):2: warning: [as.odd-address] word access at odd address $1: on a 68000 a word or long read or write at an odd address is an address error and crashes the machine (asl #180: address is not properly aligned)
     sigil: s2.sounddriver.asm(248):6: error: `-z=0,saxman-bugged,Size_of_Snd_driver_guess,after`: the blob [0x0, 0x134F) is 0xF86 bytes compressed as saxman-bugged, and `Size_of_Snd_driver_guess`, the size the source declares for it, is $F64; every byte the source computed from that name is short by 0x22, and p2bin's own message for this is to raise it, so set `Size_of_Snd_driver_guess` to $F86
   LEG_REPORTED s2disasm-X-0111010
   RESULT SIGIL-DECLINED   sigil DECLINED (predicted DECLINED)

-- CORNER s2disasm-X-0111011   gameRevision=0 padToPowerOfTwo=1 fixBugs=1 allOptimizations=1 skipChecksumCheck=0 useFullWaterTables=1 build.lua:improved_sound_driver_compression=1   predict sigil DECLINED
   LEG_START s2disasm-X-0111011
   edit s2.asm:20
     before: 'gameRevision = 1'
     after:  'gameRevision = 0'
   edit s2.asm:27
     before: 'fixBugs = 0'
     after:  'fixBugs = 1'
   edit s2.asm:31
     before: 'allOptimizations = 0'
     after:  'allOptimizations = 1'
   edit s2.asm:49
     before: 'useFullWaterTables = 0'
     after:  'useFullWaterTables = 1'
   edit build.lua:10
     before: 'local improved_sound_driver_compression = false'
     after:  'local improved_sound_driver_compression = true'
   BUILD_LUA exit=1 wrote=True  (s2disasm-X-0111011.lua.log)
   p2bin/sigil args for this leg: -p=0 -z=0,saxman-optimised,Size_of_Snd_driver_guess,after  (shipped: -p=0 -z=0,saxman-bugged,Size_of_Snd_driver_guess,after)
   SIGIL exit=1 wrote=False  stderr lines=2 (s2disasm-X-0111011.sigil.err)
     sigil: s2.asm(30438):2: warning: [as.odd-address] word access at odd address $1: on a 68000 a word or long read or write at an odd address is an address error and crashes the machine (asl #180: address is not properly aligned)
     sigil: s2.sounddriver.asm(248):6: error: `-z=0,saxman-optimised,Size_of_Snd_driver_guess,after`: the blob [0x0, 0x134F) is 0xF6C bytes compressed as saxman-optimised, and `Size_of_Snd_driver_guess`, the size the source declares for it, is $F64; every byte the source computed from that name is short by 0x8, and p2bin's own message for this is to raise it, so set `Size_of_Snd_driver_guess` to $F6C
   LEG_REPORTED s2disasm-X-0111011
   RESULT SIGIL-DECLINED   sigil DECLINED (predicted DECLINED)

-- CORNER s2disasm-X-0111100   gameRevision=0 padToPowerOfTwo=1 fixBugs=1 allOptimizations=1 skipChecksumCheck=1 useFullWaterTables=0 build.lua:improved_sound_driver_compression=0   predict sigil DECLINED
   LEG_START s2disasm-X-0111100
   edit s2.asm:20
     before: 'gameRevision = 1'
     after:  'gameRevision = 0'
   edit s2.asm:27
     before: 'fixBugs = 0'
     after:  'fixBugs = 1'
   edit s2.asm:31
     before: 'allOptimizations = 0'
     after:  'allOptimizations = 1'
   edit s2.asm:34
     before: 'skipChecksumCheck = 0'
     after:  'skipChecksumCheck = 1'
   BUILD_LUA exit=1 wrote=True  (s2disasm-X-0111100.lua.log)
   SIGIL exit=1 wrote=False  stderr lines=2 (s2disasm-X-0111100.sigil.err)
     sigil: s2.asm(30438):2: warning: [as.odd-address] word access at odd address $1: on a 68000 a word or long read or write at an odd address is an address error and crashes the machine (asl #180: address is not properly aligned)
     sigil: s2.sounddriver.asm(248):6: error: `-z=0,saxman-bugged,Size_of_Snd_driver_guess,after`: the blob [0x0, 0x134F) is 0xF86 bytes compressed as saxman-bugged, and `Size_of_Snd_driver_guess`, the size the source declares for it, is $F64; every byte the source computed from that name is short by 0x22, and p2bin's own message for this is to raise it, so set `Size_of_Snd_driver_guess` to $F86
   LEG_REPORTED s2disasm-X-0111100
   RESULT SIGIL-DECLINED   sigil DECLINED (predicted DECLINED)

-- CORNER s2disasm-X-0111101   gameRevision=0 padToPowerOfTwo=1 fixBugs=1 allOptimizations=1 skipChecksumCheck=1 useFullWaterTables=0 build.lua:improved_sound_driver_compression=1   predict sigil DECLINED
   LEG_START s2disasm-X-0111101
   edit s2.asm:20
     before: 'gameRevision = 1'
     after:  'gameRevision = 0'
   edit s2.asm:27
     before: 'fixBugs = 0'
     after:  'fixBugs = 1'
   edit s2.asm:31
     before: 'allOptimizations = 0'
     after:  'allOptimizations = 1'
   edit s2.asm:34
     before: 'skipChecksumCheck = 0'
     after:  'skipChecksumCheck = 1'
   edit build.lua:10
     before: 'local improved_sound_driver_compression = false'
     after:  'local improved_sound_driver_compression = true'
   BUILD_LUA exit=1 wrote=True  (s2disasm-X-0111101.lua.log)
   p2bin/sigil args for this leg: -p=0 -z=0,saxman-optimised,Size_of_Snd_driver_guess,after  (shipped: -p=0 -z=0,saxman-bugged,Size_of_Snd_driver_guess,after)
   SIGIL exit=1 wrote=False  stderr lines=2 (s2disasm-X-0111101.sigil.err)
     sigil: s2.asm(30438):2: warning: [as.odd-address] word access at odd address $1: on a 68000 a word or long read or write at an odd address is an address error and crashes the machine (asl #180: address is not properly aligned)
     sigil: s2.sounddriver.asm(248):6: error: `-z=0,saxman-optimised,Size_of_Snd_driver_guess,after`: the blob [0x0, 0x134F) is 0xF6C bytes compressed as saxman-optimised, and `Size_of_Snd_driver_guess`, the size the source declares for it, is $F64; every byte the source computed from that name is short by 0x8, and p2bin's own message for this is to raise it, so set `Size_of_Snd_driver_guess` to $F6C
   LEG_REPORTED s2disasm-X-0111101
   RESULT SIGIL-DECLINED   sigil DECLINED (predicted DECLINED)

-- CORNER s2disasm-X-0111110   gameRevision=0 padToPowerOfTwo=1 fixBugs=1 allOptimizations=1 skipChecksumCheck=1 useFullWaterTables=1 build.lua:improved_sound_driver_compression=0   predict sigil DECLINED
   LEG_START s2disasm-X-0111110
   edit s2.asm:20
     before: 'gameRevision = 1'
     after:  'gameRevision = 0'
   edit s2.asm:27
     before: 'fixBugs = 0'
     after:  'fixBugs = 1'
   edit s2.asm:31
     before: 'allOptimizations = 0'
     after:  'allOptimizations = 1'
   edit s2.asm:34
     before: 'skipChecksumCheck = 0'
     after:  'skipChecksumCheck = 1'
   edit s2.asm:49
     before: 'useFullWaterTables = 0'
     after:  'useFullWaterTables = 1'
   BUILD_LUA exit=1 wrote=True  (s2disasm-X-0111110.lua.log)
   SIGIL exit=1 wrote=False  stderr lines=2 (s2disasm-X-0111110.sigil.err)
     sigil: s2.asm(30438):2: warning: [as.odd-address] word access at odd address $1: on a 68000 a word or long read or write at an odd address is an address error and crashes the machine (asl #180: address is not properly aligned)
     sigil: s2.sounddriver.asm(248):6: error: `-z=0,saxman-bugged,Size_of_Snd_driver_guess,after`: the blob [0x0, 0x134F) is 0xF86 bytes compressed as saxman-bugged, and `Size_of_Snd_driver_guess`, the size the source declares for it, is $F64; every byte the source computed from that name is short by 0x22, and p2bin's own message for this is to raise it, so set `Size_of_Snd_driver_guess` to $F86
   LEG_REPORTED s2disasm-X-0111110
   RESULT SIGIL-DECLINED   sigil DECLINED (predicted DECLINED)

-- CORNER s2disasm-X-0111111   gameRevision=0 padToPowerOfTwo=1 fixBugs=1 allOptimizations=1 skipChecksumCheck=1 useFullWaterTables=1 build.lua:improved_sound_driver_compression=1   predict sigil DECLINED
   LEG_START s2disasm-X-0111111
   edit s2.asm:20
     before: 'gameRevision = 1'
     after:  'gameRevision = 0'
   edit s2.asm:27
     before: 'fixBugs = 0'
     after:  'fixBugs = 1'
   edit s2.asm:31
     before: 'allOptimizations = 0'
     after:  'allOptimizations = 1'
   edit s2.asm:34
     before: 'skipChecksumCheck = 0'
     after:  'skipChecksumCheck = 1'
   edit s2.asm:49
     before: 'useFullWaterTables = 0'
     after:  'useFullWaterTables = 1'
   edit build.lua:10
     before: 'local improved_sound_driver_compression = false'
     after:  'local improved_sound_driver_compression = true'
   BUILD_LUA exit=1 wrote=True  (s2disasm-X-0111111.lua.log)
   p2bin/sigil args for this leg: -p=0 -z=0,saxman-optimised,Size_of_Snd_driver_guess,after  (shipped: -p=0 -z=0,saxman-bugged,Size_of_Snd_driver_guess,after)
   SIGIL exit=1 wrote=False  stderr lines=2 (s2disasm-X-0111111.sigil.err)
     sigil: s2.asm(30438):2: warning: [as.odd-address] word access at odd address $1: on a 68000 a word or long read or write at an odd address is an address error and crashes the machine (asl #180: address is not properly aligned)
     sigil: s2.sounddriver.asm(248):6: error: `-z=0,saxman-optimised,Size_of_Snd_driver_guess,after`: the blob [0x0, 0x134F) is 0xF6C bytes compressed as saxman-optimised, and `Size_of_Snd_driver_guess`, the size the source declares for it, is $F64; every byte the source computed from that name is short by 0x8, and p2bin's own message for this is to raise it, so set `Size_of_Snd_driver_guess` to $F6C
   LEG_REPORTED s2disasm-X-0111111
   RESULT SIGIL-DECLINED   sigil DECLINED (predicted DECLINED)

-- CORNER s2disasm-X-1000000   gameRevision=1 padToPowerOfTwo=0 fixBugs=0 allOptimizations=0 skipChecksumCheck=0 useFullWaterTables=0 build.lua:improved_sound_driver_compression=0   predict sigil BUILT
   LEG_START s2disasm-X-1000000
   edit s2.asm:24
     before: 'padToPowerOfTwo = 1'
     after:  'padToPowerOfTwo = 0'
   BUILD_LUA exit=0 wrote=True  (s2disasm-X-1000000.lua.log)
   SIGIL exit=0 wrote=True  stderr lines=0 (s2disasm-X-1000000.sigil.err)
   reference crc32=dd0ebd72 size=1048556
   candidate crc32=dd0ebd72 size=1048556
   DIFF 0 bytes in 0 runs
   CONTROL planted at ['0x200', '0x7fff6', '0xfffea'] -> 3 bytes in 3 runs: PASSED
   LEG_REPORTED s2disasm-X-1000000
   RESULT AGREE   sigil BUILT (predicted BUILT)

-- CORNER s2disasm-X-1000001   gameRevision=1 padToPowerOfTwo=0 fixBugs=0 allOptimizations=0 skipChecksumCheck=0 useFullWaterTables=0 build.lua:improved_sound_driver_compression=1   predict sigil BUILT
   LEG_START s2disasm-X-1000001
   edit s2.asm:24
     before: 'padToPowerOfTwo = 1'
     after:  'padToPowerOfTwo = 0'
   edit build.lua:10
     before: 'local improved_sound_driver_compression = false'
     after:  'local improved_sound_driver_compression = true'
   BUILD_LUA exit=0 wrote=True  (s2disasm-X-1000001.lua.log)
   p2bin/sigil args for this leg: -p=0 -z=0,saxman-optimised,Size_of_Snd_driver_guess,after  (shipped: -p=0 -z=0,saxman-bugged,Size_of_Snd_driver_guess,after)
   SIGIL exit=0 wrote=True  stderr lines=0 (s2disasm-X-1000001.sigil.err)
   reference crc32=31d3b217 size=1048444
   candidate crc32=cf89c453 size=1048444
   DIFF 2 bytes in 2 runs
     [0x00018F,0x000190) ref 36 cand 50
     [0x0EC051,0x0EC052) ref 4a cand 64
   CONTROL planted at ['0x200', '0x7ffbe', '0xfff7a'] -> 5 bytes in 5 runs: PASSED
   LEG_REPORTED s2disasm-X-1000001
   RESULT DIFFER   sigil BUILT (predicted BUILT)

-- CORNER s2disasm-X-1000010   gameRevision=1 padToPowerOfTwo=0 fixBugs=0 allOptimizations=0 skipChecksumCheck=0 useFullWaterTables=1 build.lua:improved_sound_driver_compression=0   predict sigil BUILT
   LEG_START s2disasm-X-1000010
   edit s2.asm:24
     before: 'padToPowerOfTwo = 1'
     after:  'padToPowerOfTwo = 0'
   edit s2.asm:49
     before: 'useFullWaterTables = 0'
     after:  'useFullWaterTables = 1'
   BUILD_LUA exit=0 wrote=True  (s2disasm-X-1000010.lua.log)
   SIGIL exit=0 wrote=True  stderr lines=0 (s2disasm-X-1000010.sigil.err)
   reference crc32=91428d26 size=1048556
   candidate crc32=91428d26 size=1048556
   DIFF 0 bytes in 0 runs
   CONTROL planted at ['0x200', '0x7fff6', '0xfffea'] -> 3 bytes in 3 runs: PASSED
   LEG_REPORTED s2disasm-X-1000010
   RESULT AGREE   sigil BUILT (predicted BUILT)

-- CORNER s2disasm-X-1000011   gameRevision=1 padToPowerOfTwo=0 fixBugs=0 allOptimizations=0 skipChecksumCheck=0 useFullWaterTables=1 build.lua:improved_sound_driver_compression=1   predict sigil BUILT
   LEG_START s2disasm-X-1000011
   edit s2.asm:24
     before: 'padToPowerOfTwo = 1'
     after:  'padToPowerOfTwo = 0'
   edit s2.asm:49
     before: 'useFullWaterTables = 0'
     after:  'useFullWaterTables = 1'
   edit build.lua:10
     before: 'local improved_sound_driver_compression = false'
     after:  'local improved_sound_driver_compression = true'
   BUILD_LUA exit=0 wrote=True  (s2disasm-X-1000011.lua.log)
   p2bin/sigil args for this leg: -p=0 -z=0,saxman-optimised,Size_of_Snd_driver_guess,after  (shipped: -p=0 -z=0,saxman-bugged,Size_of_Snd_driver_guess,after)
   SIGIL exit=0 wrote=True  stderr lines=0 (s2disasm-X-1000011.sigil.err)
   reference crc32=81ebb6f8 size=1048444
   candidate crc32=8dfddba1 size=1048444
   DIFF 2 bytes in 2 runs
     [0x00018F,0x000190) ref 2b cand 45
     [0x0EC051,0x0EC052) ref 4a cand 64
   CONTROL planted at ['0x200', '0x7ffbe', '0xfff7a'] -> 5 bytes in 5 runs: PASSED
   LEG_REPORTED s2disasm-X-1000011
   RESULT DIFFER   sigil BUILT (predicted BUILT)

-- CORNER s2disasm-X-1000100   gameRevision=1 padToPowerOfTwo=0 fixBugs=0 allOptimizations=0 skipChecksumCheck=1 useFullWaterTables=0 build.lua:improved_sound_driver_compression=0   predict sigil BUILT
   LEG_START s2disasm-X-1000100
   edit s2.asm:24
     before: 'padToPowerOfTwo = 1'
     after:  'padToPowerOfTwo = 0'
   edit s2.asm:34
     before: 'skipChecksumCheck = 0'
     after:  'skipChecksumCheck = 1'
   BUILD_LUA exit=0 wrote=True  (s2disasm-X-1000100.lua.log)
   SIGIL exit=0 wrote=True  stderr lines=0 (s2disasm-X-1000100.sigil.err)
   reference crc32=87f98489 size=1048556
   candidate crc32=87f98489 size=1048556
   DIFF 0 bytes in 0 runs
   CONTROL planted at ['0x200', '0x7fff6', '0xfffea'] -> 3 bytes in 3 runs: PASSED
   LEG_REPORTED s2disasm-X-1000100
   RESULT AGREE   sigil BUILT (predicted BUILT)

-- CORNER s2disasm-X-1000101   gameRevision=1 padToPowerOfTwo=0 fixBugs=0 allOptimizations=0 skipChecksumCheck=1 useFullWaterTables=0 build.lua:improved_sound_driver_compression=1   predict sigil BUILT
   LEG_START s2disasm-X-1000101
   edit s2.asm:24
     before: 'padToPowerOfTwo = 1'
     after:  'padToPowerOfTwo = 0'
   edit s2.asm:34
     before: 'skipChecksumCheck = 0'
     after:  'skipChecksumCheck = 1'
   edit build.lua:10
     before: 'local improved_sound_driver_compression = false'
     after:  'local improved_sound_driver_compression = true'
   BUILD_LUA exit=0 wrote=True  (s2disasm-X-1000101.lua.log)
   p2bin/sigil args for this leg: -p=0 -z=0,saxman-optimised,Size_of_Snd_driver_guess,after  (shipped: -p=0 -z=0,saxman-bugged,Size_of_Snd_driver_guess,after)
   SIGIL exit=0 wrote=True  stderr lines=0 (s2disasm-X-1000101.sigil.err)
   reference crc32=2164be9c size=1048444
   candidate crc32=46489c87 size=1048444
   DIFF 2 bytes in 2 runs
     [0x00018F,0x000190) ref 9c cand b6
     [0x0EC051,0x0EC052) ref 4a cand 64
   CONTROL planted at ['0x200', '0x7ffbe', '0xfff7a'] -> 5 bytes in 5 runs: PASSED
   LEG_REPORTED s2disasm-X-1000101
   RESULT DIFFER   sigil BUILT (predicted BUILT)

-- CORNER s2disasm-X-1000110   gameRevision=1 padToPowerOfTwo=0 fixBugs=0 allOptimizations=0 skipChecksumCheck=1 useFullWaterTables=1 build.lua:improved_sound_driver_compression=0   predict sigil BUILT
   LEG_START s2disasm-X-1000110
   edit s2.asm:24
     before: 'padToPowerOfTwo = 1'
     after:  'padToPowerOfTwo = 0'
   edit s2.asm:34
     before: 'skipChecksumCheck = 0'
     after:  'skipChecksumCheck = 1'
   edit s2.asm:49
     before: 'useFullWaterTables = 0'
     after:  'useFullWaterTables = 1'
   BUILD_LUA exit=0 wrote=True  (s2disasm-X-1000110.lua.log)
   SIGIL exit=0 wrote=True  stderr lines=0 (s2disasm-X-1000110.sigil.err)
   reference crc32=f2e937da size=1048556
   candidate crc32=f2e937da size=1048556
   DIFF 0 bytes in 0 runs
   CONTROL planted at ['0x200', '0x7fff6', '0xfffea'] -> 3 bytes in 3 runs: PASSED
   LEG_REPORTED s2disasm-X-1000110
   RESULT AGREE   sigil BUILT (predicted BUILT)

-- CORNER s2disasm-X-1000111   gameRevision=1 padToPowerOfTwo=0 fixBugs=0 allOptimizations=0 skipChecksumCheck=1 useFullWaterTables=1 build.lua:improved_sound_driver_compression=1   predict sigil BUILT
   LEG_START s2disasm-X-1000111
   edit s2.asm:24
     before: 'padToPowerOfTwo = 1'
     after:  'padToPowerOfTwo = 0'
   edit s2.asm:34
     before: 'skipChecksumCheck = 0'
     after:  'skipChecksumCheck = 1'
   edit s2.asm:49
     before: 'useFullWaterTables = 0'
     after:  'useFullWaterTables = 1'
   edit build.lua:10
     before: 'local improved_sound_driver_compression = false'
     after:  'local improved_sound_driver_compression = true'
   BUILD_LUA exit=0 wrote=True  (s2disasm-X-1000111.lua.log)
   p2bin/sigil args for this leg: -p=0 -z=0,saxman-optimised,Size_of_Snd_driver_guess,after  (shipped: -p=0 -z=0,saxman-bugged,Size_of_Snd_driver_guess,after)
   SIGIL exit=0 wrote=True  stderr lines=0 (s2disasm-X-1000111.sigil.err)
   reference crc32=9ae9a8a1 size=1048444
   candidate crc32=56b2346f size=1048444
   DIFF 2 bytes in 2 runs
     [0x00018F,0x000190) ref 92 cand ac
     [0x0EC051,0x0EC052) ref 4a cand 64
   CONTROL planted at ['0x200', '0x7ffbe', '0xfff7a'] -> 5 bytes in 5 runs: PASSED
   LEG_REPORTED s2disasm-X-1000111
   RESULT DIFFER   sigil BUILT (predicted BUILT)

-- CORNER s2disasm-X-1001000   gameRevision=1 padToPowerOfTwo=0 fixBugs=0 allOptimizations=1 skipChecksumCheck=0 useFullWaterTables=0 build.lua:improved_sound_driver_compression=0   predict sigil BUILT
   LEG_START s2disasm-X-1001000
   edit s2.asm:24
     before: 'padToPowerOfTwo = 1'
     after:  'padToPowerOfTwo = 0'
   edit s2.asm:31
     before: 'allOptimizations = 0'
     after:  'allOptimizations = 1'
   BUILD_LUA exit=0 wrote=True  (s2disasm-X-1001000.lua.log)
   SIGIL exit=0 wrote=True  stderr lines=0 (s2disasm-X-1001000.sigil.err)
   reference crc32=616c34ac size=1048556
   candidate crc32=616c34ac size=1048556
   DIFF 0 bytes in 0 runs
   CONTROL planted at ['0x200', '0x7fff6', '0xfffea'] -> 3 bytes in 3 runs: PASSED
   LEG_REPORTED s2disasm-X-1001000
   RESULT AGREE   sigil BUILT (predicted BUILT)

-- CORNER s2disasm-X-1001001   gameRevision=1 padToPowerOfTwo=0 fixBugs=0 allOptimizations=1 skipChecksumCheck=0 useFullWaterTables=0 build.lua:improved_sound_driver_compression=1   predict sigil BUILT
   LEG_START s2disasm-X-1001001
   edit s2.asm:24
     before: 'padToPowerOfTwo = 1'
     after:  'padToPowerOfTwo = 0'
   edit s2.asm:31
     before: 'allOptimizations = 0'
     after:  'allOptimizations = 1'
   edit build.lua:10
     before: 'local improved_sound_driver_compression = false'
     after:  'local improved_sound_driver_compression = true'
   BUILD_LUA exit=0 wrote=True  (s2disasm-X-1001001.lua.log)
   p2bin/sigil args for this leg: -p=0 -z=0,saxman-optimised,Size_of_Snd_driver_guess,after  (shipped: -p=0 -z=0,saxman-bugged,Size_of_Snd_driver_guess,after)
   SIGIL exit=0 wrote=True  stderr lines=0 (s2disasm-X-1001001.sigil.err)
   reference crc32=2496b55c size=1048444
   candidate crc32=43ba9747 size=1048444
   DIFF 2 bytes in 2 runs
     [0x00018F,0x000190) ref 0d cand 27
     [0x0EC051,0x0EC052) ref 4a cand 64
   CONTROL planted at ['0x200', '0x7ffbe', '0xfff7a'] -> 5 bytes in 5 runs: PASSED
   LEG_REPORTED s2disasm-X-1001001
   RESULT DIFFER   sigil BUILT (predicted BUILT)

-- CORNER s2disasm-X-1001010   gameRevision=1 padToPowerOfTwo=0 fixBugs=0 allOptimizations=1 skipChecksumCheck=0 useFullWaterTables=1 build.lua:improved_sound_driver_compression=0   predict sigil BUILT
   LEG_START s2disasm-X-1001010
   edit s2.asm:24
     before: 'padToPowerOfTwo = 1'
     after:  'padToPowerOfTwo = 0'
   edit s2.asm:31
     before: 'allOptimizations = 0'
     after:  'allOptimizations = 1'
   edit s2.asm:49
     before: 'useFullWaterTables = 0'
     after:  'useFullWaterTables = 1'
   BUILD_LUA exit=0 wrote=True  (s2disasm-X-1001010.lua.log)
   SIGIL exit=0 wrote=True  stderr lines=0 (s2disasm-X-1001010.sigil.err)
   reference crc32=c24203ce size=1048556
   candidate crc32=c24203ce size=1048556
   DIFF 0 bytes in 0 runs
   CONTROL planted at ['0x200', '0x7fff6', '0xfffea'] -> 3 bytes in 3 runs: PASSED
   LEG_REPORTED s2disasm-X-1001010
   RESULT AGREE   sigil BUILT (predicted BUILT)

-- CORNER s2disasm-X-1001011   gameRevision=1 padToPowerOfTwo=0 fixBugs=0 allOptimizations=1 skipChecksumCheck=0 useFullWaterTables=1 build.lua:improved_sound_driver_compression=1   predict sigil BUILT
   LEG_START s2disasm-X-1001011
   edit s2.asm:24
     before: 'padToPowerOfTwo = 1'
     after:  'padToPowerOfTwo = 0'
   edit s2.asm:31
     before: 'allOptimizations = 0'
     after:  'allOptimizations = 1'
   edit s2.asm:49
     before: 'useFullWaterTables = 0'
     after:  'useFullWaterTables = 1'
   edit build.lua:10
     before: 'local improved_sound_driver_compression = false'
     after:  'local improved_sound_driver_compression = true'
   BUILD_LUA exit=0 wrote=True  (s2disasm-X-1001011.lua.log)
   p2bin/sigil args for this leg: -p=0 -z=0,saxman-optimised,Size_of_Snd_driver_guess,after  (shipped: -p=0 -z=0,saxman-bugged,Size_of_Snd_driver_guess,after)
   SIGIL exit=0 wrote=True  stderr lines=0 (s2disasm-X-1001011.sigil.err)
   reference crc32=be2e5cb8 size=1048444
   candidate crc32=26a6bf4f size=1048444
   DIFF 2 bytes in 2 runs
     [0x00018F,0x000190) ref a9 cand c3
     [0x0EC051,0x0EC052) ref 4a cand 64
   CONTROL planted at ['0x200', '0x7ffbe', '0xfff7a'] -> 5 bytes in 5 runs: PASSED
   LEG_REPORTED s2disasm-X-1001011
   RESULT DIFFER   sigil BUILT (predicted BUILT)

-- CORNER s2disasm-X-1001100   gameRevision=1 padToPowerOfTwo=0 fixBugs=0 allOptimizations=1 skipChecksumCheck=1 useFullWaterTables=0 build.lua:improved_sound_driver_compression=0   predict sigil BUILT
   LEG_START s2disasm-X-1001100
   edit s2.asm:24
     before: 'padToPowerOfTwo = 1'
     after:  'padToPowerOfTwo = 0'
   edit s2.asm:31
     before: 'allOptimizations = 0'
     after:  'allOptimizations = 1'
   edit s2.asm:34
     before: 'skipChecksumCheck = 0'
     after:  'skipChecksumCheck = 1'
   BUILD_LUA exit=0 wrote=True  (s2disasm-X-1001100.lua.log)
   SIGIL exit=0 wrote=True  stderr lines=0 (s2disasm-X-1001100.sigil.err)
   reference crc32=3efb11fd size=1048556
   candidate crc32=3efb11fd size=1048556
   DIFF 0 bytes in 0 runs
   CONTROL planted at ['0x200', '0x7fff6', '0xfffea'] -> 3 bytes in 3 runs: PASSED
   LEG_REPORTED s2disasm-X-1001100
   RESULT AGREE   sigil BUILT (predicted BUILT)

-- CORNER s2disasm-X-1001101   gameRevision=1 padToPowerOfTwo=0 fixBugs=0 allOptimizations=1 skipChecksumCheck=1 useFullWaterTables=0 build.lua:improved_sound_driver_compression=1   predict sigil BUILT
   LEG_START s2disasm-X-1001101
   edit s2.asm:24
     before: 'padToPowerOfTwo = 1'
     after:  'padToPowerOfTwo = 0'
   edit s2.asm:31
     before: 'allOptimizations = 0'
     after:  'allOptimizations = 1'
   edit s2.asm:34
     before: 'skipChecksumCheck = 0'
     after:  'skipChecksumCheck = 1'
   edit build.lua:10
     before: 'local improved_sound_driver_compression = false'
     after:  'local improved_sound_driver_compression = true'
   BUILD_LUA exit=0 wrote=True  (s2disasm-X-1001101.lua.log)
   p2bin/sigil args for this leg: -p=0 -z=0,saxman-optimised,Size_of_Snd_driver_guess,after  (shipped: -p=0 -z=0,saxman-bugged,Size_of_Snd_driver_guess,after)
   SIGIL exit=0 wrote=True  stderr lines=0 (s2disasm-X-1001101.sigil.err)
   reference crc32=3137ec90 size=1048444
   candidate crc32=82be10a8 size=1048444
   DIFF 2 bytes in 2 runs
     [0x00018F,0x000190) ref 63 cand 7d
     [0x0EC051,0x0EC052) ref 4a cand 64
   CONTROL planted at ['0x200', '0x7ffbe', '0xfff7a'] -> 5 bytes in 5 runs: PASSED
   LEG_REPORTED s2disasm-X-1001101
   RESULT DIFFER   sigil BUILT (predicted BUILT)

-- CORNER s2disasm-X-1001110   gameRevision=1 padToPowerOfTwo=0 fixBugs=0 allOptimizations=1 skipChecksumCheck=1 useFullWaterTables=1 build.lua:improved_sound_driver_compression=0   predict sigil BUILT
   LEG_START s2disasm-X-1001110
   edit s2.asm:24
     before: 'padToPowerOfTwo = 1'
     after:  'padToPowerOfTwo = 0'
   edit s2.asm:31
     before: 'allOptimizations = 0'
     after:  'allOptimizations = 1'
   edit s2.asm:34
     before: 'skipChecksumCheck = 0'
     after:  'skipChecksumCheck = 1'
   edit s2.asm:49
     before: 'useFullWaterTables = 0'
     after:  'useFullWaterTables = 1'
   BUILD_LUA exit=0 wrote=True  (s2disasm-X-1001110.lua.log)
   SIGIL exit=0 wrote=True  stderr lines=0 (s2disasm-X-1001110.sigil.err)
   reference crc32=f046cade size=1048556
   candidate crc32=f046cade size=1048556
   DIFF 0 bytes in 0 runs
   CONTROL planted at ['0x200', '0x7fff6', '0xfffea'] -> 3 bytes in 3 runs: PASSED
   LEG_REPORTED s2disasm-X-1001110
   RESULT AGREE   sigil BUILT (predicted BUILT)

-- CORNER s2disasm-X-1001111   gameRevision=1 padToPowerOfTwo=0 fixBugs=0 allOptimizations=1 skipChecksumCheck=1 useFullWaterTables=1 build.lua:improved_sound_driver_compression=1   predict sigil BUILT
   LEG_START s2disasm-X-1001111
   edit s2.asm:24
     before: 'padToPowerOfTwo = 1'
     after:  'padToPowerOfTwo = 0'
   edit s2.asm:31
     before: 'allOptimizations = 0'
     after:  'allOptimizations = 1'
   edit s2.asm:34
     before: 'skipChecksumCheck = 0'
     after:  'skipChecksumCheck = 1'
   edit s2.asm:49
     before: 'useFullWaterTables = 0'
     after:  'useFullWaterTables = 1'
   edit build.lua:10
     before: 'local improved_sound_driver_compression = false'
     after:  'local improved_sound_driver_compression = true'
   BUILD_LUA exit=0 wrote=True  (s2disasm-X-1001111.lua.log)
   p2bin/sigil args for this leg: -p=0 -z=0,saxman-optimised,Size_of_Snd_driver_guess,after  (shipped: -p=0 -z=0,saxman-bugged,Size_of_Snd_driver_guess,after)
   SIGIL exit=0 wrote=True  stderr lines=0 (s2disasm-X-1001111.sigil.err)
   reference crc32=a3e0cd26 size=1048444
   candidate crc32=a46b40c0 size=1048444
   DIFF 3 bytes in 2 runs
     [0x00018E,0x000190) ref 07 ff cand 08 19
     [0x0EC051,0x0EC052) ref 4a cand 64
   CONTROL planted at ['0x200', '0x7ffbe', '0xfff7a'] -> 6 bytes in 5 runs: PASSED
   LEG_REPORTED s2disasm-X-1001111
   RESULT DIFFER   sigil BUILT (predicted BUILT)

-- CORNER s2disasm-X-1010000   gameRevision=1 padToPowerOfTwo=0 fixBugs=1 allOptimizations=0 skipChecksumCheck=0 useFullWaterTables=0 build.lua:improved_sound_driver_compression=0   predict sigil DECLINED
   LEG_START s2disasm-X-1010000
   edit s2.asm:24
     before: 'padToPowerOfTwo = 1'
     after:  'padToPowerOfTwo = 0'
   edit s2.asm:27
     before: 'fixBugs = 0'
     after:  'fixBugs = 1'
   BUILD_LUA exit=0 wrote=True  (s2disasm-X-1010000.lua.log)
   SIGIL exit=1 wrote=False  stderr lines=1 (s2disasm-X-1010000.sigil.err)
     sigil: s2.sounddriver.asm(248):6: error: `-z=0,saxman-bugged,Size_of_Snd_driver_guess,after`: the blob [0x0, 0x134F) is 0xF88 bytes compressed as saxman-bugged, and `Size_of_Snd_driver_guess`, the size the source declares for it, is $F64; every byte the source computed from that name is short by 0x24, and p2bin's own message for this is to raise it, so set `Size_of_Snd_driver_guess` to $F88
   LEG_REPORTED s2disasm-X-1010000
   RESULT SIGIL-DECLINED   sigil DECLINED (predicted DECLINED)

-- CORNER s2disasm-X-1010001   gameRevision=1 padToPowerOfTwo=0 fixBugs=1 allOptimizations=0 skipChecksumCheck=0 useFullWaterTables=0 build.lua:improved_sound_driver_compression=1   predict sigil DECLINED
   LEG_START s2disasm-X-1010001
   edit s2.asm:24
     before: 'padToPowerOfTwo = 1'
     after:  'padToPowerOfTwo = 0'
   edit s2.asm:27
     before: 'fixBugs = 0'
     after:  'fixBugs = 1'
   edit build.lua:10
     before: 'local improved_sound_driver_compression = false'
     after:  'local improved_sound_driver_compression = true'
   BUILD_LUA exit=0 wrote=True  (s2disasm-X-1010001.lua.log)
   p2bin/sigil args for this leg: -p=0 -z=0,saxman-optimised,Size_of_Snd_driver_guess,after  (shipped: -p=0 -z=0,saxman-bugged,Size_of_Snd_driver_guess,after)
   SIGIL exit=1 wrote=False  stderr lines=1 (s2disasm-X-1010001.sigil.err)
     sigil: s2.sounddriver.asm(248):6: error: `-z=0,saxman-optimised,Size_of_Snd_driver_guess,after`: the blob [0x0, 0x134F) is 0xF6E bytes compressed as saxman-optimised, and `Size_of_Snd_driver_guess`, the size the source declares for it, is $F64; every byte the source computed from that name is short by 0xA, and p2bin's own message for this is to raise it, so set `Size_of_Snd_driver_guess` to $F6E
   LEG_REPORTED s2disasm-X-1010001
   RESULT SIGIL-DECLINED   sigil DECLINED (predicted DECLINED)

-- CORNER s2disasm-X-1010010   gameRevision=1 padToPowerOfTwo=0 fixBugs=1 allOptimizations=0 skipChecksumCheck=0 useFullWaterTables=1 build.lua:improved_sound_driver_compression=0   predict sigil DECLINED
   LEG_START s2disasm-X-1010010
   edit s2.asm:24
     before: 'padToPowerOfTwo = 1'
     after:  'padToPowerOfTwo = 0'
   edit s2.asm:27
     before: 'fixBugs = 0'
     after:  'fixBugs = 1'
   edit s2.asm:49
     before: 'useFullWaterTables = 0'
     after:  'useFullWaterTables = 1'
   BUILD_LUA exit=0 wrote=True  (s2disasm-X-1010010.lua.log)
   SIGIL exit=1 wrote=False  stderr lines=1 (s2disasm-X-1010010.sigil.err)
     sigil: s2.sounddriver.asm(248):6: error: `-z=0,saxman-bugged,Size_of_Snd_driver_guess,after`: the blob [0x0, 0x134F) is 0xF88 bytes compressed as saxman-bugged, and `Size_of_Snd_driver_guess`, the size the source declares for it, is $F64; every byte the source computed from that name is short by 0x24, and p2bin's own message for this is to raise it, so set `Size_of_Snd_driver_guess` to $F88
   LEG_REPORTED s2disasm-X-1010010
   RESULT SIGIL-DECLINED   sigil DECLINED (predicted DECLINED)

-- CORNER s2disasm-X-1010011   gameRevision=1 padToPowerOfTwo=0 fixBugs=1 allOptimizations=0 skipChecksumCheck=0 useFullWaterTables=1 build.lua:improved_sound_driver_compression=1   predict sigil DECLINED
   LEG_START s2disasm-X-1010011
   edit s2.asm:24
     before: 'padToPowerOfTwo = 1'
     after:  'padToPowerOfTwo = 0'
   edit s2.asm:27
     before: 'fixBugs = 0'
     after:  'fixBugs = 1'
   edit s2.asm:49
     before: 'useFullWaterTables = 0'
     after:  'useFullWaterTables = 1'
   edit build.lua:10
     before: 'local improved_sound_driver_compression = false'
     after:  'local improved_sound_driver_compression = true'
   BUILD_LUA exit=0 wrote=True  (s2disasm-X-1010011.lua.log)
   p2bin/sigil args for this leg: -p=0 -z=0,saxman-optimised,Size_of_Snd_driver_guess,after  (shipped: -p=0 -z=0,saxman-bugged,Size_of_Snd_driver_guess,after)
   SIGIL exit=1 wrote=False  stderr lines=1 (s2disasm-X-1010011.sigil.err)
     sigil: s2.sounddriver.asm(248):6: error: `-z=0,saxman-optimised,Size_of_Snd_driver_guess,after`: the blob [0x0, 0x134F) is 0xF6E bytes compressed as saxman-optimised, and `Size_of_Snd_driver_guess`, the size the source declares for it, is $F64; every byte the source computed from that name is short by 0xA, and p2bin's own message for this is to raise it, so set `Size_of_Snd_driver_guess` to $F6E
   LEG_REPORTED s2disasm-X-1010011
   RESULT SIGIL-DECLINED   sigil DECLINED (predicted DECLINED)

-- CORNER s2disasm-X-1010100   gameRevision=1 padToPowerOfTwo=0 fixBugs=1 allOptimizations=0 skipChecksumCheck=1 useFullWaterTables=0 build.lua:improved_sound_driver_compression=0   predict sigil DECLINED
   LEG_START s2disasm-X-1010100
   edit s2.asm:24
     before: 'padToPowerOfTwo = 1'
     after:  'padToPowerOfTwo = 0'
   edit s2.asm:27
     before: 'fixBugs = 0'
     after:  'fixBugs = 1'
   edit s2.asm:34
     before: 'skipChecksumCheck = 0'
     after:  'skipChecksumCheck = 1'
   BUILD_LUA exit=0 wrote=True  (s2disasm-X-1010100.lua.log)
   SIGIL exit=1 wrote=False  stderr lines=1 (s2disasm-X-1010100.sigil.err)
     sigil: s2.sounddriver.asm(248):6: error: `-z=0,saxman-bugged,Size_of_Snd_driver_guess,after`: the blob [0x0, 0x134F) is 0xF88 bytes compressed as saxman-bugged, and `Size_of_Snd_driver_guess`, the size the source declares for it, is $F64; every byte the source computed from that name is short by 0x24, and p2bin's own message for this is to raise it, so set `Size_of_Snd_driver_guess` to $F88
   LEG_REPORTED s2disasm-X-1010100
   RESULT SIGIL-DECLINED   sigil DECLINED (predicted DECLINED)

-- CORNER s2disasm-X-1010101   gameRevision=1 padToPowerOfTwo=0 fixBugs=1 allOptimizations=0 skipChecksumCheck=1 useFullWaterTables=0 build.lua:improved_sound_driver_compression=1   predict sigil DECLINED
   LEG_START s2disasm-X-1010101
   edit s2.asm:24
     before: 'padToPowerOfTwo = 1'
     after:  'padToPowerOfTwo = 0'
   edit s2.asm:27
     before: 'fixBugs = 0'
     after:  'fixBugs = 1'
   edit s2.asm:34
     before: 'skipChecksumCheck = 0'
     after:  'skipChecksumCheck = 1'
   edit build.lua:10
     before: 'local improved_sound_driver_compression = false'
     after:  'local improved_sound_driver_compression = true'
   BUILD_LUA exit=0 wrote=True  (s2disasm-X-1010101.lua.log)
   p2bin/sigil args for this leg: -p=0 -z=0,saxman-optimised,Size_of_Snd_driver_guess,after  (shipped: -p=0 -z=0,saxman-bugged,Size_of_Snd_driver_guess,after)
   SIGIL exit=1 wrote=False  stderr lines=1 (s2disasm-X-1010101.sigil.err)
     sigil: s2.sounddriver.asm(248):6: error: `-z=0,saxman-optimised,Size_of_Snd_driver_guess,after`: the blob [0x0, 0x134F) is 0xF6E bytes compressed as saxman-optimised, and `Size_of_Snd_driver_guess`, the size the source declares for it, is $F64; every byte the source computed from that name is short by 0xA, and p2bin's own message for this is to raise it, so set `Size_of_Snd_driver_guess` to $F6E
   LEG_REPORTED s2disasm-X-1010101
   RESULT SIGIL-DECLINED   sigil DECLINED (predicted DECLINED)

-- CORNER s2disasm-X-1010110   gameRevision=1 padToPowerOfTwo=0 fixBugs=1 allOptimizations=0 skipChecksumCheck=1 useFullWaterTables=1 build.lua:improved_sound_driver_compression=0   predict sigil DECLINED
   LEG_START s2disasm-X-1010110
   edit s2.asm:24
     before: 'padToPowerOfTwo = 1'
     after:  'padToPowerOfTwo = 0'
   edit s2.asm:27
     before: 'fixBugs = 0'
     after:  'fixBugs = 1'
   edit s2.asm:34
     before: 'skipChecksumCheck = 0'
     after:  'skipChecksumCheck = 1'
   edit s2.asm:49
     before: 'useFullWaterTables = 0'
     after:  'useFullWaterTables = 1'
   BUILD_LUA exit=0 wrote=True  (s2disasm-X-1010110.lua.log)
   SIGIL exit=1 wrote=False  stderr lines=1 (s2disasm-X-1010110.sigil.err)
     sigil: s2.sounddriver.asm(248):6: error: `-z=0,saxman-bugged,Size_of_Snd_driver_guess,after`: the blob [0x0, 0x134F) is 0xF88 bytes compressed as saxman-bugged, and `Size_of_Snd_driver_guess`, the size the source declares for it, is $F64; every byte the source computed from that name is short by 0x24, and p2bin's own message for this is to raise it, so set `Size_of_Snd_driver_guess` to $F88
   LEG_REPORTED s2disasm-X-1010110
   RESULT SIGIL-DECLINED   sigil DECLINED (predicted DECLINED)

-- CORNER s2disasm-X-1010111   gameRevision=1 padToPowerOfTwo=0 fixBugs=1 allOptimizations=0 skipChecksumCheck=1 useFullWaterTables=1 build.lua:improved_sound_driver_compression=1   predict sigil DECLINED
   LEG_START s2disasm-X-1010111
   edit s2.asm:24
     before: 'padToPowerOfTwo = 1'
     after:  'padToPowerOfTwo = 0'
   edit s2.asm:27
     before: 'fixBugs = 0'
     after:  'fixBugs = 1'
   edit s2.asm:34
     before: 'skipChecksumCheck = 0'
     after:  'skipChecksumCheck = 1'
   edit s2.asm:49
     before: 'useFullWaterTables = 0'
     after:  'useFullWaterTables = 1'
   edit build.lua:10
     before: 'local improved_sound_driver_compression = false'
     after:  'local improved_sound_driver_compression = true'
   BUILD_LUA exit=0 wrote=True  (s2disasm-X-1010111.lua.log)
   p2bin/sigil args for this leg: -p=0 -z=0,saxman-optimised,Size_of_Snd_driver_guess,after  (shipped: -p=0 -z=0,saxman-bugged,Size_of_Snd_driver_guess,after)
   SIGIL exit=1 wrote=False  stderr lines=1 (s2disasm-X-1010111.sigil.err)
     sigil: s2.sounddriver.asm(248):6: error: `-z=0,saxman-optimised,Size_of_Snd_driver_guess,after`: the blob [0x0, 0x134F) is 0xF6E bytes compressed as saxman-optimised, and `Size_of_Snd_driver_guess`, the size the source declares for it, is $F64; every byte the source computed from that name is short by 0xA, and p2bin's own message for this is to raise it, so set `Size_of_Snd_driver_guess` to $F6E
   LEG_REPORTED s2disasm-X-1010111
   RESULT SIGIL-DECLINED   sigil DECLINED (predicted DECLINED)

-- CORNER s2disasm-X-1011000   gameRevision=1 padToPowerOfTwo=0 fixBugs=1 allOptimizations=1 skipChecksumCheck=0 useFullWaterTables=0 build.lua:improved_sound_driver_compression=0   predict sigil DECLINED
   LEG_START s2disasm-X-1011000
   edit s2.asm:24
     before: 'padToPowerOfTwo = 1'
     after:  'padToPowerOfTwo = 0'
   edit s2.asm:27
     before: 'fixBugs = 0'
     after:  'fixBugs = 1'
   edit s2.asm:31
     before: 'allOptimizations = 0'
     after:  'allOptimizations = 1'
   BUILD_LUA exit=0 wrote=True  (s2disasm-X-1011000.lua.log)
   SIGIL exit=1 wrote=False  stderr lines=1 (s2disasm-X-1011000.sigil.err)
     sigil: s2.sounddriver.asm(248):6: error: `-z=0,saxman-bugged,Size_of_Snd_driver_guess,after`: the blob [0x0, 0x134F) is 0xF86 bytes compressed as saxman-bugged, and `Size_of_Snd_driver_guess`, the size the source declares for it, is $F64; every byte the source computed from that name is short by 0x22, and p2bin's own message for this is to raise it, so set `Size_of_Snd_driver_guess` to $F86
   LEG_REPORTED s2disasm-X-1011000
   RESULT SIGIL-DECLINED   sigil DECLINED (predicted DECLINED)

-- CORNER s2disasm-X-1011001   gameRevision=1 padToPowerOfTwo=0 fixBugs=1 allOptimizations=1 skipChecksumCheck=0 useFullWaterTables=0 build.lua:improved_sound_driver_compression=1   predict sigil DECLINED
   LEG_START s2disasm-X-1011001
   edit s2.asm:24
     before: 'padToPowerOfTwo = 1'
     after:  'padToPowerOfTwo = 0'
   edit s2.asm:27
     before: 'fixBugs = 0'
     after:  'fixBugs = 1'
   edit s2.asm:31
     before: 'allOptimizations = 0'
     after:  'allOptimizations = 1'
   edit build.lua:10
     before: 'local improved_sound_driver_compression = false'
     after:  'local improved_sound_driver_compression = true'
   BUILD_LUA exit=0 wrote=True  (s2disasm-X-1011001.lua.log)
   p2bin/sigil args for this leg: -p=0 -z=0,saxman-optimised,Size_of_Snd_driver_guess,after  (shipped: -p=0 -z=0,saxman-bugged,Size_of_Snd_driver_guess,after)
   SIGIL exit=1 wrote=False  stderr lines=1 (s2disasm-X-1011001.sigil.err)
     sigil: s2.sounddriver.asm(248):6: error: `-z=0,saxman-optimised,Size_of_Snd_driver_guess,after`: the blob [0x0, 0x134F) is 0xF6C bytes compressed as saxman-optimised, and `Size_of_Snd_driver_guess`, the size the source declares for it, is $F64; every byte the source computed from that name is short by 0x8, and p2bin's own message for this is to raise it, so set `Size_of_Snd_driver_guess` to $F6C
   LEG_REPORTED s2disasm-X-1011001
   RESULT SIGIL-DECLINED   sigil DECLINED (predicted DECLINED)

-- CORNER s2disasm-X-1011010   gameRevision=1 padToPowerOfTwo=0 fixBugs=1 allOptimizations=1 skipChecksumCheck=0 useFullWaterTables=1 build.lua:improved_sound_driver_compression=0   predict sigil DECLINED
   LEG_START s2disasm-X-1011010
   edit s2.asm:24
     before: 'padToPowerOfTwo = 1'
     after:  'padToPowerOfTwo = 0'
   edit s2.asm:27
     before: 'fixBugs = 0'
     after:  'fixBugs = 1'
   edit s2.asm:31
     before: 'allOptimizations = 0'
     after:  'allOptimizations = 1'
   edit s2.asm:49
     before: 'useFullWaterTables = 0'
     after:  'useFullWaterTables = 1'
   BUILD_LUA exit=0 wrote=True  (s2disasm-X-1011010.lua.log)
   SIGIL exit=1 wrote=False  stderr lines=1 (s2disasm-X-1011010.sigil.err)
     sigil: s2.sounddriver.asm(248):6: error: `-z=0,saxman-bugged,Size_of_Snd_driver_guess,after`: the blob [0x0, 0x134F) is 0xF86 bytes compressed as saxman-bugged, and `Size_of_Snd_driver_guess`, the size the source declares for it, is $F64; every byte the source computed from that name is short by 0x22, and p2bin's own message for this is to raise it, so set `Size_of_Snd_driver_guess` to $F86
   LEG_REPORTED s2disasm-X-1011010
   RESULT SIGIL-DECLINED   sigil DECLINED (predicted DECLINED)

-- CORNER s2disasm-X-1011011   gameRevision=1 padToPowerOfTwo=0 fixBugs=1 allOptimizations=1 skipChecksumCheck=0 useFullWaterTables=1 build.lua:improved_sound_driver_compression=1   predict sigil DECLINED
   LEG_START s2disasm-X-1011011
   edit s2.asm:24
     before: 'padToPowerOfTwo = 1'
     after:  'padToPowerOfTwo = 0'
   edit s2.asm:27
     before: 'fixBugs = 0'
     after:  'fixBugs = 1'
   edit s2.asm:31
     before: 'allOptimizations = 0'
     after:  'allOptimizations = 1'
   edit s2.asm:49
     before: 'useFullWaterTables = 0'
     after:  'useFullWaterTables = 1'
   edit build.lua:10
     before: 'local improved_sound_driver_compression = false'
     after:  'local improved_sound_driver_compression = true'
   BUILD_LUA exit=0 wrote=True  (s2disasm-X-1011011.lua.log)
   p2bin/sigil args for this leg: -p=0 -z=0,saxman-optimised,Size_of_Snd_driver_guess,after  (shipped: -p=0 -z=0,saxman-bugged,Size_of_Snd_driver_guess,after)
   SIGIL exit=1 wrote=False  stderr lines=1 (s2disasm-X-1011011.sigil.err)
     sigil: s2.sounddriver.asm(248):6: error: `-z=0,saxman-optimised,Size_of_Snd_driver_guess,after`: the blob [0x0, 0x134F) is 0xF6C bytes compressed as saxman-optimised, and `Size_of_Snd_driver_guess`, the size the source declares for it, is $F64; every byte the source computed from that name is short by 0x8, and p2bin's own message for this is to raise it, so set `Size_of_Snd_driver_guess` to $F6C
   LEG_REPORTED s2disasm-X-1011011
   RESULT SIGIL-DECLINED   sigil DECLINED (predicted DECLINED)

-- CORNER s2disasm-X-1011100   gameRevision=1 padToPowerOfTwo=0 fixBugs=1 allOptimizations=1 skipChecksumCheck=1 useFullWaterTables=0 build.lua:improved_sound_driver_compression=0   predict sigil DECLINED
   LEG_START s2disasm-X-1011100
   edit s2.asm:24
     before: 'padToPowerOfTwo = 1'
     after:  'padToPowerOfTwo = 0'
   edit s2.asm:27
     before: 'fixBugs = 0'
     after:  'fixBugs = 1'
   edit s2.asm:31
     before: 'allOptimizations = 0'
     after:  'allOptimizations = 1'
   edit s2.asm:34
     before: 'skipChecksumCheck = 0'
     after:  'skipChecksumCheck = 1'
   BUILD_LUA exit=0 wrote=True  (s2disasm-X-1011100.lua.log)
   SIGIL exit=1 wrote=False  stderr lines=1 (s2disasm-X-1011100.sigil.err)
     sigil: s2.sounddriver.asm(248):6: error: `-z=0,saxman-bugged,Size_of_Snd_driver_guess,after`: the blob [0x0, 0x134F) is 0xF86 bytes compressed as saxman-bugged, and `Size_of_Snd_driver_guess`, the size the source declares for it, is $F64; every byte the source computed from that name is short by 0x22, and p2bin's own message for this is to raise it, so set `Size_of_Snd_driver_guess` to $F86
   LEG_REPORTED s2disasm-X-1011100
   RESULT SIGIL-DECLINED   sigil DECLINED (predicted DECLINED)

-- CORNER s2disasm-X-1011101   gameRevision=1 padToPowerOfTwo=0 fixBugs=1 allOptimizations=1 skipChecksumCheck=1 useFullWaterTables=0 build.lua:improved_sound_driver_compression=1   predict sigil DECLINED
   LEG_START s2disasm-X-1011101
   edit s2.asm:24
     before: 'padToPowerOfTwo = 1'
     after:  'padToPowerOfTwo = 0'
   edit s2.asm:27
     before: 'fixBugs = 0'
     after:  'fixBugs = 1'
   edit s2.asm:31
     before: 'allOptimizations = 0'
     after:  'allOptimizations = 1'
   edit s2.asm:34
     before: 'skipChecksumCheck = 0'
     after:  'skipChecksumCheck = 1'
   edit build.lua:10
     before: 'local improved_sound_driver_compression = false'
     after:  'local improved_sound_driver_compression = true'
   BUILD_LUA exit=0 wrote=True  (s2disasm-X-1011101.lua.log)
   p2bin/sigil args for this leg: -p=0 -z=0,saxman-optimised,Size_of_Snd_driver_guess,after  (shipped: -p=0 -z=0,saxman-bugged,Size_of_Snd_driver_guess,after)
   SIGIL exit=1 wrote=False  stderr lines=1 (s2disasm-X-1011101.sigil.err)
     sigil: s2.sounddriver.asm(248):6: error: `-z=0,saxman-optimised,Size_of_Snd_driver_guess,after`: the blob [0x0, 0x134F) is 0xF6C bytes compressed as saxman-optimised, and `Size_of_Snd_driver_guess`, the size the source declares for it, is $F64; every byte the source computed from that name is short by 0x8, and p2bin's own message for this is to raise it, so set `Size_of_Snd_driver_guess` to $F6C
   LEG_REPORTED s2disasm-X-1011101
   RESULT SIGIL-DECLINED   sigil DECLINED (predicted DECLINED)

-- CORNER s2disasm-X-1011110   gameRevision=1 padToPowerOfTwo=0 fixBugs=1 allOptimizations=1 skipChecksumCheck=1 useFullWaterTables=1 build.lua:improved_sound_driver_compression=0   predict sigil DECLINED
   LEG_START s2disasm-X-1011110
   edit s2.asm:24
     before: 'padToPowerOfTwo = 1'
     after:  'padToPowerOfTwo = 0'
   edit s2.asm:27
     before: 'fixBugs = 0'
     after:  'fixBugs = 1'
   edit s2.asm:31
     before: 'allOptimizations = 0'
     after:  'allOptimizations = 1'
   edit s2.asm:34
     before: 'skipChecksumCheck = 0'
     after:  'skipChecksumCheck = 1'
   edit s2.asm:49
     before: 'useFullWaterTables = 0'
     after:  'useFullWaterTables = 1'
   BUILD_LUA exit=0 wrote=True  (s2disasm-X-1011110.lua.log)
   SIGIL exit=1 wrote=False  stderr lines=1 (s2disasm-X-1011110.sigil.err)
     sigil: s2.sounddriver.asm(248):6: error: `-z=0,saxman-bugged,Size_of_Snd_driver_guess,after`: the blob [0x0, 0x134F) is 0xF86 bytes compressed as saxman-bugged, and `Size_of_Snd_driver_guess`, the size the source declares for it, is $F64; every byte the source computed from that name is short by 0x22, and p2bin's own message for this is to raise it, so set `Size_of_Snd_driver_guess` to $F86
   LEG_REPORTED s2disasm-X-1011110
   RESULT SIGIL-DECLINED   sigil DECLINED (predicted DECLINED)

-- CORNER s2disasm-X-1011111   gameRevision=1 padToPowerOfTwo=0 fixBugs=1 allOptimizations=1 skipChecksumCheck=1 useFullWaterTables=1 build.lua:improved_sound_driver_compression=1   predict sigil DECLINED
   LEG_START s2disasm-X-1011111
   edit s2.asm:24
     before: 'padToPowerOfTwo = 1'
     after:  'padToPowerOfTwo = 0'
   edit s2.asm:27
     before: 'fixBugs = 0'
     after:  'fixBugs = 1'
   edit s2.asm:31
     before: 'allOptimizations = 0'
     after:  'allOptimizations = 1'
   edit s2.asm:34
     before: 'skipChecksumCheck = 0'
     after:  'skipChecksumCheck = 1'
   edit s2.asm:49
     before: 'useFullWaterTables = 0'
     after:  'useFullWaterTables = 1'
   edit build.lua:10
     before: 'local improved_sound_driver_compression = false'
     after:  'local improved_sound_driver_compression = true'
   BUILD_LUA exit=0 wrote=True  (s2disasm-X-1011111.lua.log)
   p2bin/sigil args for this leg: -p=0 -z=0,saxman-optimised,Size_of_Snd_driver_guess,after  (shipped: -p=0 -z=0,saxman-bugged,Size_of_Snd_driver_guess,after)
   SIGIL exit=1 wrote=False  stderr lines=1 (s2disasm-X-1011111.sigil.err)
     sigil: s2.sounddriver.asm(248):6: error: `-z=0,saxman-optimised,Size_of_Snd_driver_guess,after`: the blob [0x0, 0x134F) is 0xF6C bytes compressed as saxman-optimised, and `Size_of_Snd_driver_guess`, the size the source declares for it, is $F64; every byte the source computed from that name is short by 0x8, and p2bin's own message for this is to raise it, so set `Size_of_Snd_driver_guess` to $F6C
   LEG_REPORTED s2disasm-X-1011111
   RESULT SIGIL-DECLINED   sigil DECLINED (predicted DECLINED)

-- CORNER s2disasm-X-1100000   gameRevision=1 padToPowerOfTwo=1 fixBugs=0 allOptimizations=0 skipChecksumCheck=0 useFullWaterTables=0 build.lua:improved_sound_driver_compression=0   predict sigil BUILT
   LEG_START s2disasm-X-1100000
   BUILD_LUA exit=0 wrote=True  (s2disasm-X-1100000.lua.log)
   SIGIL exit=0 wrote=True  stderr lines=0 (s2disasm-X-1100000.sigil.err)
   reference crc32=7b905383 size=1048576
   candidate crc32=7b905383 size=1048576
   DIFF 0 bytes in 0 runs
   CONTROL planted at ['0x200', '0x80000', '0xffffe'] -> 3 bytes in 3 runs: PASSED
   LEG_REPORTED s2disasm-X-1100000
   RESULT AGREE   sigil BUILT (predicted BUILT)

-- CORNER s2disasm-X-1100001   gameRevision=1 padToPowerOfTwo=1 fixBugs=0 allOptimizations=0 skipChecksumCheck=0 useFullWaterTables=0 build.lua:improved_sound_driver_compression=1   predict sigil BUILT
   LEG_START s2disasm-X-1100001
   edit build.lua:10
     before: 'local improved_sound_driver_compression = false'
     after:  'local improved_sound_driver_compression = true'
   BUILD_LUA exit=0 wrote=True  (s2disasm-X-1100001.lua.log)
   p2bin/sigil args for this leg: -p=0 -z=0,saxman-optimised,Size_of_Snd_driver_guess,after  (shipped: -p=0 -z=0,saxman-bugged,Size_of_Snd_driver_guess,after)
   SIGIL exit=0 wrote=True  stderr lines=0 (s2disasm-X-1100001.sigil.err)
   reference crc32=c4e244a2 size=1048576
   candidate crc32=b8a9299a size=1048576
   DIFF 2 bytes in 2 runs
     [0x00018F,0x000190) ref 36 cand 50
     [0x0EC051,0x0EC052) ref 4a cand 64
   CONTROL planted at ['0x200', '0x80000', '0xffffe'] -> 5 bytes in 5 runs: PASSED
   LEG_REPORTED s2disasm-X-1100001
   RESULT DIFFER   sigil BUILT (predicted BUILT)

-- CORNER s2disasm-X-1100010   gameRevision=1 padToPowerOfTwo=1 fixBugs=0 allOptimizations=0 skipChecksumCheck=0 useFullWaterTables=1 build.lua:improved_sound_driver_compression=0   predict sigil BUILT
   LEG_START s2disasm-X-1100010
   edit s2.asm:49
     before: 'useFullWaterTables = 0'
     after:  'useFullWaterTables = 1'
   BUILD_LUA exit=0 wrote=True  (s2disasm-X-1100010.lua.log)
   SIGIL exit=0 wrote=True  stderr lines=0 (s2disasm-X-1100010.sigil.err)
   reference crc32=bbaffa38 size=1048576
   candidate crc32=bbaffa38 size=1048576
   DIFF 0 bytes in 0 runs
   CONTROL planted at ['0x200', '0x80000', '0xffffe'] -> 3 bytes in 3 runs: PASSED
   LEG_REPORTED s2disasm-X-1100010
   RESULT AGREE   sigil BUILT (predicted BUILT)

-- CORNER s2disasm-X-1100011   gameRevision=1 padToPowerOfTwo=1 fixBugs=0 allOptimizations=0 skipChecksumCheck=0 useFullWaterTables=1 build.lua:improved_sound_driver_compression=1   predict sigil BUILT
   LEG_START s2disasm-X-1100011
   edit s2.asm:49
     before: 'useFullWaterTables = 0'
     after:  'useFullWaterTables = 1'
   edit build.lua:10
     before: 'local improved_sound_driver_compression = false'
     after:  'local improved_sound_driver_compression = true'
   BUILD_LUA exit=0 wrote=True  (s2disasm-X-1100011.lua.log)
   p2bin/sigil args for this leg: -p=0 -z=0,saxman-optimised,Size_of_Snd_driver_guess,after  (shipped: -p=0 -z=0,saxman-bugged,Size_of_Snd_driver_guess,after)
   SIGIL exit=0 wrote=True  stderr lines=0 (s2disasm-X-1100011.sigil.err)
   reference crc32=6854814e size=1048576
   candidate crc32=d26e34a5 size=1048576
   DIFF 2 bytes in 2 runs
     [0x00018F,0x000190) ref 2b cand 45
     [0x0EC051,0x0EC052) ref 4a cand 64
   CONTROL planted at ['0x200', '0x80000', '0xffffe'] -> 5 bytes in 5 runs: PASSED
   LEG_REPORTED s2disasm-X-1100011
   RESULT DIFFER   sigil BUILT (predicted BUILT)

-- CORNER s2disasm-X-1100100   gameRevision=1 padToPowerOfTwo=1 fixBugs=0 allOptimizations=0 skipChecksumCheck=1 useFullWaterTables=0 build.lua:improved_sound_driver_compression=0   predict sigil BUILT
   LEG_START s2disasm-X-1100100
   edit s2.asm:34
     before: 'skipChecksumCheck = 0'
     after:  'skipChecksumCheck = 1'
   BUILD_LUA exit=0 wrote=True  (s2disasm-X-1100100.lua.log)
   SIGIL exit=0 wrote=True  stderr lines=0 (s2disasm-X-1100100.sigil.err)
   reference crc32=f8425851 size=1048576
   candidate crc32=f8425851 size=1048576
   DIFF 0 bytes in 0 runs
   CONTROL planted at ['0x200', '0x80000', '0xffffe'] -> 3 bytes in 3 runs: PASSED
   LEG_REPORTED s2disasm-X-1100100
   RESULT AGREE   sigil BUILT (predicted BUILT)

-- CORNER s2disasm-X-1100101   gameRevision=1 padToPowerOfTwo=1 fixBugs=0 allOptimizations=0 skipChecksumCheck=1 useFullWaterTables=0 build.lua:improved_sound_driver_compression=1   predict sigil BUILT
   LEG_START s2disasm-X-1100101
   edit s2.asm:34
     before: 'skipChecksumCheck = 0'
     after:  'skipChecksumCheck = 1'
   edit build.lua:10
     before: 'local improved_sound_driver_compression = false'
     after:  'local improved_sound_driver_compression = true'
   BUILD_LUA exit=0 wrote=True  (s2disasm-X-1100101.lua.log)
   p2bin/sigil args for this leg: -p=0 -z=0,saxman-optimised,Size_of_Snd_driver_guess,after  (shipped: -p=0 -z=0,saxman-bugged,Size_of_Snd_driver_guess,after)
   SIGIL exit=0 wrote=True  stderr lines=0 (s2disasm-X-1100101.sigil.err)
   reference crc32=7f996c0c size=1048576
   candidate crc32=ce186f73 size=1048576
   DIFF 2 bytes in 2 runs
     [0x00018F,0x000190) ref 9c cand b6
     [0x0EC051,0x0EC052) ref 4a cand 64
   CONTROL planted at ['0x200', '0x80000', '0xffffe'] -> 5 bytes in 5 runs: PASSED
   LEG_REPORTED s2disasm-X-1100101
   RESULT DIFFER   sigil BUILT (predicted BUILT)

-- CORNER s2disasm-X-1100110   gameRevision=1 padToPowerOfTwo=1 fixBugs=0 allOptimizations=0 skipChecksumCheck=1 useFullWaterTables=1 build.lua:improved_sound_driver_compression=0   predict sigil BUILT
   LEG_START s2disasm-X-1100110
   edit s2.asm:34
     before: 'skipChecksumCheck = 0'
     after:  'skipChecksumCheck = 1'
   edit s2.asm:49
     before: 'useFullWaterTables = 0'
     after:  'useFullWaterTables = 1'
   BUILD_LUA exit=0 wrote=True  (s2disasm-X-1100110.lua.log)
   SIGIL exit=0 wrote=True  stderr lines=0 (s2disasm-X-1100110.sigil.err)
   reference crc32=30ed73a8 size=1048576
   candidate crc32=30ed73a8 size=1048576
   DIFF 0 bytes in 0 runs
   CONTROL planted at ['0x200', '0x80000', '0xffffe'] -> 3 bytes in 3 runs: PASSED
   LEG_REPORTED s2disasm-X-1100110
   RESULT AGREE   sigil BUILT (predicted BUILT)

-- CORNER s2disasm-X-1100111   gameRevision=1 padToPowerOfTwo=1 fixBugs=0 allOptimizations=0 skipChecksumCheck=1 useFullWaterTables=1 build.lua:improved_sound_driver_compression=1   predict sigil BUILT
   LEG_START s2disasm-X-1100111
   edit s2.asm:34
     before: 'skipChecksumCheck = 0'
     after:  'skipChecksumCheck = 1'
   edit s2.asm:49
     before: 'useFullWaterTables = 0'
     after:  'useFullWaterTables = 1'
   edit build.lua:10
     before: 'local improved_sound_driver_compression = false'
     after:  'local improved_sound_driver_compression = true'
   BUILD_LUA exit=0 wrote=True  (s2disasm-X-1100111.lua.log)
   p2bin/sigil args for this leg: -p=0 -z=0,saxman-optimised,Size_of_Snd_driver_guess,after  (shipped: -p=0 -z=0,saxman-bugged,Size_of_Snd_driver_guess,after)
   SIGIL exit=0 wrote=True  stderr lines=0 (s2disasm-X-1100111.sigil.err)
   reference crc32=6e249f5b size=1048576
   candidate crc32=06b7448a size=1048576
   DIFF 2 bytes in 2 runs
     [0x00018F,0x000190) ref 92 cand ac
     [0x0EC051,0x0EC052) ref 4a cand 64
   CONTROL planted at ['0x200', '0x80000', '0xffffe'] -> 5 bytes in 5 runs: PASSED
   LEG_REPORTED s2disasm-X-1100111
   RESULT DIFFER   sigil BUILT (predicted BUILT)

-- CORNER s2disasm-X-1101000   gameRevision=1 padToPowerOfTwo=1 fixBugs=0 allOptimizations=1 skipChecksumCheck=0 useFullWaterTables=0 build.lua:improved_sound_driver_compression=0   predict sigil BUILT
   LEG_START s2disasm-X-1101000
   edit s2.asm:31
     before: 'allOptimizations = 0'
     after:  'allOptimizations = 1'
   BUILD_LUA exit=0 wrote=True  (s2disasm-X-1101000.lua.log)
   SIGIL exit=0 wrote=True  stderr lines=0 (s2disasm-X-1101000.sigil.err)
   reference crc32=6c8cbd9b size=1048576
   candidate crc32=6c8cbd9b size=1048576
   DIFF 0 bytes in 0 runs
   CONTROL planted at ['0x200', '0x80000', '0xffffe'] -> 3 bytes in 3 runs: PASSED
   LEG_REPORTED s2disasm-X-1101000
   RESULT AGREE   sigil BUILT (predicted BUILT)

-- CORNER s2disasm-X-1101001   gameRevision=1 padToPowerOfTwo=1 fixBugs=0 allOptimizations=1 skipChecksumCheck=0 useFullWaterTables=0 build.lua:improved_sound_driver_compression=1   predict sigil BUILT
   LEG_START s2disasm-X-1101001
   edit s2.asm:31
     before: 'allOptimizations = 0'
     after:  'allOptimizations = 1'
   edit build.lua:10
     before: 'local improved_sound_driver_compression = false'
     after:  'local improved_sound_driver_compression = true'
   BUILD_LUA exit=0 wrote=True  (s2disasm-X-1101001.lua.log)
   p2bin/sigil args for this leg: -p=0 -z=0,saxman-optimised,Size_of_Snd_driver_guess,after  (shipped: -p=0 -z=0,saxman-bugged,Size_of_Snd_driver_guess,after)
   SIGIL exit=0 wrote=True  stderr lines=0 (s2disasm-X-1101001.sigil.err)
   reference crc32=095e8ad8 size=1048576
   candidate crc32=b8df89a7 size=1048576
   DIFF 2 bytes in 2 runs
     [0x00018F,0x000190) ref 0d cand 27
     [0x0EC051,0x0EC052) ref 4a cand 64
   CONTROL planted at ['0x200', '0x80000', '0xffffe'] -> 5 bytes in 5 runs: PASSED
   LEG_REPORTED s2disasm-X-1101001
   RESULT DIFFER   sigil BUILT (predicted BUILT)

-- CORNER s2disasm-X-1101010   gameRevision=1 padToPowerOfTwo=1 fixBugs=0 allOptimizations=1 skipChecksumCheck=0 useFullWaterTables=1 build.lua:improved_sound_driver_compression=0   predict sigil BUILT
   LEG_START s2disasm-X-1101010
   edit s2.asm:31
     before: 'allOptimizations = 0'
     after:  'allOptimizations = 1'
   edit s2.asm:49
     before: 'useFullWaterTables = 0'
     after:  'useFullWaterTables = 1'
   BUILD_LUA exit=0 wrote=True  (s2disasm-X-1101010.lua.log)
   SIGIL exit=0 wrote=True  stderr lines=0 (s2disasm-X-1101010.sigil.err)
   reference crc32=7560f570 size=1048576
   candidate crc32=7560f570 size=1048576
   DIFF 0 bytes in 0 runs
   CONTROL planted at ['0x200', '0x80000', '0xffffe'] -> 3 bytes in 3 runs: PASSED
   LEG_REPORTED s2disasm-X-1101010
   RESULT AGREE   sigil BUILT (predicted BUILT)

-- CORNER s2disasm-X-1101011   gameRevision=1 padToPowerOfTwo=1 fixBugs=0 allOptimizations=1 skipChecksumCheck=0 useFullWaterTables=1 build.lua:improved_sound_driver_compression=1   predict sigil BUILT
   LEG_START s2disasm-X-1101011
   edit s2.asm:31
     before: 'allOptimizations = 0'
     after:  'allOptimizations = 1'
   edit s2.asm:49
     before: 'useFullWaterTables = 0'
     after:  'useFullWaterTables = 1'
   edit build.lua:10
     before: 'local improved_sound_driver_compression = false'
     after:  'local improved_sound_driver_compression = true'
   BUILD_LUA exit=0 wrote=True  (s2disasm-X-1101011.lua.log)
   p2bin/sigil args for this leg: -p=0 -z=0,saxman-optimised,Size_of_Snd_driver_guess,after  (shipped: -p=0 -z=0,saxman-bugged,Size_of_Snd_driver_guess,after)
   SIGIL exit=0 wrote=True  stderr lines=0 (s2disasm-X-1101011.sigil.err)
   reference crc32=b60905eb size=1048576
   candidate crc32=82b3df49 size=1048576
   DIFF 2 bytes in 2 runs
     [0x00018F,0x000190) ref a9 cand c3
     [0x0EC051,0x0EC052) ref 4a cand 64
   CONTROL planted at ['0x200', '0x80000', '0xffffe'] -> 5 bytes in 5 runs: PASSED
   LEG_REPORTED s2disasm-X-1101011
   RESULT DIFFER   sigil BUILT (predicted BUILT)

-- CORNER s2disasm-X-1101100   gameRevision=1 padToPowerOfTwo=1 fixBugs=0 allOptimizations=1 skipChecksumCheck=1 useFullWaterTables=0 build.lua:improved_sound_driver_compression=0   predict sigil BUILT
   LEG_START s2disasm-X-1101100
   edit s2.asm:31
     before: 'allOptimizations = 0'
     after:  'allOptimizations = 1'
   edit s2.asm:34
     before: 'skipChecksumCheck = 0'
     after:  'skipChecksumCheck = 1'
   BUILD_LUA exit=0 wrote=True  (s2disasm-X-1101100.lua.log)
   SIGIL exit=0 wrote=True  stderr lines=0 (s2disasm-X-1101100.sigil.err)
   reference crc32=29a809e1 size=1048576
   candidate crc32=29a809e1 size=1048576
   DIFF 0 bytes in 0 runs
   CONTROL planted at ['0x200', '0x80000', '0xffffe'] -> 3 bytes in 3 runs: PASSED
   LEG_REPORTED s2disasm-X-1101100
   RESULT AGREE   sigil BUILT (predicted BUILT)

-- CORNER s2disasm-X-1101101   gameRevision=1 padToPowerOfTwo=1 fixBugs=0 allOptimizations=1 skipChecksumCheck=1 useFullWaterTables=0 build.lua:improved_sound_driver_compression=1   predict sigil BUILT
   LEG_START s2disasm-X-1101101
   edit s2.asm:31
     before: 'allOptimizations = 0'
     after:  'allOptimizations = 1'
   edit s2.asm:34
     before: 'skipChecksumCheck = 0'
     after:  'skipChecksumCheck = 1'
   edit build.lua:10
     before: 'local improved_sound_driver_compression = false'
     after:  'local improved_sound_driver_compression = true'
   BUILD_LUA exit=0 wrote=True  (s2disasm-X-1101101.lua.log)
   p2bin/sigil args for this leg: -p=0 -z=0,saxman-optimised,Size_of_Snd_driver_guess,after  (shipped: -p=0 -z=0,saxman-bugged,Size_of_Snd_driver_guess,after)
   SIGIL exit=0 wrote=True  stderr lines=0 (s2disasm-X-1101101.sigil.err)
   reference crc32=a9741de2 size=1048576
   candidate crc32=6ec2a9fd size=1048576
   DIFF 2 bytes in 2 runs
     [0x00018F,0x000190) ref 63 cand 7d
     [0x0EC051,0x0EC052) ref 4a cand 64
   CONTROL planted at ['0x200', '0x80000', '0xffffe'] -> 5 bytes in 5 runs: PASSED
   LEG_REPORTED s2disasm-X-1101101
   RESULT DIFFER   sigil BUILT (predicted BUILT)

-- CORNER s2disasm-X-1101110   gameRevision=1 padToPowerOfTwo=1 fixBugs=0 allOptimizations=1 skipChecksumCheck=1 useFullWaterTables=1 build.lua:improved_sound_driver_compression=0   predict sigil BUILT
   LEG_START s2disasm-X-1101110
   edit s2.asm:31
     before: 'allOptimizations = 0'
     after:  'allOptimizations = 1'
   edit s2.asm:34
     before: 'skipChecksumCheck = 0'
     after:  'skipChecksumCheck = 1'
   edit s2.asm:49
     before: 'useFullWaterTables = 0'
     after:  'useFullWaterTables = 1'
   BUILD_LUA exit=0 wrote=True  (s2disasm-X-1101110.lua.log)
   SIGIL exit=0 wrote=True  stderr lines=0 (s2disasm-X-1101110.sigil.err)
   reference crc32=7a9a1bb6 size=1048576
   candidate crc32=7a9a1bb6 size=1048576
   DIFF 0 bytes in 0 runs
   CONTROL planted at ['0x200', '0x80000', '0xffffe'] -> 3 bytes in 3 runs: PASSED
   LEG_REPORTED s2disasm-X-1101110
   RESULT AGREE   sigil BUILT (predicted BUILT)

-- CORNER s2disasm-X-1101111   gameRevision=1 padToPowerOfTwo=1 fixBugs=0 allOptimizations=1 skipChecksumCheck=1 useFullWaterTables=1 build.lua:improved_sound_driver_compression=1   predict sigil BUILT
   LEG_START s2disasm-X-1101111
   edit s2.asm:31
     before: 'allOptimizations = 0'
     after:  'allOptimizations = 1'
   edit s2.asm:34
     before: 'skipChecksumCheck = 0'
     after:  'skipChecksumCheck = 1'
   edit s2.asm:49
     before: 'useFullWaterTables = 0'
     after:  'useFullWaterTables = 1'
   edit build.lua:10
     before: 'local improved_sound_driver_compression = false'
     after:  'local improved_sound_driver_compression = true'
   BUILD_LUA exit=0 wrote=True  (s2disasm-X-1101111.lua.log)
   p2bin/sigil args for this leg: -p=0 -z=0,saxman-optimised,Size_of_Snd_driver_guess,after  (shipped: -p=0 -z=0,saxman-bugged,Size_of_Snd_driver_guess,after)
   SIGIL exit=0 wrote=True  stderr lines=0 (s2disasm-X-1101111.sigil.err)
   reference crc32=cceeee83 size=1048576
   candidate crc32=03c95ec6 size=1048576
   DIFF 3 bytes in 2 runs
     [0x00018E,0x000190) ref 07 ff cand 08 19
     [0x0EC051,0x0EC052) ref 4a cand 64
   CONTROL planted at ['0x200', '0x80000', '0xffffe'] -> 6 bytes in 5 runs: PASSED
   LEG_REPORTED s2disasm-X-1101111
   RESULT DIFFER   sigil BUILT (predicted BUILT)

-- CORNER s2disasm-X-1110000   gameRevision=1 padToPowerOfTwo=1 fixBugs=1 allOptimizations=0 skipChecksumCheck=0 useFullWaterTables=0 build.lua:improved_sound_driver_compression=0   predict sigil DECLINED
   LEG_START s2disasm-X-1110000
   edit s2.asm:27
     before: 'fixBugs = 0'
     after:  'fixBugs = 1'
   BUILD_LUA exit=0 wrote=True  (s2disasm-X-1110000.lua.log)
   SIGIL exit=1 wrote=False  stderr lines=1 (s2disasm-X-1110000.sigil.err)
     sigil: s2.sounddriver.asm(248):6: error: `-z=0,saxman-bugged,Size_of_Snd_driver_guess,after`: the blob [0x0, 0x134F) is 0xF88 bytes compressed as saxman-bugged, and `Size_of_Snd_driver_guess`, the size the source declares for it, is $F64; every byte the source computed from that name is short by 0x24, and p2bin's own message for this is to raise it, so set `Size_of_Snd_driver_guess` to $F88
   LEG_REPORTED s2disasm-X-1110000
   RESULT SIGIL-DECLINED   sigil DECLINED (predicted DECLINED)

-- CORNER s2disasm-X-1110001   gameRevision=1 padToPowerOfTwo=1 fixBugs=1 allOptimizations=0 skipChecksumCheck=0 useFullWaterTables=0 build.lua:improved_sound_driver_compression=1   predict sigil DECLINED
   LEG_START s2disasm-X-1110001
   edit s2.asm:27
     before: 'fixBugs = 0'
     after:  'fixBugs = 1'
   edit build.lua:10
     before: 'local improved_sound_driver_compression = false'
     after:  'local improved_sound_driver_compression = true'
   BUILD_LUA exit=0 wrote=True  (s2disasm-X-1110001.lua.log)
   p2bin/sigil args for this leg: -p=0 -z=0,saxman-optimised,Size_of_Snd_driver_guess,after  (shipped: -p=0 -z=0,saxman-bugged,Size_of_Snd_driver_guess,after)
   SIGIL exit=1 wrote=False  stderr lines=1 (s2disasm-X-1110001.sigil.err)
     sigil: s2.sounddriver.asm(248):6: error: `-z=0,saxman-optimised,Size_of_Snd_driver_guess,after`: the blob [0x0, 0x134F) is 0xF6E bytes compressed as saxman-optimised, and `Size_of_Snd_driver_guess`, the size the source declares for it, is $F64; every byte the source computed from that name is short by 0xA, and p2bin's own message for this is to raise it, so set `Size_of_Snd_driver_guess` to $F6E
   LEG_REPORTED s2disasm-X-1110001
   RESULT SIGIL-DECLINED   sigil DECLINED (predicted DECLINED)

-- CORNER s2disasm-X-1110010   gameRevision=1 padToPowerOfTwo=1 fixBugs=1 allOptimizations=0 skipChecksumCheck=0 useFullWaterTables=1 build.lua:improved_sound_driver_compression=0   predict sigil DECLINED
   LEG_START s2disasm-X-1110010
   edit s2.asm:27
     before: 'fixBugs = 0'
     after:  'fixBugs = 1'
   edit s2.asm:49
     before: 'useFullWaterTables = 0'
     after:  'useFullWaterTables = 1'
   BUILD_LUA exit=0 wrote=True  (s2disasm-X-1110010.lua.log)
   SIGIL exit=1 wrote=False  stderr lines=1 (s2disasm-X-1110010.sigil.err)
     sigil: s2.sounddriver.asm(248):6: error: `-z=0,saxman-bugged,Size_of_Snd_driver_guess,after`: the blob [0x0, 0x134F) is 0xF88 bytes compressed as saxman-bugged, and `Size_of_Snd_driver_guess`, the size the source declares for it, is $F64; every byte the source computed from that name is short by 0x24, and p2bin's own message for this is to raise it, so set `Size_of_Snd_driver_guess` to $F88
   LEG_REPORTED s2disasm-X-1110010
   RESULT SIGIL-DECLINED   sigil DECLINED (predicted DECLINED)

-- CORNER s2disasm-X-1110011   gameRevision=1 padToPowerOfTwo=1 fixBugs=1 allOptimizations=0 skipChecksumCheck=0 useFullWaterTables=1 build.lua:improved_sound_driver_compression=1   predict sigil DECLINED
   LEG_START s2disasm-X-1110011
   edit s2.asm:27
     before: 'fixBugs = 0'
     after:  'fixBugs = 1'
   edit s2.asm:49
     before: 'useFullWaterTables = 0'
     after:  'useFullWaterTables = 1'
   edit build.lua:10
     before: 'local improved_sound_driver_compression = false'
     after:  'local improved_sound_driver_compression = true'
   BUILD_LUA exit=0 wrote=True  (s2disasm-X-1110011.lua.log)
   p2bin/sigil args for this leg: -p=0 -z=0,saxman-optimised,Size_of_Snd_driver_guess,after  (shipped: -p=0 -z=0,saxman-bugged,Size_of_Snd_driver_guess,after)
   SIGIL exit=1 wrote=False  stderr lines=1 (s2disasm-X-1110011.sigil.err)
     sigil: s2.sounddriver.asm(248):6: error: `-z=0,saxman-optimised,Size_of_Snd_driver_guess,after`: the blob [0x0, 0x134F) is 0xF6E bytes compressed as saxman-optimised, and `Size_of_Snd_driver_guess`, the size the source declares for it, is $F64; every byte the source computed from that name is short by 0xA, and p2bin's own message for this is to raise it, so set `Size_of_Snd_driver_guess` to $F6E
   LEG_REPORTED s2disasm-X-1110011
   RESULT SIGIL-DECLINED   sigil DECLINED (predicted DECLINED)

-- CORNER s2disasm-X-1110100   gameRevision=1 padToPowerOfTwo=1 fixBugs=1 allOptimizations=0 skipChecksumCheck=1 useFullWaterTables=0 build.lua:improved_sound_driver_compression=0   predict sigil DECLINED
   LEG_START s2disasm-X-1110100
   edit s2.asm:27
     before: 'fixBugs = 0'
     after:  'fixBugs = 1'
   edit s2.asm:34
     before: 'skipChecksumCheck = 0'
     after:  'skipChecksumCheck = 1'
   BUILD_LUA exit=0 wrote=True  (s2disasm-X-1110100.lua.log)
   SIGIL exit=1 wrote=False  stderr lines=1 (s2disasm-X-1110100.sigil.err)
     sigil: s2.sounddriver.asm(248):6: error: `-z=0,saxman-bugged,Size_of_Snd_driver_guess,after`: the blob [0x0, 0x134F) is 0xF88 bytes compressed as saxman-bugged, and `Size_of_Snd_driver_guess`, the size the source declares for it, is $F64; every byte the source computed from that name is short by 0x24, and p2bin's own message for this is to raise it, so set `Size_of_Snd_driver_guess` to $F88
   LEG_REPORTED s2disasm-X-1110100
   RESULT SIGIL-DECLINED   sigil DECLINED (predicted DECLINED)

-- CORNER s2disasm-X-1110101   gameRevision=1 padToPowerOfTwo=1 fixBugs=1 allOptimizations=0 skipChecksumCheck=1 useFullWaterTables=0 build.lua:improved_sound_driver_compression=1   predict sigil DECLINED
   LEG_START s2disasm-X-1110101
   edit s2.asm:27
     before: 'fixBugs = 0'
     after:  'fixBugs = 1'
   edit s2.asm:34
     before: 'skipChecksumCheck = 0'
     after:  'skipChecksumCheck = 1'
   edit build.lua:10
     before: 'local improved_sound_driver_compression = false'
     after:  'local improved_sound_driver_compression = true'
   BUILD_LUA exit=0 wrote=True  (s2disasm-X-1110101.lua.log)
   p2bin/sigil args for this leg: -p=0 -z=0,saxman-optimised,Size_of_Snd_driver_guess,after  (shipped: -p=0 -z=0,saxman-bugged,Size_of_Snd_driver_guess,after)
   SIGIL exit=1 wrote=False  stderr lines=1 (s2disasm-X-1110101.sigil.err)
     sigil: s2.sounddriver.asm(248):6: error: `-z=0,saxman-optimised,Size_of_Snd_driver_guess,after`: the blob [0x0, 0x134F) is 0xF6E bytes compressed as saxman-optimised, and `Size_of_Snd_driver_guess`, the size the source declares for it, is $F64; every byte the source computed from that name is short by 0xA, and p2bin's own message for this is to raise it, so set `Size_of_Snd_driver_guess` to $F6E
   LEG_REPORTED s2disasm-X-1110101
   RESULT SIGIL-DECLINED   sigil DECLINED (predicted DECLINED)

-- CORNER s2disasm-X-1110110   gameRevision=1 padToPowerOfTwo=1 fixBugs=1 allOptimizations=0 skipChecksumCheck=1 useFullWaterTables=1 build.lua:improved_sound_driver_compression=0   predict sigil DECLINED
   LEG_START s2disasm-X-1110110
   edit s2.asm:27
     before: 'fixBugs = 0'
     after:  'fixBugs = 1'
   edit s2.asm:34
     before: 'skipChecksumCheck = 0'
     after:  'skipChecksumCheck = 1'
   edit s2.asm:49
     before: 'useFullWaterTables = 0'
     after:  'useFullWaterTables = 1'
   BUILD_LUA exit=0 wrote=True  (s2disasm-X-1110110.lua.log)
   SIGIL exit=1 wrote=False  stderr lines=1 (s2disasm-X-1110110.sigil.err)
     sigil: s2.sounddriver.asm(248):6: error: `-z=0,saxman-bugged,Size_of_Snd_driver_guess,after`: the blob [0x0, 0x134F) is 0xF88 bytes compressed as saxman-bugged, and `Size_of_Snd_driver_guess`, the size the source declares for it, is $F64; every byte the source computed from that name is short by 0x24, and p2bin's own message for this is to raise it, so set `Size_of_Snd_driver_guess` to $F88
   LEG_REPORTED s2disasm-X-1110110
   RESULT SIGIL-DECLINED   sigil DECLINED (predicted DECLINED)

-- CORNER s2disasm-X-1110111   gameRevision=1 padToPowerOfTwo=1 fixBugs=1 allOptimizations=0 skipChecksumCheck=1 useFullWaterTables=1 build.lua:improved_sound_driver_compression=1   predict sigil DECLINED
   LEG_START s2disasm-X-1110111
   edit s2.asm:27
     before: 'fixBugs = 0'
     after:  'fixBugs = 1'
   edit s2.asm:34
     before: 'skipChecksumCheck = 0'
     after:  'skipChecksumCheck = 1'
   edit s2.asm:49
     before: 'useFullWaterTables = 0'
     after:  'useFullWaterTables = 1'
   edit build.lua:10
     before: 'local improved_sound_driver_compression = false'
     after:  'local improved_sound_driver_compression = true'
   BUILD_LUA exit=0 wrote=True  (s2disasm-X-1110111.lua.log)
   p2bin/sigil args for this leg: -p=0 -z=0,saxman-optimised,Size_of_Snd_driver_guess,after  (shipped: -p=0 -z=0,saxman-bugged,Size_of_Snd_driver_guess,after)
   SIGIL exit=1 wrote=False  stderr lines=1 (s2disasm-X-1110111.sigil.err)
     sigil: s2.sounddriver.asm(248):6: error: `-z=0,saxman-optimised,Size_of_Snd_driver_guess,after`: the blob [0x0, 0x134F) is 0xF6E bytes compressed as saxman-optimised, and `Size_of_Snd_driver_guess`, the size the source declares for it, is $F64; every byte the source computed from that name is short by 0xA, and p2bin's own message for this is to raise it, so set `Size_of_Snd_driver_guess` to $F6E
   LEG_REPORTED s2disasm-X-1110111
   RESULT SIGIL-DECLINED   sigil DECLINED (predicted DECLINED)

-- CORNER s2disasm-X-1111000   gameRevision=1 padToPowerOfTwo=1 fixBugs=1 allOptimizations=1 skipChecksumCheck=0 useFullWaterTables=0 build.lua:improved_sound_driver_compression=0   predict sigil DECLINED
   LEG_START s2disasm-X-1111000
   edit s2.asm:27
     before: 'fixBugs = 0'
     after:  'fixBugs = 1'
   edit s2.asm:31
     before: 'allOptimizations = 0'
     after:  'allOptimizations = 1'
   BUILD_LUA exit=0 wrote=True  (s2disasm-X-1111000.lua.log)
   SIGIL exit=1 wrote=False  stderr lines=1 (s2disasm-X-1111000.sigil.err)
     sigil: s2.sounddriver.asm(248):6: error: `-z=0,saxman-bugged,Size_of_Snd_driver_guess,after`: the blob [0x0, 0x134F) is 0xF86 bytes compressed as saxman-bugged, and `Size_of_Snd_driver_guess`, the size the source declares for it, is $F64; every byte the source computed from that name is short by 0x22, and p2bin's own message for this is to raise it, so set `Size_of_Snd_driver_guess` to $F86
   LEG_REPORTED s2disasm-X-1111000
   RESULT SIGIL-DECLINED   sigil DECLINED (predicted DECLINED)

-- CORNER s2disasm-X-1111001   gameRevision=1 padToPowerOfTwo=1 fixBugs=1 allOptimizations=1 skipChecksumCheck=0 useFullWaterTables=0 build.lua:improved_sound_driver_compression=1   predict sigil DECLINED
   LEG_START s2disasm-X-1111001
   edit s2.asm:27
     before: 'fixBugs = 0'
     after:  'fixBugs = 1'
   edit s2.asm:31
     before: 'allOptimizations = 0'
     after:  'allOptimizations = 1'
   edit build.lua:10
     before: 'local improved_sound_driver_compression = false'
     after:  'local improved_sound_driver_compression = true'
   BUILD_LUA exit=0 wrote=True  (s2disasm-X-1111001.lua.log)
   p2bin/sigil args for this leg: -p=0 -z=0,saxman-optimised,Size_of_Snd_driver_guess,after  (shipped: -p=0 -z=0,saxman-bugged,Size_of_Snd_driver_guess,after)
   SIGIL exit=1 wrote=False  stderr lines=1 (s2disasm-X-1111001.sigil.err)
     sigil: s2.sounddriver.asm(248):6: error: `-z=0,saxman-optimised,Size_of_Snd_driver_guess,after`: the blob [0x0, 0x134F) is 0xF6C bytes compressed as saxman-optimised, and `Size_of_Snd_driver_guess`, the size the source declares for it, is $F64; every byte the source computed from that name is short by 0x8, and p2bin's own message for this is to raise it, so set `Size_of_Snd_driver_guess` to $F6C
   LEG_REPORTED s2disasm-X-1111001
   RESULT SIGIL-DECLINED   sigil DECLINED (predicted DECLINED)

-- CORNER s2disasm-X-1111010   gameRevision=1 padToPowerOfTwo=1 fixBugs=1 allOptimizations=1 skipChecksumCheck=0 useFullWaterTables=1 build.lua:improved_sound_driver_compression=0   predict sigil DECLINED
   LEG_START s2disasm-X-1111010
   edit s2.asm:27
     before: 'fixBugs = 0'
     after:  'fixBugs = 1'
   edit s2.asm:31
     before: 'allOptimizations = 0'
     after:  'allOptimizations = 1'
   edit s2.asm:49
     before: 'useFullWaterTables = 0'
     after:  'useFullWaterTables = 1'
   BUILD_LUA exit=0 wrote=True  (s2disasm-X-1111010.lua.log)
   SIGIL exit=1 wrote=False  stderr lines=1 (s2disasm-X-1111010.sigil.err)
     sigil: s2.sounddriver.asm(248):6: error: `-z=0,saxman-bugged,Size_of_Snd_driver_guess,after`: the blob [0x0, 0x134F) is 0xF86 bytes compressed as saxman-bugged, and `Size_of_Snd_driver_guess`, the size the source declares for it, is $F64; every byte the source computed from that name is short by 0x22, and p2bin's own message for this is to raise it, so set `Size_of_Snd_driver_guess` to $F86
   LEG_REPORTED s2disasm-X-1111010
   RESULT SIGIL-DECLINED   sigil DECLINED (predicted DECLINED)

-- CORNER s2disasm-X-1111011   gameRevision=1 padToPowerOfTwo=1 fixBugs=1 allOptimizations=1 skipChecksumCheck=0 useFullWaterTables=1 build.lua:improved_sound_driver_compression=1   predict sigil DECLINED
   LEG_START s2disasm-X-1111011
   edit s2.asm:27
     before: 'fixBugs = 0'
     after:  'fixBugs = 1'
   edit s2.asm:31
     before: 'allOptimizations = 0'
     after:  'allOptimizations = 1'
   edit s2.asm:49
     before: 'useFullWaterTables = 0'
     after:  'useFullWaterTables = 1'
   edit build.lua:10
     before: 'local improved_sound_driver_compression = false'
     after:  'local improved_sound_driver_compression = true'
   BUILD_LUA exit=0 wrote=True  (s2disasm-X-1111011.lua.log)
   p2bin/sigil args for this leg: -p=0 -z=0,saxman-optimised,Size_of_Snd_driver_guess,after  (shipped: -p=0 -z=0,saxman-bugged,Size_of_Snd_driver_guess,after)
   SIGIL exit=1 wrote=False  stderr lines=1 (s2disasm-X-1111011.sigil.err)
     sigil: s2.sounddriver.asm(248):6: error: `-z=0,saxman-optimised,Size_of_Snd_driver_guess,after`: the blob [0x0, 0x134F) is 0xF6C bytes compressed as saxman-optimised, and `Size_of_Snd_driver_guess`, the size the source declares for it, is $F64; every byte the source computed from that name is short by 0x8, and p2bin's own message for this is to raise it, so set `Size_of_Snd_driver_guess` to $F6C
   LEG_REPORTED s2disasm-X-1111011
   RESULT SIGIL-DECLINED   sigil DECLINED (predicted DECLINED)

-- CORNER s2disasm-X-1111100   gameRevision=1 padToPowerOfTwo=1 fixBugs=1 allOptimizations=1 skipChecksumCheck=1 useFullWaterTables=0 build.lua:improved_sound_driver_compression=0   predict sigil DECLINED
   LEG_START s2disasm-X-1111100
   edit s2.asm:27
     before: 'fixBugs = 0'
     after:  'fixBugs = 1'
   edit s2.asm:31
     before: 'allOptimizations = 0'
     after:  'allOptimizations = 1'
   edit s2.asm:34
     before: 'skipChecksumCheck = 0'
     after:  'skipChecksumCheck = 1'
   BUILD_LUA exit=0 wrote=True  (s2disasm-X-1111100.lua.log)
   SIGIL exit=1 wrote=False  stderr lines=1 (s2disasm-X-1111100.sigil.err)
     sigil: s2.sounddriver.asm(248):6: error: `-z=0,saxman-bugged,Size_of_Snd_driver_guess,after`: the blob [0x0, 0x134F) is 0xF86 bytes compressed as saxman-bugged, and `Size_of_Snd_driver_guess`, the size the source declares for it, is $F64; every byte the source computed from that name is short by 0x22, and p2bin's own message for this is to raise it, so set `Size_of_Snd_driver_guess` to $F86
   LEG_REPORTED s2disasm-X-1111100
   RESULT SIGIL-DECLINED   sigil DECLINED (predicted DECLINED)

-- CORNER s2disasm-X-1111101   gameRevision=1 padToPowerOfTwo=1 fixBugs=1 allOptimizations=1 skipChecksumCheck=1 useFullWaterTables=0 build.lua:improved_sound_driver_compression=1   predict sigil DECLINED
   LEG_START s2disasm-X-1111101
   edit s2.asm:27
     before: 'fixBugs = 0'
     after:  'fixBugs = 1'
   edit s2.asm:31
     before: 'allOptimizations = 0'
     after:  'allOptimizations = 1'
   edit s2.asm:34
     before: 'skipChecksumCheck = 0'
     after:  'skipChecksumCheck = 1'
   edit build.lua:10
     before: 'local improved_sound_driver_compression = false'
     after:  'local improved_sound_driver_compression = true'
   BUILD_LUA exit=0 wrote=True  (s2disasm-X-1111101.lua.log)
   p2bin/sigil args for this leg: -p=0 -z=0,saxman-optimised,Size_of_Snd_driver_guess,after  (shipped: -p=0 -z=0,saxman-bugged,Size_of_Snd_driver_guess,after)
   SIGIL exit=1 wrote=False  stderr lines=1 (s2disasm-X-1111101.sigil.err)
     sigil: s2.sounddriver.asm(248):6: error: `-z=0,saxman-optimised,Size_of_Snd_driver_guess,after`: the blob [0x0, 0x134F) is 0xF6C bytes compressed as saxman-optimised, and `Size_of_Snd_driver_guess`, the size the source declares for it, is $F64; every byte the source computed from that name is short by 0x8, and p2bin's own message for this is to raise it, so set `Size_of_Snd_driver_guess` to $F6C
   LEG_REPORTED s2disasm-X-1111101
   RESULT SIGIL-DECLINED   sigil DECLINED (predicted DECLINED)

-- CORNER s2disasm-X-1111110   gameRevision=1 padToPowerOfTwo=1 fixBugs=1 allOptimizations=1 skipChecksumCheck=1 useFullWaterTables=1 build.lua:improved_sound_driver_compression=0   predict sigil DECLINED
   LEG_START s2disasm-X-1111110
   edit s2.asm:27
     before: 'fixBugs = 0'
     after:  'fixBugs = 1'
   edit s2.asm:31
     before: 'allOptimizations = 0'
     after:  'allOptimizations = 1'
   edit s2.asm:34
     before: 'skipChecksumCheck = 0'
     after:  'skipChecksumCheck = 1'
   edit s2.asm:49
     before: 'useFullWaterTables = 0'
     after:  'useFullWaterTables = 1'
   BUILD_LUA exit=0 wrote=True  (s2disasm-X-1111110.lua.log)
   SIGIL exit=1 wrote=False  stderr lines=1 (s2disasm-X-1111110.sigil.err)
     sigil: s2.sounddriver.asm(248):6: error: `-z=0,saxman-bugged,Size_of_Snd_driver_guess,after`: the blob [0x0, 0x134F) is 0xF86 bytes compressed as saxman-bugged, and `Size_of_Snd_driver_guess`, the size the source declares for it, is $F64; every byte the source computed from that name is short by 0x22, and p2bin's own message for this is to raise it, so set `Size_of_Snd_driver_guess` to $F86
   LEG_REPORTED s2disasm-X-1111110
   RESULT SIGIL-DECLINED   sigil DECLINED (predicted DECLINED)

-- CORNER s2disasm-X-1111111   gameRevision=1 padToPowerOfTwo=1 fixBugs=1 allOptimizations=1 skipChecksumCheck=1 useFullWaterTables=1 build.lua:improved_sound_driver_compression=1   predict sigil DECLINED
   LEG_START s2disasm-X-1111111
   edit s2.asm:27
     before: 'fixBugs = 0'
     after:  'fixBugs = 1'
   edit s2.asm:31
     before: 'allOptimizations = 0'
     after:  'allOptimizations = 1'
   edit s2.asm:34
     before: 'skipChecksumCheck = 0'
     after:  'skipChecksumCheck = 1'
   edit s2.asm:49
     before: 'useFullWaterTables = 0'
     after:  'useFullWaterTables = 1'
   edit build.lua:10
     before: 'local improved_sound_driver_compression = false'
     after:  'local improved_sound_driver_compression = true'
   BUILD_LUA exit=0 wrote=True  (s2disasm-X-1111111.lua.log)
   p2bin/sigil args for this leg: -p=0 -z=0,saxman-optimised,Size_of_Snd_driver_guess,after  (shipped: -p=0 -z=0,saxman-bugged,Size_of_Snd_driver_guess,after)
   SIGIL exit=1 wrote=False  stderr lines=1 (s2disasm-X-1111111.sigil.err)
     sigil: s2.sounddriver.asm(248):6: error: `-z=0,saxman-optimised,Size_of_Snd_driver_guess,after`: the blob [0x0, 0x134F) is 0xF6C bytes compressed as saxman-optimised, and `Size_of_Snd_driver_guess`, the size the source declares for it, is $F64; every byte the source computed from that name is short by 0x8, and p2bin's own message for this is to raise it, so set `Size_of_Snd_driver_guess` to $F6C
   LEG_REPORTED s2disasm-X-1111111
   RESULT SIGIL-DECLINED   sigil DECLINED (predicted DECLINED)

-- CORNER s2disasm-X-2000000   gameRevision=2 padToPowerOfTwo=0 fixBugs=0 allOptimizations=0 skipChecksumCheck=0 useFullWaterTables=0 build.lua:improved_sound_driver_compression=0   predict sigil BUILT
   LEG_START s2disasm-X-2000000
   edit s2.asm:20
     before: 'gameRevision = 1'
     after:  'gameRevision = 2'
   edit s2.asm:24
     before: 'padToPowerOfTwo = 1'
     after:  'padToPowerOfTwo = 0'
   BUILD_LUA exit=0 wrote=True  (s2disasm-X-2000000.lua.log)
   SIGIL exit=0 wrote=True  stderr lines=0 (s2disasm-X-2000000.sigil.err)
   reference crc32=59acad4d size=1048556
   candidate crc32=59acad4d size=1048556
   DIFF 0 bytes in 0 runs
   CONTROL planted at ['0x200', '0x7fff6', '0xfffea'] -> 3 bytes in 3 runs: PASSED
   LEG_REPORTED s2disasm-X-2000000
   RESULT AGREE   sigil BUILT (predicted BUILT)

-- CORNER s2disasm-X-2000001   gameRevision=2 padToPowerOfTwo=0 fixBugs=0 allOptimizations=0 skipChecksumCheck=0 useFullWaterTables=0 build.lua:improved_sound_driver_compression=1   predict sigil BUILT
   LEG_START s2disasm-X-2000001
   edit s2.asm:20
     before: 'gameRevision = 1'
     after:  'gameRevision = 2'
   edit s2.asm:24
     before: 'padToPowerOfTwo = 1'
     after:  'padToPowerOfTwo = 0'
   edit build.lua:10
     before: 'local improved_sound_driver_compression = false'
     after:  'local improved_sound_driver_compression = true'
   BUILD_LUA exit=0 wrote=True  (s2disasm-X-2000001.lua.log)
   p2bin/sigil args for this leg: -p=0 -z=0,saxman-optimised,Size_of_Snd_driver_guess,after  (shipped: -p=0 -z=0,saxman-bugged,Size_of_Snd_driver_guess,after)
   SIGIL exit=0 wrote=True  stderr lines=0 (s2disasm-X-2000001.sigil.err)
   reference crc32=268e8c39 size=1048444
   candidate crc32=0199feaf size=1048444
   DIFF 2 bytes in 2 runs
     [0x00018F,0x000190) ref a4 cand be
     [0x0EC051,0x0EC052) ref 4a cand 64
   CONTROL planted at ['0x200', '0x7ffbe', '0xfff7a'] -> 5 bytes in 5 runs: PASSED
   LEG_REPORTED s2disasm-X-2000001
   RESULT DIFFER   sigil BUILT (predicted BUILT)

-- CORNER s2disasm-X-2000010   gameRevision=2 padToPowerOfTwo=0 fixBugs=0 allOptimizations=0 skipChecksumCheck=0 useFullWaterTables=1 build.lua:improved_sound_driver_compression=0   predict sigil BUILT
   LEG_START s2disasm-X-2000010
   edit s2.asm:20
     before: 'gameRevision = 1'
     after:  'gameRevision = 2'
   edit s2.asm:24
     before: 'padToPowerOfTwo = 1'
     after:  'padToPowerOfTwo = 0'
   edit s2.asm:49
     before: 'useFullWaterTables = 0'
     after:  'useFullWaterTables = 1'
   BUILD_LUA exit=0 wrote=True  (s2disasm-X-2000010.lua.log)
   SIGIL exit=0 wrote=True  stderr lines=0 (s2disasm-X-2000010.sigil.err)
   reference crc32=11832994 size=1048556
   candidate crc32=11832994 size=1048556
   DIFF 0 bytes in 0 runs
   CONTROL planted at ['0x200', '0x7fff6', '0xfffea'] -> 3 bytes in 3 runs: PASSED
   LEG_REPORTED s2disasm-X-2000010
   RESULT AGREE   sigil BUILT (predicted BUILT)

-- CORNER s2disasm-X-2000011   gameRevision=2 padToPowerOfTwo=0 fixBugs=0 allOptimizations=0 skipChecksumCheck=0 useFullWaterTables=1 build.lua:improved_sound_driver_compression=1   predict sigil BUILT
   LEG_START s2disasm-X-2000011
   edit s2.asm:20
     before: 'gameRevision = 1'
     after:  'gameRevision = 2'
   edit s2.asm:24
     before: 'padToPowerOfTwo = 1'
     after:  'padToPowerOfTwo = 0'
   edit s2.asm:49
     before: 'useFullWaterTables = 0'
     after:  'useFullWaterTables = 1'
   edit build.lua:10
     before: 'local improved_sound_driver_compression = false'
     after:  'local improved_sound_driver_compression = true'
   BUILD_LUA exit=0 wrote=True  (s2disasm-X-2000011.lua.log)
   p2bin/sigil args for this leg: -p=0 -z=0,saxman-optimised,Size_of_Snd_driver_guess,after  (shipped: -p=0 -z=0,saxman-bugged,Size_of_Snd_driver_guess,after)
   SIGIL exit=0 wrote=True  stderr lines=0 (s2disasm-X-2000011.sigil.err)
   reference crc32=25a84b33 size=1048444
   candidate crc32=bd20a8c4 size=1048444
   DIFF 2 bytes in 2 runs
     [0x00018F,0x000190) ref 39 cand 53
     [0x0EC051,0x0EC052) ref 4a cand 64
   CONTROL planted at ['0x200', '0x7ffbe', '0xfff7a'] -> 5 bytes in 5 runs: PASSED
   LEG_REPORTED s2disasm-X-2000011
   RESULT DIFFER   sigil BUILT (predicted BUILT)

-- CORNER s2disasm-X-2000100   gameRevision=2 padToPowerOfTwo=0 fixBugs=0 allOptimizations=0 skipChecksumCheck=1 useFullWaterTables=0 build.lua:improved_sound_driver_compression=0   predict sigil BUILT
   LEG_START s2disasm-X-2000100
   edit s2.asm:20
     before: 'gameRevision = 1'
     after:  'gameRevision = 2'
   edit s2.asm:24
     before: 'padToPowerOfTwo = 1'
     after:  'padToPowerOfTwo = 0'
   edit s2.asm:34
     before: 'skipChecksumCheck = 0'
     after:  'skipChecksumCheck = 1'
   BUILD_LUA exit=0 wrote=True  (s2disasm-X-2000100.lua.log)
   SIGIL exit=0 wrote=True  stderr lines=0 (s2disasm-X-2000100.sigil.err)
   reference crc32=6a4dc021 size=1048556
   candidate crc32=6a4dc021 size=1048556
   DIFF 0 bytes in 0 runs
   CONTROL planted at ['0x200', '0x7fff6', '0xfffea'] -> 3 bytes in 3 runs: PASSED
   LEG_REPORTED s2disasm-X-2000100
   RESULT AGREE   sigil BUILT (predicted BUILT)

-- CORNER s2disasm-X-2000101   gameRevision=2 padToPowerOfTwo=0 fixBugs=0 allOptimizations=0 skipChecksumCheck=1 useFullWaterTables=0 build.lua:improved_sound_driver_compression=1   predict sigil BUILT
   LEG_START s2disasm-X-2000101
   edit s2.asm:20
     before: 'gameRevision = 1'
     after:  'gameRevision = 2'
   edit s2.asm:24
     before: 'padToPowerOfTwo = 1'
     after:  'padToPowerOfTwo = 0'
   edit s2.asm:34
     before: 'skipChecksumCheck = 0'
     after:  'skipChecksumCheck = 1'
   edit build.lua:10
     before: 'local improved_sound_driver_compression = false'
     after:  'local improved_sound_driver_compression = true'
   BUILD_LUA exit=0 wrote=True  (s2disasm-X-2000101.lua.log)
   p2bin/sigil args for this leg: -p=0 -z=0,saxman-optimised,Size_of_Snd_driver_guess,after  (shipped: -p=0 -z=0,saxman-bugged,Size_of_Snd_driver_guess,after)
   SIGIL exit=0 wrote=True  stderr lines=0 (s2disasm-X-2000101.sigil.err)
   reference crc32=a9c4a726 size=1048444
   candidate crc32=5a760b93 size=1048444
   DIFF 2 bytes in 2 runs
     [0x00018F,0x000190) ref 8a cand a4
     [0x0EC051,0x0EC052) ref 4a cand 64
   CONTROL planted at ['0x200', '0x7ffbe', '0xfff7a'] -> 5 bytes in 5 runs: PASSED
   LEG_REPORTED s2disasm-X-2000101
   RESULT DIFFER   sigil BUILT (predicted BUILT)

-- CORNER s2disasm-X-2000110   gameRevision=2 padToPowerOfTwo=0 fixBugs=0 allOptimizations=0 skipChecksumCheck=1 useFullWaterTables=1 build.lua:improved_sound_driver_compression=0   predict sigil BUILT
   LEG_START s2disasm-X-2000110
   edit s2.asm:20
     before: 'gameRevision = 1'
     after:  'gameRevision = 2'
   edit s2.asm:24
     before: 'padToPowerOfTwo = 1'
     after:  'padToPowerOfTwo = 0'
   edit s2.asm:34
     before: 'skipChecksumCheck = 0'
     after:  'skipChecksumCheck = 1'
   edit s2.asm:49
     before: 'useFullWaterTables = 0'
     after:  'useFullWaterTables = 1'
   BUILD_LUA exit=0 wrote=True  (s2disasm-X-2000110.lua.log)
   SIGIL exit=0 wrote=True  stderr lines=0 (s2disasm-X-2000110.sigil.err)
   reference crc32=fb8f9d9f size=1048556
   candidate crc32=fb8f9d9f size=1048556
   DIFF 0 bytes in 0 runs
   CONTROL planted at ['0x200', '0x7fff6', '0xfffea'] -> 3 bytes in 3 runs: PASSED
   LEG_REPORTED s2disasm-X-2000110
   RESULT AGREE   sigil BUILT (predicted BUILT)

-- CORNER s2disasm-X-2000111   gameRevision=2 padToPowerOfTwo=0 fixBugs=0 allOptimizations=0 skipChecksumCheck=1 useFullWaterTables=1 build.lua:improved_sound_driver_compression=1   predict sigil BUILT
   LEG_START s2disasm-X-2000111
   edit s2.asm:20
     before: 'gameRevision = 1'
     after:  'gameRevision = 2'
   edit s2.asm:24
     before: 'padToPowerOfTwo = 1'
     after:  'padToPowerOfTwo = 0'
   edit s2.asm:34
     before: 'skipChecksumCheck = 0'
     after:  'skipChecksumCheck = 1'
   edit s2.asm:49
     before: 'useFullWaterTables = 0'
     after:  'useFullWaterTables = 1'
   edit build.lua:10
     before: 'local improved_sound_driver_compression = false'
     after:  'local improved_sound_driver_compression = true'
   BUILD_LUA exit=0 wrote=True  (s2disasm-X-2000111.lua.log)
   p2bin/sigil args for this leg: -p=0 -z=0,saxman-optimised,Size_of_Snd_driver_guess,after  (shipped: -p=0 -z=0,saxman-bugged,Size_of_Snd_driver_guess,after)
   SIGIL exit=0 wrote=True  stderr lines=0 (s2disasm-X-2000111.sigil.err)
   reference crc32=e516a67f size=1048444
   candidate crc32=569f5a47 size=1048444
   DIFF 2 bytes in 2 runs
     [0x00018F,0x000190) ref 22 cand 3c
     [0x0EC051,0x0EC052) ref 4a cand 64
   CONTROL planted at ['0x200', '0x7ffbe', '0xfff7a'] -> 5 bytes in 5 runs: PASSED
   LEG_REPORTED s2disasm-X-2000111
   RESULT DIFFER   sigil BUILT (predicted BUILT)

-- CORNER s2disasm-X-2001000   gameRevision=2 padToPowerOfTwo=0 fixBugs=0 allOptimizations=1 skipChecksumCheck=0 useFullWaterTables=0 build.lua:improved_sound_driver_compression=0   predict sigil BUILT
   LEG_START s2disasm-X-2001000
   edit s2.asm:20
     before: 'gameRevision = 1'
     after:  'gameRevision = 2'
   edit s2.asm:24
     before: 'padToPowerOfTwo = 1'
     after:  'padToPowerOfTwo = 0'
   edit s2.asm:31
     before: 'allOptimizations = 0'
     after:  'allOptimizations = 1'
   BUILD_LUA exit=0 wrote=True  (s2disasm-X-2001000.lua.log)
   SIGIL exit=0 wrote=True  stderr lines=0 (s2disasm-X-2001000.sigil.err)
   reference crc32=a647aadd size=1048556
   candidate crc32=a647aadd size=1048556
   DIFF 0 bytes in 0 runs
   CONTROL planted at ['0x200', '0x7fff6', '0xfffea'] -> 3 bytes in 3 runs: PASSED
   LEG_REPORTED s2disasm-X-2001000
   RESULT AGREE   sigil BUILT (predicted BUILT)

-- CORNER s2disasm-X-2001001   gameRevision=2 padToPowerOfTwo=0 fixBugs=0 allOptimizations=1 skipChecksumCheck=0 useFullWaterTables=0 build.lua:improved_sound_driver_compression=1   predict sigil BUILT
   LEG_START s2disasm-X-2001001
   edit s2.asm:20
     before: 'gameRevision = 1'
     after:  'gameRevision = 2'
   edit s2.asm:24
     before: 'padToPowerOfTwo = 1'
     after:  'padToPowerOfTwo = 0'
   edit s2.asm:31
     before: 'allOptimizations = 0'
     after:  'allOptimizations = 1'
   edit build.lua:10
     before: 'local improved_sound_driver_compression = false'
     after:  'local improved_sound_driver_compression = true'
   BUILD_LUA exit=0 wrote=True  (s2disasm-X-2001001.lua.log)
   p2bin/sigil args for this leg: -p=0 -z=0,saxman-optimised,Size_of_Snd_driver_guess,after  (shipped: -p=0 -z=0,saxman-bugged,Size_of_Snd_driver_guess,after)
   SIGIL exit=0 wrote=True  stderr lines=0 (s2disasm-X-2001001.sigil.err)
   reference crc32=51b1588b size=1048444
   candidate crc32=504fef23 size=1048444
   DIFF 2 bytes in 2 runs
     [0x00018F,0x000190) ref 5f cand 79
     [0x0EC051,0x0EC052) ref 4a cand 64
   CONTROL planted at ['0x200', '0x7ffbe', '0xfff7a'] -> 5 bytes in 5 runs: PASSED
   LEG_REPORTED s2disasm-X-2001001
   RESULT DIFFER   sigil BUILT (predicted BUILT)

-- CORNER s2disasm-X-2001010   gameRevision=2 padToPowerOfTwo=0 fixBugs=0 allOptimizations=1 skipChecksumCheck=0 useFullWaterTables=1 build.lua:improved_sound_driver_compression=0   predict sigil BUILT
   LEG_START s2disasm-X-2001010
   edit s2.asm:20
     before: 'gameRevision = 1'
     after:  'gameRevision = 2'
   edit s2.asm:24
     before: 'padToPowerOfTwo = 1'
     after:  'padToPowerOfTwo = 0'
   edit s2.asm:31
     before: 'allOptimizations = 0'
     after:  'allOptimizations = 1'
   edit s2.asm:49
     before: 'useFullWaterTables = 0'
     after:  'useFullWaterTables = 1'
   BUILD_LUA exit=0 wrote=True  (s2disasm-X-2001010.lua.log)
   SIGIL exit=0 wrote=True  stderr lines=0 (s2disasm-X-2001010.sigil.err)
   reference crc32=49d2b769 size=1048556
   candidate crc32=49d2b769 size=1048556
   DIFF 0 bytes in 0 runs
   CONTROL planted at ['0x200', '0x7fff6', '0xfffea'] -> 3 bytes in 3 runs: PASSED
   LEG_REPORTED s2disasm-X-2001010
   RESULT AGREE   sigil BUILT (predicted BUILT)

-- CORNER s2disasm-X-2001011   gameRevision=2 padToPowerOfTwo=0 fixBugs=0 allOptimizations=1 skipChecksumCheck=0 useFullWaterTables=1 build.lua:improved_sound_driver_compression=1   predict sigil BUILT
   LEG_START s2disasm-X-2001011
   edit s2.asm:20
     before: 'gameRevision = 1'
     after:  'gameRevision = 2'
   edit s2.asm:24
     before: 'padToPowerOfTwo = 1'
     after:  'padToPowerOfTwo = 0'
   edit s2.asm:31
     before: 'allOptimizations = 0'
     after:  'allOptimizations = 1'
   edit s2.asm:49
     before: 'useFullWaterTables = 0'
     after:  'useFullWaterTables = 1'
   edit build.lua:10
     before: 'local improved_sound_driver_compression = false'
     after:  'local improved_sound_driver_compression = true'
   BUILD_LUA exit=0 wrote=True  (s2disasm-X-2001011.lua.log)
   p2bin/sigil args for this leg: -p=0 -z=0,saxman-optimised,Size_of_Snd_driver_guess,after  (shipped: -p=0 -z=0,saxman-bugged,Size_of_Snd_driver_guess,after)
   SIGIL exit=0 wrote=True  stderr lines=0 (s2disasm-X-2001011.sigil.err)
   reference crc32=c19d9131 size=1048444
   candidate crc32=591572c6 size=1048444
   DIFF 2 bytes in 2 runs
     [0x00018F,0x000190) ref 3c cand 56
     [0x0EC051,0x0EC052) ref 4a cand 64
   CONTROL planted at ['0x200', '0x7ffbe', '0xfff7a'] -> 5 bytes in 5 runs: PASSED
   LEG_REPORTED s2disasm-X-2001011
   RESULT DIFFER   sigil BUILT (predicted BUILT)

-- CORNER s2disasm-X-2001100   gameRevision=2 padToPowerOfTwo=0 fixBugs=0 allOptimizations=1 skipChecksumCheck=1 useFullWaterTables=0 build.lua:improved_sound_driver_compression=0   predict sigil BUILT
   LEG_START s2disasm-X-2001100
   edit s2.asm:20
     before: 'gameRevision = 1'
     after:  'gameRevision = 2'
   edit s2.asm:24
     before: 'padToPowerOfTwo = 1'
     after:  'padToPowerOfTwo = 0'
   edit s2.asm:31
     before: 'allOptimizations = 0'
     after:  'allOptimizations = 1'
   edit s2.asm:34
     before: 'skipChecksumCheck = 0'
     after:  'skipChecksumCheck = 1'
   BUILD_LUA exit=0 wrote=True  (s2disasm-X-2001100.lua.log)
   SIGIL exit=0 wrote=True  stderr lines=0 (s2disasm-X-2001100.sigil.err)
   reference crc32=8ba4e5a3 size=1048556
   candidate crc32=8ba4e5a3 size=1048556
   DIFF 0 bytes in 0 runs
   CONTROL planted at ['0x200', '0x7fff6', '0xfffea'] -> 3 bytes in 3 runs: PASSED
   LEG_REPORTED s2disasm-X-2001100
   RESULT AGREE   sigil BUILT (predicted BUILT)

-- CORNER s2disasm-X-2001101   gameRevision=2 padToPowerOfTwo=0 fixBugs=0 allOptimizations=1 skipChecksumCheck=1 useFullWaterTables=0 build.lua:improved_sound_driver_compression=1   predict sigil BUILT
   LEG_START s2disasm-X-2001101
   edit s2.asm:20
     before: 'gameRevision = 1'
     after:  'gameRevision = 2'
   edit s2.asm:24
     before: 'padToPowerOfTwo = 1'
     after:  'padToPowerOfTwo = 0'
   edit s2.asm:31
     before: 'allOptimizations = 0'
     after:  'allOptimizations = 1'
   edit s2.asm:34
     before: 'skipChecksumCheck = 0'
     after:  'skipChecksumCheck = 1'
   edit build.lua:10
     before: 'local improved_sound_driver_compression = false'
     after:  'local improved_sound_driver_compression = true'
   BUILD_LUA exit=0 wrote=True  (s2disasm-X-2001101.lua.log)
   p2bin/sigil args for this leg: -p=0 -z=0,saxman-optimised,Size_of_Snd_driver_guess,after  (shipped: -p=0 -z=0,saxman-bugged,Size_of_Snd_driver_guess,after)
   SIGIL exit=0 wrote=True  stderr lines=0 (s2disasm-X-2001101.sigil.err)
   reference crc32=e00ffffd size=1048444
   candidate crc32=6356a9e8 size=1048444
   DIFF 2 bytes in 2 runs
     [0x00018F,0x000190) ref 75 cand 8f
     [0x0EC051,0x0EC052) ref 4a cand 64
   CONTROL planted at ['0x200', '0x7ffbe', '0xfff7a'] -> 5 bytes in 5 runs: PASSED
   LEG_REPORTED s2disasm-X-2001101
   RESULT DIFFER   sigil BUILT (predicted BUILT)

-- CORNER s2disasm-X-2001110   gameRevision=2 padToPowerOfTwo=0 fixBugs=0 allOptimizations=1 skipChecksumCheck=1 useFullWaterTables=1 build.lua:improved_sound_driver_compression=0   predict sigil BUILT
   LEG_START s2disasm-X-2001110
   edit s2.asm:20
     before: 'gameRevision = 1'
     after:  'gameRevision = 2'
   edit s2.asm:24
     before: 'padToPowerOfTwo = 1'
     after:  'padToPowerOfTwo = 0'
   edit s2.asm:31
     before: 'allOptimizations = 0'
     after:  'allOptimizations = 1'
   edit s2.asm:34
     before: 'skipChecksumCheck = 0'
     after:  'skipChecksumCheck = 1'
   edit s2.asm:49
     before: 'useFullWaterTables = 0'
     after:  'useFullWaterTables = 1'
   BUILD_LUA exit=0 wrote=True  (s2disasm-X-2001110.lua.log)
   SIGIL exit=0 wrote=True  stderr lines=0 (s2disasm-X-2001110.sigil.err)
   reference crc32=ac9a01cb size=1048556
   candidate crc32=ac9a01cb size=1048556
   DIFF 0 bytes in 0 runs
   CONTROL planted at ['0x200', '0x7fff6', '0xfffea'] -> 3 bytes in 3 runs: PASSED
   LEG_REPORTED s2disasm-X-2001110
   RESULT AGREE   sigil BUILT (predicted BUILT)

-- CORNER s2disasm-X-2001111   gameRevision=2 padToPowerOfTwo=0 fixBugs=0 allOptimizations=1 skipChecksumCheck=1 useFullWaterTables=1 build.lua:improved_sound_driver_compression=1   predict sigil BUILT
   LEG_START s2disasm-X-2001111
   edit s2.asm:20
     before: 'gameRevision = 1'
     after:  'gameRevision = 2'
   edit s2.asm:24
     before: 'padToPowerOfTwo = 1'
     after:  'padToPowerOfTwo = 0'
   edit s2.asm:31
     before: 'allOptimizations = 0'
     after:  'allOptimizations = 1'
   edit s2.asm:34
     before: 'skipChecksumCheck = 0'
     after:  'skipChecksumCheck = 1'
   edit s2.asm:49
     before: 'useFullWaterTables = 0'
     after:  'useFullWaterTables = 1'
   edit build.lua:10
     before: 'local improved_sound_driver_compression = false'
     after:  'local improved_sound_driver_compression = true'
   BUILD_LUA exit=0 wrote=True  (s2disasm-X-2001111.lua.log)
   p2bin/sigil args for this leg: -p=0 -z=0,saxman-optimised,Size_of_Snd_driver_guess,after  (shipped: -p=0 -z=0,saxman-bugged,Size_of_Snd_driver_guess,after)
   SIGIL exit=0 wrote=True  stderr lines=0 (s2disasm-X-2001111.sigil.err)
   reference crc32=ee877dc1 size=1048444
   candidate crc32=b6426fa1 size=1048444
   DIFF 2 bytes in 2 runs
     [0x00018F,0x000190) ref 51 cand 6b
     [0x0EC051,0x0EC052) ref 4a cand 64
   CONTROL planted at ['0x200', '0x7ffbe', '0xfff7a'] -> 5 bytes in 5 runs: PASSED
   LEG_REPORTED s2disasm-X-2001111
   RESULT DIFFER   sigil BUILT (predicted BUILT)

-- CORNER s2disasm-X-2010000   gameRevision=2 padToPowerOfTwo=0 fixBugs=1 allOptimizations=0 skipChecksumCheck=0 useFullWaterTables=0 build.lua:improved_sound_driver_compression=0   predict sigil DECLINED
   LEG_START s2disasm-X-2010000
   edit s2.asm:20
     before: 'gameRevision = 1'
     after:  'gameRevision = 2'
   edit s2.asm:24
     before: 'padToPowerOfTwo = 1'
     after:  'padToPowerOfTwo = 0'
   edit s2.asm:27
     before: 'fixBugs = 0'
     after:  'fixBugs = 1'
   BUILD_LUA exit=0 wrote=True  (s2disasm-X-2010000.lua.log)
   SIGIL exit=1 wrote=False  stderr lines=1 (s2disasm-X-2010000.sigil.err)
     sigil: s2.sounddriver.asm(248):6: error: `-z=0,saxman-bugged,Size_of_Snd_driver_guess,after`: the blob [0x0, 0x134F) is 0xF88 bytes compressed as saxman-bugged, and `Size_of_Snd_driver_guess`, the size the source declares for it, is $F64; every byte the source computed from that name is short by 0x24, and p2bin's own message for this is to raise it, so set `Size_of_Snd_driver_guess` to $F88
   LEG_REPORTED s2disasm-X-2010000
   RESULT SIGIL-DECLINED   sigil DECLINED (predicted DECLINED)

-- CORNER s2disasm-X-2010001   gameRevision=2 padToPowerOfTwo=0 fixBugs=1 allOptimizations=0 skipChecksumCheck=0 useFullWaterTables=0 build.lua:improved_sound_driver_compression=1   predict sigil DECLINED
   LEG_START s2disasm-X-2010001
   edit s2.asm:20
     before: 'gameRevision = 1'
     after:  'gameRevision = 2'
   edit s2.asm:24
     before: 'padToPowerOfTwo = 1'
     after:  'padToPowerOfTwo = 0'
   edit s2.asm:27
     before: 'fixBugs = 0'
     after:  'fixBugs = 1'
   edit build.lua:10
     before: 'local improved_sound_driver_compression = false'
     after:  'local improved_sound_driver_compression = true'
   BUILD_LUA exit=0 wrote=True  (s2disasm-X-2010001.lua.log)
   p2bin/sigil args for this leg: -p=0 -z=0,saxman-optimised,Size_of_Snd_driver_guess,after  (shipped: -p=0 -z=0,saxman-bugged,Size_of_Snd_driver_guess,after)
   SIGIL exit=1 wrote=False  stderr lines=1 (s2disasm-X-2010001.sigil.err)
     sigil: s2.sounddriver.asm(248):6: error: `-z=0,saxman-optimised,Size_of_Snd_driver_guess,after`: the blob [0x0, 0x134F) is 0xF6E bytes compressed as saxman-optimised, and `Size_of_Snd_driver_guess`, the size the source declares for it, is $F64; every byte the source computed from that name is short by 0xA, and p2bin's own message for this is to raise it, so set `Size_of_Snd_driver_guess` to $F6E
   LEG_REPORTED s2disasm-X-2010001
   RESULT SIGIL-DECLINED   sigil DECLINED (predicted DECLINED)

-- CORNER s2disasm-X-2010010   gameRevision=2 padToPowerOfTwo=0 fixBugs=1 allOptimizations=0 skipChecksumCheck=0 useFullWaterTables=1 build.lua:improved_sound_driver_compression=0   predict sigil DECLINED
   LEG_START s2disasm-X-2010010
   edit s2.asm:20
     before: 'gameRevision = 1'
     after:  'gameRevision = 2'
   edit s2.asm:24
     before: 'padToPowerOfTwo = 1'
     after:  'padToPowerOfTwo = 0'
   edit s2.asm:27
     before: 'fixBugs = 0'
     after:  'fixBugs = 1'
   edit s2.asm:49
     before: 'useFullWaterTables = 0'
     after:  'useFullWaterTables = 1'
   BUILD_LUA exit=0 wrote=True  (s2disasm-X-2010010.lua.log)
   SIGIL exit=1 wrote=False  stderr lines=1 (s2disasm-X-2010010.sigil.err)
     sigil: s2.sounddriver.asm(248):6: error: `-z=0,saxman-bugged,Size_of_Snd_driver_guess,after`: the blob [0x0, 0x134F) is 0xF88 bytes compressed as saxman-bugged, and `Size_of_Snd_driver_guess`, the size the source declares for it, is $F64; every byte the source computed from that name is short by 0x24, and p2bin's own message for this is to raise it, so set `Size_of_Snd_driver_guess` to $F88
   LEG_REPORTED s2disasm-X-2010010
   RESULT SIGIL-DECLINED   sigil DECLINED (predicted DECLINED)

-- CORNER s2disasm-X-2010011   gameRevision=2 padToPowerOfTwo=0 fixBugs=1 allOptimizations=0 skipChecksumCheck=0 useFullWaterTables=1 build.lua:improved_sound_driver_compression=1   predict sigil DECLINED
   LEG_START s2disasm-X-2010011
   edit s2.asm:20
     before: 'gameRevision = 1'
     after:  'gameRevision = 2'
   edit s2.asm:24
     before: 'padToPowerOfTwo = 1'
     after:  'padToPowerOfTwo = 0'
   edit s2.asm:27
     before: 'fixBugs = 0'
     after:  'fixBugs = 1'
   edit s2.asm:49
     before: 'useFullWaterTables = 0'
     after:  'useFullWaterTables = 1'
   edit build.lua:10
     before: 'local improved_sound_driver_compression = false'
     after:  'local improved_sound_driver_compression = true'
   BUILD_LUA exit=0 wrote=True  (s2disasm-X-2010011.lua.log)
   p2bin/sigil args for this leg: -p=0 -z=0,saxman-optimised,Size_of_Snd_driver_guess,after  (shipped: -p=0 -z=0,saxman-bugged,Size_of_Snd_driver_guess,after)
   SIGIL exit=1 wrote=False  stderr lines=1 (s2disasm-X-2010011.sigil.err)
     sigil: s2.sounddriver.asm(248):6: error: `-z=0,saxman-optimised,Size_of_Snd_driver_guess,after`: the blob [0x0, 0x134F) is 0xF6E bytes compressed as saxman-optimised, and `Size_of_Snd_driver_guess`, the size the source declares for it, is $F64; every byte the source computed from that name is short by 0xA, and p2bin's own message for this is to raise it, so set `Size_of_Snd_driver_guess` to $F6E
   LEG_REPORTED s2disasm-X-2010011
   RESULT SIGIL-DECLINED   sigil DECLINED (predicted DECLINED)

-- CORNER s2disasm-X-2010100   gameRevision=2 padToPowerOfTwo=0 fixBugs=1 allOptimizations=0 skipChecksumCheck=1 useFullWaterTables=0 build.lua:improved_sound_driver_compression=0   predict sigil DECLINED
   LEG_START s2disasm-X-2010100
   edit s2.asm:20
     before: 'gameRevision = 1'
     after:  'gameRevision = 2'
   edit s2.asm:24
     before: 'padToPowerOfTwo = 1'
     after:  'padToPowerOfTwo = 0'
   edit s2.asm:27
     before: 'fixBugs = 0'
     after:  'fixBugs = 1'
   edit s2.asm:34
     before: 'skipChecksumCheck = 0'
     after:  'skipChecksumCheck = 1'
   BUILD_LUA exit=0 wrote=True  (s2disasm-X-2010100.lua.log)
   SIGIL exit=1 wrote=False  stderr lines=1 (s2disasm-X-2010100.sigil.err)
     sigil: s2.sounddriver.asm(248):6: error: `-z=0,saxman-bugged,Size_of_Snd_driver_guess,after`: the blob [0x0, 0x134F) is 0xF88 bytes compressed as saxman-bugged, and `Size_of_Snd_driver_guess`, the size the source declares for it, is $F64; every byte the source computed from that name is short by 0x24, and p2bin's own message for this is to raise it, so set `Size_of_Snd_driver_guess` to $F88
   LEG_REPORTED s2disasm-X-2010100
   RESULT SIGIL-DECLINED   sigil DECLINED (predicted DECLINED)

-- CORNER s2disasm-X-2010101   gameRevision=2 padToPowerOfTwo=0 fixBugs=1 allOptimizations=0 skipChecksumCheck=1 useFullWaterTables=0 build.lua:improved_sound_driver_compression=1   predict sigil DECLINED
   LEG_START s2disasm-X-2010101
   edit s2.asm:20
     before: 'gameRevision = 1'
     after:  'gameRevision = 2'
   edit s2.asm:24
     before: 'padToPowerOfTwo = 1'
     after:  'padToPowerOfTwo = 0'
   edit s2.asm:27
     before: 'fixBugs = 0'
     after:  'fixBugs = 1'
   edit s2.asm:34
     before: 'skipChecksumCheck = 0'
     after:  'skipChecksumCheck = 1'
   edit build.lua:10
     before: 'local improved_sound_driver_compression = false'
     after:  'local improved_sound_driver_compression = true'
   BUILD_LUA exit=0 wrote=True  (s2disasm-X-2010101.lua.log)
   p2bin/sigil args for this leg: -p=0 -z=0,saxman-optimised,Size_of_Snd_driver_guess,after  (shipped: -p=0 -z=0,saxman-bugged,Size_of_Snd_driver_guess,after)
   SIGIL exit=1 wrote=False  stderr lines=1 (s2disasm-X-2010101.sigil.err)
     sigil: s2.sounddriver.asm(248):6: error: `-z=0,saxman-optimised,Size_of_Snd_driver_guess,after`: the blob [0x0, 0x134F) is 0xF6E bytes compressed as saxman-optimised, and `Size_of_Snd_driver_guess`, the size the source declares for it, is $F64; every byte the source computed from that name is short by 0xA, and p2bin's own message for this is to raise it, so set `Size_of_Snd_driver_guess` to $F6E
   LEG_REPORTED s2disasm-X-2010101
   RESULT SIGIL-DECLINED   sigil DECLINED (predicted DECLINED)

-- CORNER s2disasm-X-2010110   gameRevision=2 padToPowerOfTwo=0 fixBugs=1 allOptimizations=0 skipChecksumCheck=1 useFullWaterTables=1 build.lua:improved_sound_driver_compression=0   predict sigil DECLINED
   LEG_START s2disasm-X-2010110
   edit s2.asm:20
     before: 'gameRevision = 1'
     after:  'gameRevision = 2'
   edit s2.asm:24
     before: 'padToPowerOfTwo = 1'
     after:  'padToPowerOfTwo = 0'
   edit s2.asm:27
     before: 'fixBugs = 0'
     after:  'fixBugs = 1'
   edit s2.asm:34
     before: 'skipChecksumCheck = 0'
     after:  'skipChecksumCheck = 1'
   edit s2.asm:49
     before: 'useFullWaterTables = 0'
     after:  'useFullWaterTables = 1'
   BUILD_LUA exit=0 wrote=True  (s2disasm-X-2010110.lua.log)
   SIGIL exit=1 wrote=False  stderr lines=1 (s2disasm-X-2010110.sigil.err)
     sigil: s2.sounddriver.asm(248):6: error: `-z=0,saxman-bugged,Size_of_Snd_driver_guess,after`: the blob [0x0, 0x134F) is 0xF88 bytes compressed as saxman-bugged, and `Size_of_Snd_driver_guess`, the size the source declares for it, is $F64; every byte the source computed from that name is short by 0x24, and p2bin's own message for this is to raise it, so set `Size_of_Snd_driver_guess` to $F88
   LEG_REPORTED s2disasm-X-2010110
   RESULT SIGIL-DECLINED   sigil DECLINED (predicted DECLINED)

-- CORNER s2disasm-X-2010111   gameRevision=2 padToPowerOfTwo=0 fixBugs=1 allOptimizations=0 skipChecksumCheck=1 useFullWaterTables=1 build.lua:improved_sound_driver_compression=1   predict sigil DECLINED
   LEG_START s2disasm-X-2010111
   edit s2.asm:20
     before: 'gameRevision = 1'
     after:  'gameRevision = 2'
   edit s2.asm:24
     before: 'padToPowerOfTwo = 1'
     after:  'padToPowerOfTwo = 0'
   edit s2.asm:27
     before: 'fixBugs = 0'
     after:  'fixBugs = 1'
   edit s2.asm:34
     before: 'skipChecksumCheck = 0'
     after:  'skipChecksumCheck = 1'
   edit s2.asm:49
     before: 'useFullWaterTables = 0'
     after:  'useFullWaterTables = 1'
   edit build.lua:10
     before: 'local improved_sound_driver_compression = false'
     after:  'local improved_sound_driver_compression = true'
   BUILD_LUA exit=0 wrote=True  (s2disasm-X-2010111.lua.log)
   p2bin/sigil args for this leg: -p=0 -z=0,saxman-optimised,Size_of_Snd_driver_guess,after  (shipped: -p=0 -z=0,saxman-bugged,Size_of_Snd_driver_guess,after)
   SIGIL exit=1 wrote=False  stderr lines=1 (s2disasm-X-2010111.sigil.err)
     sigil: s2.sounddriver.asm(248):6: error: `-z=0,saxman-optimised,Size_of_Snd_driver_guess,after`: the blob [0x0, 0x134F) is 0xF6E bytes compressed as saxman-optimised, and `Size_of_Snd_driver_guess`, the size the source declares for it, is $F64; every byte the source computed from that name is short by 0xA, and p2bin's own message for this is to raise it, so set `Size_of_Snd_driver_guess` to $F6E
   LEG_REPORTED s2disasm-X-2010111
   RESULT SIGIL-DECLINED   sigil DECLINED (predicted DECLINED)

-- CORNER s2disasm-X-2011000   gameRevision=2 padToPowerOfTwo=0 fixBugs=1 allOptimizations=1 skipChecksumCheck=0 useFullWaterTables=0 build.lua:improved_sound_driver_compression=0   predict sigil DECLINED
   LEG_START s2disasm-X-2011000
   edit s2.asm:20
     before: 'gameRevision = 1'
     after:  'gameRevision = 2'
   edit s2.asm:24
     before: 'padToPowerOfTwo = 1'
     after:  'padToPowerOfTwo = 0'
   edit s2.asm:27
     before: 'fixBugs = 0'
     after:  'fixBugs = 1'
   edit s2.asm:31
     before: 'allOptimizations = 0'
     after:  'allOptimizations = 1'
   BUILD_LUA exit=0 wrote=True  (s2disasm-X-2011000.lua.log)
   SIGIL exit=1 wrote=False  stderr lines=1 (s2disasm-X-2011000.sigil.err)
     sigil: s2.sounddriver.asm(248):6: error: `-z=0,saxman-bugged,Size_of_Snd_driver_guess,after`: the blob [0x0, 0x134F) is 0xF86 bytes compressed as saxman-bugged, and `Size_of_Snd_driver_guess`, the size the source declares for it, is $F64; every byte the source computed from that name is short by 0x22, and p2bin's own message for this is to raise it, so set `Size_of_Snd_driver_guess` to $F86
   LEG_REPORTED s2disasm-X-2011000
   RESULT SIGIL-DECLINED   sigil DECLINED (predicted DECLINED)

-- CORNER s2disasm-X-2011001   gameRevision=2 padToPowerOfTwo=0 fixBugs=1 allOptimizations=1 skipChecksumCheck=0 useFullWaterTables=0 build.lua:improved_sound_driver_compression=1   predict sigil DECLINED
   LEG_START s2disasm-X-2011001
   edit s2.asm:20
     before: 'gameRevision = 1'
     after:  'gameRevision = 2'
   edit s2.asm:24
     before: 'padToPowerOfTwo = 1'
     after:  'padToPowerOfTwo = 0'
   edit s2.asm:27
     before: 'fixBugs = 0'
     after:  'fixBugs = 1'
   edit s2.asm:31
     before: 'allOptimizations = 0'
     after:  'allOptimizations = 1'
   edit build.lua:10
     before: 'local improved_sound_driver_compression = false'
     after:  'local improved_sound_driver_compression = true'
   BUILD_LUA exit=0 wrote=True  (s2disasm-X-2011001.lua.log)
   p2bin/sigil args for this leg: -p=0 -z=0,saxman-optimised,Size_of_Snd_driver_guess,after  (shipped: -p=0 -z=0,saxman-bugged,Size_of_Snd_driver_guess,after)
   SIGIL exit=1 wrote=False  stderr lines=1 (s2disasm-X-2011001.sigil.err)
     sigil: s2.sounddriver.asm(248):6: error: `-z=0,saxman-optimised,Size_of_Snd_driver_guess,after`: the blob [0x0, 0x134F) is 0xF6C bytes compressed as saxman-optimised, and `Size_of_Snd_driver_guess`, the size the source declares for it, is $F64; every byte the source computed from that name is short by 0x8, and p2bin's own message for this is to raise it, so set `Size_of_Snd_driver_guess` to $F6C
   LEG_REPORTED s2disasm-X-2011001
   RESULT SIGIL-DECLINED   sigil DECLINED (predicted DECLINED)

-- CORNER s2disasm-X-2011010   gameRevision=2 padToPowerOfTwo=0 fixBugs=1 allOptimizations=1 skipChecksumCheck=0 useFullWaterTables=1 build.lua:improved_sound_driver_compression=0   predict sigil DECLINED
   LEG_START s2disasm-X-2011010
   edit s2.asm:20
     before: 'gameRevision = 1'
     after:  'gameRevision = 2'
   edit s2.asm:24
     before: 'padToPowerOfTwo = 1'
     after:  'padToPowerOfTwo = 0'
   edit s2.asm:27
     before: 'fixBugs = 0'
     after:  'fixBugs = 1'
   edit s2.asm:31
     before: 'allOptimizations = 0'
     after:  'allOptimizations = 1'
   edit s2.asm:49
     before: 'useFullWaterTables = 0'
     after:  'useFullWaterTables = 1'
   BUILD_LUA exit=0 wrote=True  (s2disasm-X-2011010.lua.log)
   SIGIL exit=1 wrote=False  stderr lines=1 (s2disasm-X-2011010.sigil.err)
     sigil: s2.sounddriver.asm(248):6: error: `-z=0,saxman-bugged,Size_of_Snd_driver_guess,after`: the blob [0x0, 0x134F) is 0xF88 bytes compressed as saxman-bugged, and `Size_of_Snd_driver_guess`, the size the source declares for it, is $F64; every byte the source computed from that name is short by 0x24, and p2bin's own message for this is to raise it, so set `Size_of_Snd_driver_guess` to $F88
   LEG_REPORTED s2disasm-X-2011010
   RESULT SIGIL-DECLINED   sigil DECLINED (predicted DECLINED)

-- CORNER s2disasm-X-2011011   gameRevision=2 padToPowerOfTwo=0 fixBugs=1 allOptimizations=1 skipChecksumCheck=0 useFullWaterTables=1 build.lua:improved_sound_driver_compression=1   predict sigil DECLINED
   LEG_START s2disasm-X-2011011
   edit s2.asm:20
     before: 'gameRevision = 1'
     after:  'gameRevision = 2'
   edit s2.asm:24
     before: 'padToPowerOfTwo = 1'
     after:  'padToPowerOfTwo = 0'
   edit s2.asm:27
     before: 'fixBugs = 0'
     after:  'fixBugs = 1'
   edit s2.asm:31
     before: 'allOptimizations = 0'
     after:  'allOptimizations = 1'
   edit s2.asm:49
     before: 'useFullWaterTables = 0'
     after:  'useFullWaterTables = 1'
   edit build.lua:10
     before: 'local improved_sound_driver_compression = false'
     after:  'local improved_sound_driver_compression = true'
   BUILD_LUA exit=0 wrote=True  (s2disasm-X-2011011.lua.log)
   p2bin/sigil args for this leg: -p=0 -z=0,saxman-optimised,Size_of_Snd_driver_guess,after  (shipped: -p=0 -z=0,saxman-bugged,Size_of_Snd_driver_guess,after)
   SIGIL exit=1 wrote=False  stderr lines=1 (s2disasm-X-2011011.sigil.err)
     sigil: s2.sounddriver.asm(248):6: error: `-z=0,saxman-optimised,Size_of_Snd_driver_guess,after`: the blob [0x0, 0x134F) is 0xF6E bytes compressed as saxman-optimised, and `Size_of_Snd_driver_guess`, the size the source declares for it, is $F64; every byte the source computed from that name is short by 0xA, and p2bin's own message for this is to raise it, so set `Size_of_Snd_driver_guess` to $F6E
   LEG_REPORTED s2disasm-X-2011011
   RESULT SIGIL-DECLINED   sigil DECLINED (predicted DECLINED)

-- CORNER s2disasm-X-2011100   gameRevision=2 padToPowerOfTwo=0 fixBugs=1 allOptimizations=1 skipChecksumCheck=1 useFullWaterTables=0 build.lua:improved_sound_driver_compression=0   predict sigil DECLINED
   LEG_START s2disasm-X-2011100
   edit s2.asm:20
     before: 'gameRevision = 1'
     after:  'gameRevision = 2'
   edit s2.asm:24
     before: 'padToPowerOfTwo = 1'
     after:  'padToPowerOfTwo = 0'
   edit s2.asm:27
     before: 'fixBugs = 0'
     after:  'fixBugs = 1'
   edit s2.asm:31
     before: 'allOptimizations = 0'
     after:  'allOptimizations = 1'
   edit s2.asm:34
     before: 'skipChecksumCheck = 0'
     after:  'skipChecksumCheck = 1'
   BUILD_LUA exit=0 wrote=True  (s2disasm-X-2011100.lua.log)
   SIGIL exit=1 wrote=False  stderr lines=1 (s2disasm-X-2011100.sigil.err)
     sigil: s2.sounddriver.asm(248):6: error: `-z=0,saxman-bugged,Size_of_Snd_driver_guess,after`: the blob [0x0, 0x134F) is 0xF86 bytes compressed as saxman-bugged, and `Size_of_Snd_driver_guess`, the size the source declares for it, is $F64; every byte the source computed from that name is short by 0x22, and p2bin's own message for this is to raise it, so set `Size_of_Snd_driver_guess` to $F86
   LEG_REPORTED s2disasm-X-2011100
   RESULT SIGIL-DECLINED   sigil DECLINED (predicted DECLINED)

-- CORNER s2disasm-X-2011101   gameRevision=2 padToPowerOfTwo=0 fixBugs=1 allOptimizations=1 skipChecksumCheck=1 useFullWaterTables=0 build.lua:improved_sound_driver_compression=1   predict sigil DECLINED
   LEG_START s2disasm-X-2011101
   edit s2.asm:20
     before: 'gameRevision = 1'
     after:  'gameRevision = 2'
   edit s2.asm:24
     before: 'padToPowerOfTwo = 1'
     after:  'padToPowerOfTwo = 0'
   edit s2.asm:27
     before: 'fixBugs = 0'
     after:  'fixBugs = 1'
   edit s2.asm:31
     before: 'allOptimizations = 0'
     after:  'allOptimizations = 1'
   edit s2.asm:34
     before: 'skipChecksumCheck = 0'
     after:  'skipChecksumCheck = 1'
   edit build.lua:10
     before: 'local improved_sound_driver_compression = false'
     after:  'local improved_sound_driver_compression = true'
   BUILD_LUA exit=0 wrote=True  (s2disasm-X-2011101.lua.log)
   p2bin/sigil args for this leg: -p=0 -z=0,saxman-optimised,Size_of_Snd_driver_guess,after  (shipped: -p=0 -z=0,saxman-bugged,Size_of_Snd_driver_guess,after)
   SIGIL exit=1 wrote=False  stderr lines=1 (s2disasm-X-2011101.sigil.err)
     sigil: s2.sounddriver.asm(248):6: error: `-z=0,saxman-optimised,Size_of_Snd_driver_guess,after`: the blob [0x0, 0x134F) is 0xF6C bytes compressed as saxman-optimised, and `Size_of_Snd_driver_guess`, the size the source declares for it, is $F64; every byte the source computed from that name is short by 0x8, and p2bin's own message for this is to raise it, so set `Size_of_Snd_driver_guess` to $F6C
   LEG_REPORTED s2disasm-X-2011101
   RESULT SIGIL-DECLINED   sigil DECLINED (predicted DECLINED)

-- CORNER s2disasm-X-2011110   gameRevision=2 padToPowerOfTwo=0 fixBugs=1 allOptimizations=1 skipChecksumCheck=1 useFullWaterTables=1 build.lua:improved_sound_driver_compression=0   predict sigil DECLINED
   LEG_START s2disasm-X-2011110
   edit s2.asm:20
     before: 'gameRevision = 1'
     after:  'gameRevision = 2'
   edit s2.asm:24
     before: 'padToPowerOfTwo = 1'
     after:  'padToPowerOfTwo = 0'
   edit s2.asm:27
     before: 'fixBugs = 0'
     after:  'fixBugs = 1'
   edit s2.asm:31
     before: 'allOptimizations = 0'
     after:  'allOptimizations = 1'
   edit s2.asm:34
     before: 'skipChecksumCheck = 0'
     after:  'skipChecksumCheck = 1'
   edit s2.asm:49
     before: 'useFullWaterTables = 0'
     after:  'useFullWaterTables = 1'
   BUILD_LUA exit=0 wrote=True  (s2disasm-X-2011110.lua.log)
   SIGIL exit=1 wrote=False  stderr lines=1 (s2disasm-X-2011110.sigil.err)
     sigil: s2.sounddriver.asm(248):6: error: `-z=0,saxman-bugged,Size_of_Snd_driver_guess,after`: the blob [0x0, 0x134F) is 0xF86 bytes compressed as saxman-bugged, and `Size_of_Snd_driver_guess`, the size the source declares for it, is $F64; every byte the source computed from that name is short by 0x22, and p2bin's own message for this is to raise it, so set `Size_of_Snd_driver_guess` to $F86
   LEG_REPORTED s2disasm-X-2011110
   RESULT SIGIL-DECLINED   sigil DECLINED (predicted DECLINED)

-- CORNER s2disasm-X-2011111   gameRevision=2 padToPowerOfTwo=0 fixBugs=1 allOptimizations=1 skipChecksumCheck=1 useFullWaterTables=1 build.lua:improved_sound_driver_compression=1   predict sigil DECLINED
   LEG_START s2disasm-X-2011111
   edit s2.asm:20
     before: 'gameRevision = 1'
     after:  'gameRevision = 2'
   edit s2.asm:24
     before: 'padToPowerOfTwo = 1'
     after:  'padToPowerOfTwo = 0'
   edit s2.asm:27
     before: 'fixBugs = 0'
     after:  'fixBugs = 1'
   edit s2.asm:31
     before: 'allOptimizations = 0'
     after:  'allOptimizations = 1'
   edit s2.asm:34
     before: 'skipChecksumCheck = 0'
     after:  'skipChecksumCheck = 1'
   edit s2.asm:49
     before: 'useFullWaterTables = 0'
     after:  'useFullWaterTables = 1'
   edit build.lua:10
     before: 'local improved_sound_driver_compression = false'
     after:  'local improved_sound_driver_compression = true'
   BUILD_LUA exit=0 wrote=True  (s2disasm-X-2011111.lua.log)
   p2bin/sigil args for this leg: -p=0 -z=0,saxman-optimised,Size_of_Snd_driver_guess,after  (shipped: -p=0 -z=0,saxman-bugged,Size_of_Snd_driver_guess,after)
   SIGIL exit=1 wrote=False  stderr lines=1 (s2disasm-X-2011111.sigil.err)
     sigil: s2.sounddriver.asm(248):6: error: `-z=0,saxman-optimised,Size_of_Snd_driver_guess,after`: the blob [0x0, 0x134F) is 0xF6C bytes compressed as saxman-optimised, and `Size_of_Snd_driver_guess`, the size the source declares for it, is $F64; every byte the source computed from that name is short by 0x8, and p2bin's own message for this is to raise it, so set `Size_of_Snd_driver_guess` to $F6C
   LEG_REPORTED s2disasm-X-2011111
   RESULT SIGIL-DECLINED   sigil DECLINED (predicted DECLINED)

-- CORNER s2disasm-X-2100000   gameRevision=2 padToPowerOfTwo=1 fixBugs=0 allOptimizations=0 skipChecksumCheck=0 useFullWaterTables=0 build.lua:improved_sound_driver_compression=0   predict sigil BUILT
   LEG_START s2disasm-X-2100000
   edit s2.asm:20
     before: 'gameRevision = 1'
     after:  'gameRevision = 2'
   BUILD_LUA exit=0 wrote=True  (s2disasm-X-2100000.lua.log)
   SIGIL exit=0 wrote=True  stderr lines=0 (s2disasm-X-2100000.sigil.err)
   reference crc32=d10a3a93 size=1048576
   candidate crc32=d10a3a93 size=1048576
   DIFF 0 bytes in 0 runs
   CONTROL planted at ['0x200', '0x80000', '0xffffe'] -> 3 bytes in 3 runs: PASSED
   LEG_REPORTED s2disasm-X-2100000
   RESULT AGREE   sigil BUILT (predicted BUILT)

-- CORNER s2disasm-X-2100001   gameRevision=2 padToPowerOfTwo=1 fixBugs=0 allOptimizations=0 skipChecksumCheck=0 useFullWaterTables=0 build.lua:improved_sound_driver_compression=1   predict sigil BUILT
   LEG_START s2disasm-X-2100001
   edit s2.asm:20
     before: 'gameRevision = 1'
     after:  'gameRevision = 2'
   edit build.lua:10
     before: 'local improved_sound_driver_compression = false'
     after:  'local improved_sound_driver_compression = true'
   BUILD_LUA exit=0 wrote=True  (s2disasm-X-2100001.lua.log)
   p2bin/sigil args for this leg: -p=0 -z=0,saxman-optimised,Size_of_Snd_driver_guess,after  (shipped: -p=0 -z=0,saxman-bugged,Size_of_Snd_driver_guess,after)
   SIGIL exit=0 wrote=True  stderr lines=0 (s2disasm-X-2100001.sigil.err)
   reference crc32=5b059bdc size=1048576
   candidate crc32=1233408a size=1048576
   DIFF 2 bytes in 2 runs
     [0x00018F,0x000190) ref a4 cand be
     [0x0EC051,0x0EC052) ref 4a cand 64
   CONTROL planted at ['0x200', '0x80000', '0xffffe'] -> 5 bytes in 5 runs: PASSED
   LEG_REPORTED s2disasm-X-2100001
   RESULT DIFFER   sigil BUILT (predicted BUILT)

-- CORNER s2disasm-X-2100010   gameRevision=2 padToPowerOfTwo=1 fixBugs=0 allOptimizations=0 skipChecksumCheck=0 useFullWaterTables=1 build.lua:improved_sound_driver_compression=0   predict sigil BUILT
   LEG_START s2disasm-X-2100010
   edit s2.asm:20
     before: 'gameRevision = 1'
     after:  'gameRevision = 2'
   edit s2.asm:49
     before: 'useFullWaterTables = 0'
     after:  'useFullWaterTables = 1'
   BUILD_LUA exit=0 wrote=True  (s2disasm-X-2100010.lua.log)
   SIGIL exit=0 wrote=True  stderr lines=0 (s2disasm-X-2100010.sigil.err)
   reference crc32=f46f7ff8 size=1048576
   candidate crc32=f46f7ff8 size=1048576
   DIFF 0 bytes in 0 runs
   CONTROL planted at ['0x200', '0x80000', '0xffffe'] -> 3 bytes in 3 runs: PASSED
   LEG_REPORTED s2disasm-X-2100010
   RESULT AGREE   sigil BUILT (predicted BUILT)

-- CORNER s2disasm-X-2100011   gameRevision=2 padToPowerOfTwo=1 fixBugs=0 allOptimizations=0 skipChecksumCheck=0 useFullWaterTables=1 build.lua:improved_sound_driver_compression=1   predict sigil BUILT
   LEG_START s2disasm-X-2100011
   edit s2.asm:20
     before: 'gameRevision = 1'
     after:  'gameRevision = 2'
   edit s2.asm:49
     before: 'useFullWaterTables = 0'
     after:  'useFullWaterTables = 1'
   edit build.lua:10
     before: 'local improved_sound_driver_compression = false'
     after:  'local improved_sound_driver_compression = true'
   BUILD_LUA exit=0 wrote=True  (s2disasm-X-2100011.lua.log)
   p2bin/sigil args for this leg: -p=0 -z=0,saxman-optimised,Size_of_Snd_driver_guess,after  (shipped: -p=0 -z=0,saxman-bugged,Size_of_Snd_driver_guess,after)
   SIGIL exit=0 wrote=True  stderr lines=0 (s2disasm-X-2100011.sigil.err)
   reference crc32=cdebbb03 size=1048576
   candidate crc32=f95161a1 size=1048576
   DIFF 2 bytes in 2 runs
     [0x00018F,0x000190) ref 39 cand 53
     [0x0EC051,0x0EC052) ref 4a cand 64
   CONTROL planted at ['0x200', '0x80000', '0xffffe'] -> 5 bytes in 5 runs: PASSED
   LEG_REPORTED s2disasm-X-2100011
   RESULT DIFFER   sigil BUILT (predicted BUILT)

-- CORNER s2disasm-X-2100100   gameRevision=2 padToPowerOfTwo=1 fixBugs=0 allOptimizations=0 skipChecksumCheck=1 useFullWaterTables=0 build.lua:improved_sound_driver_compression=0   predict sigil BUILT
   LEG_START s2disasm-X-2100100
   edit s2.asm:20
     before: 'gameRevision = 1'
     after:  'gameRevision = 2'
   edit s2.asm:34
     before: 'skipChecksumCheck = 0'
     after:  'skipChecksumCheck = 1'
   BUILD_LUA exit=0 wrote=True  (s2disasm-X-2100100.lua.log)
   SIGIL exit=0 wrote=True  stderr lines=0 (s2disasm-X-2100100.sigil.err)
   reference crc32=bd059555 size=1048576
   candidate crc32=bd059555 size=1048576
   DIFF 0 bytes in 0 runs
   CONTROL planted at ['0x200', '0x80000', '0xffffe'] -> 3 bytes in 3 runs: PASSED
   LEG_REPORTED s2disasm-X-2100100
   RESULT AGREE   sigil BUILT (predicted BUILT)

-- CORNER s2disasm-X-2100101   gameRevision=2 padToPowerOfTwo=1 fixBugs=0 allOptimizations=0 skipChecksumCheck=1 useFullWaterTables=0 build.lua:improved_sound_driver_compression=1   predict sigil BUILT
   LEG_START s2disasm-X-2100101
   edit s2.asm:20
     before: 'gameRevision = 1'
     after:  'gameRevision = 2'
   edit s2.asm:34
     before: 'skipChecksumCheck = 0'
     after:  'skipChecksumCheck = 1'
   edit build.lua:10
     before: 'local improved_sound_driver_compression = false'
     after:  'local improved_sound_driver_compression = true'
   BUILD_LUA exit=0 wrote=True  (s2disasm-X-2100101.lua.log)
   p2bin/sigil args for this leg: -p=0 -z=0,saxman-optimised,Size_of_Snd_driver_guess,after  (shipped: -p=0 -z=0,saxman-bugged,Size_of_Snd_driver_guess,after)
   SIGIL exit=0 wrote=True  stderr lines=0 (s2disasm-X-2100101.sigil.err)
   reference crc32=ab423cf7 size=1048576
   candidate crc32=944350c1 size=1048576
   DIFF 2 bytes in 2 runs
     [0x00018F,0x000190) ref 8a cand a4
     [0x0EC051,0x0EC052) ref 4a cand 64
   CONTROL planted at ['0x200', '0x80000', '0xffffe'] -> 5 bytes in 5 runs: PASSED
   LEG_REPORTED s2disasm-X-2100101
   RESULT DIFFER   sigil BUILT (predicted BUILT)

-- CORNER s2disasm-X-2100110   gameRevision=2 padToPowerOfTwo=1 fixBugs=0 allOptimizations=0 skipChecksumCheck=1 useFullWaterTables=1 build.lua:improved_sound_driver_compression=0   predict sigil BUILT
   LEG_START s2disasm-X-2100110
   edit s2.asm:20
     before: 'gameRevision = 1'
     after:  'gameRevision = 2'
   edit s2.asm:34
     before: 'skipChecksumCheck = 0'
     after:  'skipChecksumCheck = 1'
   edit s2.asm:49
     before: 'useFullWaterTables = 0'
     after:  'useFullWaterTables = 1'
   BUILD_LUA exit=0 wrote=True  (s2disasm-X-2100110.lua.log)
   SIGIL exit=0 wrote=True  stderr lines=0 (s2disasm-X-2100110.sigil.err)
   reference crc32=671e4699 size=1048576
   candidate crc32=671e4699 size=1048576
   DIFF 0 bytes in 0 runs
   CONTROL planted at ['0x200', '0x80000', '0xffffe'] -> 3 bytes in 3 runs: PASSED
   LEG_REPORTED s2disasm-X-2100110
   RESULT AGREE   sigil BUILT (predicted BUILT)

-- CORNER s2disasm-X-2100111   gameRevision=2 padToPowerOfTwo=1 fixBugs=0 allOptimizations=0 skipChecksumCheck=1 useFullWaterTables=1 build.lua:improved_sound_driver_compression=1   predict sigil BUILT
   LEG_START s2disasm-X-2100111
   edit s2.asm:20
     before: 'gameRevision = 1'
     after:  'gameRevision = 2'
   edit s2.asm:34
     before: 'skipChecksumCheck = 0'
     after:  'skipChecksumCheck = 1'
   edit s2.asm:49
     before: 'useFullWaterTables = 0'
     after:  'useFullWaterTables = 1'
   edit build.lua:10
     before: 'local improved_sound_driver_compression = false'
     after:  'local improved_sound_driver_compression = true'
   BUILD_LUA exit=0 wrote=True  (s2disasm-X-2100111.lua.log)
   p2bin/sigil args for this leg: -p=0 -z=0,saxman-optimised,Size_of_Snd_driver_guess,after  (shipped: -p=0 -z=0,saxman-bugged,Size_of_Snd_driver_guess,after)
   SIGIL exit=0 wrote=True  stderr lines=0 (s2disasm-X-2100111.sigil.err)
   reference crc32=73030372 size=1048576
   candidate crc32=b4b5b76d size=1048576
   DIFF 2 bytes in 2 runs
     [0x00018F,0x000190) ref 22 cand 3c
     [0x0EC051,0x0EC052) ref 4a cand 64
   CONTROL planted at ['0x200', '0x80000', '0xffffe'] -> 5 bytes in 5 runs: PASSED
   LEG_REPORTED s2disasm-X-2100111
   RESULT DIFFER   sigil BUILT (predicted BUILT)

-- CORNER s2disasm-X-2101000   gameRevision=2 padToPowerOfTwo=1 fixBugs=0 allOptimizations=1 skipChecksumCheck=0 useFullWaterTables=0 build.lua:improved_sound_driver_compression=0   predict sigil BUILT
   LEG_START s2disasm-X-2101000
   edit s2.asm:20
     before: 'gameRevision = 1'
     after:  'gameRevision = 2'
   edit s2.asm:31
     before: 'allOptimizations = 0'
     after:  'allOptimizations = 1'
   BUILD_LUA exit=0 wrote=True  (s2disasm-X-2101000.lua.log)
   SIGIL exit=0 wrote=True  stderr lines=0 (s2disasm-X-2101000.sigil.err)
   reference crc32=bcce3120 size=1048576
   candidate crc32=bcce3120 size=1048576
   DIFF 0 bytes in 0 runs
   CONTROL planted at ['0x200', '0x80000', '0xffffe'] -> 3 bytes in 3 runs: PASSED
   LEG_REPORTED s2disasm-X-2101000
   RESULT AGREE   sigil BUILT (predicted BUILT)

-- CORNER s2disasm-X-2101001   gameRevision=2 padToPowerOfTwo=1 fixBugs=0 allOptimizations=1 skipChecksumCheck=0 useFullWaterTables=0 build.lua:improved_sound_driver_compression=1   predict sigil BUILT
   LEG_START s2disasm-X-2101001
   edit s2.asm:20
     before: 'gameRevision = 1'
     after:  'gameRevision = 2'
   edit s2.asm:31
     before: 'allOptimizations = 0'
     after:  'allOptimizations = 1'
   edit build.lua:10
     before: 'local improved_sound_driver_compression = false'
     after:  'local improved_sound_driver_compression = true'
   BUILD_LUA exit=0 wrote=True  (s2disasm-X-2101001.lua.log)
   p2bin/sigil args for this leg: -p=0 -z=0,saxman-optimised,Size_of_Snd_driver_guess,after  (shipped: -p=0 -z=0,saxman-bugged,Size_of_Snd_driver_guess,after)
   SIGIL exit=0 wrote=True  stderr lines=0 (s2disasm-X-2101001.sigil.err)
   reference crc32=0d5a5c82 size=1048576
   candidate crc32=f42ae867 size=1048576
   DIFF 2 bytes in 2 runs
     [0x00018F,0x000190) ref 5f cand 79
     [0x0EC051,0x0EC052) ref 4a cand 64
   CONTROL planted at ['0x200', '0x80000', '0xffffe'] -> 5 bytes in 5 runs: PASSED
   LEG_REPORTED s2disasm-X-2101001
   RESULT DIFFER   sigil BUILT (predicted BUILT)

-- CORNER s2disasm-X-2101010   gameRevision=2 padToPowerOfTwo=1 fixBugs=0 allOptimizations=1 skipChecksumCheck=0 useFullWaterTables=1 build.lua:improved_sound_driver_compression=0   predict sigil BUILT
   LEG_START s2disasm-X-2101010
   edit s2.asm:20
     before: 'gameRevision = 1'
     after:  'gameRevision = 2'
   edit s2.asm:31
     before: 'allOptimizations = 0'
     after:  'allOptimizations = 1'
   edit s2.asm:49
     before: 'useFullWaterTables = 0'
     after:  'useFullWaterTables = 1'
   BUILD_LUA exit=0 wrote=True  (s2disasm-X-2101010.lua.log)
   SIGIL exit=0 wrote=True  stderr lines=0 (s2disasm-X-2101010.sigil.err)
   reference crc32=2c58be03 size=1048576
   candidate crc32=2c58be03 size=1048576
   DIFF 0 bytes in 0 runs
   CONTROL planted at ['0x200', '0x80000', '0xffffe'] -> 3 bytes in 3 runs: PASSED
   LEG_REPORTED s2disasm-X-2101010
   RESULT AGREE   sigil BUILT (predicted BUILT)

-- CORNER s2disasm-X-2101011   gameRevision=2 padToPowerOfTwo=1 fixBugs=0 allOptimizations=1 skipChecksumCheck=0 useFullWaterTables=1 build.lua:improved_sound_driver_compression=1   predict sigil BUILT
   LEG_START s2disasm-X-2101011
   edit s2.asm:20
     before: 'gameRevision = 1'
     after:  'gameRevision = 2'
   edit s2.asm:31
     before: 'allOptimizations = 0'
     after:  'allOptimizations = 1'
   edit s2.asm:49
     before: 'useFullWaterTables = 0'
     after:  'useFullWaterTables = 1'
   edit build.lua:10
     before: 'local improved_sound_driver_compression = false'
     after:  'local improved_sound_driver_compression = true'
   BUILD_LUA exit=0 wrote=True  (s2disasm-X-2101011.lua.log)
   p2bin/sigil args for this leg: -p=0 -z=0,saxman-optimised,Size_of_Snd_driver_guess,after  (shipped: -p=0 -z=0,saxman-bugged,Size_of_Snd_driver_guess,after)
   SIGIL exit=0 wrote=True  stderr lines=0 (s2disasm-X-2101011.sigil.err)
   reference crc32=cb499555 size=1048576
   candidate crc32=fff34ff7 size=1048576
   DIFF 2 bytes in 2 runs
     [0x00018F,0x000190) ref 3c cand 56
     [0x0EC051,0x0EC052) ref 4a cand 64
   CONTROL planted at ['0x200', '0x80000', '0xffffe'] -> 5 bytes in 5 runs: PASSED
   LEG_REPORTED s2disasm-X-2101011
   RESULT DIFFER   sigil BUILT (predicted BUILT)

-- CORNER s2disasm-X-2101100   gameRevision=2 padToPowerOfTwo=1 fixBugs=0 allOptimizations=1 skipChecksumCheck=1 useFullWaterTables=0 build.lua:improved_sound_driver_compression=0   predict sigil BUILT
   LEG_START s2disasm-X-2101100
   edit s2.asm:20
     before: 'gameRevision = 1'
     after:  'gameRevision = 2'
   edit s2.asm:31
     before: 'allOptimizations = 0'
     after:  'allOptimizations = 1'
   edit s2.asm:34
     before: 'skipChecksumCheck = 0'
     after:  'skipChecksumCheck = 1'
   BUILD_LUA exit=0 wrote=True  (s2disasm-X-2101100.lua.log)
   SIGIL exit=0 wrote=True  stderr lines=0 (s2disasm-X-2101100.sigil.err)
   reference crc32=fb5839c2 size=1048576
   candidate crc32=fb5839c2 size=1048576
   DIFF 0 bytes in 0 runs
   CONTROL planted at ['0x200', '0x80000', '0xffffe'] -> 3 bytes in 3 runs: PASSED
   LEG_REPORTED s2disasm-X-2101100
   RESULT AGREE   sigil BUILT (predicted BUILT)

-- CORNER s2disasm-X-2101101   gameRevision=2 padToPowerOfTwo=1 fixBugs=0 allOptimizations=1 skipChecksumCheck=1 useFullWaterTables=0 build.lua:improved_sound_driver_compression=1   predict sigil BUILT
   LEG_START s2disasm-X-2101101
   edit s2.asm:20
     before: 'gameRevision = 1'
     after:  'gameRevision = 2'
   edit s2.asm:31
     before: 'allOptimizations = 0'
     after:  'allOptimizations = 1'
   edit s2.asm:34
     before: 'skipChecksumCheck = 0'
     after:  'skipChecksumCheck = 1'
   edit build.lua:10
     before: 'local improved_sound_driver_compression = false'
     after:  'local improved_sound_driver_compression = true'
   BUILD_LUA exit=0 wrote=True  (s2disasm-X-2101101.lua.log)
   p2bin/sigil args for this leg: -p=0 -z=0,saxman-optimised,Size_of_Snd_driver_guess,after  (shipped: -p=0 -z=0,saxman-bugged,Size_of_Snd_driver_guess,after)
   SIGIL exit=0 wrote=True  stderr lines=0 (s2disasm-X-2101101.sigil.err)
   reference crc32=2f46a471 size=1048576
   candidate crc32=9d687ccf size=1048576
   DIFF 2 bytes in 2 runs
     [0x00018F,0x000190) ref 75 cand 8f
     [0x0EC051,0x0EC052) ref 4a cand 64
   CONTROL planted at ['0x200', '0x80000', '0xffffe'] -> 5 bytes in 5 runs: PASSED
   LEG_REPORTED s2disasm-X-2101101
   RESULT DIFFER   sigil BUILT (predicted BUILT)

-- CORNER s2disasm-X-2101110   gameRevision=2 padToPowerOfTwo=1 fixBugs=0 allOptimizations=1 skipChecksumCheck=1 useFullWaterTables=1 build.lua:improved_sound_driver_compression=0   predict sigil BUILT
   LEG_START s2disasm-X-2101110
   edit s2.asm:20
     before: 'gameRevision = 1'
     after:  'gameRevision = 2'
   edit s2.asm:31
     before: 'allOptimizations = 0'
     after:  'allOptimizations = 1'
   edit s2.asm:34
     before: 'skipChecksumCheck = 0'
     after:  'skipChecksumCheck = 1'
   edit s2.asm:49
     before: 'useFullWaterTables = 0'
     after:  'useFullWaterTables = 1'
   BUILD_LUA exit=0 wrote=True  (s2disasm-X-2101110.lua.log)
   SIGIL exit=0 wrote=True  stderr lines=0 (s2disasm-X-2101110.sigil.err)
   reference crc32=358be8f3 size=1048576
   candidate crc32=358be8f3 size=1048576
   DIFF 0 bytes in 0 runs
   CONTROL planted at ['0x200', '0x80000', '0xffffe'] -> 3 bytes in 3 runs: PASSED
   LEG_REPORTED s2disasm-X-2101110
   RESULT AGREE   sigil BUILT (predicted BUILT)

-- CORNER s2disasm-X-2101111   gameRevision=2 padToPowerOfTwo=1 fixBugs=0 allOptimizations=1 skipChecksumCheck=1 useFullWaterTables=1 build.lua:improved_sound_driver_compression=1   predict sigil BUILT
   LEG_START s2disasm-X-2101111
   edit s2.asm:20
     before: 'gameRevision = 1'
     after:  'gameRevision = 2'
   edit s2.asm:31
     before: 'allOptimizations = 0'
     after:  'allOptimizations = 1'
   edit s2.asm:34
     before: 'skipChecksumCheck = 0'
     after:  'skipChecksumCheck = 1'
   edit s2.asm:49
     before: 'useFullWaterTables = 0'
     after:  'useFullWaterTables = 1'
   edit build.lua:10
     before: 'local improved_sound_driver_compression = false'
     after:  'local improved_sound_driver_compression = true'
   BUILD_LUA exit=0 wrote=True  (s2disasm-X-2101111.lua.log)
   p2bin/sigil args for this leg: -p=0 -z=0,saxman-optimised,Size_of_Snd_driver_guess,after  (shipped: -p=0 -z=0,saxman-bugged,Size_of_Snd_driver_guess,after)
   SIGIL exit=0 wrote=True  stderr lines=0 (s2disasm-X-2101111.sigil.err)
   reference crc32=ff8355e8 size=1048576
   candidate crc32=1990e170 size=1048576
   DIFF 2 bytes in 2 runs
     [0x00018F,0x000190) ref 51 cand 6b
     [0x0EC051,0x0EC052) ref 4a cand 64
   CONTROL planted at ['0x200', '0x80000', '0xffffe'] -> 5 bytes in 5 runs: PASSED
   LEG_REPORTED s2disasm-X-2101111
   RESULT DIFFER   sigil BUILT (predicted BUILT)

-- CORNER s2disasm-X-2110000   gameRevision=2 padToPowerOfTwo=1 fixBugs=1 allOptimizations=0 skipChecksumCheck=0 useFullWaterTables=0 build.lua:improved_sound_driver_compression=0   predict sigil DECLINED
   LEG_START s2disasm-X-2110000
   edit s2.asm:20
     before: 'gameRevision = 1'
     after:  'gameRevision = 2'
   edit s2.asm:27
     before: 'fixBugs = 0'
     after:  'fixBugs = 1'
   BUILD_LUA exit=0 wrote=True  (s2disasm-X-2110000.lua.log)
   SIGIL exit=1 wrote=False  stderr lines=1 (s2disasm-X-2110000.sigil.err)
     sigil: s2.sounddriver.asm(248):6: error: `-z=0,saxman-bugged,Size_of_Snd_driver_guess,after`: the blob [0x0, 0x134F) is 0xF88 bytes compressed as saxman-bugged, and `Size_of_Snd_driver_guess`, the size the source declares for it, is $F64; every byte the source computed from that name is short by 0x24, and p2bin's own message for this is to raise it, so set `Size_of_Snd_driver_guess` to $F88
   LEG_REPORTED s2disasm-X-2110000
   RESULT SIGIL-DECLINED   sigil DECLINED (predicted DECLINED)

-- CORNER s2disasm-X-2110001   gameRevision=2 padToPowerOfTwo=1 fixBugs=1 allOptimizations=0 skipChecksumCheck=0 useFullWaterTables=0 build.lua:improved_sound_driver_compression=1   predict sigil DECLINED
   LEG_START s2disasm-X-2110001
   edit s2.asm:20
     before: 'gameRevision = 1'
     after:  'gameRevision = 2'
   edit s2.asm:27
     before: 'fixBugs = 0'
     after:  'fixBugs = 1'
   edit build.lua:10
     before: 'local improved_sound_driver_compression = false'
     after:  'local improved_sound_driver_compression = true'
   BUILD_LUA exit=0 wrote=True  (s2disasm-X-2110001.lua.log)
   p2bin/sigil args for this leg: -p=0 -z=0,saxman-optimised,Size_of_Snd_driver_guess,after  (shipped: -p=0 -z=0,saxman-bugged,Size_of_Snd_driver_guess,after)
   SIGIL exit=1 wrote=False  stderr lines=1 (s2disasm-X-2110001.sigil.err)
     sigil: s2.sounddriver.asm(248):6: error: `-z=0,saxman-optimised,Size_of_Snd_driver_guess,after`: the blob [0x0, 0x134F) is 0xF6E bytes compressed as saxman-optimised, and `Size_of_Snd_driver_guess`, the size the source declares for it, is $F64; every byte the source computed from that name is short by 0xA, and p2bin's own message for this is to raise it, so set `Size_of_Snd_driver_guess` to $F6E
   LEG_REPORTED s2disasm-X-2110001
   RESULT SIGIL-DECLINED   sigil DECLINED (predicted DECLINED)

-- CORNER s2disasm-X-2110010   gameRevision=2 padToPowerOfTwo=1 fixBugs=1 allOptimizations=0 skipChecksumCheck=0 useFullWaterTables=1 build.lua:improved_sound_driver_compression=0   predict sigil DECLINED
   LEG_START s2disasm-X-2110010
   edit s2.asm:20
     before: 'gameRevision = 1'
     after:  'gameRevision = 2'
   edit s2.asm:27
     before: 'fixBugs = 0'
     after:  'fixBugs = 1'
   edit s2.asm:49
     before: 'useFullWaterTables = 0'
     after:  'useFullWaterTables = 1'
   BUILD_LUA exit=0 wrote=True  (s2disasm-X-2110010.lua.log)
   SIGIL exit=1 wrote=False  stderr lines=1 (s2disasm-X-2110010.sigil.err)
     sigil: s2.sounddriver.asm(248):6: error: `-z=0,saxman-bugged,Size_of_Snd_driver_guess,after`: the blob [0x0, 0x134F) is 0xF88 bytes compressed as saxman-bugged, and `Size_of_Snd_driver_guess`, the size the source declares for it, is $F64; every byte the source computed from that name is short by 0x24, and p2bin's own message for this is to raise it, so set `Size_of_Snd_driver_guess` to $F88
   LEG_REPORTED s2disasm-X-2110010
   RESULT SIGIL-DECLINED   sigil DECLINED (predicted DECLINED)

-- CORNER s2disasm-X-2110011   gameRevision=2 padToPowerOfTwo=1 fixBugs=1 allOptimizations=0 skipChecksumCheck=0 useFullWaterTables=1 build.lua:improved_sound_driver_compression=1   predict sigil DECLINED
   LEG_START s2disasm-X-2110011
   edit s2.asm:20
     before: 'gameRevision = 1'
     after:  'gameRevision = 2'
   edit s2.asm:27
     before: 'fixBugs = 0'
     after:  'fixBugs = 1'
   edit s2.asm:49
     before: 'useFullWaterTables = 0'
     after:  'useFullWaterTables = 1'
   edit build.lua:10
     before: 'local improved_sound_driver_compression = false'
     after:  'local improved_sound_driver_compression = true'
   BUILD_LUA exit=0 wrote=True  (s2disasm-X-2110011.lua.log)
   p2bin/sigil args for this leg: -p=0 -z=0,saxman-optimised,Size_of_Snd_driver_guess,after  (shipped: -p=0 -z=0,saxman-bugged,Size_of_Snd_driver_guess,after)
   SIGIL exit=1 wrote=False  stderr lines=1 (s2disasm-X-2110011.sigil.err)
     sigil: s2.sounddriver.asm(248):6: error: `-z=0,saxman-optimised,Size_of_Snd_driver_guess,after`: the blob [0x0, 0x134F) is 0xF6E bytes compressed as saxman-optimised, and `Size_of_Snd_driver_guess`, the size the source declares for it, is $F64; every byte the source computed from that name is short by 0xA, and p2bin's own message for this is to raise it, so set `Size_of_Snd_driver_guess` to $F6E
   LEG_REPORTED s2disasm-X-2110011
   RESULT SIGIL-DECLINED   sigil DECLINED (predicted DECLINED)

-- CORNER s2disasm-X-2110100   gameRevision=2 padToPowerOfTwo=1 fixBugs=1 allOptimizations=0 skipChecksumCheck=1 useFullWaterTables=0 build.lua:improved_sound_driver_compression=0   predict sigil DECLINED
   LEG_START s2disasm-X-2110100
   edit s2.asm:20
     before: 'gameRevision = 1'
     after:  'gameRevision = 2'
   edit s2.asm:27
     before: 'fixBugs = 0'
     after:  'fixBugs = 1'
   edit s2.asm:34
     before: 'skipChecksumCheck = 0'
     after:  'skipChecksumCheck = 1'
   BUILD_LUA exit=0 wrote=True  (s2disasm-X-2110100.lua.log)
   SIGIL exit=1 wrote=False  stderr lines=1 (s2disasm-X-2110100.sigil.err)
     sigil: s2.sounddriver.asm(248):6: error: `-z=0,saxman-bugged,Size_of_Snd_driver_guess,after`: the blob [0x0, 0x134F) is 0xF88 bytes compressed as saxman-bugged, and `Size_of_Snd_driver_guess`, the size the source declares for it, is $F64; every byte the source computed from that name is short by 0x24, and p2bin's own message for this is to raise it, so set `Size_of_Snd_driver_guess` to $F88
   LEG_REPORTED s2disasm-X-2110100
   RESULT SIGIL-DECLINED   sigil DECLINED (predicted DECLINED)

-- CORNER s2disasm-X-2110101   gameRevision=2 padToPowerOfTwo=1 fixBugs=1 allOptimizations=0 skipChecksumCheck=1 useFullWaterTables=0 build.lua:improved_sound_driver_compression=1   predict sigil DECLINED
   LEG_START s2disasm-X-2110101
   edit s2.asm:20
     before: 'gameRevision = 1'
     after:  'gameRevision = 2'
   edit s2.asm:27
     before: 'fixBugs = 0'
     after:  'fixBugs = 1'
   edit s2.asm:34
     before: 'skipChecksumCheck = 0'
     after:  'skipChecksumCheck = 1'
   edit build.lua:10
     before: 'local improved_sound_driver_compression = false'
     after:  'local improved_sound_driver_compression = true'
   BUILD_LUA exit=0 wrote=True  (s2disasm-X-2110101.lua.log)
   p2bin/sigil args for this leg: -p=0 -z=0,saxman-optimised,Size_of_Snd_driver_guess,after  (shipped: -p=0 -z=0,saxman-bugged,Size_of_Snd_driver_guess,after)
   SIGIL exit=1 wrote=False  stderr lines=1 (s2disasm-X-2110101.sigil.err)
     sigil: s2.sounddriver.asm(248):6: error: `-z=0,saxman-optimised,Size_of_Snd_driver_guess,after`: the blob [0x0, 0x134F) is 0xF6E bytes compressed as saxman-optimised, and `Size_of_Snd_driver_guess`, the size the source declares for it, is $F64; every byte the source computed from that name is short by 0xA, and p2bin's own message for this is to raise it, so set `Size_of_Snd_driver_guess` to $F6E
   LEG_REPORTED s2disasm-X-2110101
   RESULT SIGIL-DECLINED   sigil DECLINED (predicted DECLINED)

-- CORNER s2disasm-X-2110110   gameRevision=2 padToPowerOfTwo=1 fixBugs=1 allOptimizations=0 skipChecksumCheck=1 useFullWaterTables=1 build.lua:improved_sound_driver_compression=0   predict sigil DECLINED
   LEG_START s2disasm-X-2110110
   edit s2.asm:20
     before: 'gameRevision = 1'
     after:  'gameRevision = 2'
   edit s2.asm:27
     before: 'fixBugs = 0'
     after:  'fixBugs = 1'
   edit s2.asm:34
     before: 'skipChecksumCheck = 0'
     after:  'skipChecksumCheck = 1'
   edit s2.asm:49
     before: 'useFullWaterTables = 0'
     after:  'useFullWaterTables = 1'
   BUILD_LUA exit=0 wrote=True  (s2disasm-X-2110110.lua.log)
   SIGIL exit=1 wrote=False  stderr lines=1 (s2disasm-X-2110110.sigil.err)
     sigil: s2.sounddriver.asm(248):6: error: `-z=0,saxman-bugged,Size_of_Snd_driver_guess,after`: the blob [0x0, 0x134F) is 0xF88 bytes compressed as saxman-bugged, and `Size_of_Snd_driver_guess`, the size the source declares for it, is $F64; every byte the source computed from that name is short by 0x24, and p2bin's own message for this is to raise it, so set `Size_of_Snd_driver_guess` to $F88
   LEG_REPORTED s2disasm-X-2110110
   RESULT SIGIL-DECLINED   sigil DECLINED (predicted DECLINED)

-- CORNER s2disasm-X-2110111   gameRevision=2 padToPowerOfTwo=1 fixBugs=1 allOptimizations=0 skipChecksumCheck=1 useFullWaterTables=1 build.lua:improved_sound_driver_compression=1   predict sigil DECLINED
   LEG_START s2disasm-X-2110111
   edit s2.asm:20
     before: 'gameRevision = 1'
     after:  'gameRevision = 2'
   edit s2.asm:27
     before: 'fixBugs = 0'
     after:  'fixBugs = 1'
   edit s2.asm:34
     before: 'skipChecksumCheck = 0'
     after:  'skipChecksumCheck = 1'
   edit s2.asm:49
     before: 'useFullWaterTables = 0'
     after:  'useFullWaterTables = 1'
   edit build.lua:10
     before: 'local improved_sound_driver_compression = false'
     after:  'local improved_sound_driver_compression = true'
   BUILD_LUA exit=0 wrote=True  (s2disasm-X-2110111.lua.log)
   p2bin/sigil args for this leg: -p=0 -z=0,saxman-optimised,Size_of_Snd_driver_guess,after  (shipped: -p=0 -z=0,saxman-bugged,Size_of_Snd_driver_guess,after)
   SIGIL exit=1 wrote=False  stderr lines=1 (s2disasm-X-2110111.sigil.err)
     sigil: s2.sounddriver.asm(248):6: error: `-z=0,saxman-optimised,Size_of_Snd_driver_guess,after`: the blob [0x0, 0x134F) is 0xF6E bytes compressed as saxman-optimised, and `Size_of_Snd_driver_guess`, the size the source declares for it, is $F64; every byte the source computed from that name is short by 0xA, and p2bin's own message for this is to raise it, so set `Size_of_Snd_driver_guess` to $F6E
   LEG_REPORTED s2disasm-X-2110111
   RESULT SIGIL-DECLINED   sigil DECLINED (predicted DECLINED)

-- CORNER s2disasm-X-2111000   gameRevision=2 padToPowerOfTwo=1 fixBugs=1 allOptimizations=1 skipChecksumCheck=0 useFullWaterTables=0 build.lua:improved_sound_driver_compression=0   predict sigil DECLINED
   LEG_START s2disasm-X-2111000
   edit s2.asm:20
     before: 'gameRevision = 1'
     after:  'gameRevision = 2'
   edit s2.asm:27
     before: 'fixBugs = 0'
     after:  'fixBugs = 1'
   edit s2.asm:31
     before: 'allOptimizations = 0'
     after:  'allOptimizations = 1'
   BUILD_LUA exit=0 wrote=True  (s2disasm-X-2111000.lua.log)
   SIGIL exit=1 wrote=False  stderr lines=1 (s2disasm-X-2111000.sigil.err)
     sigil: s2.sounddriver.asm(248):6: error: `-z=0,saxman-bugged,Size_of_Snd_driver_guess,after`: the blob [0x0, 0x134F) is 0xF86 bytes compressed as saxman-bugged, and `Size_of_Snd_driver_guess`, the size the source declares for it, is $F64; every byte the source computed from that name is short by 0x22, and p2bin's own message for this is to raise it, so set `Size_of_Snd_driver_guess` to $F86
   LEG_REPORTED s2disasm-X-2111000
   RESULT SIGIL-DECLINED   sigil DECLINED (predicted DECLINED)

-- CORNER s2disasm-X-2111001   gameRevision=2 padToPowerOfTwo=1 fixBugs=1 allOptimizations=1 skipChecksumCheck=0 useFullWaterTables=0 build.lua:improved_sound_driver_compression=1   predict sigil DECLINED
   LEG_START s2disasm-X-2111001
   edit s2.asm:20
     before: 'gameRevision = 1'
     after:  'gameRevision = 2'
   edit s2.asm:27
     before: 'fixBugs = 0'
     after:  'fixBugs = 1'
   edit s2.asm:31
     before: 'allOptimizations = 0'
     after:  'allOptimizations = 1'
   edit build.lua:10
     before: 'local improved_sound_driver_compression = false'
     after:  'local improved_sound_driver_compression = true'
   BUILD_LUA exit=0 wrote=True  (s2disasm-X-2111001.lua.log)
   p2bin/sigil args for this leg: -p=0 -z=0,saxman-optimised,Size_of_Snd_driver_guess,after  (shipped: -p=0 -z=0,saxman-bugged,Size_of_Snd_driver_guess,after)
   SIGIL exit=1 wrote=False  stderr lines=1 (s2disasm-X-2111001.sigil.err)
     sigil: s2.sounddriver.asm(248):6: error: `-z=0,saxman-optimised,Size_of_Snd_driver_guess,after`: the blob [0x0, 0x134F) is 0xF6C bytes compressed as saxman-optimised, and `Size_of_Snd_driver_guess`, the size the source declares for it, is $F64; every byte the source computed from that name is short by 0x8, and p2bin's own message for this is to raise it, so set `Size_of_Snd_driver_guess` to $F6C
   LEG_REPORTED s2disasm-X-2111001
   RESULT SIGIL-DECLINED   sigil DECLINED (predicted DECLINED)

-- CORNER s2disasm-X-2111010   gameRevision=2 padToPowerOfTwo=1 fixBugs=1 allOptimizations=1 skipChecksumCheck=0 useFullWaterTables=1 build.lua:improved_sound_driver_compression=0   predict sigil DECLINED
   LEG_START s2disasm-X-2111010
   edit s2.asm:20
     before: 'gameRevision = 1'
     after:  'gameRevision = 2'
   edit s2.asm:27
     before: 'fixBugs = 0'
     after:  'fixBugs = 1'
   edit s2.asm:31
     before: 'allOptimizations = 0'
     after:  'allOptimizations = 1'
   edit s2.asm:49
     before: 'useFullWaterTables = 0'
     after:  'useFullWaterTables = 1'
   BUILD_LUA exit=0 wrote=True  (s2disasm-X-2111010.lua.log)
   SIGIL exit=1 wrote=False  stderr lines=1 (s2disasm-X-2111010.sigil.err)
     sigil: s2.sounddriver.asm(248):6: error: `-z=0,saxman-bugged,Size_of_Snd_driver_guess,after`: the blob [0x0, 0x134F) is 0xF88 bytes compressed as saxman-bugged, and `Size_of_Snd_driver_guess`, the size the source declares for it, is $F64; every byte the source computed from that name is short by 0x24, and p2bin's own message for this is to raise it, so set `Size_of_Snd_driver_guess` to $F88
   LEG_REPORTED s2disasm-X-2111010
   RESULT SIGIL-DECLINED   sigil DECLINED (predicted DECLINED)

-- CORNER s2disasm-X-2111011   gameRevision=2 padToPowerOfTwo=1 fixBugs=1 allOptimizations=1 skipChecksumCheck=0 useFullWaterTables=1 build.lua:improved_sound_driver_compression=1   predict sigil DECLINED
   LEG_START s2disasm-X-2111011
   edit s2.asm:20
     before: 'gameRevision = 1'
     after:  'gameRevision = 2'
   edit s2.asm:27
     before: 'fixBugs = 0'
     after:  'fixBugs = 1'
   edit s2.asm:31
     before: 'allOptimizations = 0'
     after:  'allOptimizations = 1'
   edit s2.asm:49
     before: 'useFullWaterTables = 0'
     after:  'useFullWaterTables = 1'
   edit build.lua:10
     before: 'local improved_sound_driver_compression = false'
     after:  'local improved_sound_driver_compression = true'
   BUILD_LUA exit=0 wrote=True  (s2disasm-X-2111011.lua.log)
   p2bin/sigil args for this leg: -p=0 -z=0,saxman-optimised,Size_of_Snd_driver_guess,after  (shipped: -p=0 -z=0,saxman-bugged,Size_of_Snd_driver_guess,after)
   SIGIL exit=1 wrote=False  stderr lines=1 (s2disasm-X-2111011.sigil.err)
     sigil: s2.sounddriver.asm(248):6: error: `-z=0,saxman-optimised,Size_of_Snd_driver_guess,after`: the blob [0x0, 0x134F) is 0xF6E bytes compressed as saxman-optimised, and `Size_of_Snd_driver_guess`, the size the source declares for it, is $F64; every byte the source computed from that name is short by 0xA, and p2bin's own message for this is to raise it, so set `Size_of_Snd_driver_guess` to $F6E
   LEG_REPORTED s2disasm-X-2111011
   RESULT SIGIL-DECLINED   sigil DECLINED (predicted DECLINED)

-- CORNER s2disasm-X-2111100   gameRevision=2 padToPowerOfTwo=1 fixBugs=1 allOptimizations=1 skipChecksumCheck=1 useFullWaterTables=0 build.lua:improved_sound_driver_compression=0   predict sigil DECLINED
   LEG_START s2disasm-X-2111100
   edit s2.asm:20
     before: 'gameRevision = 1'
     after:  'gameRevision = 2'
   edit s2.asm:27
     before: 'fixBugs = 0'
     after:  'fixBugs = 1'
   edit s2.asm:31
     before: 'allOptimizations = 0'
     after:  'allOptimizations = 1'
   edit s2.asm:34
     before: 'skipChecksumCheck = 0'
     after:  'skipChecksumCheck = 1'
   BUILD_LUA exit=0 wrote=True  (s2disasm-X-2111100.lua.log)
   SIGIL exit=1 wrote=False  stderr lines=1 (s2disasm-X-2111100.sigil.err)
     sigil: s2.sounddriver.asm(248):6: error: `-z=0,saxman-bugged,Size_of_Snd_driver_guess,after`: the blob [0x0, 0x134F) is 0xF86 bytes compressed as saxman-bugged, and `Size_of_Snd_driver_guess`, the size the source declares for it, is $F64; every byte the source computed from that name is short by 0x22, and p2bin's own message for this is to raise it, so set `Size_of_Snd_driver_guess` to $F86
   LEG_REPORTED s2disasm-X-2111100
   RESULT SIGIL-DECLINED   sigil DECLINED (predicted DECLINED)

-- CORNER s2disasm-X-2111101   gameRevision=2 padToPowerOfTwo=1 fixBugs=1 allOptimizations=1 skipChecksumCheck=1 useFullWaterTables=0 build.lua:improved_sound_driver_compression=1   predict sigil DECLINED
   LEG_START s2disasm-X-2111101
   edit s2.asm:20
     before: 'gameRevision = 1'
     after:  'gameRevision = 2'
   edit s2.asm:27
     before: 'fixBugs = 0'
     after:  'fixBugs = 1'
   edit s2.asm:31
     before: 'allOptimizations = 0'
     after:  'allOptimizations = 1'
   edit s2.asm:34
     before: 'skipChecksumCheck = 0'
     after:  'skipChecksumCheck = 1'
   edit build.lua:10
     before: 'local improved_sound_driver_compression = false'
     after:  'local improved_sound_driver_compression = true'
   BUILD_LUA exit=0 wrote=True  (s2disasm-X-2111101.lua.log)
   p2bin/sigil args for this leg: -p=0 -z=0,saxman-optimised,Size_of_Snd_driver_guess,after  (shipped: -p=0 -z=0,saxman-bugged,Size_of_Snd_driver_guess,after)
   SIGIL exit=1 wrote=False  stderr lines=1 (s2disasm-X-2111101.sigil.err)
     sigil: s2.sounddriver.asm(248):6: error: `-z=0,saxman-optimised,Size_of_Snd_driver_guess,after`: the blob [0x0, 0x134F) is 0xF6C bytes compressed as saxman-optimised, and `Size_of_Snd_driver_guess`, the size the source declares for it, is $F64; every byte the source computed from that name is short by 0x8, and p2bin's own message for this is to raise it, so set `Size_of_Snd_driver_guess` to $F6C
   LEG_REPORTED s2disasm-X-2111101
   RESULT SIGIL-DECLINED   sigil DECLINED (predicted DECLINED)

-- CORNER s2disasm-X-2111110   gameRevision=2 padToPowerOfTwo=1 fixBugs=1 allOptimizations=1 skipChecksumCheck=1 useFullWaterTables=1 build.lua:improved_sound_driver_compression=0   predict sigil DECLINED
   LEG_START s2disasm-X-2111110
   edit s2.asm:20
     before: 'gameRevision = 1'
     after:  'gameRevision = 2'
   edit s2.asm:27
     before: 'fixBugs = 0'
     after:  'fixBugs = 1'
   edit s2.asm:31
     before: 'allOptimizations = 0'
     after:  'allOptimizations = 1'
   edit s2.asm:34
     before: 'skipChecksumCheck = 0'
     after:  'skipChecksumCheck = 1'
   edit s2.asm:49
     before: 'useFullWaterTables = 0'
     after:  'useFullWaterTables = 1'
   BUILD_LUA exit=0 wrote=True  (s2disasm-X-2111110.lua.log)
   SIGIL exit=1 wrote=False  stderr lines=1 (s2disasm-X-2111110.sigil.err)
     sigil: s2.sounddriver.asm(248):6: error: `-z=0,saxman-bugged,Size_of_Snd_driver_guess,after`: the blob [0x0, 0x134F) is 0xF86 bytes compressed as saxman-bugged, and `Size_of_Snd_driver_guess`, the size the source declares for it, is $F64; every byte the source computed from that name is short by 0x22, and p2bin's own message for this is to raise it, so set `Size_of_Snd_driver_guess` to $F86
   LEG_REPORTED s2disasm-X-2111110
   RESULT SIGIL-DECLINED   sigil DECLINED (predicted DECLINED)

-- CORNER s2disasm-X-2111111   gameRevision=2 padToPowerOfTwo=1 fixBugs=1 allOptimizations=1 skipChecksumCheck=1 useFullWaterTables=1 build.lua:improved_sound_driver_compression=1   predict sigil DECLINED
   LEG_START s2disasm-X-2111111
   edit s2.asm:20
     before: 'gameRevision = 1'
     after:  'gameRevision = 2'
   edit s2.asm:27
     before: 'fixBugs = 0'
     after:  'fixBugs = 1'
   edit s2.asm:31
     before: 'allOptimizations = 0'
     after:  'allOptimizations = 1'
   edit s2.asm:34
     before: 'skipChecksumCheck = 0'
     after:  'skipChecksumCheck = 1'
   edit s2.asm:49
     before: 'useFullWaterTables = 0'
     after:  'useFullWaterTables = 1'
   edit build.lua:10
     before: 'local improved_sound_driver_compression = false'
     after:  'local improved_sound_driver_compression = true'
   BUILD_LUA exit=0 wrote=True  (s2disasm-X-2111111.lua.log)
   p2bin/sigil args for this leg: -p=0 -z=0,saxman-optimised,Size_of_Snd_driver_guess,after  (shipped: -p=0 -z=0,saxman-bugged,Size_of_Snd_driver_guess,after)
   SIGIL exit=1 wrote=False  stderr lines=1 (s2disasm-X-2111111.sigil.err)
     sigil: s2.sounddriver.asm(248):6: error: `-z=0,saxman-optimised,Size_of_Snd_driver_guess,after`: the blob [0x0, 0x134F) is 0xF6C bytes compressed as saxman-optimised, and `Size_of_Snd_driver_guess`, the size the source declares for it, is $F64; every byte the source computed from that name is short by 0x8, and p2bin's own message for this is to raise it, so set `Size_of_Snd_driver_guess` to $F6C
   LEG_REPORTED s2disasm-X-2111111
   RESULT SIGIL-DECLINED   sigil DECLINED (predicted DECLINED)

== CROSS s2disasm: 192 corners
   composition prediction on the sigil side: 192 held, 0 broke, 0 not asked (the stock toolchain declined the corner, so there is no reference and a sigil refusal there agrees with it)
   both toolchains built: 96 corners, 48 agreed byte for byte, 48 did not
     DISAGREED s2disasm-X-0000001: DIFFER
     DISAGREED s2disasm-X-0000011: DIFFER
     DISAGREED s2disasm-X-0000101: DIFFER
     DISAGREED s2disasm-X-0000111: DIFFER
     DISAGREED s2disasm-X-0001001: DIFFER
     DISAGREED s2disasm-X-0001011: DIFFER
     DISAGREED s2disasm-X-0001101: DIFFER
     DISAGREED s2disasm-X-0001111: DIFFER
     DISAGREED s2disasm-X-0100001: DIFFER
     DISAGREED s2disasm-X-0100011: DIFFER
     DISAGREED s2disasm-X-0100101: DIFFER
     DISAGREED s2disasm-X-0100111: DIFFER
     DISAGREED s2disasm-X-0101001: DIFFER
     DISAGREED s2disasm-X-0101011: DIFFER
     DISAGREED s2disasm-X-0101101: DIFFER
     DISAGREED s2disasm-X-0101111: DIFFER
     DISAGREED s2disasm-X-1000001: DIFFER
     DISAGREED s2disasm-X-1000011: DIFFER
     DISAGREED s2disasm-X-1000101: DIFFER
     DISAGREED s2disasm-X-1000111: DIFFER
     DISAGREED s2disasm-X-1001001: DIFFER
     DISAGREED s2disasm-X-1001011: DIFFER
     DISAGREED s2disasm-X-1001101: DIFFER
     DISAGREED s2disasm-X-1001111: DIFFER
     DISAGREED s2disasm-X-1100001: DIFFER
     DISAGREED s2disasm-X-1100011: DIFFER
     DISAGREED s2disasm-X-1100101: DIFFER
     DISAGREED s2disasm-X-1100111: DIFFER
     DISAGREED s2disasm-X-1101001: DIFFER
     DISAGREED s2disasm-X-1101011: DIFFER
     DISAGREED s2disasm-X-1101101: DIFFER
     DISAGREED s2disasm-X-1101111: DIFFER
     DISAGREED s2disasm-X-2000001: DIFFER
     DISAGREED s2disasm-X-2000011: DIFFER
     DISAGREED s2disasm-X-2000101: DIFFER
     DISAGREED s2disasm-X-2000111: DIFFER
     DISAGREED s2disasm-X-2001001: DIFFER
     DISAGREED s2disasm-X-2001011: DIFFER
     DISAGREED s2disasm-X-2001101: DIFFER
     DISAGREED s2disasm-X-2001111: DIFFER
     DISAGREED s2disasm-X-2100001: DIFFER
     DISAGREED s2disasm-X-2100011: DIFFER
     DISAGREED s2disasm-X-2100101: DIFFER
     DISAGREED s2disasm-X-2100111: DIFFER
     DISAGREED s2disasm-X-2101001: DIFFER
     DISAGREED s2disasm-X-2101011: DIFFER
     DISAGREED s2disasm-X-2101101: DIFFER
     DISAGREED s2disasm-X-2101111: DIFFER
   stock toolchain declined: 0 corners, 0 covered by an acknowledged rule
   ... of those, sigil ALSO declined 0 and BUILT 0. A corner only sigil builds has no reference image, so it is a finding and not a pass.
   distinct stock images across the corners: 192
   of the 48 that did not agree, 48 are covered by an acknowledged cross rule and 0 are not
   cross rule {'build.lua:improved_sound_driver_compression': 1} pinned ['2 bytes in 2 runs at 0x18F 0xEC051', '3 bytes in 2 runs at 0x18E 0xEC051'] covered 48 corner(s)

==============================================================================
RECONCILE legs launched=202 reported=202
RECONCILE diagnostics: 104 leg(s) where both toolchains ran, 1 warning-parity key(s) seen, 1 acknowledged
  s2disasm sigil-only:`shared` is ignored on 104 leg(s)
RECONCILE coded-warning parity: 1 pairing(s) seen, 1 expected
  s2disasm asl#180 = [as.odd-address] at the same locations on 33 leg(s): s2.asm(30438)
RECONCILE unreadable-domain: found=2 acknowledged=3 MISMATCH

LEG                                        RESULT                         DETAIL
s2disasm-shipped                           AGREE                          crc32 7b905383 size 1048576
s2disasm-gameRevision-0                    AGREE                          crc32 24ab4c3a size 1048576
s2disasm-gameRevision-2                    AGREE                          crc32 d10a3a93 size 1048576
s2disasm-padToPowerOfTwo-0                 AGREE                          crc32 dd0ebd72 size 1048556
s2disasm-fixBugs-1                         SIGIL-DECLINED                 s2.sounddriver.asm(248):6: error: `-z=0,saxman-bugged,Size_of_Snd_driver_guess,after`: the
s2disasm-allOptimizations-1                AGREE                          crc32 6c8cbd9b size 1048576
s2disasm-skipChecksumCheck-1               AGREE                          crc32 f8425851 size 1048576
s2disasm-useFullWaterTables-1              AGREE                          crc32 bbaffa38 size 1048576
s2disasm-build.lua:improved_sound_driver_compression-1 DIFFER                         2 bytes in 2 runs at 0x18F 0xEC051
s2disasm-CONTROL-divergent-source          CONTROL/DIFFER                 210513 bytes in 24226 runs at 0x73 0x7A 0x18D 0x306 0x309 0x30B
RECONCILE vacuity: 0 phase-1 arm(s) exercised no changed source, 0 rescue verdict(s)

RECONCILE outcomes: 2 non-agreeing, 2 acknowledged, 0 unacknowledged, 0 stale acknowledgements, 0 class mismatches

SWEEP FAILED, 1 reason(s):
  - unreadable-domain acknowledgements are stale: found-not-acknowledged=[] acknowledged-not-found=[('s1disasm', 'ZoneCount')]
SWEEP_END
CROSS_S2C_EXIT=1
CROSS3_END_MARKER_OPTCOMP
