SIGIL sigil 0.1.0 (4f2b0cf6)
SIGIL md5 ab3637357c1301e910f16610e0379b02
CONTROL C1 no-op-edit: PASSED, gate fired (the edit changed no text at /home/volence/sonic_hacks/.scratch/switch-matrix-sweep/selftest/t.asm:1; an unappl)
CONTROL C2 wrong-line: PASSED, gate fired (/home/volence/sonic_hacks/.scratch/switch-matrix-sweep/selftest/t.asm:1 does not declare `Revision`, it reads )
CONTROL C3 shadowed-declaration: PASSED, gate fired (`Revision` is declared at column 0 on lines [1, 3], not only 1; a second declaration would shadow the edit)
CONTROL C4 blind-comparer: PASSED, gate fired (the planted-byte control failed; this compare cannot report a difference and its figure is void)
CONTROL C5 option-outside-block: PASSED, gate fired (selftest: the documented-declaration scan and the ASSEMBLY OPTIONS block disagree. scan-only=['B'] block-only=)
CONTROL C6 one-element-domain: PASSED, gate fired (selftest: `A` derived the one-element domain [5] from its prose, so it would be counted as swept and execute n)
CONTROL C8 warning-normaliser: PASSED, the source warning both toolchains fire normalises to one string and the coded and sigil-only ones stay apart
SELF_TEST PASSED
==============================================================================
  extracted read-only by git archive into /home/volence/sonic_hacks/.scratch/switch-matrix-sweep/trees/s1disasm-pristine
  build.lua says: root=sonic.asm output=s1built.bin p2bin/sigil args=-p=FF -z=0,kosinski,Size_of_DAC_driver_guess,after
  DERIVED 11 documented switches, cross-checked against the ASSEMBLY OPTIONS block
  RECONCILE switches: 11 derived = 7 swept + 4 excluded
  RECONCILE legs: 9 arms -> 9 flip legs + 1 baseline
-- LEG s1disasm-shipped   shipped
   BUILD_LUA exit=0 wrote=True  (s1disasm-shipped.lua.log)
   SIGIL exit=0 wrote=True  stderr lines=0 (s1disasm-shipped.sigil.err)
   DIFF 0 bytes in 0 runs
   CONTROL planted at ['0x200', '0x40000', '0x7fffe'] -> 3 bytes in 3 runs: PASSED
   RESULT AGREE
-- LEG s1disasm-Revision-0   Revision = 0
   edit sonic.asm:14
     before: 'Revision = 1'
     after:  'Revision = 0'
   BUILD_LUA exit=0 wrote=True  (s1disasm-Revision-0.lua.log)
   SIGIL exit=0 wrote=True  stderr lines=0 (s1disasm-Revision-0.sigil.err)
   DIFF 0 bytes in 0 runs
   CONTROL planted at ['0x200', '0x40000', '0x7fffe'] -> 3 bytes in 3 runs: PASSED
   RESULT AGREE
-- LEG s1disasm-Revision-2   Revision = 2
   edit sonic.asm:14
     before: 'Revision = 1'
     after:  'Revision = 2'
   BUILD_LUA exit=0 wrote=True  (s1disasm-Revision-2.lua.log)
   SIGIL exit=0 wrote=True  stderr lines=0 (s1disasm-Revision-2.sigil.err)
   DIFF 0 bytes in 0 runs
   CONTROL planted at ['0x200', '0x40000', '0x7fffe'] -> 3 bytes in 3 runs: PASSED
   RESULT AGREE
-- LEG s1disasm-FixBugs-1   FixBugs = 1
   edit sonic.asm:20
     before: 'FixBugs = 0'
     after:  'FixBugs = 1'
   BUILD_LUA exit=0 wrote=True  (s1disasm-FixBugs-1.lua.log)
   SIGIL exit=1 wrote=False  stderr lines=1 (s1disasm-FixBugs-1.sigil.err)
   RESULT SIGIL-DECLINED
-- LEG s1disasm-CheatsEnabled-1   CheatsEnabled = 1
   edit sonic.asm:24
     before: 'CheatsEnabled = 0'
     after:  'CheatsEnabled = 1'
   BUILD_LUA exit=0 wrote=True  (s1disasm-CheatsEnabled-1.lua.log)
   SIGIL exit=0 wrote=True  stderr lines=0 (s1disasm-CheatsEnabled-1.sigil.err)
   DIFF 0 bytes in 0 runs
   CONTROL planted at ['0x200', '0x40000', '0x7fffe'] -> 3 bytes in 3 runs: PASSED
   RESULT AGREE
-- LEG s1disasm-AllOptimizations-1   AllOptimizations = 1
   edit sonic.asm:28
     before: 'AllOptimizations = 0'
     after:  'AllOptimizations = 1'
   BUILD_LUA exit=0 wrote=True  (s1disasm-AllOptimizations-1.lua.log)
   SIGIL exit=0 wrote=True  stderr lines=0 (s1disasm-AllOptimizations-1.sigil.err)
   DIFF 0 bytes in 0 runs
   CONTROL planted at ['0x200', '0x3f987', '0x7f30c'] -> 3 bytes in 3 runs: PASSED
   RESULT AGREE
-- LEG s1disasm-EnableSRAM-1   EnableSRAM = 1
   edit sonic.asm:37
     before: 'EnableSRAM = 0'
     after:  'EnableSRAM = 1'
   BUILD_LUA exit=0 wrote=True  (s1disasm-EnableSRAM-1.lua.log)
   SIGIL exit=0 wrote=True  stderr lines=0 (s1disasm-EnableSRAM-1.sigil.err)
   DIFF 0 bytes in 0 runs
   CONTROL planted at ['0x200', '0x40000', '0x7fffe'] -> 3 bytes in 3 runs: PASSED
   RESULT AGREE
-- LEG s1disasm-BackupSRAM-0   BackupSRAM = 0
   edit sonic.asm:39
     before: 'BackupSRAM = 1'
     after:  'BackupSRAM = 0'
   BUILD_LUA exit=0 wrote=True  (s1disasm-BackupSRAM-0.lua.log)
   SIGIL exit=0 wrote=True  stderr lines=0 (s1disasm-BackupSRAM-0.sigil.err)
   DIFF 0 bytes in 0 runs
   CONTROL planted at ['0x200', '0x40000', '0x7fffe'] -> 3 bytes in 3 runs: PASSED
   VACUOUS: the stock build of this leg is byte-identical to s1disasm-shipped.ref.bin (crc32 afe05eee), so the switch under study changed no source the build reached, and an agreement here would be an answer this leg could not have failed to give
   RESULT AGREE
-- LEG s1disasm-AddressSRAM-0   AddressSRAM = 0
   edit sonic.asm:41
     before: 'AddressSRAM = 3'
     after:  'AddressSRAM = 0'
   BUILD_LUA exit=0 wrote=True  (s1disasm-AddressSRAM-0.lua.log)
   SIGIL exit=0 wrote=True  stderr lines=0 (s1disasm-AddressSRAM-0.sigil.err)
   DIFF 0 bytes in 0 runs
   CONTROL planted at ['0x200', '0x40000', '0x7fffe'] -> 3 bytes in 3 runs: PASSED
   VACUOUS: the stock build of this leg is byte-identical to s1disasm-shipped.ref.bin (crc32 afe05eee), so the switch under study changed no source the build reached, and an agreement here would be an answer this leg could not have failed to give
   RESULT AGREE
-- LEG s1disasm-AddressSRAM-2   AddressSRAM = 2
   edit sonic.asm:41
     before: 'AddressSRAM = 3'
     after:  'AddressSRAM = 2'
   BUILD_LUA exit=0 wrote=True  (s1disasm-AddressSRAM-2.lua.log)
   SIGIL exit=0 wrote=True  stderr lines=0 (s1disasm-AddressSRAM-2.sigil.err)
   DIFF 0 bytes in 0 runs
   CONTROL planted at ['0x200', '0x40000', '0x7fffe'] -> 3 bytes in 3 runs: PASSED
   VACUOUS: the stock build of this leg is byte-identical to s1disasm-shipped.ref.bin (crc32 afe05eee), so the switch under study changed no source the build reached, and an agreement here would be an answer this leg could not have failed to give
   RESULT AGREE
== CONTROL C7 s1disasm: reference built from the shipped tree, then Revision = 0 applied before sigil runs; the sweep must report a difference
   BUILD_LUA exit=0 wrote=True  (s1disasm-CONTROL-divergent-source.lua.log)
   edit sonic.asm:14
     before: 'Revision = 1'
     after:  'Revision = 0'
   SIGIL exit=0 wrote=True  stderr lines=0 (s1disasm-CONTROL-divergent-source.sigil.err)
   DIFF 410881 bytes in 18594 runs
   CONTROL planted at ['0x200', '0x40000', '0x7fffe'] -> 410883 bytes in 18596 runs: PASSED
   CONTROL C7 s1disasm: PASSED (DIFFER)
== RESCUE s1disasm-BackupSRAM-0: phase 1 could not measure it; trying companions in declaration order
-- LEG s1disasm-BackupSRAM-0+Revision-0   BackupSRAM = 0, Revision = 0
   edit sonic.asm:39
     before: 'BackupSRAM = 1'
     after:  'BackupSRAM = 0'
   edit sonic.asm:14
     before: 'Revision = 1'
     after:  'Revision = 0'
   BUILD_LUA exit=0 wrote=True  (s1disasm-BackupSRAM-0+Revision-0.lua.log)
   SIGIL exit=0 wrote=True  stderr lines=0 (s1disasm-BackupSRAM-0+Revision-0.sigil.err)
   DIFF 0 bytes in 0 runs
   CONTROL planted at ['0x200', '0x40000', '0x7fffe'] -> 3 bytes in 3 runs: PASSED
   VACUOUS: the stock build of this leg is byte-identical to s1disasm-Revision-0.ref.bin (crc32 f9394e97), so the switch under study changed no source the build reached, and an agreement here would be an answer this leg could not have failed to give
   RESULT AGREE
-- LEG s1disasm-BackupSRAM-0+Revision-2   BackupSRAM = 0, Revision = 2
   edit sonic.asm:39
     before: 'BackupSRAM = 1'
     after:  'BackupSRAM = 0'
   edit sonic.asm:14
     before: 'Revision = 1'
     after:  'Revision = 2'
   BUILD_LUA exit=0 wrote=True  (s1disasm-BackupSRAM-0+Revision-2.lua.log)
   SIGIL exit=0 wrote=True  stderr lines=0 (s1disasm-BackupSRAM-0+Revision-2.sigil.err)
   DIFF 0 bytes in 0 runs
   CONTROL planted at ['0x200', '0x40000', '0x7fffe'] -> 3 bytes in 3 runs: PASSED
   VACUOUS: the stock build of this leg is byte-identical to s1disasm-Revision-2.ref.bin (crc32 6382b2c5), so the switch under study changed no source the build reached, and an agreement here would be an answer this leg could not have failed to give
   RESULT AGREE
-- LEG s1disasm-BackupSRAM-0+FixBugs-1   BackupSRAM = 0, FixBugs = 1
   edit sonic.asm:39
     before: 'BackupSRAM = 1'
     after:  'BackupSRAM = 0'
   edit sonic.asm:20
     before: 'FixBugs = 0'
     after:  'FixBugs = 1'
   BUILD_LUA exit=0 wrote=True  (s1disasm-BackupSRAM-0+FixBugs-1.lua.log)
   SIGIL exit=1 wrote=False  stderr lines=1 (s1disasm-BackupSRAM-0+FixBugs-1.sigil.err)
   VACUOUS: the stock build of this leg is byte-identical to s1disasm-FixBugs-1.ref.bin (crc32 888defef), so the switch under study changed no source the build reached, and an agreement here would be an answer this leg could not have failed to give
   RESULT SIGIL-DECLINED
-- LEG s1disasm-BackupSRAM-0+CheatsEnabled-1   BackupSRAM = 0, CheatsEnabled = 1
   edit sonic.asm:39
     before: 'BackupSRAM = 1'
     after:  'BackupSRAM = 0'
   edit sonic.asm:24
     before: 'CheatsEnabled = 0'
     after:  'CheatsEnabled = 1'
   BUILD_LUA exit=0 wrote=True  (s1disasm-BackupSRAM-0+CheatsEnabled-1.lua.log)
   SIGIL exit=0 wrote=True  stderr lines=0 (s1disasm-BackupSRAM-0+CheatsEnabled-1.sigil.err)
   DIFF 0 bytes in 0 runs
   CONTROL planted at ['0x200', '0x40000', '0x7fffe'] -> 3 bytes in 3 runs: PASSED
   VACUOUS: the stock build of this leg is byte-identical to s1disasm-CheatsEnabled-1.ref.bin (crc32 ac362f3d), so the switch under study changed no source the build reached, and an agreement here would be an answer this leg could not have failed to give
   RESULT AGREE
-- LEG s1disasm-BackupSRAM-0+AllOptimizations-1   BackupSRAM = 0, AllOptimizations = 1
   edit sonic.asm:39
     before: 'BackupSRAM = 1'
     after:  'BackupSRAM = 0'
   edit sonic.asm:28
     before: 'AllOptimizations = 0'
     after:  'AllOptimizations = 1'
   BUILD_LUA exit=0 wrote=True  (s1disasm-BackupSRAM-0+AllOptimizations-1.lua.log)
   SIGIL exit=0 wrote=True  stderr lines=0 (s1disasm-BackupSRAM-0+AllOptimizations-1.sigil.err)
   DIFF 0 bytes in 0 runs
   CONTROL planted at ['0x200', '0x3f987', '0x7f30c'] -> 3 bytes in 3 runs: PASSED
   VACUOUS: the stock build of this leg is byte-identical to s1disasm-AllOptimizations-1.ref.bin (crc32 95dd2ddc), so the switch under study changed no source the build reached, and an agreement here would be an answer this leg could not have failed to give
   RESULT AGREE
-- LEG s1disasm-BackupSRAM-0+EnableSRAM-1   BackupSRAM = 0, EnableSRAM = 1
   edit sonic.asm:39
     before: 'BackupSRAM = 1'
     after:  'BackupSRAM = 0'
   edit sonic.asm:37
     before: 'EnableSRAM = 0'
     after:  'EnableSRAM = 1'
   BUILD_LUA exit=0 wrote=True  (s1disasm-BackupSRAM-0+EnableSRAM-1.lua.log)
   SIGIL exit=0 wrote=True  stderr lines=0 (s1disasm-BackupSRAM-0+EnableSRAM-1.sigil.err)
   DIFF 0 bytes in 0 runs
   CONTROL planted at ['0x200', '0x40000', '0x7fffe'] -> 3 bytes in 3 runs: PASSED
   RESULT AGREE
   RESCUE s1disasm-BackupSRAM-0: measured as s1disasm-BackupSRAM-0+EnableSRAM-1   (companions tried: Revision=0, Revision=2, FixBugs=1, CheatsEnabled=1, AllOptimizations=1, EnableSRAM=1 MOVED)
== RESCUE s1disasm-AddressSRAM-0: phase 1 could not measure it; trying companions in declaration order
-- LEG s1disasm-AddressSRAM-0+Revision-0   AddressSRAM = 0, Revision = 0
   edit sonic.asm:41
     before: 'AddressSRAM = 3'
     after:  'AddressSRAM = 0'
   edit sonic.asm:14
     before: 'Revision = 1'
     after:  'Revision = 0'
   BUILD_LUA exit=0 wrote=True  (s1disasm-AddressSRAM-0+Revision-0.lua.log)
   SIGIL exit=0 wrote=True  stderr lines=0 (s1disasm-AddressSRAM-0+Revision-0.sigil.err)
   DIFF 0 bytes in 0 runs
   CONTROL planted at ['0x200', '0x40000', '0x7fffe'] -> 3 bytes in 3 runs: PASSED
   VACUOUS: the stock build of this leg is byte-identical to s1disasm-Revision-0.ref.bin (crc32 f9394e97), so the switch under study changed no source the build reached, and an agreement here would be an answer this leg could not have failed to give
   RESULT AGREE
-- LEG s1disasm-AddressSRAM-0+Revision-2   AddressSRAM = 0, Revision = 2
   edit sonic.asm:41
     before: 'AddressSRAM = 3'
     after:  'AddressSRAM = 0'
   edit sonic.asm:14
     before: 'Revision = 1'
     after:  'Revision = 2'
   BUILD_LUA exit=0 wrote=True  (s1disasm-AddressSRAM-0+Revision-2.lua.log)
   SIGIL exit=0 wrote=True  stderr lines=0 (s1disasm-AddressSRAM-0+Revision-2.sigil.err)
   DIFF 0 bytes in 0 runs
   CONTROL planted at ['0x200', '0x40000', '0x7fffe'] -> 3 bytes in 3 runs: PASSED
   VACUOUS: the stock build of this leg is byte-identical to s1disasm-Revision-2.ref.bin (crc32 6382b2c5), so the switch under study changed no source the build reached, and an agreement here would be an answer this leg could not have failed to give
   RESULT AGREE
-- LEG s1disasm-AddressSRAM-0+FixBugs-1   AddressSRAM = 0, FixBugs = 1
   edit sonic.asm:41
     before: 'AddressSRAM = 3'
     after:  'AddressSRAM = 0'
   edit sonic.asm:20
     before: 'FixBugs = 0'
     after:  'FixBugs = 1'
   BUILD_LUA exit=0 wrote=True  (s1disasm-AddressSRAM-0+FixBugs-1.lua.log)
   SIGIL exit=1 wrote=False  stderr lines=1 (s1disasm-AddressSRAM-0+FixBugs-1.sigil.err)
   VACUOUS: the stock build of this leg is byte-identical to s1disasm-FixBugs-1.ref.bin (crc32 888defef), so the switch under study changed no source the build reached, and an agreement here would be an answer this leg could not have failed to give
   RESULT SIGIL-DECLINED
-- LEG s1disasm-AddressSRAM-0+CheatsEnabled-1   AddressSRAM = 0, CheatsEnabled = 1
   edit sonic.asm:41
     before: 'AddressSRAM = 3'
     after:  'AddressSRAM = 0'
   edit sonic.asm:24
     before: 'CheatsEnabled = 0'
     after:  'CheatsEnabled = 1'
   BUILD_LUA exit=0 wrote=True  (s1disasm-AddressSRAM-0+CheatsEnabled-1.lua.log)
   SIGIL exit=0 wrote=True  stderr lines=0 (s1disasm-AddressSRAM-0+CheatsEnabled-1.sigil.err)
   DIFF 0 bytes in 0 runs
   CONTROL planted at ['0x200', '0x40000', '0x7fffe'] -> 3 bytes in 3 runs: PASSED
   VACUOUS: the stock build of this leg is byte-identical to s1disasm-CheatsEnabled-1.ref.bin (crc32 ac362f3d), so the switch under study changed no source the build reached, and an agreement here would be an answer this leg could not have failed to give
   RESULT AGREE
-- LEG s1disasm-AddressSRAM-0+AllOptimizations-1   AddressSRAM = 0, AllOptimizations = 1
   edit sonic.asm:41
     before: 'AddressSRAM = 3'
     after:  'AddressSRAM = 0'
   edit sonic.asm:28
     before: 'AllOptimizations = 0'
     after:  'AllOptimizations = 1'
   BUILD_LUA exit=0 wrote=True  (s1disasm-AddressSRAM-0+AllOptimizations-1.lua.log)
   SIGIL exit=0 wrote=True  stderr lines=0 (s1disasm-AddressSRAM-0+AllOptimizations-1.sigil.err)
   DIFF 0 bytes in 0 runs
   CONTROL planted at ['0x200', '0x3f987', '0x7f30c'] -> 3 bytes in 3 runs: PASSED
   VACUOUS: the stock build of this leg is byte-identical to s1disasm-AllOptimizations-1.ref.bin (crc32 95dd2ddc), so the switch under study changed no source the build reached, and an agreement here would be an answer this leg could not have failed to give
   RESULT AGREE
-- LEG s1disasm-AddressSRAM-0+EnableSRAM-1   AddressSRAM = 0, EnableSRAM = 1
   edit sonic.asm:41
     before: 'AddressSRAM = 3'
     after:  'AddressSRAM = 0'
   edit sonic.asm:37
     before: 'EnableSRAM = 0'
     after:  'EnableSRAM = 1'
   BUILD_LUA exit=0 wrote=True  (s1disasm-AddressSRAM-0+EnableSRAM-1.lua.log)
   SIGIL exit=0 wrote=True  stderr lines=0 (s1disasm-AddressSRAM-0+EnableSRAM-1.sigil.err)
   DIFF 0 bytes in 0 runs
   CONTROL planted at ['0x200', '0x40000', '0x7fffe'] -> 3 bytes in 3 runs: PASSED
   RESULT AGREE
   RESCUE s1disasm-AddressSRAM-0: measured as s1disasm-AddressSRAM-0+EnableSRAM-1   (companions tried: Revision=0, Revision=2, FixBugs=1, CheatsEnabled=1, AllOptimizations=1, EnableSRAM=1 MOVED)
== RESCUE s1disasm-AddressSRAM-2: phase 1 could not measure it; trying companions in declaration order
-- LEG s1disasm-AddressSRAM-2+Revision-0   AddressSRAM = 2, Revision = 0
   edit sonic.asm:41
     before: 'AddressSRAM = 3'
     after:  'AddressSRAM = 2'
   edit sonic.asm:14
     before: 'Revision = 1'
     after:  'Revision = 0'
   BUILD_LUA exit=0 wrote=True  (s1disasm-AddressSRAM-2+Revision-0.lua.log)
   SIGIL exit=0 wrote=True  stderr lines=0 (s1disasm-AddressSRAM-2+Revision-0.sigil.err)
   DIFF 0 bytes in 0 runs
   CONTROL planted at ['0x200', '0x40000', '0x7fffe'] -> 3 bytes in 3 runs: PASSED
   VACUOUS: the stock build of this leg is byte-identical to s1disasm-Revision-0.ref.bin (crc32 f9394e97), so the switch under study changed no source the build reached, and an agreement here would be an answer this leg could not have failed to give
   RESULT AGREE
-- LEG s1disasm-AddressSRAM-2+Revision-2   AddressSRAM = 2, Revision = 2
   edit sonic.asm:41
     before: 'AddressSRAM = 3'
     after:  'AddressSRAM = 2'
   edit sonic.asm:14
     before: 'Revision = 1'
     after:  'Revision = 2'
   BUILD_LUA exit=0 wrote=True  (s1disasm-AddressSRAM-2+Revision-2.lua.log)
   SIGIL exit=0 wrote=True  stderr lines=0 (s1disasm-AddressSRAM-2+Revision-2.sigil.err)
   DIFF 0 bytes in 0 runs
   CONTROL planted at ['0x200', '0x40000', '0x7fffe'] -> 3 bytes in 3 runs: PASSED
   VACUOUS: the stock build of this leg is byte-identical to s1disasm-Revision-2.ref.bin (crc32 6382b2c5), so the switch under study changed no source the build reached, and an agreement here would be an answer this leg could not have failed to give
   RESULT AGREE
-- LEG s1disasm-AddressSRAM-2+FixBugs-1   AddressSRAM = 2, FixBugs = 1
   edit sonic.asm:41
     before: 'AddressSRAM = 3'
     after:  'AddressSRAM = 2'
   edit sonic.asm:20
     before: 'FixBugs = 0'
     after:  'FixBugs = 1'
   BUILD_LUA exit=0 wrote=True  (s1disasm-AddressSRAM-2+FixBugs-1.lua.log)
   SIGIL exit=1 wrote=False  stderr lines=1 (s1disasm-AddressSRAM-2+FixBugs-1.sigil.err)
   VACUOUS: the stock build of this leg is byte-identical to s1disasm-FixBugs-1.ref.bin (crc32 888defef), so the switch under study changed no source the build reached, and an agreement here would be an answer this leg could not have failed to give
   RESULT SIGIL-DECLINED
-- LEG s1disasm-AddressSRAM-2+CheatsEnabled-1   AddressSRAM = 2, CheatsEnabled = 1
   edit sonic.asm:41
     before: 'AddressSRAM = 3'
     after:  'AddressSRAM = 2'
   edit sonic.asm:24
     before: 'CheatsEnabled = 0'
     after:  'CheatsEnabled = 1'
   BUILD_LUA exit=0 wrote=True  (s1disasm-AddressSRAM-2+CheatsEnabled-1.lua.log)
   SIGIL exit=0 wrote=True  stderr lines=0 (s1disasm-AddressSRAM-2+CheatsEnabled-1.sigil.err)
   DIFF 0 bytes in 0 runs
   CONTROL planted at ['0x200', '0x40000', '0x7fffe'] -> 3 bytes in 3 runs: PASSED
   VACUOUS: the stock build of this leg is byte-identical to s1disasm-CheatsEnabled-1.ref.bin (crc32 ac362f3d), so the switch under study changed no source the build reached, and an agreement here would be an answer this leg could not have failed to give
   RESULT AGREE
-- LEG s1disasm-AddressSRAM-2+AllOptimizations-1   AddressSRAM = 2, AllOptimizations = 1
   edit sonic.asm:41
     before: 'AddressSRAM = 3'
     after:  'AddressSRAM = 2'
   edit sonic.asm:28
     before: 'AllOptimizations = 0'
     after:  'AllOptimizations = 1'
   BUILD_LUA exit=0 wrote=True  (s1disasm-AddressSRAM-2+AllOptimizations-1.lua.log)
   SIGIL exit=0 wrote=True  stderr lines=0 (s1disasm-AddressSRAM-2+AllOptimizations-1.sigil.err)
   DIFF 0 bytes in 0 runs
   CONTROL planted at ['0x200', '0x3f987', '0x7f30c'] -> 3 bytes in 3 runs: PASSED
   VACUOUS: the stock build of this leg is byte-identical to s1disasm-AllOptimizations-1.ref.bin (crc32 95dd2ddc), so the switch under study changed no source the build reached, and an agreement here would be an answer this leg could not have failed to give
   RESULT AGREE
-- LEG s1disasm-AddressSRAM-2+EnableSRAM-1   AddressSRAM = 2, EnableSRAM = 1
   edit sonic.asm:41
     before: 'AddressSRAM = 3'
     after:  'AddressSRAM = 2'
   edit sonic.asm:37
     before: 'EnableSRAM = 0'
     after:  'EnableSRAM = 1'
   BUILD_LUA exit=0 wrote=True  (s1disasm-AddressSRAM-2+EnableSRAM-1.lua.log)
   SIGIL exit=0 wrote=True  stderr lines=0 (s1disasm-AddressSRAM-2+EnableSRAM-1.sigil.err)
   DIFF 0 bytes in 0 runs
   CONTROL planted at ['0x200', '0x40000', '0x7fffe'] -> 3 bytes in 3 runs: PASSED
   RESULT AGREE
   RESCUE s1disasm-AddressSRAM-2: measured as s1disasm-AddressSRAM-2+EnableSRAM-1   (companions tried: Revision=0, Revision=2, FixBugs=1, CheatsEnabled=1, AllOptimizations=1, EnableSRAM=1 MOVED)
== CROSS s1disasm: 7 swept switches with domains [3, 2, 2, 2, 2, 2, 3] -> 288 corners
   sigil-refusing settings, read off this run's phase 1: {'FixBugs=1': '_incObj/DebugMode.asm(245):3: error: absolute address operand `(expr)`'}
   acknowledged stock-decline rules: 1
-- CORNER s1disasm-X-0000000   Revision=0 FixBugs=0 CheatsEnabled=0 AllOptimizations=0 EnableSRAM=0 BackupSRAM=0 AddressSRAM=0   predict sigil BUILT
   edit sonic.asm:14
     before: 'Revision = 1'
     after:  'Revision = 0'
   edit sonic.asm:39
     before: 'BackupSRAM = 1'
     after:  'BackupSRAM = 0'
   edit sonic.asm:41
     before: 'AddressSRAM = 3'
     after:  'AddressSRAM = 0'
   BUILD_LUA exit=0 wrote=True  (s1disasm-X-0000000.lua.log)
   SIGIL exit=0 wrote=True  stderr lines=0 (s1disasm-X-0000000.sigil.err)
   DIFF 0 bytes in 0 runs
   CONTROL planted at ['0x200', '0x40000', '0x7fffe'] -> 3 bytes in 3 runs: PASSED
   RESULT AGREE   sigil BUILT (predicted BUILT)
-- CORNER s1disasm-X-0000002   Revision=0 FixBugs=0 CheatsEnabled=0 AllOptimizations=0 EnableSRAM=0 BackupSRAM=0 AddressSRAM=2   predict sigil BUILT
   edit sonic.asm:14
     before: 'Revision = 1'
     after:  'Revision = 0'
   edit sonic.asm:39
     before: 'BackupSRAM = 1'
     after:  'BackupSRAM = 0'
   edit sonic.asm:41
     before: 'AddressSRAM = 3'
     after:  'AddressSRAM = 2'
   BUILD_LUA exit=0 wrote=True  (s1disasm-X-0000002.lua.log)
   SIGIL exit=0 wrote=True  stderr lines=0 (s1disasm-X-0000002.sigil.err)
   DIFF 0 bytes in 0 runs
   CONTROL planted at ['0x200', '0x40000', '0x7fffe'] -> 3 bytes in 3 runs: PASSED
   RESULT AGREE   sigil BUILT (predicted BUILT)
-- CORNER s1disasm-X-0000003   Revision=0 FixBugs=0 CheatsEnabled=0 AllOptimizations=0 EnableSRAM=0 BackupSRAM=0 AddressSRAM=3   predict sigil BUILT
   edit sonic.asm:14
     before: 'Revision = 1'
     after:  'Revision = 0'
   edit sonic.asm:39
     before: 'BackupSRAM = 1'
     after:  'BackupSRAM = 0'
   BUILD_LUA exit=0 wrote=True  (s1disasm-X-0000003.lua.log)
   SIGIL exit=0 wrote=True  stderr lines=0 (s1disasm-X-0000003.sigil.err)
   DIFF 0 bytes in 0 runs
   CONTROL planted at ['0x200', '0x40000', '0x7fffe'] -> 3 bytes in 3 runs: PASSED
   RESULT AGREE   sigil BUILT (predicted BUILT)
-- CORNER s1disasm-X-0000010   Revision=0 FixBugs=0 CheatsEnabled=0 AllOptimizations=0 EnableSRAM=0 BackupSRAM=1 AddressSRAM=0   predict sigil BUILT
   edit sonic.asm:14
     before: 'Revision = 1'
     after:  'Revision = 0'
   edit sonic.asm:41
     before: 'AddressSRAM = 3'
     after:  'AddressSRAM = 0'
   BUILD_LUA exit=0 wrote=True  (s1disasm-X-0000010.lua.log)
   SIGIL exit=0 wrote=True  stderr lines=0 (s1disasm-X-0000010.sigil.err)
   DIFF 0 bytes in 0 runs
   CONTROL planted at ['0x200', '0x40000', '0x7fffe'] -> 3 bytes in 3 runs: PASSED
   RESULT AGREE   sigil BUILT (predicted BUILT)
-- CORNER s1disasm-X-0000012   Revision=0 FixBugs=0 CheatsEnabled=0 AllOptimizations=0 EnableSRAM=0 BackupSRAM=1 AddressSRAM=2   predict sigil BUILT
   edit sonic.asm:14
     before: 'Revision = 1'
     after:  'Revision = 0'
   edit sonic.asm:41
     before: 'AddressSRAM = 3'
     after:  'AddressSRAM = 2'
   BUILD_LUA exit=0 wrote=True  (s1disasm-X-0000012.lua.log)
   SIGIL exit=0 wrote=True  stderr lines=0 (s1disasm-X-0000012.sigil.err)
   DIFF 0 bytes in 0 runs
   CONTROL planted at ['0x200', '0x40000', '0x7fffe'] -> 3 bytes in 3 runs: PASSED
   RESULT AGREE   sigil BUILT (predicted BUILT)
-- CORNER s1disasm-X-0000013   Revision=0 FixBugs=0 CheatsEnabled=0 AllOptimizations=0 EnableSRAM=0 BackupSRAM=1 AddressSRAM=3   predict sigil BUILT
   edit sonic.asm:14
     before: 'Revision = 1'
     after:  'Revision = 0'
   BUILD_LUA exit=0 wrote=True  (s1disasm-X-0000013.lua.log)
   SIGIL exit=0 wrote=True  stderr lines=0 (s1disasm-X-0000013.sigil.err)
   DIFF 0 bytes in 0 runs
   CONTROL planted at ['0x200', '0x40000', '0x7fffe'] -> 3 bytes in 3 runs: PASSED
   RESULT AGREE   sigil BUILT (predicted BUILT)
-- CORNER s1disasm-X-0000100   Revision=0 FixBugs=0 CheatsEnabled=0 AllOptimizations=0 EnableSRAM=1 BackupSRAM=0 AddressSRAM=0   predict sigil BUILT
   edit sonic.asm:14
     before: 'Revision = 1'
     after:  'Revision = 0'
   edit sonic.asm:37
     before: 'EnableSRAM = 0'
     after:  'EnableSRAM = 1'
   edit sonic.asm:39
     before: 'BackupSRAM = 1'
     after:  'BackupSRAM = 0'
   edit sonic.asm:41
     before: 'AddressSRAM = 3'
     after:  'AddressSRAM = 0'
   BUILD_LUA exit=0 wrote=True  (s1disasm-X-0000100.lua.log)
   SIGIL exit=0 wrote=True  stderr lines=0 (s1disasm-X-0000100.sigil.err)
   DIFF 0 bytes in 0 runs
   CONTROL planted at ['0x200', '0x40000', '0x7fffe'] -> 3 bytes in 3 runs: PASSED
   RESULT AGREE   sigil BUILT (predicted BUILT)
-- CORNER s1disasm-X-0000102   Revision=0 FixBugs=0 CheatsEnabled=0 AllOptimizations=0 EnableSRAM=1 BackupSRAM=0 AddressSRAM=2   predict sigil BUILT
   edit sonic.asm:14
     before: 'Revision = 1'
     after:  'Revision = 0'
   edit sonic.asm:37
     before: 'EnableSRAM = 0'
     after:  'EnableSRAM = 1'
   edit sonic.asm:39
     before: 'BackupSRAM = 1'
     after:  'BackupSRAM = 0'
   edit sonic.asm:41
     before: 'AddressSRAM = 3'
     after:  'AddressSRAM = 2'
   BUILD_LUA exit=0 wrote=True  (s1disasm-X-0000102.lua.log)
   SIGIL exit=0 wrote=True  stderr lines=0 (s1disasm-X-0000102.sigil.err)
   DIFF 0 bytes in 0 runs
   CONTROL planted at ['0x200', '0x40000', '0x7fffe'] -> 3 bytes in 3 runs: PASSED
   RESULT AGREE   sigil BUILT (predicted BUILT)
-- CORNER s1disasm-X-0000103   Revision=0 FixBugs=0 CheatsEnabled=0 AllOptimizations=0 EnableSRAM=1 BackupSRAM=0 AddressSRAM=3   predict sigil BUILT
   edit sonic.asm:14
     before: 'Revision = 1'
     after:  'Revision = 0'
   edit sonic.asm:37
     before: 'EnableSRAM = 0'
     after:  'EnableSRAM = 1'
   edit sonic.asm:39
     before: 'BackupSRAM = 1'
     after:  'BackupSRAM = 0'
   BUILD_LUA exit=0 wrote=True  (s1disasm-X-0000103.lua.log)
   SIGIL exit=0 wrote=True  stderr lines=0 (s1disasm-X-0000103.sigil.err)
   DIFF 0 bytes in 0 runs
   CONTROL planted at ['0x200', '0x40000', '0x7fffe'] -> 3 bytes in 3 runs: PASSED
   RESULT AGREE   sigil BUILT (predicted BUILT)
-- CORNER s1disasm-X-0000110   Revision=0 FixBugs=0 CheatsEnabled=0 AllOptimizations=0 EnableSRAM=1 BackupSRAM=1 AddressSRAM=0   predict sigil BUILT
   edit sonic.asm:14
     before: 'Revision = 1'
     after:  'Revision = 0'
   edit sonic.asm:37
     before: 'EnableSRAM = 0'
     after:  'EnableSRAM = 1'
   edit sonic.asm:41
     before: 'AddressSRAM = 3'
     after:  'AddressSRAM = 0'
   BUILD_LUA exit=0 wrote=True  (s1disasm-X-0000110.lua.log)
   SIGIL exit=0 wrote=True  stderr lines=0 (s1disasm-X-0000110.sigil.err)
   DIFF 0 bytes in 0 runs
   CONTROL planted at ['0x200', '0x40000', '0x7fffe'] -> 3 bytes in 3 runs: PASSED
   RESULT AGREE   sigil BUILT (predicted BUILT)
-- CORNER s1disasm-X-0000112   Revision=0 FixBugs=0 CheatsEnabled=0 AllOptimizations=0 EnableSRAM=1 BackupSRAM=1 AddressSRAM=2   predict sigil BUILT
   edit sonic.asm:14
     before: 'Revision = 1'
     after:  'Revision = 0'
   edit sonic.asm:37
     before: 'EnableSRAM = 0'
     after:  'EnableSRAM = 1'
   edit sonic.asm:41
     before: 'AddressSRAM = 3'
     after:  'AddressSRAM = 2'
   BUILD_LUA exit=0 wrote=True  (s1disasm-X-0000112.lua.log)
   SIGIL exit=0 wrote=True  stderr lines=0 (s1disasm-X-0000112.sigil.err)
   DIFF 0 bytes in 0 runs
   CONTROL planted at ['0x200', '0x40000', '0x7fffe'] -> 3 bytes in 3 runs: PASSED
   RESULT AGREE   sigil BUILT (predicted BUILT)
-- CORNER s1disasm-X-0000113   Revision=0 FixBugs=0 CheatsEnabled=0 AllOptimizations=0 EnableSRAM=1 BackupSRAM=1 AddressSRAM=3   predict sigil BUILT
   edit sonic.asm:14
     before: 'Revision = 1'
     after:  'Revision = 0'
   edit sonic.asm:37
     before: 'EnableSRAM = 0'
     after:  'EnableSRAM = 1'
   BUILD_LUA exit=0 wrote=True  (s1disasm-X-0000113.lua.log)
   SIGIL exit=0 wrote=True  stderr lines=0 (s1disasm-X-0000113.sigil.err)
   DIFF 0 bytes in 0 runs
   CONTROL planted at ['0x200', '0x40000', '0x7fffe'] -> 3 bytes in 3 runs: PASSED
   RESULT AGREE   sigil BUILT (predicted BUILT)
-- CORNER s1disasm-X-0001000   Revision=0 FixBugs=0 CheatsEnabled=0 AllOptimizations=1 EnableSRAM=0 BackupSRAM=0 AddressSRAM=0   predict sigil BUILT
   edit sonic.asm:14
     before: 'Revision = 1'
     after:  'Revision = 0'
   edit sonic.asm:28
     before: 'AllOptimizations = 0'
     after:  'AllOptimizations = 1'
   edit sonic.asm:39
     before: 'BackupSRAM = 1'
     after:  'BackupSRAM = 0'
   edit sonic.asm:41
     before: 'AddressSRAM = 3'
     after:  'AddressSRAM = 0'
   BUILD_LUA exit=0 wrote=True  (s1disasm-X-0001000.lua.log)
   SIGIL exit=0 wrote=True  stderr lines=0 (s1disasm-X-0001000.sigil.err)
   DIFF 0 bytes in 0 runs
   CONTROL planted at ['0x200', '0x3fb1e', '0x7f63a'] -> 3 bytes in 3 runs: PASSED
   RESULT AGREE   sigil BUILT (predicted BUILT)
-- CORNER s1disasm-X-0001002   Revision=0 FixBugs=0 CheatsEnabled=0 AllOptimizations=1 EnableSRAM=0 BackupSRAM=0 AddressSRAM=2   predict sigil BUILT
   edit sonic.asm:14
     before: 'Revision = 1'
     after:  'Revision = 0'
   edit sonic.asm:28
     before: 'AllOptimizations = 0'
     after:  'AllOptimizations = 1'
   edit sonic.asm:39
     before: 'BackupSRAM = 1'
     after:  'BackupSRAM = 0'
   edit sonic.asm:41
     before: 'AddressSRAM = 3'
     after:  'AddressSRAM = 2'
   BUILD_LUA exit=0 wrote=True  (s1disasm-X-0001002.lua.log)
   SIGIL exit=0 wrote=True  stderr lines=0 (s1disasm-X-0001002.sigil.err)
   DIFF 0 bytes in 0 runs
   CONTROL planted at ['0x200', '0x3fb1e', '0x7f63a'] -> 3 bytes in 3 runs: PASSED
   RESULT AGREE   sigil BUILT (predicted BUILT)
-- CORNER s1disasm-X-0001003   Revision=0 FixBugs=0 CheatsEnabled=0 AllOptimizations=1 EnableSRAM=0 BackupSRAM=0 AddressSRAM=3   predict sigil BUILT
   edit sonic.asm:14
     before: 'Revision = 1'
     after:  'Revision = 0'
   edit sonic.asm:28
     before: 'AllOptimizations = 0'
     after:  'AllOptimizations = 1'
   edit sonic.asm:39
     before: 'BackupSRAM = 1'
     after:  'BackupSRAM = 0'
   BUILD_LUA exit=0 wrote=True  (s1disasm-X-0001003.lua.log)
   SIGIL exit=0 wrote=True  stderr lines=0 (s1disasm-X-0001003.sigil.err)
   DIFF 0 bytes in 0 runs
   CONTROL planted at ['0x200', '0x3fb1e', '0x7f63a'] -> 3 bytes in 3 runs: PASSED
   RESULT AGREE   sigil BUILT (predicted BUILT)
-- CORNER s1disasm-X-0001010   Revision=0 FixBugs=0 CheatsEnabled=0 AllOptimizations=1 EnableSRAM=0 BackupSRAM=1 AddressSRAM=0   predict sigil BUILT
   edit sonic.asm:14
     before: 'Revision = 1'
     after:  'Revision = 0'
   edit sonic.asm:28
     before: 'AllOptimizations = 0'
     after:  'AllOptimizations = 1'
   edit sonic.asm:41
     before: 'AddressSRAM = 3'
     after:  'AddressSRAM = 0'
   BUILD_LUA exit=0 wrote=True  (s1disasm-X-0001010.lua.log)
   SIGIL exit=0 wrote=True  stderr lines=0 (s1disasm-X-0001010.sigil.err)
   DIFF 0 bytes in 0 runs
   CONTROL planted at ['0x200', '0x3fb1e', '0x7f63a'] -> 3 bytes in 3 runs: PASSED
   RESULT AGREE   sigil BUILT (predicted BUILT)
-- CORNER s1disasm-X-0001012   Revision=0 FixBugs=0 CheatsEnabled=0 AllOptimizations=1 EnableSRAM=0 BackupSRAM=1 AddressSRAM=2   predict sigil BUILT
   edit sonic.asm:14
     before: 'Revision = 1'
     after:  'Revision = 0'
   edit sonic.asm:28
     before: 'AllOptimizations = 0'
     after:  'AllOptimizations = 1'
   edit sonic.asm:41
     before: 'AddressSRAM = 3'
     after:  'AddressSRAM = 2'
   BUILD_LUA exit=0 wrote=True  (s1disasm-X-0001012.lua.log)
   SIGIL exit=0 wrote=True  stderr lines=0 (s1disasm-X-0001012.sigil.err)
   DIFF 0 bytes in 0 runs
   CONTROL planted at ['0x200', '0x3fb1e', '0x7f63a'] -> 3 bytes in 3 runs: PASSED
   RESULT AGREE   sigil BUILT (predicted BUILT)
-- CORNER s1disasm-X-0001013   Revision=0 FixBugs=0 CheatsEnabled=0 AllOptimizations=1 EnableSRAM=0 BackupSRAM=1 AddressSRAM=3   predict sigil BUILT
   edit sonic.asm:14
     before: 'Revision = 1'
     after:  'Revision = 0'
   edit sonic.asm:28
     before: 'AllOptimizations = 0'
     after:  'AllOptimizations = 1'
   BUILD_LUA exit=0 wrote=True  (s1disasm-X-0001013.lua.log)
   SIGIL exit=0 wrote=True  stderr lines=0 (s1disasm-X-0001013.sigil.err)
   DIFF 0 bytes in 0 runs
   CONTROL planted at ['0x200', '0x3fb1e', '0x7f63a'] -> 3 bytes in 3 runs: PASSED
   RESULT AGREE   sigil BUILT (predicted BUILT)
-- CORNER s1disasm-X-0001100   Revision=0 FixBugs=0 CheatsEnabled=0 AllOptimizations=1 EnableSRAM=1 BackupSRAM=0 AddressSRAM=0   predict sigil BUILT
   edit sonic.asm:14
     before: 'Revision = 1'
     after:  'Revision = 0'
   edit sonic.asm:28
     before: 'AllOptimizations = 0'
     after:  'AllOptimizations = 1'
   edit sonic.asm:37
     before: 'EnableSRAM = 0'
     after:  'EnableSRAM = 1'
   edit sonic.asm:39
     before: 'BackupSRAM = 1'
     after:  'BackupSRAM = 0'
   edit sonic.asm:41
     before: 'AddressSRAM = 3'
     after:  'AddressSRAM = 0'
   BUILD_LUA exit=0 wrote=True  (s1disasm-X-0001100.lua.log)
   SIGIL exit=0 wrote=True  stderr lines=0 (s1disasm-X-0001100.sigil.err)
   DIFF 0 bytes in 0 runs
   CONTROL planted at ['0x200', '0x3fb1e', '0x7f63a'] -> 3 bytes in 3 runs: PASSED
   RESULT AGREE   sigil BUILT (predicted BUILT)
-- CORNER s1disasm-X-0001102   Revision=0 FixBugs=0 CheatsEnabled=0 AllOptimizations=1 EnableSRAM=1 BackupSRAM=0 AddressSRAM=2   predict sigil BUILT
   edit sonic.asm:14
     before: 'Revision = 1'
     after:  'Revision = 0'
   edit sonic.asm:28
     before: 'AllOptimizations = 0'
     after:  'AllOptimizations = 1'
   edit sonic.asm:37
     before: 'EnableSRAM = 0'
     after:  'EnableSRAM = 1'
   edit sonic.asm:39
     before: 'BackupSRAM = 1'
     after:  'BackupSRAM = 0'
   edit sonic.asm:41
     before: 'AddressSRAM = 3'
     after:  'AddressSRAM = 2'
   BUILD_LUA exit=0 wrote=True  (s1disasm-X-0001102.lua.log)
   SIGIL exit=0 wrote=True  stderr lines=0 (s1disasm-X-0001102.sigil.err)
   DIFF 0 bytes in 0 runs
   CONTROL planted at ['0x200', '0x3fb1e', '0x7f63a'] -> 3 bytes in 3 runs: PASSED
   RESULT AGREE   sigil BUILT (predicted BUILT)
-- CORNER s1disasm-X-0001103   Revision=0 FixBugs=0 CheatsEnabled=0 AllOptimizations=1 EnableSRAM=1 BackupSRAM=0 AddressSRAM=3   predict sigil BUILT
   edit sonic.asm:14
     before: 'Revision = 1'
     after:  'Revision = 0'
   edit sonic.asm:28
     before: 'AllOptimizations = 0'
     after:  'AllOptimizations = 1'
   edit sonic.asm:37
     before: 'EnableSRAM = 0'
     after:  'EnableSRAM = 1'
   edit sonic.asm:39
     before: 'BackupSRAM = 1'
     after:  'BackupSRAM = 0'
   BUILD_LUA exit=0 wrote=True  (s1disasm-X-0001103.lua.log)
   SIGIL exit=0 wrote=True  stderr lines=0 (s1disasm-X-0001103.sigil.err)
   DIFF 0 bytes in 0 runs
   CONTROL planted at ['0x200', '0x3fb1e', '0x7f63a'] -> 3 bytes in 3 runs: PASSED
   RESULT AGREE   sigil BUILT (predicted BUILT)
-- CORNER s1disasm-X-0001110   Revision=0 FixBugs=0 CheatsEnabled=0 AllOptimizations=1 EnableSRAM=1 BackupSRAM=1 AddressSRAM=0   predict sigil BUILT
   edit sonic.asm:14
     before: 'Revision = 1'
     after:  'Revision = 0'
   edit sonic.asm:28
     before: 'AllOptimizations = 0'
     after:  'AllOptimizations = 1'
   edit sonic.asm:37
     before: 'EnableSRAM = 0'
     after:  'EnableSRAM = 1'
   edit sonic.asm:41
     before: 'AddressSRAM = 3'
     after:  'AddressSRAM = 0'
   BUILD_LUA exit=0 wrote=True  (s1disasm-X-0001110.lua.log)
   SIGIL exit=0 wrote=True  stderr lines=0 (s1disasm-X-0001110.sigil.err)
   DIFF 0 bytes in 0 runs
   CONTROL planted at ['0x200', '0x3fb1e', '0x7f63a'] -> 3 bytes in 3 runs: PASSED
   RESULT AGREE   sigil BUILT (predicted BUILT)
-- CORNER s1disasm-X-0001112   Revision=0 FixBugs=0 CheatsEnabled=0 AllOptimizations=1 EnableSRAM=1 BackupSRAM=1 AddressSRAM=2   predict sigil BUILT
   edit sonic.asm:14
     before: 'Revision = 1'
     after:  'Revision = 0'
   edit sonic.asm:28
     before: 'AllOptimizations = 0'
     after:  'AllOptimizations = 1'
   edit sonic.asm:37
     before: 'EnableSRAM = 0'
     after:  'EnableSRAM = 1'
   edit sonic.asm:41
     before: 'AddressSRAM = 3'
     after:  'AddressSRAM = 2'
   BUILD_LUA exit=0 wrote=True  (s1disasm-X-0001112.lua.log)
   SIGIL exit=0 wrote=True  stderr lines=0 (s1disasm-X-0001112.sigil.err)
   DIFF 0 bytes in 0 runs
   CONTROL planted at ['0x200', '0x3fb1e', '0x7f63a'] -> 3 bytes in 3 runs: PASSED
   RESULT AGREE   sigil BUILT (predicted BUILT)
-- CORNER s1disasm-X-0001113   Revision=0 FixBugs=0 CheatsEnabled=0 AllOptimizations=1 EnableSRAM=1 BackupSRAM=1 AddressSRAM=3   predict sigil BUILT
   edit sonic.asm:14
     before: 'Revision = 1'
     after:  'Revision = 0'
   edit sonic.asm:28
     before: 'AllOptimizations = 0'
     after:  'AllOptimizations = 1'
   edit sonic.asm:37
     before: 'EnableSRAM = 0'
     after:  'EnableSRAM = 1'
   BUILD_LUA exit=0 wrote=True  (s1disasm-X-0001113.lua.log)
   SIGIL exit=0 wrote=True  stderr lines=0 (s1disasm-X-0001113.sigil.err)
   DIFF 0 bytes in 0 runs
   CONTROL planted at ['0x200', '0x3fb1e', '0x7f63a'] -> 3 bytes in 3 runs: PASSED
   RESULT AGREE   sigil BUILT (predicted BUILT)
-- CORNER s1disasm-X-0010000   Revision=0 FixBugs=0 CheatsEnabled=1 AllOptimizations=0 EnableSRAM=0 BackupSRAM=0 AddressSRAM=0   predict sigil BUILT
   edit sonic.asm:14
     before: 'Revision = 1'
     after:  'Revision = 0'
   edit sonic.asm:24
     before: 'CheatsEnabled = 0'
     after:  'CheatsEnabled = 1'
   edit sonic.asm:39
     before: 'BackupSRAM = 1'
     after:  'BackupSRAM = 0'
   edit sonic.asm:41
     before: 'AddressSRAM = 3'
     after:  'AddressSRAM = 0'
   BUILD_LUA exit=0 wrote=True  (s1disasm-X-0010000.lua.log)
   SIGIL exit=0 wrote=True  stderr lines=0 (s1disasm-X-0010000.sigil.err)
   DIFF 0 bytes in 0 runs
   CONTROL planted at ['0x200', '0x40000', '0x7fffe'] -> 3 bytes in 3 runs: PASSED
   RESULT AGREE   sigil BUILT (predicted BUILT)
-- CORNER s1disasm-X-0010002   Revision=0 FixBugs=0 CheatsEnabled=1 AllOptimizations=0 EnableSRAM=0 BackupSRAM=0 AddressSRAM=2   predict sigil BUILT
   edit sonic.asm:14
     before: 'Revision = 1'
     after:  'Revision = 0'
   edit sonic.asm:24
     before: 'CheatsEnabled = 0'
     after:  'CheatsEnabled = 1'
   edit sonic.asm:39
     before: 'BackupSRAM = 1'
     after:  'BackupSRAM = 0'
   edit sonic.asm:41
     before: 'AddressSRAM = 3'
     after:  'AddressSRAM = 2'
   BUILD_LUA exit=0 wrote=True  (s1disasm-X-0010002.lua.log)
   SIGIL exit=0 wrote=True  stderr lines=0 (s1disasm-X-0010002.sigil.err)
   DIFF 0 bytes in 0 runs
   CONTROL planted at ['0x200', '0x40000', '0x7fffe'] -> 3 bytes in 3 runs: PASSED
   RESULT AGREE   sigil BUILT (predicted BUILT)
-- CORNER s1disasm-X-0010003   Revision=0 FixBugs=0 CheatsEnabled=1 AllOptimizations=0 EnableSRAM=0 BackupSRAM=0 AddressSRAM=3   predict sigil BUILT
   edit sonic.asm:14
     before: 'Revision = 1'
     after:  'Revision = 0'
   edit sonic.asm:24
     before: 'CheatsEnabled = 0'
     after:  'CheatsEnabled = 1'
   edit sonic.asm:39
     before: 'BackupSRAM = 1'
     after:  'BackupSRAM = 0'
   BUILD_LUA exit=0 wrote=True  (s1disasm-X-0010003.lua.log)
   SIGIL exit=0 wrote=True  stderr lines=0 (s1disasm-X-0010003.sigil.err)
   DIFF 0 bytes in 0 runs
   CONTROL planted at ['0x200', '0x40000', '0x7fffe'] -> 3 bytes in 3 runs: PASSED
   RESULT AGREE   sigil BUILT (predicted BUILT)
-- CORNER s1disasm-X-0010010   Revision=0 FixBugs=0 CheatsEnabled=1 AllOptimizations=0 EnableSRAM=0 BackupSRAM=1 AddressSRAM=0   predict sigil BUILT
   edit sonic.asm:14
     before: 'Revision = 1'
     after:  'Revision = 0'
   edit sonic.asm:24
     before: 'CheatsEnabled = 0'
     after:  'CheatsEnabled = 1'
   edit sonic.asm:41
     before: 'AddressSRAM = 3'
     after:  'AddressSRAM = 0'
   BUILD_LUA exit=0 wrote=True  (s1disasm-X-0010010.lua.log)
   SIGIL exit=0 wrote=True  stderr lines=0 (s1disasm-X-0010010.sigil.err)
   DIFF 0 bytes in 0 runs
   CONTROL planted at ['0x200', '0x40000', '0x7fffe'] -> 3 bytes in 3 runs: PASSED
   RESULT AGREE   sigil BUILT (predicted BUILT)
-- CORNER s1disasm-X-0010012   Revision=0 FixBugs=0 CheatsEnabled=1 AllOptimizations=0 EnableSRAM=0 BackupSRAM=1 AddressSRAM=2   predict sigil BUILT
   edit sonic.asm:14
     before: 'Revision = 1'
     after:  'Revision = 0'
   edit sonic.asm:24
     before: 'CheatsEnabled = 0'
     after:  'CheatsEnabled = 1'
   edit sonic.asm:41
     before: 'AddressSRAM = 3'
     after:  'AddressSRAM = 2'
   BUILD_LUA exit=0 wrote=True  (s1disasm-X-0010012.lua.log)
   SIGIL exit=0 wrote=True  stderr lines=0 (s1disasm-X-0010012.sigil.err)
   DIFF 0 bytes in 0 runs
   CONTROL planted at ['0x200', '0x40000', '0x7fffe'] -> 3 bytes in 3 runs: PASSED
   RESULT AGREE   sigil BUILT (predicted BUILT)
-- CORNER s1disasm-X-0010013   Revision=0 FixBugs=0 CheatsEnabled=1 AllOptimizations=0 EnableSRAM=0 BackupSRAM=1 AddressSRAM=3   predict sigil BUILT
   edit sonic.asm:14
     before: 'Revision = 1'
     after:  'Revision = 0'
   edit sonic.asm:24
     before: 'CheatsEnabled = 0'
     after:  'CheatsEnabled = 1'
   BUILD_LUA exit=0 wrote=True  (s1disasm-X-0010013.lua.log)
   SIGIL exit=0 wrote=True  stderr lines=0 (s1disasm-X-0010013.sigil.err)
   DIFF 0 bytes in 0 runs
   CONTROL planted at ['0x200', '0x40000', '0x7fffe'] -> 3 bytes in 3 runs: PASSED
   RESULT AGREE   sigil BUILT (predicted BUILT)
-- CORNER s1disasm-X-0010100   Revision=0 FixBugs=0 CheatsEnabled=1 AllOptimizations=0 EnableSRAM=1 BackupSRAM=0 AddressSRAM=0   predict sigil BUILT
   edit sonic.asm:14
     before: 'Revision = 1'
     after:  'Revision = 0'
   edit sonic.asm:24
     before: 'CheatsEnabled = 0'
     after:  'CheatsEnabled = 1'
   edit sonic.asm:37
     before: 'EnableSRAM = 0'
     after:  'EnableSRAM = 1'
   edit sonic.asm:39
     before: 'BackupSRAM = 1'
     after:  'BackupSRAM = 0'
   edit sonic.asm:41
     before: 'AddressSRAM = 3'
     after:  'AddressSRAM = 0'
   BUILD_LUA exit=0 wrote=True  (s1disasm-X-0010100.lua.log)
   SIGIL exit=0 wrote=True  stderr lines=0 (s1disasm-X-0010100.sigil.err)
   DIFF 0 bytes in 0 runs
   CONTROL planted at ['0x200', '0x40000', '0x7fffe'] -> 3 bytes in 3 runs: PASSED
   RESULT AGREE   sigil BUILT (predicted BUILT)
-- CORNER s1disasm-X-0010102   Revision=0 FixBugs=0 CheatsEnabled=1 AllOptimizations=0 EnableSRAM=1 BackupSRAM=0 AddressSRAM=2   predict sigil BUILT
   edit sonic.asm:14
     before: 'Revision = 1'
     after:  'Revision = 0'
   edit sonic.asm:24
     before: 'CheatsEnabled = 0'
     after:  'CheatsEnabled = 1'
   edit sonic.asm:37
     before: 'EnableSRAM = 0'
     after:  'EnableSRAM = 1'
   edit sonic.asm:39
     before: 'BackupSRAM = 1'
     after:  'BackupSRAM = 0'
   edit sonic.asm:41
     before: 'AddressSRAM = 3'
     after:  'AddressSRAM = 2'
   BUILD_LUA exit=0 wrote=True  (s1disasm-X-0010102.lua.log)
   SIGIL exit=0 wrote=True  stderr lines=0 (s1disasm-X-0010102.sigil.err)
   DIFF 0 bytes in 0 runs
   CONTROL planted at ['0x200', '0x40000', '0x7fffe'] -> 3 bytes in 3 runs: PASSED
   RESULT AGREE   sigil BUILT (predicted BUILT)
-- CORNER s1disasm-X-0010103   Revision=0 FixBugs=0 CheatsEnabled=1 AllOptimizations=0 EnableSRAM=1 BackupSRAM=0 AddressSRAM=3   predict sigil BUILT
   edit sonic.asm:14
     before: 'Revision = 1'
     after:  'Revision = 0'
   edit sonic.asm:24
     before: 'CheatsEnabled = 0'
     after:  'CheatsEnabled = 1'
   edit sonic.asm:37
     before: 'EnableSRAM = 0'
     after:  'EnableSRAM = 1'
   edit sonic.asm:39
     before: 'BackupSRAM = 1'
     after:  'BackupSRAM = 0'
   BUILD_LUA exit=0 wrote=True  (s1disasm-X-0010103.lua.log)
   SIGIL exit=0 wrote=True  stderr lines=0 (s1disasm-X-0010103.sigil.err)
   DIFF 0 bytes in 0 runs
   CONTROL planted at ['0x200', '0x40000', '0x7fffe'] -> 3 bytes in 3 runs: PASSED
   RESULT AGREE   sigil BUILT (predicted BUILT)
-- CORNER s1disasm-X-0010110   Revision=0 FixBugs=0 CheatsEnabled=1 AllOptimizations=0 EnableSRAM=1 BackupSRAM=1 AddressSRAM=0   predict sigil BUILT
   edit sonic.asm:14
     before: 'Revision = 1'
     after:  'Revision = 0'
   edit sonic.asm:24
     before: 'CheatsEnabled = 0'
     after:  'CheatsEnabled = 1'
   edit sonic.asm:37
     before: 'EnableSRAM = 0'
     after:  'EnableSRAM = 1'
   edit sonic.asm:41
     before: 'AddressSRAM = 3'
     after:  'AddressSRAM = 0'
   BUILD_LUA exit=0 wrote=True  (s1disasm-X-0010110.lua.log)
   SIGIL exit=0 wrote=True  stderr lines=0 (s1disasm-X-0010110.sigil.err)
   DIFF 0 bytes in 0 runs
   CONTROL planted at ['0x200', '0x40000', '0x7fffe'] -> 3 bytes in 3 runs: PASSED
   RESULT AGREE   sigil BUILT (predicted BUILT)
-- CORNER s1disasm-X-0010112   Revision=0 FixBugs=0 CheatsEnabled=1 AllOptimizations=0 EnableSRAM=1 BackupSRAM=1 AddressSRAM=2   predict sigil BUILT
   edit sonic.asm:14
     before: 'Revision = 1'
     after:  'Revision = 0'
   edit sonic.asm:24
     before: 'CheatsEnabled = 0'
     after:  'CheatsEnabled = 1'
   edit sonic.asm:37
     before: 'EnableSRAM = 0'
     after:  'EnableSRAM = 1'
   edit sonic.asm:41
     before: 'AddressSRAM = 3'
     after:  'AddressSRAM = 2'
   BUILD_LUA exit=0 wrote=True  (s1disasm-X-0010112.lua.log)
   SIGIL exit=0 wrote=True  stderr lines=0 (s1disasm-X-0010112.sigil.err)
   DIFF 0 bytes in 0 runs
   CONTROL planted at ['0x200', '0x40000', '0x7fffe'] -> 3 bytes in 3 runs: PASSED
   RESULT AGREE   sigil BUILT (predicted BUILT)
-- CORNER s1disasm-X-0010113   Revision=0 FixBugs=0 CheatsEnabled=1 AllOptimizations=0 EnableSRAM=1 BackupSRAM=1 AddressSRAM=3   predict sigil BUILT
   edit sonic.asm:14
     before: 'Revision = 1'
     after:  'Revision = 0'
   edit sonic.asm:24
     before: 'CheatsEnabled = 0'
     after:  'CheatsEnabled = 1'
   edit sonic.asm:37
     before: 'EnableSRAM = 0'
     after:  'EnableSRAM = 1'
   BUILD_LUA exit=0 wrote=True  (s1disasm-X-0010113.lua.log)
   SIGIL exit=0 wrote=True  stderr lines=0 (s1disasm-X-0010113.sigil.err)
   DIFF 0 bytes in 0 runs
   CONTROL planted at ['0x200', '0x40000', '0x7fffe'] -> 3 bytes in 3 runs: PASSED
   RESULT AGREE   sigil BUILT (predicted BUILT)
-- CORNER s1disasm-X-0011000   Revision=0 FixBugs=0 CheatsEnabled=1 AllOptimizations=1 EnableSRAM=0 BackupSRAM=0 AddressSRAM=0   predict sigil BUILT
   edit sonic.asm:14
     before: 'Revision = 1'
     after:  'Revision = 0'
   edit sonic.asm:24
     before: 'CheatsEnabled = 0'
     after:  'CheatsEnabled = 1'
   edit sonic.asm:28
     before: 'AllOptimizations = 0'
     after:  'AllOptimizations = 1'
   edit sonic.asm:39
     before: 'BackupSRAM = 1'
     after:  'BackupSRAM = 0'
   edit sonic.asm:41
     before: 'AddressSRAM = 3'
     after:  'AddressSRAM = 0'
   BUILD_LUA exit=0 wrote=True  (s1disasm-X-0011000.lua.log)
   SIGIL exit=0 wrote=True  stderr lines=0 (s1disasm-X-0011000.sigil.err)
   DIFF 0 bytes in 0 runs
   CONTROL planted at ['0x200', '0x3fb27', '0x7f64c'] -> 3 bytes in 3 runs: PASSED
   RESULT AGREE   sigil BUILT (predicted BUILT)
-- CORNER s1disasm-X-0011002   Revision=0 FixBugs=0 CheatsEnabled=1 AllOptimizations=1 EnableSRAM=0 BackupSRAM=0 AddressSRAM=2   predict sigil BUILT
   edit sonic.asm:14
     before: 'Revision = 1'
     after:  'Revision = 0'
   edit sonic.asm:24
     before: 'CheatsEnabled = 0'
     after:  'CheatsEnabled = 1'
   edit sonic.asm:28
     before: 'AllOptimizations = 0'
     after:  'AllOptimizations = 1'
   edit sonic.asm:39
     before: 'BackupSRAM = 1'
     after:  'BackupSRAM = 0'
   edit sonic.asm:41
     before: 'AddressSRAM = 3'
     after:  'AddressSRAM = 2'
   BUILD_LUA exit=0 wrote=True  (s1disasm-X-0011002.lua.log)
   SIGIL exit=0 wrote=True  stderr lines=0 (s1disasm-X-0011002.sigil.err)
   DIFF 0 bytes in 0 runs
   CONTROL planted at ['0x200', '0x3fb27', '0x7f64c'] -> 3 bytes in 3 runs: PASSED
   RESULT AGREE   sigil BUILT (predicted BUILT)
-- CORNER s1disasm-X-0011003   Revision=0 FixBugs=0 CheatsEnabled=1 AllOptimizations=1 EnableSRAM=0 BackupSRAM=0 AddressSRAM=3   predict sigil BUILT
   edit sonic.asm:14
     before: 'Revision = 1'
     after:  'Revision = 0'
   edit sonic.asm:24
     before: 'CheatsEnabled = 0'
     after:  'CheatsEnabled = 1'
   edit sonic.asm:28
     before: 'AllOptimizations = 0'
     after:  'AllOptimizations = 1'
   edit sonic.asm:39
     before: 'BackupSRAM = 1'
     after:  'BackupSRAM = 0'
   BUILD_LUA exit=0 wrote=True  (s1disasm-X-0011003.lua.log)
   SIGIL exit=0 wrote=True  stderr lines=0 (s1disasm-X-0011003.sigil.err)
   DIFF 0 bytes in 0 runs
   CONTROL planted at ['0x200', '0x3fb27', '0x7f64c'] -> 3 bytes in 3 runs: PASSED
   RESULT AGREE   sigil BUILT (predicted BUILT)
-- CORNER s1disasm-X-0011010   Revision=0 FixBugs=0 CheatsEnabled=1 AllOptimizations=1 EnableSRAM=0 BackupSRAM=1 AddressSRAM=0   predict sigil BUILT
   edit sonic.asm:14
     before: 'Revision = 1'
     after:  'Revision = 0'
   edit sonic.asm:24
     before: 'CheatsEnabled = 0'
     after:  'CheatsEnabled = 1'
   edit sonic.asm:28
     before: 'AllOptimizations = 0'
     after:  'AllOptimizations = 1'
   edit sonic.asm:41
     before: 'AddressSRAM = 3'
     after:  'AddressSRAM = 0'
   BUILD_LUA exit=0 wrote=True  (s1disasm-X-0011010.lua.log)
   SIGIL exit=0 wrote=True  stderr lines=0 (s1disasm-X-0011010.sigil.err)
   DIFF 0 bytes in 0 runs
   CONTROL planted at ['0x200', '0x3fb27', '0x7f64c'] -> 3 bytes in 3 runs: PASSED
   RESULT AGREE   sigil BUILT (predicted BUILT)
-- CORNER s1disasm-X-0011012   Revision=0 FixBugs=0 CheatsEnabled=1 AllOptimizations=1 EnableSRAM=0 BackupSRAM=1 AddressSRAM=2   predict sigil BUILT
   edit sonic.asm:14
     before: 'Revision = 1'
     after:  'Revision = 0'
   edit sonic.asm:24
     before: 'CheatsEnabled = 0'
     after:  'CheatsEnabled = 1'
   edit sonic.asm:28
     before: 'AllOptimizations = 0'
     after:  'AllOptimizations = 1'
   edit sonic.asm:41
     before: 'AddressSRAM = 3'
     after:  'AddressSRAM = 2'
   BUILD_LUA exit=0 wrote=True  (s1disasm-X-0011012.lua.log)
   SIGIL exit=0 wrote=True  stderr lines=0 (s1disasm-X-0011012.sigil.err)
   DIFF 0 bytes in 0 runs
   CONTROL planted at ['0x200', '0x3fb27', '0x7f64c'] -> 3 bytes in 3 runs: PASSED
   RESULT AGREE   sigil BUILT (predicted BUILT)
-- CORNER s1disasm-X-0011013   Revision=0 FixBugs=0 CheatsEnabled=1 AllOptimizations=1 EnableSRAM=0 BackupSRAM=1 AddressSRAM=3   predict sigil BUILT
   edit sonic.asm:14
     before: 'Revision = 1'
     after:  'Revision = 0'
   edit sonic.asm:24
     before: 'CheatsEnabled = 0'
     after:  'CheatsEnabled = 1'
   edit sonic.asm:28
     before: 'AllOptimizations = 0'
     after:  'AllOptimizations = 1'
   BUILD_LUA exit=0 wrote=True  (s1disasm-X-0011013.lua.log)
   SIGIL exit=0 wrote=True  stderr lines=0 (s1disasm-X-0011013.sigil.err)
   DIFF 0 bytes in 0 runs
   CONTROL planted at ['0x200', '0x3fb27', '0x7f64c'] -> 3 bytes in 3 runs: PASSED
   RESULT AGREE   sigil BUILT (predicted BUILT)
-- CORNER s1disasm-X-0011100   Revision=0 FixBugs=0 CheatsEnabled=1 AllOptimizations=1 EnableSRAM=1 BackupSRAM=0 AddressSRAM=0   predict sigil BUILT
   edit sonic.asm:14
     before: 'Revision = 1'
     after:  'Revision = 0'
   edit sonic.asm:24
     before: 'CheatsEnabled = 0'
     after:  'CheatsEnabled = 1'
   edit sonic.asm:28
     before: 'AllOptimizations = 0'
     after:  'AllOptimizations = 1'
   edit sonic.asm:37
     before: 'EnableSRAM = 0'
     after:  'EnableSRAM = 1'
   edit sonic.asm:39
     before: 'BackupSRAM = 1'
     after:  'BackupSRAM = 0'
   edit sonic.asm:41
     before: 'AddressSRAM = 3'
     after:  'AddressSRAM = 0'
   BUILD_LUA exit=0 wrote=True  (s1disasm-X-0011100.lua.log)
   SIGIL exit=0 wrote=True  stderr lines=0 (s1disasm-X-0011100.sigil.err)
   DIFF 0 bytes in 0 runs
   CONTROL planted at ['0x200', '0x3fb27', '0x7f64c'] -> 3 bytes in 3 runs: PASSED
   RESULT AGREE   sigil BUILT (predicted BUILT)
-- CORNER s1disasm-X-0011102   Revision=0 FixBugs=0 CheatsEnabled=1 AllOptimizations=1 EnableSRAM=1 BackupSRAM=0 AddressSRAM=2   predict sigil BUILT
   edit sonic.asm:14
     before: 'Revision = 1'
     after:  'Revision = 0'
   edit sonic.asm:24
     before: 'CheatsEnabled = 0'
     after:  'CheatsEnabled = 1'
   edit sonic.asm:28
     before: 'AllOptimizations = 0'
     after:  'AllOptimizations = 1'
   edit sonic.asm:37
     before: 'EnableSRAM = 0'
     after:  'EnableSRAM = 1'
   edit sonic.asm:39
     before: 'BackupSRAM = 1'
     after:  'BackupSRAM = 0'
   edit sonic.asm:41
     before: 'AddressSRAM = 3'
     after:  'AddressSRAM = 2'
   BUILD_LUA exit=0 wrote=True  (s1disasm-X-0011102.lua.log)
   SIGIL exit=0 wrote=True  stderr lines=0 (s1disasm-X-0011102.sigil.err)
   DIFF 0 bytes in 0 runs
   CONTROL planted at ['0x200', '0x3fb27', '0x7f64c'] -> 3 bytes in 3 runs: PASSED
   RESULT AGREE   sigil BUILT (predicted BUILT)
-- CORNER s1disasm-X-0011103   Revision=0 FixBugs=0 CheatsEnabled=1 AllOptimizations=1 EnableSRAM=1 BackupSRAM=0 AddressSRAM=3   predict sigil BUILT
   edit sonic.asm:14
     before: 'Revision = 1'
     after:  'Revision = 0'
   edit sonic.asm:24
     before: 'CheatsEnabled = 0'
     after:  'CheatsEnabled = 1'
   edit sonic.asm:28
     before: 'AllOptimizations = 0'
     after:  'AllOptimizations = 1'
   edit sonic.asm:37
     before: 'EnableSRAM = 0'
     after:  'EnableSRAM = 1'
   edit sonic.asm:39
     before: 'BackupSRAM = 1'
     after:  'BackupSRAM = 0'
   BUILD_LUA exit=0 wrote=True  (s1disasm-X-0011103.lua.log)
   SIGIL exit=0 wrote=True  stderr lines=0 (s1disasm-X-0011103.sigil.err)
   DIFF 0 bytes in 0 runs
   CONTROL planted at ['0x200', '0x3fb27', '0x7f64c'] -> 3 bytes in 3 runs: PASSED
   RESULT AGREE   sigil BUILT (predicted BUILT)
-- CORNER s1disasm-X-0011110   Revision=0 FixBugs=0 CheatsEnabled=1 AllOptimizations=1 EnableSRAM=1 BackupSRAM=1 AddressSRAM=0   predict sigil BUILT
   edit sonic.asm:14
     before: 'Revision = 1'
     after:  'Revision = 0'
   edit sonic.asm:24
     before: 'CheatsEnabled = 0'
     after:  'CheatsEnabled = 1'
   edit sonic.asm:28
     before: 'AllOptimizations = 0'
     after:  'AllOptimizations = 1'
   edit sonic.asm:37
     before: 'EnableSRAM = 0'
     after:  'EnableSRAM = 1'
   edit sonic.asm:41
     before: 'AddressSRAM = 3'
     after:  'AddressSRAM = 0'
   BUILD_LUA exit=0 wrote=True  (s1disasm-X-0011110.lua.log)
   SIGIL exit=0 wrote=True  stderr lines=0 (s1disasm-X-0011110.sigil.err)
   DIFF 0 bytes in 0 runs
   CONTROL planted at ['0x200', '0x3fb27', '0x7f64c'] -> 3 bytes in 3 runs: PASSED
   RESULT AGREE   sigil BUILT (predicted BUILT)
-- CORNER s1disasm-X-0011112   Revision=0 FixBugs=0 CheatsEnabled=1 AllOptimizations=1 EnableSRAM=1 BackupSRAM=1 AddressSRAM=2   predict sigil BUILT
   edit sonic.asm:14
     before: 'Revision = 1'
     after:  'Revision = 0'
   edit sonic.asm:24
     before: 'CheatsEnabled = 0'
     after:  'CheatsEnabled = 1'
   edit sonic.asm:28
     before: 'AllOptimizations = 0'
     after:  'AllOptimizations = 1'
   edit sonic.asm:37
     before: 'EnableSRAM = 0'
     after:  'EnableSRAM = 1'
   edit sonic.asm:41
     before: 'AddressSRAM = 3'
     after:  'AddressSRAM = 2'
   BUILD_LUA exit=0 wrote=True  (s1disasm-X-0011112.lua.log)
   SIGIL exit=0 wrote=True  stderr lines=0 (s1disasm-X-0011112.sigil.err)
   DIFF 0 bytes in 0 runs
   CONTROL planted at ['0x200', '0x3fb27', '0x7f64c'] -> 3 bytes in 3 runs: PASSED
   RESULT AGREE   sigil BUILT (predicted BUILT)
-- CORNER s1disasm-X-0011113   Revision=0 FixBugs=0 CheatsEnabled=1 AllOptimizations=1 EnableSRAM=1 BackupSRAM=1 AddressSRAM=3   predict sigil BUILT
   edit sonic.asm:14
     before: 'Revision = 1'
     after:  'Revision = 0'
   edit sonic.asm:24
     before: 'CheatsEnabled = 0'
     after:  'CheatsEnabled = 1'
   edit sonic.asm:28
     before: 'AllOptimizations = 0'
     after:  'AllOptimizations = 1'
   edit sonic.asm:37
     before: 'EnableSRAM = 0'
     after:  'EnableSRAM = 1'
   BUILD_LUA exit=0 wrote=True  (s1disasm-X-0011113.lua.log)
   SIGIL exit=0 wrote=True  stderr lines=0 (s1disasm-X-0011113.sigil.err)
   DIFF 0 bytes in 0 runs
   CONTROL planted at ['0x200', '0x3fb27', '0x7f64c'] -> 3 bytes in 3 runs: PASSED
   RESULT AGREE   sigil BUILT (predicted BUILT)
-- CORNER s1disasm-X-0100000   Revision=0 FixBugs=1 CheatsEnabled=0 AllOptimizations=0 EnableSRAM=0 BackupSRAM=0 AddressSRAM=0   predict sigil DECLINED, stock decline acknowledged
   edit sonic.asm:14
     before: 'Revision = 1'
     after:  'Revision = 0'
   edit sonic.asm:20
     before: 'FixBugs = 0'
     after:  'FixBugs = 1'
   edit sonic.asm:39
     before: 'BackupSRAM = 1'
     after:  'BackupSRAM = 0'
   edit sonic.asm:41
     before: 'AddressSRAM = 3'
     after:  'AddressSRAM = 0'
   BUILD_LUA exit=1 wrote=False  (s1disasm-X-0100000.lua.log)
   SIGIL exit=1 wrote=False  stderr lines=1 (s1disasm-X-0100000.sigil.err)
   RESULT BOTH-DECLINED   sigil DECLINED (predicted DECLINED)   STOCK DECLINED
-- CORNER s1disasm-X-0100002   Revision=0 FixBugs=1 CheatsEnabled=0 AllOptimizations=0 EnableSRAM=0 BackupSRAM=0 AddressSRAM=2   predict sigil DECLINED, stock decline acknowledged
   edit sonic.asm:14
     before: 'Revision = 1'
     after:  'Revision = 0'
   edit sonic.asm:20
     before: 'FixBugs = 0'
     after:  'FixBugs = 1'
   edit sonic.asm:39
     before: 'BackupSRAM = 1'
     after:  'BackupSRAM = 0'
   edit sonic.asm:41
     before: 'AddressSRAM = 3'
     after:  'AddressSRAM = 2'
   BUILD_LUA exit=1 wrote=False  (s1disasm-X-0100002.lua.log)
   SIGIL exit=1 wrote=False  stderr lines=1 (s1disasm-X-0100002.sigil.err)
   RESULT BOTH-DECLINED   sigil DECLINED (predicted DECLINED)   STOCK DECLINED
-- CORNER s1disasm-X-0100003   Revision=0 FixBugs=1 CheatsEnabled=0 AllOptimizations=0 EnableSRAM=0 BackupSRAM=0 AddressSRAM=3   predict sigil DECLINED, stock decline acknowledged
   edit sonic.asm:14
     before: 'Revision = 1'
     after:  'Revision = 0'
   edit sonic.asm:20
     before: 'FixBugs = 0'
     after:  'FixBugs = 1'
   edit sonic.asm:39
     before: 'BackupSRAM = 1'
     after:  'BackupSRAM = 0'
   BUILD_LUA exit=1 wrote=False  (s1disasm-X-0100003.lua.log)
   SIGIL exit=1 wrote=False  stderr lines=1 (s1disasm-X-0100003.sigil.err)
   RESULT BOTH-DECLINED   sigil DECLINED (predicted DECLINED)   STOCK DECLINED
-- CORNER s1disasm-X-0100010   Revision=0 FixBugs=1 CheatsEnabled=0 AllOptimizations=0 EnableSRAM=0 BackupSRAM=1 AddressSRAM=0   predict sigil DECLINED, stock decline acknowledged
   edit sonic.asm:14
     before: 'Revision = 1'
     after:  'Revision = 0'
   edit sonic.asm:20
     before: 'FixBugs = 0'
     after:  'FixBugs = 1'
   edit sonic.asm:41
     before: 'AddressSRAM = 3'
     after:  'AddressSRAM = 0'
   BUILD_LUA exit=1 wrote=False  (s1disasm-X-0100010.lua.log)
   SIGIL exit=1 wrote=False  stderr lines=1 (s1disasm-X-0100010.sigil.err)
   RESULT BOTH-DECLINED   sigil DECLINED (predicted DECLINED)   STOCK DECLINED
-- CORNER s1disasm-X-0100012   Revision=0 FixBugs=1 CheatsEnabled=0 AllOptimizations=0 EnableSRAM=0 BackupSRAM=1 AddressSRAM=2   predict sigil DECLINED, stock decline acknowledged
   edit sonic.asm:14
     before: 'Revision = 1'
     after:  'Revision = 0'
   edit sonic.asm:20
     before: 'FixBugs = 0'
     after:  'FixBugs = 1'
   edit sonic.asm:41
     before: 'AddressSRAM = 3'
     after:  'AddressSRAM = 2'
   BUILD_LUA exit=1 wrote=False  (s1disasm-X-0100012.lua.log)
   SIGIL exit=1 wrote=False  stderr lines=1 (s1disasm-X-0100012.sigil.err)
   RESULT BOTH-DECLINED   sigil DECLINED (predicted DECLINED)   STOCK DECLINED
-- CORNER s1disasm-X-0100013   Revision=0 FixBugs=1 CheatsEnabled=0 AllOptimizations=0 EnableSRAM=0 BackupSRAM=1 AddressSRAM=3   predict sigil DECLINED, stock decline acknowledged
   edit sonic.asm:14
     before: 'Revision = 1'
     after:  'Revision = 0'
   edit sonic.asm:20
     before: 'FixBugs = 0'
     after:  'FixBugs = 1'
   BUILD_LUA exit=1 wrote=False  (s1disasm-X-0100013.lua.log)
   SIGIL exit=1 wrote=False  stderr lines=1 (s1disasm-X-0100013.sigil.err)
   RESULT BOTH-DECLINED   sigil DECLINED (predicted DECLINED)   STOCK DECLINED
-- CORNER s1disasm-X-0100100   Revision=0 FixBugs=1 CheatsEnabled=0 AllOptimizations=0 EnableSRAM=1 BackupSRAM=0 AddressSRAM=0   predict sigil DECLINED, stock decline acknowledged
   edit sonic.asm:14
     before: 'Revision = 1'
     after:  'Revision = 0'
   edit sonic.asm:20
     before: 'FixBugs = 0'
     after:  'FixBugs = 1'
   edit sonic.asm:37
     before: 'EnableSRAM = 0'
     after:  'EnableSRAM = 1'
   edit sonic.asm:39
     before: 'BackupSRAM = 1'
     after:  'BackupSRAM = 0'
   edit sonic.asm:41
     before: 'AddressSRAM = 3'
     after:  'AddressSRAM = 0'
   BUILD_LUA exit=1 wrote=False  (s1disasm-X-0100100.lua.log)
   SIGIL exit=1 wrote=False  stderr lines=1 (s1disasm-X-0100100.sigil.err)
   RESULT BOTH-DECLINED   sigil DECLINED (predicted DECLINED)   STOCK DECLINED
-- CORNER s1disasm-X-0100102   Revision=0 FixBugs=1 CheatsEnabled=0 AllOptimizations=0 EnableSRAM=1 BackupSRAM=0 AddressSRAM=2   predict sigil DECLINED, stock decline acknowledged
   edit sonic.asm:14
     before: 'Revision = 1'
     after:  'Revision = 0'
   edit sonic.asm:20
     before: 'FixBugs = 0'
     after:  'FixBugs = 1'
   edit sonic.asm:37
     before: 'EnableSRAM = 0'
     after:  'EnableSRAM = 1'
   edit sonic.asm:39
     before: 'BackupSRAM = 1'
     after:  'BackupSRAM = 0'
   edit sonic.asm:41
     before: 'AddressSRAM = 3'
     after:  'AddressSRAM = 2'
   BUILD_LUA exit=1 wrote=False  (s1disasm-X-0100102.lua.log)
   SIGIL exit=1 wrote=False  stderr lines=1 (s1disasm-X-0100102.sigil.err)
   RESULT BOTH-DECLINED   sigil DECLINED (predicted DECLINED)   STOCK DECLINED
-- CORNER s1disasm-X-0100103   Revision=0 FixBugs=1 CheatsEnabled=0 AllOptimizations=0 EnableSRAM=1 BackupSRAM=0 AddressSRAM=3   predict sigil DECLINED, stock decline acknowledged
   edit sonic.asm:14
     before: 'Revision = 1'
     after:  'Revision = 0'
   edit sonic.asm:20
     before: 'FixBugs = 0'
     after:  'FixBugs = 1'
   edit sonic.asm:37
     before: 'EnableSRAM = 0'
     after:  'EnableSRAM = 1'
   edit sonic.asm:39
     before: 'BackupSRAM = 1'
     after:  'BackupSRAM = 0'
   BUILD_LUA exit=1 wrote=False  (s1disasm-X-0100103.lua.log)
   SIGIL exit=1 wrote=False  stderr lines=1 (s1disasm-X-0100103.sigil.err)
   RESULT BOTH-DECLINED   sigil DECLINED (predicted DECLINED)   STOCK DECLINED
-- CORNER s1disasm-X-0100110   Revision=0 FixBugs=1 CheatsEnabled=0 AllOptimizations=0 EnableSRAM=1 BackupSRAM=1 AddressSRAM=0   predict sigil DECLINED, stock decline acknowledged
   edit sonic.asm:14
     before: 'Revision = 1'
     after:  'Revision = 0'
   edit sonic.asm:20
     before: 'FixBugs = 0'
     after:  'FixBugs = 1'
   edit sonic.asm:37
     before: 'EnableSRAM = 0'
     after:  'EnableSRAM = 1'
   edit sonic.asm:41
     before: 'AddressSRAM = 3'
     after:  'AddressSRAM = 0'
   BUILD_LUA exit=1 wrote=False  (s1disasm-X-0100110.lua.log)
   SIGIL exit=1 wrote=False  stderr lines=1 (s1disasm-X-0100110.sigil.err)
   RESULT BOTH-DECLINED   sigil DECLINED (predicted DECLINED)   STOCK DECLINED
-- CORNER s1disasm-X-0100112   Revision=0 FixBugs=1 CheatsEnabled=0 AllOptimizations=0 EnableSRAM=1 BackupSRAM=1 AddressSRAM=2   predict sigil DECLINED, stock decline acknowledged
   edit sonic.asm:14
     before: 'Revision = 1'
     after:  'Revision = 0'
   edit sonic.asm:20
     before: 'FixBugs = 0'
     after:  'FixBugs = 1'
   edit sonic.asm:37
     before: 'EnableSRAM = 0'
     after:  'EnableSRAM = 1'
   edit sonic.asm:41
     before: 'AddressSRAM = 3'
     after:  'AddressSRAM = 2'
   BUILD_LUA exit=1 wrote=False  (s1disasm-X-0100112.lua.log)
   SIGIL exit=1 wrote=False  stderr lines=1 (s1disasm-X-0100112.sigil.err)
   RESULT BOTH-DECLINED   sigil DECLINED (predicted DECLINED)   STOCK DECLINED
-- CORNER s1disasm-X-0100113   Revision=0 FixBugs=1 CheatsEnabled=0 AllOptimizations=0 EnableSRAM=1 BackupSRAM=1 AddressSRAM=3   predict sigil DECLINED, stock decline acknowledged
   edit sonic.asm:14
     before: 'Revision = 1'
     after:  'Revision = 0'
   edit sonic.asm:20
     before: 'FixBugs = 0'
     after:  'FixBugs = 1'
   edit sonic.asm:37
     before: 'EnableSRAM = 0'
     after:  'EnableSRAM = 1'
   BUILD_LUA exit=1 wrote=False  (s1disasm-X-0100113.lua.log)
   SIGIL exit=1 wrote=False  stderr lines=1 (s1disasm-X-0100113.sigil.err)
   RESULT BOTH-DECLINED   sigil DECLINED (predicted DECLINED)   STOCK DECLINED
-- CORNER s1disasm-X-0101000   Revision=0 FixBugs=1 CheatsEnabled=0 AllOptimizations=1 EnableSRAM=0 BackupSRAM=0 AddressSRAM=0   predict sigil DECLINED
   edit sonic.asm:14
     before: 'Revision = 1'
     after:  'Revision = 0'
   edit sonic.asm:20
     before: 'FixBugs = 0'
     after:  'FixBugs = 1'
   edit sonic.asm:28
     before: 'AllOptimizations = 0'
     after:  'AllOptimizations = 1'
   edit sonic.asm:39
     before: 'BackupSRAM = 1'
     after:  'BackupSRAM = 0'
   edit sonic.asm:41
     before: 'AddressSRAM = 3'
     after:  'AddressSRAM = 0'
   BUILD_LUA exit=0 wrote=True  (s1disasm-X-0101000.lua.log)
   SIGIL exit=1 wrote=False  stderr lines=1 (s1disasm-X-0101000.sigil.err)
   RESULT SIGIL-DECLINED   sigil DECLINED (predicted DECLINED)
-- CORNER s1disasm-X-0101002   Revision=0 FixBugs=1 CheatsEnabled=0 AllOptimizations=1 EnableSRAM=0 BackupSRAM=0 AddressSRAM=2   predict sigil DECLINED
   edit sonic.asm:14
     before: 'Revision = 1'
     after:  'Revision = 0'
   edit sonic.asm:20
     before: 'FixBugs = 0'
     after:  'FixBugs = 1'
   edit sonic.asm:28
     before: 'AllOptimizations = 0'
     after:  'AllOptimizations = 1'
   edit sonic.asm:39
     before: 'BackupSRAM = 1'
     after:  'BackupSRAM = 0'
   edit sonic.asm:41
     before: 'AddressSRAM = 3'
     after:  'AddressSRAM = 2'
   BUILD_LUA exit=0 wrote=True  (s1disasm-X-0101002.lua.log)
   SIGIL exit=1 wrote=False  stderr lines=1 (s1disasm-X-0101002.sigil.err)
   RESULT SIGIL-DECLINED   sigil DECLINED (predicted DECLINED)
-- CORNER s1disasm-X-0101003   Revision=0 FixBugs=1 CheatsEnabled=0 AllOptimizations=1 EnableSRAM=0 BackupSRAM=0 AddressSRAM=3   predict sigil DECLINED
   edit sonic.asm:14
     before: 'Revision = 1'
     after:  'Revision = 0'
   edit sonic.asm:20
     before: 'FixBugs = 0'
     after:  'FixBugs = 1'
   edit sonic.asm:28
     before: 'AllOptimizations = 0'
     after:  'AllOptimizations = 1'
   edit sonic.asm:39
     before: 'BackupSRAM = 1'
     after:  'BackupSRAM = 0'
   BUILD_LUA exit=0 wrote=True  (s1disasm-X-0101003.lua.log)
   SIGIL exit=1 wrote=False  stderr lines=1 (s1disasm-X-0101003.sigil.err)
   RESULT SIGIL-DECLINED   sigil DECLINED (predicted DECLINED)
-- CORNER s1disasm-X-0101010   Revision=0 FixBugs=1 CheatsEnabled=0 AllOptimizations=1 EnableSRAM=0 BackupSRAM=1 AddressSRAM=0   predict sigil DECLINED
   edit sonic.asm:14
     before: 'Revision = 1'
     after:  'Revision = 0'
   edit sonic.asm:20
     before: 'FixBugs = 0'
     after:  'FixBugs = 1'
   edit sonic.asm:28
     before: 'AllOptimizations = 0'
     after:  'AllOptimizations = 1'
   edit sonic.asm:41
     before: 'AddressSRAM = 3'
     after:  'AddressSRAM = 0'
   BUILD_LUA exit=0 wrote=True  (s1disasm-X-0101010.lua.log)
   SIGIL exit=1 wrote=False  stderr lines=1 (s1disasm-X-0101010.sigil.err)
   RESULT SIGIL-DECLINED   sigil DECLINED (predicted DECLINED)
-- CORNER s1disasm-X-0101012   Revision=0 FixBugs=1 CheatsEnabled=0 AllOptimizations=1 EnableSRAM=0 BackupSRAM=1 AddressSRAM=2   predict sigil DECLINED
   edit sonic.asm:14
     before: 'Revision = 1'
     after:  'Revision = 0'
   edit sonic.asm:20
     before: 'FixBugs = 0'
     after:  'FixBugs = 1'
   edit sonic.asm:28
     before: 'AllOptimizations = 0'
     after:  'AllOptimizations = 1'
   edit sonic.asm:41
     before: 'AddressSRAM = 3'
     after:  'AddressSRAM = 2'
   BUILD_LUA exit=0 wrote=True  (s1disasm-X-0101012.lua.log)
   SIGIL exit=1 wrote=False  stderr lines=1 (s1disasm-X-0101012.sigil.err)
   RESULT SIGIL-DECLINED   sigil DECLINED (predicted DECLINED)
-- CORNER s1disasm-X-0101013   Revision=0 FixBugs=1 CheatsEnabled=0 AllOptimizations=1 EnableSRAM=0 BackupSRAM=1 AddressSRAM=3   predict sigil DECLINED
   edit sonic.asm:14
     before: 'Revision = 1'
     after:  'Revision = 0'
   edit sonic.asm:20
     before: 'FixBugs = 0'
     after:  'FixBugs = 1'
   edit sonic.asm:28
     before: 'AllOptimizations = 0'
     after:  'AllOptimizations = 1'
   BUILD_LUA exit=0 wrote=True  (s1disasm-X-0101013.lua.log)
   SIGIL exit=1 wrote=False  stderr lines=1 (s1disasm-X-0101013.sigil.err)
   RESULT SIGIL-DECLINED   sigil DECLINED (predicted DECLINED)
-- CORNER s1disasm-X-0101100   Revision=0 FixBugs=1 CheatsEnabled=0 AllOptimizations=1 EnableSRAM=1 BackupSRAM=0 AddressSRAM=0   predict sigil DECLINED
   edit sonic.asm:14
     before: 'Revision = 1'
     after:  'Revision = 0'
   edit sonic.asm:20
     before: 'FixBugs = 0'
     after:  'FixBugs = 1'
   edit sonic.asm:28
     before: 'AllOptimizations = 0'
     after:  'AllOptimizations = 1'
   edit sonic.asm:37
     before: 'EnableSRAM = 0'
     after:  'EnableSRAM = 1'
   edit sonic.asm:39
     before: 'BackupSRAM = 1'
     after:  'BackupSRAM = 0'
   edit sonic.asm:41
     before: 'AddressSRAM = 3'
     after:  'AddressSRAM = 0'
   BUILD_LUA exit=0 wrote=True  (s1disasm-X-0101100.lua.log)
   SIGIL exit=1 wrote=False  stderr lines=1 (s1disasm-X-0101100.sigil.err)
   RESULT SIGIL-DECLINED   sigil DECLINED (predicted DECLINED)
-- CORNER s1disasm-X-0101102   Revision=0 FixBugs=1 CheatsEnabled=0 AllOptimizations=1 EnableSRAM=1 BackupSRAM=0 AddressSRAM=2   predict sigil DECLINED
   edit sonic.asm:14
     before: 'Revision = 1'
     after:  'Revision = 0'
   edit sonic.asm:20
     before: 'FixBugs = 0'
     after:  'FixBugs = 1'
   edit sonic.asm:28
     before: 'AllOptimizations = 0'
     after:  'AllOptimizations = 1'
   edit sonic.asm:37
     before: 'EnableSRAM = 0'
     after:  'EnableSRAM = 1'
   edit sonic.asm:39
     before: 'BackupSRAM = 1'
     after:  'BackupSRAM = 0'
   edit sonic.asm:41
     before: 'AddressSRAM = 3'
     after:  'AddressSRAM = 2'
   BUILD_LUA exit=0 wrote=True  (s1disasm-X-0101102.lua.log)
   SIGIL exit=1 wrote=False  stderr lines=1 (s1disasm-X-0101102.sigil.err)
   RESULT SIGIL-DECLINED   sigil DECLINED (predicted DECLINED)
-- CORNER s1disasm-X-0101103   Revision=0 FixBugs=1 CheatsEnabled=0 AllOptimizations=1 EnableSRAM=1 BackupSRAM=0 AddressSRAM=3   predict sigil DECLINED
   edit sonic.asm:14
     before: 'Revision = 1'
     after:  'Revision = 0'
   edit sonic.asm:20
     before: 'FixBugs = 0'
     after:  'FixBugs = 1'
   edit sonic.asm:28
     before: 'AllOptimizations = 0'
     after:  'AllOptimizations = 1'
   edit sonic.asm:37
     before: 'EnableSRAM = 0'
     after:  'EnableSRAM = 1'
   edit sonic.asm:39
     before: 'BackupSRAM = 1'
     after:  'BackupSRAM = 0'
   BUILD_LUA exit=0 wrote=True  (s1disasm-X-0101103.lua.log)
   SIGIL exit=1 wrote=False  stderr lines=1 (s1disasm-X-0101103.sigil.err)
   RESULT SIGIL-DECLINED   sigil DECLINED (predicted DECLINED)
-- CORNER s1disasm-X-0101110   Revision=0 FixBugs=1 CheatsEnabled=0 AllOptimizations=1 EnableSRAM=1 BackupSRAM=1 AddressSRAM=0   predict sigil DECLINED
   edit sonic.asm:14
     before: 'Revision = 1'
     after:  'Revision = 0'
   edit sonic.asm:20
     before: 'FixBugs = 0'
     after:  'FixBugs = 1'
   edit sonic.asm:28
     before: 'AllOptimizations = 0'
     after:  'AllOptimizations = 1'
   edit sonic.asm:37
     before: 'EnableSRAM = 0'
     after:  'EnableSRAM = 1'
   edit sonic.asm:41
     before: 'AddressSRAM = 3'
     after:  'AddressSRAM = 0'
   BUILD_LUA exit=0 wrote=True  (s1disasm-X-0101110.lua.log)
   SIGIL exit=1 wrote=False  stderr lines=1 (s1disasm-X-0101110.sigil.err)
   RESULT SIGIL-DECLINED   sigil DECLINED (predicted DECLINED)
-- CORNER s1disasm-X-0101112   Revision=0 FixBugs=1 CheatsEnabled=0 AllOptimizations=1 EnableSRAM=1 BackupSRAM=1 AddressSRAM=2   predict sigil DECLINED
   edit sonic.asm:14
     before: 'Revision = 1'
     after:  'Revision = 0'
   edit sonic.asm:20
     before: 'FixBugs = 0'
     after:  'FixBugs = 1'
   edit sonic.asm:28
     before: 'AllOptimizations = 0'
     after:  'AllOptimizations = 1'
   edit sonic.asm:37
     before: 'EnableSRAM = 0'
     after:  'EnableSRAM = 1'
   edit sonic.asm:41
     before: 'AddressSRAM = 3'
     after:  'AddressSRAM = 2'
   BUILD_LUA exit=0 wrote=True  (s1disasm-X-0101112.lua.log)
   SIGIL exit=1 wrote=False  stderr lines=1 (s1disasm-X-0101112.sigil.err)
   RESULT SIGIL-DECLINED   sigil DECLINED (predicted DECLINED)
-- CORNER s1disasm-X-0101113   Revision=0 FixBugs=1 CheatsEnabled=0 AllOptimizations=1 EnableSRAM=1 BackupSRAM=1 AddressSRAM=3   predict sigil DECLINED
   edit sonic.asm:14
     before: 'Revision = 1'
     after:  'Revision = 0'
   edit sonic.asm:20
     before: 'FixBugs = 0'
     after:  'FixBugs = 1'
   edit sonic.asm:28
     before: 'AllOptimizations = 0'
     after:  'AllOptimizations = 1'
   edit sonic.asm:37
     before: 'EnableSRAM = 0'
     after:  'EnableSRAM = 1'
   BUILD_LUA exit=0 wrote=True  (s1disasm-X-0101113.lua.log)
   SIGIL exit=1 wrote=False  stderr lines=1 (s1disasm-X-0101113.sigil.err)
   RESULT SIGIL-DECLINED   sigil DECLINED (predicted DECLINED)
-- CORNER s1disasm-X-0110000   Revision=0 FixBugs=1 CheatsEnabled=1 AllOptimizations=0 EnableSRAM=0 BackupSRAM=0 AddressSRAM=0   predict sigil DECLINED, stock decline acknowledged
   edit sonic.asm:14
     before: 'Revision = 1'
     after:  'Revision = 0'
   edit sonic.asm:20
     before: 'FixBugs = 0'
     after:  'FixBugs = 1'
   edit sonic.asm:24
     before: 'CheatsEnabled = 0'
     after:  'CheatsEnabled = 1'
   edit sonic.asm:39
     before: 'BackupSRAM = 1'
     after:  'BackupSRAM = 0'
   edit sonic.asm:41
     before: 'AddressSRAM = 3'
     after:  'AddressSRAM = 0'
   BUILD_LUA exit=1 wrote=False  (s1disasm-X-0110000.lua.log)
   SIGIL exit=1 wrote=False  stderr lines=1 (s1disasm-X-0110000.sigil.err)
   RESULT BOTH-DECLINED   sigil DECLINED (predicted DECLINED)   STOCK DECLINED
-- CORNER s1disasm-X-0110002   Revision=0 FixBugs=1 CheatsEnabled=1 AllOptimizations=0 EnableSRAM=0 BackupSRAM=0 AddressSRAM=2   predict sigil DECLINED, stock decline acknowledged
   edit sonic.asm:14
     before: 'Revision = 1'
     after:  'Revision = 0'
   edit sonic.asm:20
     before: 'FixBugs = 0'
     after:  'FixBugs = 1'
   edit sonic.asm:24
     before: 'CheatsEnabled = 0'
     after:  'CheatsEnabled = 1'
   edit sonic.asm:39
     before: 'BackupSRAM = 1'
     after:  'BackupSRAM = 0'
   edit sonic.asm:41
     before: 'AddressSRAM = 3'
     after:  'AddressSRAM = 2'
   BUILD_LUA exit=1 wrote=False  (s1disasm-X-0110002.lua.log)
   SIGIL exit=1 wrote=False  stderr lines=1 (s1disasm-X-0110002.sigil.err)
   RESULT BOTH-DECLINED   sigil DECLINED (predicted DECLINED)   STOCK DECLINED
-- CORNER s1disasm-X-0110003   Revision=0 FixBugs=1 CheatsEnabled=1 AllOptimizations=0 EnableSRAM=0 BackupSRAM=0 AddressSRAM=3   predict sigil DECLINED, stock decline acknowledged
   edit sonic.asm:14
     before: 'Revision = 1'
     after:  'Revision = 0'
   edit sonic.asm:20
     before: 'FixBugs = 0'
     after:  'FixBugs = 1'
   edit sonic.asm:24
     before: 'CheatsEnabled = 0'
     after:  'CheatsEnabled = 1'
   edit sonic.asm:39
     before: 'BackupSRAM = 1'
     after:  'BackupSRAM = 0'
   BUILD_LUA exit=1 wrote=False  (s1disasm-X-0110003.lua.log)
   SIGIL exit=1 wrote=False  stderr lines=1 (s1disasm-X-0110003.sigil.err)
   RESULT BOTH-DECLINED   sigil DECLINED (predicted DECLINED)   STOCK DECLINED
-- CORNER s1disasm-X-0110010   Revision=0 FixBugs=1 CheatsEnabled=1 AllOptimizations=0 EnableSRAM=0 BackupSRAM=1 AddressSRAM=0   predict sigil DECLINED, stock decline acknowledged
   edit sonic.asm:14
     before: 'Revision = 1'
     after:  'Revision = 0'
   edit sonic.asm:20
     before: 'FixBugs = 0'
     after:  'FixBugs = 1'
   edit sonic.asm:24
     before: 'CheatsEnabled = 0'
     after:  'CheatsEnabled = 1'
   edit sonic.asm:41
     before: 'AddressSRAM = 3'
     after:  'AddressSRAM = 0'
   BUILD_LUA exit=1 wrote=False  (s1disasm-X-0110010.lua.log)
   SIGIL exit=1 wrote=False  stderr lines=1 (s1disasm-X-0110010.sigil.err)
   RESULT BOTH-DECLINED   sigil DECLINED (predicted DECLINED)   STOCK DECLINED
-- CORNER s1disasm-X-0110012   Revision=0 FixBugs=1 CheatsEnabled=1 AllOptimizations=0 EnableSRAM=0 BackupSRAM=1 AddressSRAM=2   predict sigil DECLINED, stock decline acknowledged
   edit sonic.asm:14
     before: 'Revision = 1'
     after:  'Revision = 0'
   edit sonic.asm:20
     before: 'FixBugs = 0'
     after:  'FixBugs = 1'
   edit sonic.asm:24
     before: 'CheatsEnabled = 0'
     after:  'CheatsEnabled = 1'
   edit sonic.asm:41
     before: 'AddressSRAM = 3'
     after:  'AddressSRAM = 2'
   BUILD_LUA exit=1 wrote=False  (s1disasm-X-0110012.lua.log)
   SIGIL exit=1 wrote=False  stderr lines=1 (s1disasm-X-0110012.sigil.err)
   RESULT BOTH-DECLINED   sigil DECLINED (predicted DECLINED)   STOCK DECLINED
-- CORNER s1disasm-X-0110013   Revision=0 FixBugs=1 CheatsEnabled=1 AllOptimizations=0 EnableSRAM=0 BackupSRAM=1 AddressSRAM=3   predict sigil DECLINED, stock decline acknowledged
   edit sonic.asm:14
     before: 'Revision = 1'
     after:  'Revision = 0'
   edit sonic.asm:20
     before: 'FixBugs = 0'
     after:  'FixBugs = 1'
   edit sonic.asm:24
     before: 'CheatsEnabled = 0'
     after:  'CheatsEnabled = 1'
   BUILD_LUA exit=1 wrote=False  (s1disasm-X-0110013.lua.log)
   SIGIL exit=1 wrote=False  stderr lines=1 (s1disasm-X-0110013.sigil.err)
   RESULT BOTH-DECLINED   sigil DECLINED (predicted DECLINED)   STOCK DECLINED
-- CORNER s1disasm-X-0110100   Revision=0 FixBugs=1 CheatsEnabled=1 AllOptimizations=0 EnableSRAM=1 BackupSRAM=0 AddressSRAM=0   predict sigil DECLINED, stock decline acknowledged
   edit sonic.asm:14
     before: 'Revision = 1'
     after:  'Revision = 0'
   edit sonic.asm:20
     before: 'FixBugs = 0'
     after:  'FixBugs = 1'
   edit sonic.asm:24
     before: 'CheatsEnabled = 0'
     after:  'CheatsEnabled = 1'
   edit sonic.asm:37
     before: 'EnableSRAM = 0'
     after:  'EnableSRAM = 1'
   edit sonic.asm:39
     before: 'BackupSRAM = 1'
     after:  'BackupSRAM = 0'
   edit sonic.asm:41
     before: 'AddressSRAM = 3'
     after:  'AddressSRAM = 0'
   BUILD_LUA exit=1 wrote=False  (s1disasm-X-0110100.lua.log)
   SIGIL exit=1 wrote=False  stderr lines=1 (s1disasm-X-0110100.sigil.err)
   RESULT BOTH-DECLINED   sigil DECLINED (predicted DECLINED)   STOCK DECLINED
-- CORNER s1disasm-X-0110102   Revision=0 FixBugs=1 CheatsEnabled=1 AllOptimizations=0 EnableSRAM=1 BackupSRAM=0 AddressSRAM=2   predict sigil DECLINED, stock decline acknowledged
   edit sonic.asm:14
     before: 'Revision = 1'
     after:  'Revision = 0'
   edit sonic.asm:20
     before: 'FixBugs = 0'
     after:  'FixBugs = 1'
   edit sonic.asm:24
     before: 'CheatsEnabled = 0'
     after:  'CheatsEnabled = 1'
   edit sonic.asm:37
     before: 'EnableSRAM = 0'
     after:  'EnableSRAM = 1'
   edit sonic.asm:39
     before: 'BackupSRAM = 1'
     after:  'BackupSRAM = 0'
   edit sonic.asm:41
     before: 'AddressSRAM = 3'
     after:  'AddressSRAM = 2'
   BUILD_LUA exit=1 wrote=False  (s1disasm-X-0110102.lua.log)
   SIGIL exit=1 wrote=False  stderr lines=1 (s1disasm-X-0110102.sigil.err)
   RESULT BOTH-DECLINED   sigil DECLINED (predicted DECLINED)   STOCK DECLINED
-- CORNER s1disasm-X-0110103   Revision=0 FixBugs=1 CheatsEnabled=1 AllOptimizations=0 EnableSRAM=1 BackupSRAM=0 AddressSRAM=3   predict sigil DECLINED, stock decline acknowledged
   edit sonic.asm:14
     before: 'Revision = 1'
     after:  'Revision = 0'
   edit sonic.asm:20
     before: 'FixBugs = 0'
     after:  'FixBugs = 1'
   edit sonic.asm:24
     before: 'CheatsEnabled = 0'
     after:  'CheatsEnabled = 1'
   edit sonic.asm:37
     before: 'EnableSRAM = 0'
     after:  'EnableSRAM = 1'
   edit sonic.asm:39
     before: 'BackupSRAM = 1'
     after:  'BackupSRAM = 0'
   BUILD_LUA exit=1 wrote=False  (s1disasm-X-0110103.lua.log)
   SIGIL exit=1 wrote=False  stderr lines=1 (s1disasm-X-0110103.sigil.err)
   RESULT BOTH-DECLINED   sigil DECLINED (predicted DECLINED)   STOCK DECLINED
-- CORNER s1disasm-X-0110110   Revision=0 FixBugs=1 CheatsEnabled=1 AllOptimizations=0 EnableSRAM=1 BackupSRAM=1 AddressSRAM=0   predict sigil DECLINED, stock decline acknowledged
   edit sonic.asm:14
     before: 'Revision = 1'
     after:  'Revision = 0'
   edit sonic.asm:20
     before: 'FixBugs = 0'
     after:  'FixBugs = 1'
   edit sonic.asm:24
     before: 'CheatsEnabled = 0'
     after:  'CheatsEnabled = 1'
   edit sonic.asm:37
     before: 'EnableSRAM = 0'
     after:  'EnableSRAM = 1'
   edit sonic.asm:41
     before: 'AddressSRAM = 3'
     after:  'AddressSRAM = 0'
   BUILD_LUA exit=1 wrote=False  (s1disasm-X-0110110.lua.log)
   SIGIL exit=1 wrote=False  stderr lines=1 (s1disasm-X-0110110.sigil.err)
   RESULT BOTH-DECLINED   sigil DECLINED (predicted DECLINED)   STOCK DECLINED
-- CORNER s1disasm-X-0110112   Revision=0 FixBugs=1 CheatsEnabled=1 AllOptimizations=0 EnableSRAM=1 BackupSRAM=1 AddressSRAM=2   predict sigil DECLINED, stock decline acknowledged
   edit sonic.asm:14
     before: 'Revision = 1'
     after:  'Revision = 0'
   edit sonic.asm:20
     before: 'FixBugs = 0'
     after:  'FixBugs = 1'
   edit sonic.asm:24
     before: 'CheatsEnabled = 0'
     after:  'CheatsEnabled = 1'
   edit sonic.asm:37
     before: 'EnableSRAM = 0'
     after:  'EnableSRAM = 1'
   edit sonic.asm:41
     before: 'AddressSRAM = 3'
     after:  'AddressSRAM = 2'
   BUILD_LUA exit=1 wrote=False  (s1disasm-X-0110112.lua.log)
   SIGIL exit=1 wrote=False  stderr lines=1 (s1disasm-X-0110112.sigil.err)
   RESULT BOTH-DECLINED   sigil DECLINED (predicted DECLINED)   STOCK DECLINED
-- CORNER s1disasm-X-0110113   Revision=0 FixBugs=1 CheatsEnabled=1 AllOptimizations=0 EnableSRAM=1 BackupSRAM=1 AddressSRAM=3   predict sigil DECLINED, stock decline acknowledged
   edit sonic.asm:14
     before: 'Revision = 1'
     after:  'Revision = 0'
   edit sonic.asm:20
     before: 'FixBugs = 0'
     after:  'FixBugs = 1'
   edit sonic.asm:24
     before: 'CheatsEnabled = 0'
     after:  'CheatsEnabled = 1'
   edit sonic.asm:37
     before: 'EnableSRAM = 0'
     after:  'EnableSRAM = 1'
   BUILD_LUA exit=1 wrote=False  (s1disasm-X-0110113.lua.log)
   SIGIL exit=1 wrote=False  stderr lines=1 (s1disasm-X-0110113.sigil.err)
   RESULT BOTH-DECLINED   sigil DECLINED (predicted DECLINED)   STOCK DECLINED
-- CORNER s1disasm-X-0111000   Revision=0 FixBugs=1 CheatsEnabled=1 AllOptimizations=1 EnableSRAM=0 BackupSRAM=0 AddressSRAM=0   predict sigil DECLINED
   edit sonic.asm:14
     before: 'Revision = 1'
     after:  'Revision = 0'
   edit sonic.asm:20
     before: 'FixBugs = 0'
     after:  'FixBugs = 1'
   edit sonic.asm:24
     before: 'CheatsEnabled = 0'
     after:  'CheatsEnabled = 1'
   edit sonic.asm:28
     before: 'AllOptimizations = 0'
     after:  'AllOptimizations = 1'
   edit sonic.asm:39
     before: 'BackupSRAM = 1'
     after:  'BackupSRAM = 0'
   edit sonic.asm:41
     before: 'AddressSRAM = 3'
     after:  'AddressSRAM = 0'
   BUILD_LUA exit=0 wrote=True  (s1disasm-X-0111000.lua.log)
   SIGIL exit=1 wrote=False  stderr lines=1 (s1disasm-X-0111000.sigil.err)
   RESULT SIGIL-DECLINED   sigil DECLINED (predicted DECLINED)
-- CORNER s1disasm-X-0111002   Revision=0 FixBugs=1 CheatsEnabled=1 AllOptimizations=1 EnableSRAM=0 BackupSRAM=0 AddressSRAM=2   predict sigil DECLINED
   edit sonic.asm:14
     before: 'Revision = 1'
     after:  'Revision = 0'
   edit sonic.asm:20
     before: 'FixBugs = 0'
     after:  'FixBugs = 1'
   edit sonic.asm:24
     before: 'CheatsEnabled = 0'
     after:  'CheatsEnabled = 1'
   edit sonic.asm:28
     before: 'AllOptimizations = 0'
     after:  'AllOptimizations = 1'
   edit sonic.asm:39
     before: 'BackupSRAM = 1'
     after:  'BackupSRAM = 0'
   edit sonic.asm:41
     before: 'AddressSRAM = 3'
     after:  'AddressSRAM = 2'
   BUILD_LUA exit=0 wrote=True  (s1disasm-X-0111002.lua.log)
   SIGIL exit=1 wrote=False  stderr lines=1 (s1disasm-X-0111002.sigil.err)
   RESULT SIGIL-DECLINED   sigil DECLINED (predicted DECLINED)
-- CORNER s1disasm-X-0111003   Revision=0 FixBugs=1 CheatsEnabled=1 AllOptimizations=1 EnableSRAM=0 BackupSRAM=0 AddressSRAM=3   predict sigil DECLINED
   edit sonic.asm:14
     before: 'Revision = 1'
     after:  'Revision = 0'
   edit sonic.asm:20
     before: 'FixBugs = 0'
     after:  'FixBugs = 1'
   edit sonic.asm:24
     before: 'CheatsEnabled = 0'
     after:  'CheatsEnabled = 1'
   edit sonic.asm:28
     before: 'AllOptimizations = 0'
     after:  'AllOptimizations = 1'
   edit sonic.asm:39
     before: 'BackupSRAM = 1'
     after:  'BackupSRAM = 0'
   BUILD_LUA exit=0 wrote=True  (s1disasm-X-0111003.lua.log)
   SIGIL exit=1 wrote=False  stderr lines=1 (s1disasm-X-0111003.sigil.err)
   RESULT SIGIL-DECLINED   sigil DECLINED (predicted DECLINED)
-- CORNER s1disasm-X-0111010   Revision=0 FixBugs=1 CheatsEnabled=1 AllOptimizations=1 EnableSRAM=0 BackupSRAM=1 AddressSRAM=0   predict sigil DECLINED
   edit sonic.asm:14
     before: 'Revision = 1'
     after:  'Revision = 0'
   edit sonic.asm:20
     before: 'FixBugs = 0'
     after:  'FixBugs = 1'
   edit sonic.asm:24
     before: 'CheatsEnabled = 0'
     after:  'CheatsEnabled = 1'
   edit sonic.asm:28
     before: 'AllOptimizations = 0'
     after:  'AllOptimizations = 1'
   edit sonic.asm:41
     before: 'AddressSRAM = 3'
     after:  'AddressSRAM = 0'
   BUILD_LUA exit=0 wrote=True  (s1disasm-X-0111010.lua.log)
   SIGIL exit=1 wrote=False  stderr lines=1 (s1disasm-X-0111010.sigil.err)
   RESULT SIGIL-DECLINED   sigil DECLINED (predicted DECLINED)
-- CORNER s1disasm-X-0111012   Revision=0 FixBugs=1 CheatsEnabled=1 AllOptimizations=1 EnableSRAM=0 BackupSRAM=1 AddressSRAM=2   predict sigil DECLINED
   edit sonic.asm:14
     before: 'Revision = 1'
     after:  'Revision = 0'
   edit sonic.asm:20
     before: 'FixBugs = 0'
     after:  'FixBugs = 1'
   edit sonic.asm:24
     before: 'CheatsEnabled = 0'
     after:  'CheatsEnabled = 1'
   edit sonic.asm:28
     before: 'AllOptimizations = 0'
     after:  'AllOptimizations = 1'
   edit sonic.asm:41
     before: 'AddressSRAM = 3'
     after:  'AddressSRAM = 2'
   BUILD_LUA exit=0 wrote=True  (s1disasm-X-0111012.lua.log)
   SIGIL exit=1 wrote=False  stderr lines=1 (s1disasm-X-0111012.sigil.err)
   RESULT SIGIL-DECLINED   sigil DECLINED (predicted DECLINED)
-- CORNER s1disasm-X-0111013   Revision=0 FixBugs=1 CheatsEnabled=1 AllOptimizations=1 EnableSRAM=0 BackupSRAM=1 AddressSRAM=3   predict sigil DECLINED
   edit sonic.asm:14
     before: 'Revision = 1'
     after:  'Revision = 0'
   edit sonic.asm:20
     before: 'FixBugs = 0'
     after:  'FixBugs = 1'
   edit sonic.asm:24
     before: 'CheatsEnabled = 0'
     after:  'CheatsEnabled = 1'
   edit sonic.asm:28
     before: 'AllOptimizations = 0'
     after:  'AllOptimizations = 1'
   BUILD_LUA exit=0 wrote=True  (s1disasm-X-0111013.lua.log)
   SIGIL exit=1 wrote=False  stderr lines=1 (s1disasm-X-0111013.sigil.err)
   RESULT SIGIL-DECLINED   sigil DECLINED (predicted DECLINED)
-- CORNER s1disasm-X-0111100   Revision=0 FixBugs=1 CheatsEnabled=1 AllOptimizations=1 EnableSRAM=1 BackupSRAM=0 AddressSRAM=0   predict sigil DECLINED
   edit sonic.asm:14
     before: 'Revision = 1'
     after:  'Revision = 0'
   edit sonic.asm:20
     before: 'FixBugs = 0'
     after:  'FixBugs = 1'
   edit sonic.asm:24
     before: 'CheatsEnabled = 0'
     after:  'CheatsEnabled = 1'
   edit sonic.asm:28
     before: 'AllOptimizations = 0'
     after:  'AllOptimizations = 1'
   edit sonic.asm:37
     before: 'EnableSRAM = 0'
     after:  'EnableSRAM = 1'
   edit sonic.asm:39
     before: 'BackupSRAM = 1'
     after:  'BackupSRAM = 0'
   edit sonic.asm:41
     before: 'AddressSRAM = 3'
     after:  'AddressSRAM = 0'
   BUILD_LUA exit=0 wrote=True  (s1disasm-X-0111100.lua.log)
   SIGIL exit=1 wrote=False  stderr lines=1 (s1disasm-X-0111100.sigil.err)
   RESULT SIGIL-DECLINED   sigil DECLINED (predicted DECLINED)
-- CORNER s1disasm-X-0111102   Revision=0 FixBugs=1 CheatsEnabled=1 AllOptimizations=1 EnableSRAM=1 BackupSRAM=0 AddressSRAM=2   predict sigil DECLINED
   edit sonic.asm:14
     before: 'Revision = 1'
     after:  'Revision = 0'
   edit sonic.asm:20
     before: 'FixBugs = 0'
     after:  'FixBugs = 1'
   edit sonic.asm:24
     before: 'CheatsEnabled = 0'
     after:  'CheatsEnabled = 1'
   edit sonic.asm:28
     before: 'AllOptimizations = 0'
     after:  'AllOptimizations = 1'
   edit sonic.asm:37
     before: 'EnableSRAM = 0'
     after:  'EnableSRAM = 1'
   edit sonic.asm:39
     before: 'BackupSRAM = 1'
     after:  'BackupSRAM = 0'
   edit sonic.asm:41
     before: 'AddressSRAM = 3'
     after:  'AddressSRAM = 2'
   BUILD_LUA exit=0 wrote=True  (s1disasm-X-0111102.lua.log)
   SIGIL exit=1 wrote=False  stderr lines=1 (s1disasm-X-0111102.sigil.err)
   RESULT SIGIL-DECLINED   sigil DECLINED (predicted DECLINED)
-- CORNER s1disasm-X-0111103   Revision=0 FixBugs=1 CheatsEnabled=1 AllOptimizations=1 EnableSRAM=1 BackupSRAM=0 AddressSRAM=3   predict sigil DECLINED
   edit sonic.asm:14
     before: 'Revision = 1'
     after:  'Revision = 0'
   edit sonic.asm:20
     before: 'FixBugs = 0'
     after:  'FixBugs = 1'
   edit sonic.asm:24
     before: 'CheatsEnabled = 0'
     after:  'CheatsEnabled = 1'
   edit sonic.asm:28
     before: 'AllOptimizations = 0'
     after:  'AllOptimizations = 1'
   edit sonic.asm:37
     before: 'EnableSRAM = 0'
     after:  'EnableSRAM = 1'
   edit sonic.asm:39
     before: 'BackupSRAM = 1'
     after:  'BackupSRAM = 0'
   BUILD_LUA exit=0 wrote=True  (s1disasm-X-0111103.lua.log)
   SIGIL exit=1 wrote=False  stderr lines=1 (s1disasm-X-0111103.sigil.err)
   RESULT SIGIL-DECLINED   sigil DECLINED (predicted DECLINED)
-- CORNER s1disasm-X-0111110   Revision=0 FixBugs=1 CheatsEnabled=1 AllOptimizations=1 EnableSRAM=1 BackupSRAM=1 AddressSRAM=0   predict sigil DECLINED
   edit sonic.asm:14
     before: 'Revision = 1'
     after:  'Revision = 0'
   edit sonic.asm:20
     before: 'FixBugs = 0'
     after:  'FixBugs = 1'
   edit sonic.asm:24
     before: 'CheatsEnabled = 0'
     after:  'CheatsEnabled = 1'
   edit sonic.asm:28
     before: 'AllOptimizations = 0'
     after:  'AllOptimizations = 1'
   edit sonic.asm:37
     before: 'EnableSRAM = 0'
     after:  'EnableSRAM = 1'
   edit sonic.asm:41
     before: 'AddressSRAM = 3'
     after:  'AddressSRAM = 0'
   BUILD_LUA exit=0 wrote=True  (s1disasm-X-0111110.lua.log)
   SIGIL exit=1 wrote=False  stderr lines=1 (s1disasm-X-0111110.sigil.err)
   RESULT SIGIL-DECLINED   sigil DECLINED (predicted DECLINED)
-- CORNER s1disasm-X-0111112   Revision=0 FixBugs=1 CheatsEnabled=1 AllOptimizations=1 EnableSRAM=1 BackupSRAM=1 AddressSRAM=2   predict sigil DECLINED
   edit sonic.asm:14
     before: 'Revision = 1'
     after:  'Revision = 0'
   edit sonic.asm:20
     before: 'FixBugs = 0'
     after:  'FixBugs = 1'
   edit sonic.asm:24
     before: 'CheatsEnabled = 0'
     after:  'CheatsEnabled = 1'
   edit sonic.asm:28
     before: 'AllOptimizations = 0'
     after:  'AllOptimizations = 1'
   edit sonic.asm:37
     before: 'EnableSRAM = 0'
     after:  'EnableSRAM = 1'
   edit sonic.asm:41
     before: 'AddressSRAM = 3'
     after:  'AddressSRAM = 2'
   BUILD_LUA exit=0 wrote=True  (s1disasm-X-0111112.lua.log)
   SIGIL exit=1 wrote=False  stderr lines=1 (s1disasm-X-0111112.sigil.err)
   RESULT SIGIL-DECLINED   sigil DECLINED (predicted DECLINED)
-- CORNER s1disasm-X-0111113   Revision=0 FixBugs=1 CheatsEnabled=1 AllOptimizations=1 EnableSRAM=1 BackupSRAM=1 AddressSRAM=3   predict sigil DECLINED
   edit sonic.asm:14
     before: 'Revision = 1'
     after:  'Revision = 0'
   edit sonic.asm:20
     before: 'FixBugs = 0'
     after:  'FixBugs = 1'
   edit sonic.asm:24
     before: 'CheatsEnabled = 0'
     after:  'CheatsEnabled = 1'
   edit sonic.asm:28
     before: 'AllOptimizations = 0'
     after:  'AllOptimizations = 1'
   edit sonic.asm:37
     before: 'EnableSRAM = 0'
     after:  'EnableSRAM = 1'
   BUILD_LUA exit=0 wrote=True  (s1disasm-X-0111113.lua.log)
   SIGIL exit=1 wrote=False  stderr lines=1 (s1disasm-X-0111113.sigil.err)
   RESULT SIGIL-DECLINED   sigil DECLINED (predicted DECLINED)
-- CORNER s1disasm-X-1000000   Revision=1 FixBugs=0 CheatsEnabled=0 AllOptimizations=0 EnableSRAM=0 BackupSRAM=0 AddressSRAM=0   predict sigil BUILT
   edit sonic.asm:39
     before: 'BackupSRAM = 1'
     after:  'BackupSRAM = 0'
   edit sonic.asm:41
     before: 'AddressSRAM = 3'
     after:  'AddressSRAM = 0'
   BUILD_LUA exit=0 wrote=True  (s1disasm-X-1000000.lua.log)
   SIGIL exit=0 wrote=True  stderr lines=0 (s1disasm-X-1000000.sigil.err)
   DIFF 0 bytes in 0 runs
   CONTROL planted at ['0x200', '0x40000', '0x7fffe'] -> 3 bytes in 3 runs: PASSED
   RESULT AGREE   sigil BUILT (predicted BUILT)
-- CORNER s1disasm-X-1000002   Revision=1 FixBugs=0 CheatsEnabled=0 AllOptimizations=0 EnableSRAM=0 BackupSRAM=0 AddressSRAM=2   predict sigil BUILT
   edit sonic.asm:39
     before: 'BackupSRAM = 1'
     after:  'BackupSRAM = 0'
   edit sonic.asm:41
     before: 'AddressSRAM = 3'
     after:  'AddressSRAM = 2'
   BUILD_LUA exit=0 wrote=True  (s1disasm-X-1000002.lua.log)
   SIGIL exit=0 wrote=True  stderr lines=0 (s1disasm-X-1000002.sigil.err)
   DIFF 0 bytes in 0 runs
   CONTROL planted at ['0x200', '0x40000', '0x7fffe'] -> 3 bytes in 3 runs: PASSED
   RESULT AGREE   sigil BUILT (predicted BUILT)
-- CORNER s1disasm-X-1000003   Revision=1 FixBugs=0 CheatsEnabled=0 AllOptimizations=0 EnableSRAM=0 BackupSRAM=0 AddressSRAM=3   predict sigil BUILT
   edit sonic.asm:39
     before: 'BackupSRAM = 1'
     after:  'BackupSRAM = 0'
   BUILD_LUA exit=0 wrote=True  (s1disasm-X-1000003.lua.log)
   SIGIL exit=0 wrote=True  stderr lines=0 (s1disasm-X-1000003.sigil.err)
   DIFF 0 bytes in 0 runs
   CONTROL planted at ['0x200', '0x40000', '0x7fffe'] -> 3 bytes in 3 runs: PASSED
   RESULT AGREE   sigil BUILT (predicted BUILT)
-- CORNER s1disasm-X-1000010   Revision=1 FixBugs=0 CheatsEnabled=0 AllOptimizations=0 EnableSRAM=0 BackupSRAM=1 AddressSRAM=0   predict sigil BUILT
   edit sonic.asm:41
     before: 'AddressSRAM = 3'
     after:  'AddressSRAM = 0'
   BUILD_LUA exit=0 wrote=True  (s1disasm-X-1000010.lua.log)
   SIGIL exit=0 wrote=True  stderr lines=0 (s1disasm-X-1000010.sigil.err)
   DIFF 0 bytes in 0 runs
   CONTROL planted at ['0x200', '0x40000', '0x7fffe'] -> 3 bytes in 3 runs: PASSED
   RESULT AGREE   sigil BUILT (predicted BUILT)
-- CORNER s1disasm-X-1000012   Revision=1 FixBugs=0 CheatsEnabled=0 AllOptimizations=0 EnableSRAM=0 BackupSRAM=1 AddressSRAM=2   predict sigil BUILT
   edit sonic.asm:41
     before: 'AddressSRAM = 3'
     after:  'AddressSRAM = 2'
   BUILD_LUA exit=0 wrote=True  (s1disasm-X-1000012.lua.log)
   SIGIL exit=0 wrote=True  stderr lines=0 (s1disasm-X-1000012.sigil.err)
   DIFF 0 bytes in 0 runs
   CONTROL planted at ['0x200', '0x40000', '0x7fffe'] -> 3 bytes in 3 runs: PASSED
   RESULT AGREE   sigil BUILT (predicted BUILT)
-- CORNER s1disasm-X-1000013   Revision=1 FixBugs=0 CheatsEnabled=0 AllOptimizations=0 EnableSRAM=0 BackupSRAM=1 AddressSRAM=3   predict sigil BUILT
   BUILD_LUA exit=0 wrote=True  (s1disasm-X-1000013.lua.log)
   SIGIL exit=0 wrote=True  stderr lines=0 (s1disasm-X-1000013.sigil.err)
   DIFF 0 bytes in 0 runs
   CONTROL planted at ['0x200', '0x40000', '0x7fffe'] -> 3 bytes in 3 runs: PASSED
   RESULT AGREE   sigil BUILT (predicted BUILT)
-- CORNER s1disasm-X-1000100   Revision=1 FixBugs=0 CheatsEnabled=0 AllOptimizations=0 EnableSRAM=1 BackupSRAM=0 AddressSRAM=0   predict sigil BUILT
   edit sonic.asm:37
     before: 'EnableSRAM = 0'
     after:  'EnableSRAM = 1'
   edit sonic.asm:39
     before: 'BackupSRAM = 1'
     after:  'BackupSRAM = 0'
   edit sonic.asm:41
     before: 'AddressSRAM = 3'
     after:  'AddressSRAM = 0'
   BUILD_LUA exit=0 wrote=True  (s1disasm-X-1000100.lua.log)
   SIGIL exit=0 wrote=True  stderr lines=0 (s1disasm-X-1000100.sigil.err)
   DIFF 0 bytes in 0 runs
   CONTROL planted at ['0x200', '0x40000', '0x7fffe'] -> 3 bytes in 3 runs: PASSED
   RESULT AGREE   sigil BUILT (predicted BUILT)
-- CORNER s1disasm-X-1000102   Revision=1 FixBugs=0 CheatsEnabled=0 AllOptimizations=0 EnableSRAM=1 BackupSRAM=0 AddressSRAM=2   predict sigil BUILT
   edit sonic.asm:37
     before: 'EnableSRAM = 0'
     after:  'EnableSRAM = 1'
   edit sonic.asm:39
     before: 'BackupSRAM = 1'
     after:  'BackupSRAM = 0'
   edit sonic.asm:41
     before: 'AddressSRAM = 3'
     after:  'AddressSRAM = 2'
   BUILD_LUA exit=0 wrote=True  (s1disasm-X-1000102.lua.log)
   SIGIL exit=0 wrote=True  stderr lines=0 (s1disasm-X-1000102.sigil.err)
   DIFF 0 bytes in 0 runs
   CONTROL planted at ['0x200', '0x40000', '0x7fffe'] -> 3 bytes in 3 runs: PASSED
   RESULT AGREE   sigil BUILT (predicted BUILT)
-- CORNER s1disasm-X-1000103   Revision=1 FixBugs=0 CheatsEnabled=0 AllOptimizations=0 EnableSRAM=1 BackupSRAM=0 AddressSRAM=3   predict sigil BUILT
   edit sonic.asm:37
     before: 'EnableSRAM = 0'
     after:  'EnableSRAM = 1'
   edit sonic.asm:39
     before: 'BackupSRAM = 1'
     after:  'BackupSRAM = 0'
   BUILD_LUA exit=0 wrote=True  (s1disasm-X-1000103.lua.log)
   SIGIL exit=0 wrote=True  stderr lines=0 (s1disasm-X-1000103.sigil.err)
   DIFF 0 bytes in 0 runs
   CONTROL planted at ['0x200', '0x40000', '0x7fffe'] -> 3 bytes in 3 runs: PASSED
   RESULT AGREE   sigil BUILT (predicted BUILT)
-- CORNER s1disasm-X-1000110   Revision=1 FixBugs=0 CheatsEnabled=0 AllOptimizations=0 EnableSRAM=1 BackupSRAM=1 AddressSRAM=0   predict sigil BUILT
   edit sonic.asm:37
     before: 'EnableSRAM = 0'
     after:  'EnableSRAM = 1'
   edit sonic.asm:41
     before: 'AddressSRAM = 3'
     after:  'AddressSRAM = 0'
   BUILD_LUA exit=0 wrote=True  (s1disasm-X-1000110.lua.log)
   SIGIL exit=0 wrote=True  stderr lines=0 (s1disasm-X-1000110.sigil.err)
   DIFF 0 bytes in 0 runs
   CONTROL planted at ['0x200', '0x40000', '0x7fffe'] -> 3 bytes in 3 runs: PASSED
   RESULT AGREE   sigil BUILT (predicted BUILT)
-- CORNER s1disasm-X-1000112   Revision=1 FixBugs=0 CheatsEnabled=0 AllOptimizations=0 EnableSRAM=1 BackupSRAM=1 AddressSRAM=2   predict sigil BUILT
   edit sonic.asm:37
     before: 'EnableSRAM = 0'
     after:  'EnableSRAM = 1'
   edit sonic.asm:41
     before: 'AddressSRAM = 3'
     after:  'AddressSRAM = 2'
   BUILD_LUA exit=0 wrote=True  (s1disasm-X-1000112.lua.log)
   SIGIL exit=0 wrote=True  stderr lines=0 (s1disasm-X-1000112.sigil.err)
   DIFF 0 bytes in 0 runs
   CONTROL planted at ['0x200', '0x40000', '0x7fffe'] -> 3 bytes in 3 runs: PASSED
   RESULT AGREE   sigil BUILT (predicted BUILT)
-- CORNER s1disasm-X-1000113   Revision=1 FixBugs=0 CheatsEnabled=0 AllOptimizations=0 EnableSRAM=1 BackupSRAM=1 AddressSRAM=3   predict sigil BUILT
   edit sonic.asm:37
     before: 'EnableSRAM = 0'
     after:  'EnableSRAM = 1'
   BUILD_LUA exit=0 wrote=True  (s1disasm-X-1000113.lua.log)
   SIGIL exit=0 wrote=True  stderr lines=0 (s1disasm-X-1000113.sigil.err)
   DIFF 0 bytes in 0 runs
   CONTROL planted at ['0x200', '0x40000', '0x7fffe'] -> 3 bytes in 3 runs: PASSED
   RESULT AGREE   sigil BUILT (predicted BUILT)
-- CORNER s1disasm-X-1001000   Revision=1 FixBugs=0 CheatsEnabled=0 AllOptimizations=1 EnableSRAM=0 BackupSRAM=0 AddressSRAM=0   predict sigil BUILT
   edit sonic.asm:28
     before: 'AllOptimizations = 0'
     after:  'AllOptimizations = 1'
   edit sonic.asm:39
     before: 'BackupSRAM = 1'
     after:  'BackupSRAM = 0'
   edit sonic.asm:41
     before: 'AddressSRAM = 3'
     after:  'AddressSRAM = 0'
   BUILD_LUA exit=0 wrote=True  (s1disasm-X-1001000.lua.log)
   SIGIL exit=0 wrote=True  stderr lines=0 (s1disasm-X-1001000.sigil.err)
   DIFF 0 bytes in 0 runs
   CONTROL planted at ['0x200', '0x3f987', '0x7f30c'] -> 3 bytes in 3 runs: PASSED
   RESULT AGREE   sigil BUILT (predicted BUILT)
-- CORNER s1disasm-X-1001002   Revision=1 FixBugs=0 CheatsEnabled=0 AllOptimizations=1 EnableSRAM=0 BackupSRAM=0 AddressSRAM=2   predict sigil BUILT
   edit sonic.asm:28
     before: 'AllOptimizations = 0'
     after:  'AllOptimizations = 1'
   edit sonic.asm:39
     before: 'BackupSRAM = 1'
     after:  'BackupSRAM = 0'
   edit sonic.asm:41
     before: 'AddressSRAM = 3'
     after:  'AddressSRAM = 2'
   BUILD_LUA exit=0 wrote=True  (s1disasm-X-1001002.lua.log)
   SIGIL exit=0 wrote=True  stderr lines=0 (s1disasm-X-1001002.sigil.err)
   DIFF 0 bytes in 0 runs
   CONTROL planted at ['0x200', '0x3f987', '0x7f30c'] -> 3 bytes in 3 runs: PASSED
   RESULT AGREE   sigil BUILT (predicted BUILT)
-- CORNER s1disasm-X-1001003   Revision=1 FixBugs=0 CheatsEnabled=0 AllOptimizations=1 EnableSRAM=0 BackupSRAM=0 AddressSRAM=3   predict sigil BUILT
   edit sonic.asm:28
     before: 'AllOptimizations = 0'
     after:  'AllOptimizations = 1'
   edit sonic.asm:39
     before: 'BackupSRAM = 1'
     after:  'BackupSRAM = 0'
   BUILD_LUA exit=0 wrote=True  (s1disasm-X-1001003.lua.log)
   SIGIL exit=0 wrote=True  stderr lines=0 (s1disasm-X-1001003.sigil.err)
   DIFF 0 bytes in 0 runs
   CONTROL planted at ['0x200', '0x3f987', '0x7f30c'] -> 3 bytes in 3 runs: PASSED
   RESULT AGREE   sigil BUILT (predicted BUILT)
-- CORNER s1disasm-X-1001010   Revision=1 FixBugs=0 CheatsEnabled=0 AllOptimizations=1 EnableSRAM=0 BackupSRAM=1 AddressSRAM=0   predict sigil BUILT
   edit sonic.asm:28
     before: 'AllOptimizations = 0'
     after:  'AllOptimizations = 1'
   edit sonic.asm:41
     before: 'AddressSRAM = 3'
     after:  'AddressSRAM = 0'
   BUILD_LUA exit=0 wrote=True  (s1disasm-X-1001010.lua.log)
   SIGIL exit=0 wrote=True  stderr lines=0 (s1disasm-X-1001010.sigil.err)
   DIFF 0 bytes in 0 runs
   CONTROL planted at ['0x200', '0x3f987', '0x7f30c'] -> 3 bytes in 3 runs: PASSED
   RESULT AGREE   sigil BUILT (predicted BUILT)
-- CORNER s1disasm-X-1001012   Revision=1 FixBugs=0 CheatsEnabled=0 AllOptimizations=1 EnableSRAM=0 BackupSRAM=1 AddressSRAM=2   predict sigil BUILT
   edit sonic.asm:28
     before: 'AllOptimizations = 0'
     after:  'AllOptimizations = 1'
   edit sonic.asm:41
     before: 'AddressSRAM = 3'
     after:  'AddressSRAM = 2'
   BUILD_LUA exit=0 wrote=True  (s1disasm-X-1001012.lua.log)
   SIGIL exit=0 wrote=True  stderr lines=0 (s1disasm-X-1001012.sigil.err)
   DIFF 0 bytes in 0 runs
   CONTROL planted at ['0x200', '0x3f987', '0x7f30c'] -> 3 bytes in 3 runs: PASSED
   RESULT AGREE   sigil BUILT (predicted BUILT)
-- CORNER s1disasm-X-1001013   Revision=1 FixBugs=0 CheatsEnabled=0 AllOptimizations=1 EnableSRAM=0 BackupSRAM=1 AddressSRAM=3   predict sigil BUILT
   edit sonic.asm:28
     before: 'AllOptimizations = 0'
     after:  'AllOptimizations = 1'
   BUILD_LUA exit=0 wrote=True  (s1disasm-X-1001013.lua.log)
   SIGIL exit=0 wrote=True  stderr lines=0 (s1disasm-X-1001013.sigil.err)
   DIFF 0 bytes in 0 runs
   CONTROL planted at ['0x200', '0x3f987', '0x7f30c'] -> 3 bytes in 3 runs: PASSED
   RESULT AGREE   sigil BUILT (predicted BUILT)
-- CORNER s1disasm-X-1001100   Revision=1 FixBugs=0 CheatsEnabled=0 AllOptimizations=1 EnableSRAM=1 BackupSRAM=0 AddressSRAM=0   predict sigil BUILT
   edit sonic.asm:28
     before: 'AllOptimizations = 0'
     after:  'AllOptimizations = 1'
   edit sonic.asm:37
     before: 'EnableSRAM = 0'
     after:  'EnableSRAM = 1'
   edit sonic.asm:39
     before: 'BackupSRAM = 1'
     after:  'BackupSRAM = 0'
   edit sonic.asm:41
     before: 'AddressSRAM = 3'
     after:  'AddressSRAM = 0'
   BUILD_LUA exit=0 wrote=True  (s1disasm-X-1001100.lua.log)
   SIGIL exit=0 wrote=True  stderr lines=0 (s1disasm-X-1001100.sigil.err)
   DIFF 0 bytes in 0 runs
   CONTROL planted at ['0x200', '0x3f987', '0x7f30c'] -> 3 bytes in 3 runs: PASSED
   RESULT AGREE   sigil BUILT (predicted BUILT)
-- CORNER s1disasm-X-1001102   Revision=1 FixBugs=0 CheatsEnabled=0 AllOptimizations=1 EnableSRAM=1 BackupSRAM=0 AddressSRAM=2   predict sigil BUILT
   edit sonic.asm:28
     before: 'AllOptimizations = 0'
     after:  'AllOptimizations = 1'
   edit sonic.asm:37
     before: 'EnableSRAM = 0'
     after:  'EnableSRAM = 1'
   edit sonic.asm:39
     before: 'BackupSRAM = 1'
     after:  'BackupSRAM = 0'
   edit sonic.asm:41
     before: 'AddressSRAM = 3'
     after:  'AddressSRAM = 2'
   BUILD_LUA exit=0 wrote=True  (s1disasm-X-1001102.lua.log)
   SIGIL exit=0 wrote=True  stderr lines=0 (s1disasm-X-1001102.sigil.err)
   DIFF 0 bytes in 0 runs
   CONTROL planted at ['0x200', '0x3f987', '0x7f30c'] -> 3 bytes in 3 runs: PASSED
   RESULT AGREE   sigil BUILT (predicted BUILT)
-- CORNER s1disasm-X-1001103   Revision=1 FixBugs=0 CheatsEnabled=0 AllOptimizations=1 EnableSRAM=1 BackupSRAM=0 AddressSRAM=3   predict sigil BUILT
   edit sonic.asm:28
     before: 'AllOptimizations = 0'
     after:  'AllOptimizations = 1'
   edit sonic.asm:37
     before: 'EnableSRAM = 0'
     after:  'EnableSRAM = 1'
   edit sonic.asm:39
     before: 'BackupSRAM = 1'
     after:  'BackupSRAM = 0'
   BUILD_LUA exit=0 wrote=True  (s1disasm-X-1001103.lua.log)
   SIGIL exit=0 wrote=True  stderr lines=0 (s1disasm-X-1001103.sigil.err)
   DIFF 0 bytes in 0 runs
   CONTROL planted at ['0x200', '0x3f987', '0x7f30c'] -> 3 bytes in 3 runs: PASSED
   RESULT AGREE   sigil BUILT (predicted BUILT)
-- CORNER s1disasm-X-1001110   Revision=1 FixBugs=0 CheatsEnabled=0 AllOptimizations=1 EnableSRAM=1 BackupSRAM=1 AddressSRAM=0   predict sigil BUILT
   edit sonic.asm:28
     before: 'AllOptimizations = 0'
     after:  'AllOptimizations = 1'
   edit sonic.asm:37
     before: 'EnableSRAM = 0'
     after:  'EnableSRAM = 1'
   edit sonic.asm:41
     before: 'AddressSRAM = 3'
     after:  'AddressSRAM = 0'
   BUILD_LUA exit=0 wrote=True  (s1disasm-X-1001110.lua.log)
   SIGIL exit=0 wrote=True  stderr lines=0 (s1disasm-X-1001110.sigil.err)
   DIFF 0 bytes in 0 runs
   CONTROL planted at ['0x200', '0x3f987', '0x7f30c'] -> 3 bytes in 3 runs: PASSED
   RESULT AGREE   sigil BUILT (predicted BUILT)
-- CORNER s1disasm-X-1001112   Revision=1 FixBugs=0 CheatsEnabled=0 AllOptimizations=1 EnableSRAM=1 BackupSRAM=1 AddressSRAM=2   predict sigil BUILT
   edit sonic.asm:28
     before: 'AllOptimizations = 0'
     after:  'AllOptimizations = 1'
   edit sonic.asm:37
     before: 'EnableSRAM = 0'
     after:  'EnableSRAM = 1'
   edit sonic.asm:41
     before: 'AddressSRAM = 3'
     after:  'AddressSRAM = 2'
   BUILD_LUA exit=0 wrote=True  (s1disasm-X-1001112.lua.log)
   SIGIL exit=0 wrote=True  stderr lines=0 (s1disasm-X-1001112.sigil.err)
   DIFF 0 bytes in 0 runs
   CONTROL planted at ['0x200', '0x3f987', '0x7f30c'] -> 3 bytes in 3 runs: PASSED
   RESULT AGREE   sigil BUILT (predicted BUILT)
-- CORNER s1disasm-X-1001113   Revision=1 FixBugs=0 CheatsEnabled=0 AllOptimizations=1 EnableSRAM=1 BackupSRAM=1 AddressSRAM=3   predict sigil BUILT
   edit sonic.asm:28
     before: 'AllOptimizations = 0'
     after:  'AllOptimizations = 1'
   edit sonic.asm:37
     before: 'EnableSRAM = 0'
     after:  'EnableSRAM = 1'
   BUILD_LUA exit=0 wrote=True  (s1disasm-X-1001113.lua.log)
   SIGIL exit=0 wrote=True  stderr lines=0 (s1disasm-X-1001113.sigil.err)
   DIFF 0 bytes in 0 runs
   CONTROL planted at ['0x200', '0x3f987', '0x7f30c'] -> 3 bytes in 3 runs: PASSED
   RESULT AGREE   sigil BUILT (predicted BUILT)
-- CORNER s1disasm-X-1010000   Revision=1 FixBugs=0 CheatsEnabled=1 AllOptimizations=0 EnableSRAM=0 BackupSRAM=0 AddressSRAM=0   predict sigil BUILT
   edit sonic.asm:24
     before: 'CheatsEnabled = 0'
     after:  'CheatsEnabled = 1'
   edit sonic.asm:39
     before: 'BackupSRAM = 1'
     after:  'BackupSRAM = 0'
   edit sonic.asm:41
     before: 'AddressSRAM = 3'
     after:  'AddressSRAM = 0'
   BUILD_LUA exit=0 wrote=True  (s1disasm-X-1010000.lua.log)
   SIGIL exit=0 wrote=True  stderr lines=0 (s1disasm-X-1010000.sigil.err)
   DIFF 0 bytes in 0 runs
   CONTROL planted at ['0x200', '0x40000', '0x7fffe'] -> 3 bytes in 3 runs: PASSED
   RESULT AGREE   sigil BUILT (predicted BUILT)
-- CORNER s1disasm-X-1010002   Revision=1 FixBugs=0 CheatsEnabled=1 AllOptimizations=0 EnableSRAM=0 BackupSRAM=0 AddressSRAM=2   predict sigil BUILT
   edit sonic.asm:24
     before: 'CheatsEnabled = 0'
     after:  'CheatsEnabled = 1'
   edit sonic.asm:39
     before: 'BackupSRAM = 1'
     after:  'BackupSRAM = 0'
   edit sonic.asm:41
     before: 'AddressSRAM = 3'
     after:  'AddressSRAM = 2'
   BUILD_LUA exit=0 wrote=True  (s1disasm-X-1010002.lua.log)
   SIGIL exit=0 wrote=True  stderr lines=0 (s1disasm-X-1010002.sigil.err)
   DIFF 0 bytes in 0 runs
   CONTROL planted at ['0x200', '0x40000', '0x7fffe'] -> 3 bytes in 3 runs: PASSED
   RESULT AGREE   sigil BUILT (predicted BUILT)
-- CORNER s1disasm-X-1010003   Revision=1 FixBugs=0 CheatsEnabled=1 AllOptimizations=0 EnableSRAM=0 BackupSRAM=0 AddressSRAM=3   predict sigil BUILT
   edit sonic.asm:24
     before: 'CheatsEnabled = 0'
     after:  'CheatsEnabled = 1'
   edit sonic.asm:39
     before: 'BackupSRAM = 1'
     after:  'BackupSRAM = 0'
   BUILD_LUA exit=0 wrote=True  (s1disasm-X-1010003.lua.log)
   SIGIL exit=0 wrote=True  stderr lines=0 (s1disasm-X-1010003.sigil.err)
   DIFF 0 bytes in 0 runs
   CONTROL planted at ['0x200', '0x40000', '0x7fffe'] -> 3 bytes in 3 runs: PASSED
   RESULT AGREE   sigil BUILT (predicted BUILT)
-- CORNER s1disasm-X-1010010   Revision=1 FixBugs=0 CheatsEnabled=1 AllOptimizations=0 EnableSRAM=0 BackupSRAM=1 AddressSRAM=0   predict sigil BUILT
   edit sonic.asm:24
     before: 'CheatsEnabled = 0'
     after:  'CheatsEnabled = 1'
   edit sonic.asm:41
     before: 'AddressSRAM = 3'
     after:  'AddressSRAM = 0'
   BUILD_LUA exit=0 wrote=True  (s1disasm-X-1010010.lua.log)
   SIGIL exit=0 wrote=True  stderr lines=0 (s1disasm-X-1010010.sigil.err)
   DIFF 0 bytes in 0 runs
   CONTROL planted at ['0x200', '0x40000', '0x7fffe'] -> 3 bytes in 3 runs: PASSED
   RESULT AGREE   sigil BUILT (predicted BUILT)
-- CORNER s1disasm-X-1010012   Revision=1 FixBugs=0 CheatsEnabled=1 AllOptimizations=0 EnableSRAM=0 BackupSRAM=1 AddressSRAM=2   predict sigil BUILT
   edit sonic.asm:24
     before: 'CheatsEnabled = 0'
     after:  'CheatsEnabled = 1'
   edit sonic.asm:41
     before: 'AddressSRAM = 3'
     after:  'AddressSRAM = 2'
   BUILD_LUA exit=0 wrote=True  (s1disasm-X-1010012.lua.log)
   SIGIL exit=0 wrote=True  stderr lines=0 (s1disasm-X-1010012.sigil.err)
   DIFF 0 bytes in 0 runs
   CONTROL planted at ['0x200', '0x40000', '0x7fffe'] -> 3 bytes in 3 runs: PASSED
   RESULT AGREE   sigil BUILT (predicted BUILT)
-- CORNER s1disasm-X-1010013   Revision=1 FixBugs=0 CheatsEnabled=1 AllOptimizations=0 EnableSRAM=0 BackupSRAM=1 AddressSRAM=3   predict sigil BUILT
   edit sonic.asm:24
     before: 'CheatsEnabled = 0'
     after:  'CheatsEnabled = 1'
   BUILD_LUA exit=0 wrote=True  (s1disasm-X-1010013.lua.log)
   SIGIL exit=0 wrote=True  stderr lines=0 (s1disasm-X-1010013.sigil.err)
   DIFF 0 bytes in 0 runs
   CONTROL planted at ['0x200', '0x40000', '0x7fffe'] -> 3 bytes in 3 runs: PASSED
   RESULT AGREE   sigil BUILT (predicted BUILT)
-- CORNER s1disasm-X-1010100   Revision=1 FixBugs=0 CheatsEnabled=1 AllOptimizations=0 EnableSRAM=1 BackupSRAM=0 AddressSRAM=0   predict sigil BUILT
   edit sonic.asm:24
     before: 'CheatsEnabled = 0'
     after:  'CheatsEnabled = 1'
   edit sonic.asm:37
     before: 'EnableSRAM = 0'
     after:  'EnableSRAM = 1'
   edit sonic.asm:39
     before: 'BackupSRAM = 1'
     after:  'BackupSRAM = 0'
   edit sonic.asm:41
     before: 'AddressSRAM = 3'
     after:  'AddressSRAM = 0'
   BUILD_LUA exit=0 wrote=True  (s1disasm-X-1010100.lua.log)
   SIGIL exit=0 wrote=True  stderr lines=0 (s1disasm-X-1010100.sigil.err)
   DIFF 0 bytes in 0 runs
   CONTROL planted at ['0x200', '0x40000', '0x7fffe'] -> 3 bytes in 3 runs: PASSED
   RESULT AGREE   sigil BUILT (predicted BUILT)
-- CORNER s1disasm-X-1010102   Revision=1 FixBugs=0 CheatsEnabled=1 AllOptimizations=0 EnableSRAM=1 BackupSRAM=0 AddressSRAM=2   predict sigil BUILT
   edit sonic.asm:24
     before: 'CheatsEnabled = 0'
     after:  'CheatsEnabled = 1'
   edit sonic.asm:37
     before: 'EnableSRAM = 0'
     after:  'EnableSRAM = 1'
   edit sonic.asm:39
     before: 'BackupSRAM = 1'
     after:  'BackupSRAM = 0'
   edit sonic.asm:41
     before: 'AddressSRAM = 3'
     after:  'AddressSRAM = 2'
   BUILD_LUA exit=0 wrote=True  (s1disasm-X-1010102.lua.log)
   SIGIL exit=0 wrote=True  stderr lines=0 (s1disasm-X-1010102.sigil.err)
   DIFF 0 bytes in 0 runs
   CONTROL planted at ['0x200', '0x40000', '0x7fffe'] -> 3 bytes in 3 runs: PASSED
   RESULT AGREE   sigil BUILT (predicted BUILT)
-- CORNER s1disasm-X-1010103   Revision=1 FixBugs=0 CheatsEnabled=1 AllOptimizations=0 EnableSRAM=1 BackupSRAM=0 AddressSRAM=3   predict sigil BUILT
   edit sonic.asm:24
     before: 'CheatsEnabled = 0'
     after:  'CheatsEnabled = 1'
   edit sonic.asm:37
     before: 'EnableSRAM = 0'
     after:  'EnableSRAM = 1'
   edit sonic.asm:39
     before: 'BackupSRAM = 1'
     after:  'BackupSRAM = 0'
   BUILD_LUA exit=0 wrote=True  (s1disasm-X-1010103.lua.log)
   SIGIL exit=0 wrote=True  stderr lines=0 (s1disasm-X-1010103.sigil.err)
   DIFF 0 bytes in 0 runs
   CONTROL planted at ['0x200', '0x40000', '0x7fffe'] -> 3 bytes in 3 runs: PASSED
   RESULT AGREE   sigil BUILT (predicted BUILT)
-- CORNER s1disasm-X-1010110   Revision=1 FixBugs=0 CheatsEnabled=1 AllOptimizations=0 EnableSRAM=1 BackupSRAM=1 AddressSRAM=0   predict sigil BUILT
   edit sonic.asm:24
     before: 'CheatsEnabled = 0'
     after:  'CheatsEnabled = 1'
   edit sonic.asm:37
     before: 'EnableSRAM = 0'
     after:  'EnableSRAM = 1'
   edit sonic.asm:41
     before: 'AddressSRAM = 3'
     after:  'AddressSRAM = 0'
   BUILD_LUA exit=0 wrote=True  (s1disasm-X-1010110.lua.log)
   SIGIL exit=0 wrote=True  stderr lines=0 (s1disasm-X-1010110.sigil.err)
   DIFF 0 bytes in 0 runs
   CONTROL planted at ['0x200', '0x40000', '0x7fffe'] -> 3 bytes in 3 runs: PASSED
   RESULT AGREE   sigil BUILT (predicted BUILT)
-- CORNER s1disasm-X-1010112   Revision=1 FixBugs=0 CheatsEnabled=1 AllOptimizations=0 EnableSRAM=1 BackupSRAM=1 AddressSRAM=2   predict sigil BUILT
   edit sonic.asm:24
     before: 'CheatsEnabled = 0'
     after:  'CheatsEnabled = 1'
   edit sonic.asm:37
     before: 'EnableSRAM = 0'
     after:  'EnableSRAM = 1'
   edit sonic.asm:41
     before: 'AddressSRAM = 3'
     after:  'AddressSRAM = 2'
   BUILD_LUA exit=0 wrote=True  (s1disasm-X-1010112.lua.log)
   SIGIL exit=0 wrote=True  stderr lines=0 (s1disasm-X-1010112.sigil.err)
   DIFF 0 bytes in 0 runs
   CONTROL planted at ['0x200', '0x40000', '0x7fffe'] -> 3 bytes in 3 runs: PASSED
   RESULT AGREE   sigil BUILT (predicted BUILT)
-- CORNER s1disasm-X-1010113   Revision=1 FixBugs=0 CheatsEnabled=1 AllOptimizations=0 EnableSRAM=1 BackupSRAM=1 AddressSRAM=3   predict sigil BUILT
   edit sonic.asm:24
     before: 'CheatsEnabled = 0'
     after:  'CheatsEnabled = 1'
   edit sonic.asm:37
     before: 'EnableSRAM = 0'
     after:  'EnableSRAM = 1'
   BUILD_LUA exit=0 wrote=True  (s1disasm-X-1010113.lua.log)
   SIGIL exit=0 wrote=True  stderr lines=0 (s1disasm-X-1010113.sigil.err)
   DIFF 0 bytes in 0 runs
   CONTROL planted at ['0x200', '0x40000', '0x7fffe'] -> 3 bytes in 3 runs: PASSED
   RESULT AGREE   sigil BUILT (predicted BUILT)
-- CORNER s1disasm-X-1011000   Revision=1 FixBugs=0 CheatsEnabled=1 AllOptimizations=1 EnableSRAM=0 BackupSRAM=0 AddressSRAM=0   predict sigil BUILT
   edit sonic.asm:24
     before: 'CheatsEnabled = 0'
     after:  'CheatsEnabled = 1'
   edit sonic.asm:28
     before: 'AllOptimizations = 0'
     after:  'AllOptimizations = 1'
   edit sonic.asm:39
     before: 'BackupSRAM = 1'
     after:  'BackupSRAM = 0'
   edit sonic.asm:41
     before: 'AddressSRAM = 3'
     after:  'AddressSRAM = 0'
   BUILD_LUA exit=0 wrote=True  (s1disasm-X-1011000.lua.log)
   SIGIL exit=0 wrote=True  stderr lines=0 (s1disasm-X-1011000.sigil.err)
   DIFF 0 bytes in 0 runs
   CONTROL planted at ['0x200', '0x3f990', '0x7f31e'] -> 3 bytes in 3 runs: PASSED
   RESULT AGREE   sigil BUILT (predicted BUILT)
-- CORNER s1disasm-X-1011002   Revision=1 FixBugs=0 CheatsEnabled=1 AllOptimizations=1 EnableSRAM=0 BackupSRAM=0 AddressSRAM=2   predict sigil BUILT
   edit sonic.asm:24
     before: 'CheatsEnabled = 0'
     after:  'CheatsEnabled = 1'
   edit sonic.asm:28
     before: 'AllOptimizations = 0'
     after:  'AllOptimizations = 1'
   edit sonic.asm:39
     before: 'BackupSRAM = 1'
     after:  'BackupSRAM = 0'
   edit sonic.asm:41
     before: 'AddressSRAM = 3'
     after:  'AddressSRAM = 2'
   BUILD_LUA exit=0 wrote=True  (s1disasm-X-1011002.lua.log)
   SIGIL exit=0 wrote=True  stderr lines=0 (s1disasm-X-1011002.sigil.err)
   DIFF 0 bytes in 0 runs
   CONTROL planted at ['0x200', '0x3f990', '0x7f31e'] -> 3 bytes in 3 runs: PASSED
   RESULT AGREE   sigil BUILT (predicted BUILT)
-- CORNER s1disasm-X-1011003   Revision=1 FixBugs=0 CheatsEnabled=1 AllOptimizations=1 EnableSRAM=0 BackupSRAM=0 AddressSRAM=3   predict sigil BUILT
   edit sonic.asm:24
     before: 'CheatsEnabled = 0'
     after:  'CheatsEnabled = 1'
   edit sonic.asm:28
     before: 'AllOptimizations = 0'
     after:  'AllOptimizations = 1'
   edit sonic.asm:39
     before: 'BackupSRAM = 1'
     after:  'BackupSRAM = 0'
   BUILD_LUA exit=0 wrote=True  (s1disasm-X-1011003.lua.log)
   SIGIL exit=0 wrote=True  stderr lines=0 (s1disasm-X-1011003.sigil.err)
   DIFF 0 bytes in 0 runs
   CONTROL planted at ['0x200', '0x3f990', '0x7f31e'] -> 3 bytes in 3 runs: PASSED
   RESULT AGREE   sigil BUILT (predicted BUILT)
-- CORNER s1disasm-X-1011010   Revision=1 FixBugs=0 CheatsEnabled=1 AllOptimizations=1 EnableSRAM=0 BackupSRAM=1 AddressSRAM=0   predict sigil BUILT
   edit sonic.asm:24
     before: 'CheatsEnabled = 0'
     after:  'CheatsEnabled = 1'
   edit sonic.asm:28
     before: 'AllOptimizations = 0'
     after:  'AllOptimizations = 1'
   edit sonic.asm:41
     before: 'AddressSRAM = 3'
     after:  'AddressSRAM = 0'
   BUILD_LUA exit=0 wrote=True  (s1disasm-X-1011010.lua.log)
   SIGIL exit=0 wrote=True  stderr lines=0 (s1disasm-X-1011010.sigil.err)
   DIFF 0 bytes in 0 runs
   CONTROL planted at ['0x200', '0x3f990', '0x7f31e'] -> 3 bytes in 3 runs: PASSED
   RESULT AGREE   sigil BUILT (predicted BUILT)
-- CORNER s1disasm-X-1011012   Revision=1 FixBugs=0 CheatsEnabled=1 AllOptimizations=1 EnableSRAM=0 BackupSRAM=1 AddressSRAM=2   predict sigil BUILT
   edit sonic.asm:24
     before: 'CheatsEnabled = 0'
     after:  'CheatsEnabled = 1'
   edit sonic.asm:28
     before: 'AllOptimizations = 0'
     after:  'AllOptimizations = 1'
   edit sonic.asm:41
     before: 'AddressSRAM = 3'
     after:  'AddressSRAM = 2'
   BUILD_LUA exit=0 wrote=True  (s1disasm-X-1011012.lua.log)
   SIGIL exit=0 wrote=True  stderr lines=0 (s1disasm-X-1011012.sigil.err)
   DIFF 0 bytes in 0 runs
   CONTROL planted at ['0x200', '0x3f990', '0x7f31e'] -> 3 bytes in 3 runs: PASSED
   RESULT AGREE   sigil BUILT (predicted BUILT)
-- CORNER s1disasm-X-1011013   Revision=1 FixBugs=0 CheatsEnabled=1 AllOptimizations=1 EnableSRAM=0 BackupSRAM=1 AddressSRAM=3   predict sigil BUILT
   edit sonic.asm:24
     before: 'CheatsEnabled = 0'
     after:  'CheatsEnabled = 1'
   edit sonic.asm:28
     before: 'AllOptimizations = 0'
     after:  'AllOptimizations = 1'
   BUILD_LUA exit=0 wrote=True  (s1disasm-X-1011013.lua.log)
   SIGIL exit=0 wrote=True  stderr lines=0 (s1disasm-X-1011013.sigil.err)
   DIFF 0 bytes in 0 runs
   CONTROL planted at ['0x200', '0x3f990', '0x7f31e'] -> 3 bytes in 3 runs: PASSED
   RESULT AGREE   sigil BUILT (predicted BUILT)
-- CORNER s1disasm-X-1011100   Revision=1 FixBugs=0 CheatsEnabled=1 AllOptimizations=1 EnableSRAM=1 BackupSRAM=0 AddressSRAM=0   predict sigil BUILT
   edit sonic.asm:24
     before: 'CheatsEnabled = 0'
     after:  'CheatsEnabled = 1'
   edit sonic.asm:28
     before: 'AllOptimizations = 0'
     after:  'AllOptimizations = 1'
   edit sonic.asm:37
     before: 'EnableSRAM = 0'
     after:  'EnableSRAM = 1'
   edit sonic.asm:39
     before: 'BackupSRAM = 1'
     after:  'BackupSRAM = 0'
   edit sonic.asm:41
     before: 'AddressSRAM = 3'
     after:  'AddressSRAM = 0'
   BUILD_LUA exit=0 wrote=True  (s1disasm-X-1011100.lua.log)
   SIGIL exit=0 wrote=True  stderr lines=0 (s1disasm-X-1011100.sigil.err)
   DIFF 0 bytes in 0 runs
   CONTROL planted at ['0x200', '0x3f990', '0x7f31e'] -> 3 bytes in 3 runs: PASSED
   RESULT AGREE   sigil BUILT (predicted BUILT)
-- CORNER s1disasm-X-1011102   Revision=1 FixBugs=0 CheatsEnabled=1 AllOptimizations=1 EnableSRAM=1 BackupSRAM=0 AddressSRAM=2   predict sigil BUILT
   edit sonic.asm:24
     before: 'CheatsEnabled = 0'
     after:  'CheatsEnabled = 1'
   edit sonic.asm:28
     before: 'AllOptimizations = 0'
     after:  'AllOptimizations = 1'
   edit sonic.asm:37
     before: 'EnableSRAM = 0'
     after:  'EnableSRAM = 1'
   edit sonic.asm:39
     before: 'BackupSRAM = 1'
     after:  'BackupSRAM = 0'
   edit sonic.asm:41
     before: 'AddressSRAM = 3'
     after:  'AddressSRAM = 2'
   BUILD_LUA exit=0 wrote=True  (s1disasm-X-1011102.lua.log)
   SIGIL exit=0 wrote=True  stderr lines=0 (s1disasm-X-1011102.sigil.err)
   DIFF 0 bytes in 0 runs
   CONTROL planted at ['0x200', '0x3f990', '0x7f31e'] -> 3 bytes in 3 runs: PASSED
   RESULT AGREE   sigil BUILT (predicted BUILT)
-- CORNER s1disasm-X-1011103   Revision=1 FixBugs=0 CheatsEnabled=1 AllOptimizations=1 EnableSRAM=1 BackupSRAM=0 AddressSRAM=3   predict sigil BUILT
   edit sonic.asm:24
     before: 'CheatsEnabled = 0'
     after:  'CheatsEnabled = 1'
   edit sonic.asm:28
     before: 'AllOptimizations = 0'
     after:  'AllOptimizations = 1'
   edit sonic.asm:37
     before: 'EnableSRAM = 0'
     after:  'EnableSRAM = 1'
   edit sonic.asm:39
     before: 'BackupSRAM = 1'
     after:  'BackupSRAM = 0'
   BUILD_LUA exit=0 wrote=True  (s1disasm-X-1011103.lua.log)
   SIGIL exit=0 wrote=True  stderr lines=0 (s1disasm-X-1011103.sigil.err)
   DIFF 0 bytes in 0 runs
   CONTROL planted at ['0x200', '0x3f990', '0x7f31e'] -> 3 bytes in 3 runs: PASSED
   RESULT AGREE   sigil BUILT (predicted BUILT)
-- CORNER s1disasm-X-1011110   Revision=1 FixBugs=0 CheatsEnabled=1 AllOptimizations=1 EnableSRAM=1 BackupSRAM=1 AddressSRAM=0   predict sigil BUILT
   edit sonic.asm:24
     before: 'CheatsEnabled = 0'
     after:  'CheatsEnabled = 1'
   edit sonic.asm:28
     before: 'AllOptimizations = 0'
     after:  'AllOptimizations = 1'
   edit sonic.asm:37
     before: 'EnableSRAM = 0'
     after:  'EnableSRAM = 1'
   edit sonic.asm:41
     before: 'AddressSRAM = 3'
     after:  'AddressSRAM = 0'
   BUILD_LUA exit=0 wrote=True  (s1disasm-X-1011110.lua.log)
   SIGIL exit=0 wrote=True  stderr lines=0 (s1disasm-X-1011110.sigil.err)
   DIFF 0 bytes in 0 runs
   CONTROL planted at ['0x200', '0x3f990', '0x7f31e'] -> 3 bytes in 3 runs: PASSED
   RESULT AGREE   sigil BUILT (predicted BUILT)
-- CORNER s1disasm-X-1011112   Revision=1 FixBugs=0 CheatsEnabled=1 AllOptimizations=1 EnableSRAM=1 BackupSRAM=1 AddressSRAM=2   predict sigil BUILT
   edit sonic.asm:24
     before: 'CheatsEnabled = 0'
     after:  'CheatsEnabled = 1'
   edit sonic.asm:28
     before: 'AllOptimizations = 0'
     after:  'AllOptimizations = 1'
   edit sonic.asm:37
     before: 'EnableSRAM = 0'
     after:  'EnableSRAM = 1'
   edit sonic.asm:41
     before: 'AddressSRAM = 3'
     after:  'AddressSRAM = 2'
   BUILD_LUA exit=0 wrote=True  (s1disasm-X-1011112.lua.log)
   SIGIL exit=0 wrote=True  stderr lines=0 (s1disasm-X-1011112.sigil.err)
   DIFF 0 bytes in 0 runs
   CONTROL planted at ['0x200', '0x3f990', '0x7f31e'] -> 3 bytes in 3 runs: PASSED
   RESULT AGREE   sigil BUILT (predicted BUILT)
-- CORNER s1disasm-X-1011113   Revision=1 FixBugs=0 CheatsEnabled=1 AllOptimizations=1 EnableSRAM=1 BackupSRAM=1 AddressSRAM=3   predict sigil BUILT
   edit sonic.asm:24
     before: 'CheatsEnabled = 0'
     after:  'CheatsEnabled = 1'
   edit sonic.asm:28
     before: 'AllOptimizations = 0'
     after:  'AllOptimizations = 1'
   edit sonic.asm:37
     before: 'EnableSRAM = 0'
     after:  'EnableSRAM = 1'
   BUILD_LUA exit=0 wrote=True  (s1disasm-X-1011113.lua.log)
   SIGIL exit=0 wrote=True  stderr lines=0 (s1disasm-X-1011113.sigil.err)
   DIFF 0 bytes in 0 runs
   CONTROL planted at ['0x200', '0x3f990', '0x7f31e'] -> 3 bytes in 3 runs: PASSED
   RESULT AGREE   sigil BUILT (predicted BUILT)
-- CORNER s1disasm-X-1100000   Revision=1 FixBugs=1 CheatsEnabled=0 AllOptimizations=0 EnableSRAM=0 BackupSRAM=0 AddressSRAM=0   predict sigil DECLINED
   edit sonic.asm:20
     before: 'FixBugs = 0'
     after:  'FixBugs = 1'
   edit sonic.asm:39
     before: 'BackupSRAM = 1'
     after:  'BackupSRAM = 0'
   edit sonic.asm:41
     before: 'AddressSRAM = 3'
     after:  'AddressSRAM = 0'
   BUILD_LUA exit=0 wrote=True  (s1disasm-X-1100000.lua.log)
   SIGIL exit=1 wrote=False  stderr lines=1 (s1disasm-X-1100000.sigil.err)
   RESULT SIGIL-DECLINED   sigil DECLINED (predicted DECLINED)
-- CORNER s1disasm-X-1100002   Revision=1 FixBugs=1 CheatsEnabled=0 AllOptimizations=0 EnableSRAM=0 BackupSRAM=0 AddressSRAM=2   predict sigil DECLINED
   edit sonic.asm:20
     before: 'FixBugs = 0'
     after:  'FixBugs = 1'
   edit sonic.asm:39
     before: 'BackupSRAM = 1'
     after:  'BackupSRAM = 0'
   edit sonic.asm:41
     before: 'AddressSRAM = 3'
     after:  'AddressSRAM = 2'
   BUILD_LUA exit=0 wrote=True  (s1disasm-X-1100002.lua.log)
   SIGIL exit=1 wrote=False  stderr lines=1 (s1disasm-X-1100002.sigil.err)
   RESULT SIGIL-DECLINED   sigil DECLINED (predicted DECLINED)
-- CORNER s1disasm-X-1100003   Revision=1 FixBugs=1 CheatsEnabled=0 AllOptimizations=0 EnableSRAM=0 BackupSRAM=0 AddressSRAM=3   predict sigil DECLINED
   edit sonic.asm:20
     before: 'FixBugs = 0'
     after:  'FixBugs = 1'
   edit sonic.asm:39
     before: 'BackupSRAM = 1'
     after:  'BackupSRAM = 0'
   BUILD_LUA exit=0 wrote=True  (s1disasm-X-1100003.lua.log)
   SIGIL exit=1 wrote=False  stderr lines=1 (s1disasm-X-1100003.sigil.err)
   RESULT SIGIL-DECLINED   sigil DECLINED (predicted DECLINED)
-- CORNER s1disasm-X-1100010   Revision=1 FixBugs=1 CheatsEnabled=0 AllOptimizations=0 EnableSRAM=0 BackupSRAM=1 AddressSRAM=0   predict sigil DECLINED
   edit sonic.asm:20
     before: 'FixBugs = 0'
     after:  'FixBugs = 1'
   edit sonic.asm:41
     before: 'AddressSRAM = 3'
     after:  'AddressSRAM = 0'
   BUILD_LUA exit=0 wrote=True  (s1disasm-X-1100010.lua.log)
   SIGIL exit=1 wrote=False  stderr lines=1 (s1disasm-X-1100010.sigil.err)
   RESULT SIGIL-DECLINED   sigil DECLINED (predicted DECLINED)
-- CORNER s1disasm-X-1100012   Revision=1 FixBugs=1 CheatsEnabled=0 AllOptimizations=0 EnableSRAM=0 BackupSRAM=1 AddressSRAM=2   predict sigil DECLINED
   edit sonic.asm:20
     before: 'FixBugs = 0'
     after:  'FixBugs = 1'
   edit sonic.asm:41
     before: 'AddressSRAM = 3'
     after:  'AddressSRAM = 2'
   BUILD_LUA exit=0 wrote=True  (s1disasm-X-1100012.lua.log)
   SIGIL exit=1 wrote=False  stderr lines=1 (s1disasm-X-1100012.sigil.err)
   RESULT SIGIL-DECLINED   sigil DECLINED (predicted DECLINED)
-- CORNER s1disasm-X-1100013   Revision=1 FixBugs=1 CheatsEnabled=0 AllOptimizations=0 EnableSRAM=0 BackupSRAM=1 AddressSRAM=3   predict sigil DECLINED
   edit sonic.asm:20
     before: 'FixBugs = 0'
     after:  'FixBugs = 1'
   BUILD_LUA exit=0 wrote=True  (s1disasm-X-1100013.lua.log)
   SIGIL exit=1 wrote=False  stderr lines=1 (s1disasm-X-1100013.sigil.err)
   RESULT SIGIL-DECLINED   sigil DECLINED (predicted DECLINED)
-- CORNER s1disasm-X-1100100   Revision=1 FixBugs=1 CheatsEnabled=0 AllOptimizations=0 EnableSRAM=1 BackupSRAM=0 AddressSRAM=0   predict sigil DECLINED
   edit sonic.asm:20
     before: 'FixBugs = 0'
     after:  'FixBugs = 1'
   edit sonic.asm:37
     before: 'EnableSRAM = 0'
     after:  'EnableSRAM = 1'
   edit sonic.asm:39
     before: 'BackupSRAM = 1'
     after:  'BackupSRAM = 0'
   edit sonic.asm:41
     before: 'AddressSRAM = 3'
     after:  'AddressSRAM = 0'
   BUILD_LUA exit=0 wrote=True  (s1disasm-X-1100100.lua.log)
   SIGIL exit=1 wrote=False  stderr lines=1 (s1disasm-X-1100100.sigil.err)
   RESULT SIGIL-DECLINED   sigil DECLINED (predicted DECLINED)
-- CORNER s1disasm-X-1100102   Revision=1 FixBugs=1 CheatsEnabled=0 AllOptimizations=0 EnableSRAM=1 BackupSRAM=0 AddressSRAM=2   predict sigil DECLINED
   edit sonic.asm:20
     before: 'FixBugs = 0'
     after:  'FixBugs = 1'
   edit sonic.asm:37
     before: 'EnableSRAM = 0'
     after:  'EnableSRAM = 1'
   edit sonic.asm:39
     before: 'BackupSRAM = 1'
     after:  'BackupSRAM = 0'
   edit sonic.asm:41
     before: 'AddressSRAM = 3'
     after:  'AddressSRAM = 2'
   BUILD_LUA exit=0 wrote=True  (s1disasm-X-1100102.lua.log)
   SIGIL exit=1 wrote=False  stderr lines=1 (s1disasm-X-1100102.sigil.err)
   RESULT SIGIL-DECLINED   sigil DECLINED (predicted DECLINED)
-- CORNER s1disasm-X-1100103   Revision=1 FixBugs=1 CheatsEnabled=0 AllOptimizations=0 EnableSRAM=1 BackupSRAM=0 AddressSRAM=3   predict sigil DECLINED
   edit sonic.asm:20
     before: 'FixBugs = 0'
     after:  'FixBugs = 1'
   edit sonic.asm:37
     before: 'EnableSRAM = 0'
     after:  'EnableSRAM = 1'
   edit sonic.asm:39
     before: 'BackupSRAM = 1'
     after:  'BackupSRAM = 0'
   BUILD_LUA exit=0 wrote=True  (s1disasm-X-1100103.lua.log)
   SIGIL exit=1 wrote=False  stderr lines=1 (s1disasm-X-1100103.sigil.err)
   RESULT SIGIL-DECLINED   sigil DECLINED (predicted DECLINED)
-- CORNER s1disasm-X-1100110   Revision=1 FixBugs=1 CheatsEnabled=0 AllOptimizations=0 EnableSRAM=1 BackupSRAM=1 AddressSRAM=0   predict sigil DECLINED
   edit sonic.asm:20
     before: 'FixBugs = 0'
     after:  'FixBugs = 1'
   edit sonic.asm:37
     before: 'EnableSRAM = 0'
     after:  'EnableSRAM = 1'
   edit sonic.asm:41
     before: 'AddressSRAM = 3'
     after:  'AddressSRAM = 0'
   BUILD_LUA exit=0 wrote=True  (s1disasm-X-1100110.lua.log)
   SIGIL exit=1 wrote=False  stderr lines=1 (s1disasm-X-1100110.sigil.err)
   RESULT SIGIL-DECLINED   sigil DECLINED (predicted DECLINED)
-- CORNER s1disasm-X-1100112   Revision=1 FixBugs=1 CheatsEnabled=0 AllOptimizations=0 EnableSRAM=1 BackupSRAM=1 AddressSRAM=2   predict sigil DECLINED
   edit sonic.asm:20
     before: 'FixBugs = 0'
     after:  'FixBugs = 1'
   edit sonic.asm:37
     before: 'EnableSRAM = 0'
     after:  'EnableSRAM = 1'
   edit sonic.asm:41
     before: 'AddressSRAM = 3'
     after:  'AddressSRAM = 2'
   BUILD_LUA exit=0 wrote=True  (s1disasm-X-1100112.lua.log)
   SIGIL exit=1 wrote=False  stderr lines=1 (s1disasm-X-1100112.sigil.err)
   RESULT SIGIL-DECLINED   sigil DECLINED (predicted DECLINED)
-- CORNER s1disasm-X-1100113   Revision=1 FixBugs=1 CheatsEnabled=0 AllOptimizations=0 EnableSRAM=1 BackupSRAM=1 AddressSRAM=3   predict sigil DECLINED
   edit sonic.asm:20
     before: 'FixBugs = 0'
     after:  'FixBugs = 1'
   edit sonic.asm:37
     before: 'EnableSRAM = 0'
     after:  'EnableSRAM = 1'
   BUILD_LUA exit=0 wrote=True  (s1disasm-X-1100113.lua.log)
   SIGIL exit=1 wrote=False  stderr lines=1 (s1disasm-X-1100113.sigil.err)
   RESULT SIGIL-DECLINED   sigil DECLINED (predicted DECLINED)
-- CORNER s1disasm-X-1101000   Revision=1 FixBugs=1 CheatsEnabled=0 AllOptimizations=1 EnableSRAM=0 BackupSRAM=0 AddressSRAM=0   predict sigil DECLINED
   edit sonic.asm:20
     before: 'FixBugs = 0'
     after:  'FixBugs = 1'
   edit sonic.asm:28
     before: 'AllOptimizations = 0'
     after:  'AllOptimizations = 1'
   edit sonic.asm:39
     before: 'BackupSRAM = 1'
     after:  'BackupSRAM = 0'
   edit sonic.asm:41
     before: 'AddressSRAM = 3'
     after:  'AddressSRAM = 0'
   BUILD_LUA exit=0 wrote=True  (s1disasm-X-1101000.lua.log)
   SIGIL exit=1 wrote=False  stderr lines=1 (s1disasm-X-1101000.sigil.err)
   RESULT SIGIL-DECLINED   sigil DECLINED (predicted DECLINED)
-- CORNER s1disasm-X-1101002   Revision=1 FixBugs=1 CheatsEnabled=0 AllOptimizations=1 EnableSRAM=0 BackupSRAM=0 AddressSRAM=2   predict sigil DECLINED
   edit sonic.asm:20
     before: 'FixBugs = 0'
     after:  'FixBugs = 1'
   edit sonic.asm:28
     before: 'AllOptimizations = 0'
     after:  'AllOptimizations = 1'
   edit sonic.asm:39
     before: 'BackupSRAM = 1'
     after:  'BackupSRAM = 0'
   edit sonic.asm:41
     before: 'AddressSRAM = 3'
     after:  'AddressSRAM = 2'
   BUILD_LUA exit=0 wrote=True  (s1disasm-X-1101002.lua.log)
   SIGIL exit=1 wrote=False  stderr lines=1 (s1disasm-X-1101002.sigil.err)
   RESULT SIGIL-DECLINED   sigil DECLINED (predicted DECLINED)
-- CORNER s1disasm-X-1101003   Revision=1 FixBugs=1 CheatsEnabled=0 AllOptimizations=1 EnableSRAM=0 BackupSRAM=0 AddressSRAM=3   predict sigil DECLINED
   edit sonic.asm:20
     before: 'FixBugs = 0'
     after:  'FixBugs = 1'
   edit sonic.asm:28
     before: 'AllOptimizations = 0'
     after:  'AllOptimizations = 1'
   edit sonic.asm:39
     before: 'BackupSRAM = 1'
     after:  'BackupSRAM = 0'
   BUILD_LUA exit=0 wrote=True  (s1disasm-X-1101003.lua.log)
   SIGIL exit=1 wrote=False  stderr lines=1 (s1disasm-X-1101003.sigil.err)
   RESULT SIGIL-DECLINED   sigil DECLINED (predicted DECLINED)
-- CORNER s1disasm-X-1101010   Revision=1 FixBugs=1 CheatsEnabled=0 AllOptimizations=1 EnableSRAM=0 BackupSRAM=1 AddressSRAM=0   predict sigil DECLINED
   edit sonic.asm:20
     before: 'FixBugs = 0'
     after:  'FixBugs = 1'
   edit sonic.asm:28
     before: 'AllOptimizations = 0'
     after:  'AllOptimizations = 1'
   edit sonic.asm:41
     before: 'AddressSRAM = 3'
     after:  'AddressSRAM = 0'
   BUILD_LUA exit=0 wrote=True  (s1disasm-X-1101010.lua.log)
   SIGIL exit=1 wrote=False  stderr lines=1 (s1disasm-X-1101010.sigil.err)
   RESULT SIGIL-DECLINED   sigil DECLINED (predicted DECLINED)
-- CORNER s1disasm-X-1101012   Revision=1 FixBugs=1 CheatsEnabled=0 AllOptimizations=1 EnableSRAM=0 BackupSRAM=1 AddressSRAM=2   predict sigil DECLINED
   edit sonic.asm:20
     before: 'FixBugs = 0'
     after:  'FixBugs = 1'
   edit sonic.asm:28
     before: 'AllOptimizations = 0'
     after:  'AllOptimizations = 1'
   edit sonic.asm:41
     before: 'AddressSRAM = 3'
     after:  'AddressSRAM = 2'
   BUILD_LUA exit=0 wrote=True  (s1disasm-X-1101012.lua.log)
   SIGIL exit=1 wrote=False  stderr lines=1 (s1disasm-X-1101012.sigil.err)
   RESULT SIGIL-DECLINED   sigil DECLINED (predicted DECLINED)
-- CORNER s1disasm-X-1101013   Revision=1 FixBugs=1 CheatsEnabled=0 AllOptimizations=1 EnableSRAM=0 BackupSRAM=1 AddressSRAM=3   predict sigil DECLINED
   edit sonic.asm:20
     before: 'FixBugs = 0'
     after:  'FixBugs = 1'
   edit sonic.asm:28
     before: 'AllOptimizations = 0'
     after:  'AllOptimizations = 1'
   BUILD_LUA exit=0 wrote=True  (s1disasm-X-1101013.lua.log)
   SIGIL exit=1 wrote=False  stderr lines=1 (s1disasm-X-1101013.sigil.err)
   RESULT SIGIL-DECLINED   sigil DECLINED (predicted DECLINED)
-- CORNER s1disasm-X-1101100   Revision=1 FixBugs=1 CheatsEnabled=0 AllOptimizations=1 EnableSRAM=1 BackupSRAM=0 AddressSRAM=0   predict sigil DECLINED
   edit sonic.asm:20
     before: 'FixBugs = 0'
     after:  'FixBugs = 1'
   edit sonic.asm:28
     before: 'AllOptimizations = 0'
     after:  'AllOptimizations = 1'
   edit sonic.asm:37
     before: 'EnableSRAM = 0'
     after:  'EnableSRAM = 1'
   edit sonic.asm:39
     before: 'BackupSRAM = 1'
     after:  'BackupSRAM = 0'
   edit sonic.asm:41
     before: 'AddressSRAM = 3'
     after:  'AddressSRAM = 0'
   BUILD_LUA exit=0 wrote=True  (s1disasm-X-1101100.lua.log)
   SIGIL exit=1 wrote=False  stderr lines=1 (s1disasm-X-1101100.sigil.err)
   RESULT SIGIL-DECLINED   sigil DECLINED (predicted DECLINED)
-- CORNER s1disasm-X-1101102   Revision=1 FixBugs=1 CheatsEnabled=0 AllOptimizations=1 EnableSRAM=1 BackupSRAM=0 AddressSRAM=2   predict sigil DECLINED
   edit sonic.asm:20
     before: 'FixBugs = 0'
     after:  'FixBugs = 1'
   edit sonic.asm:28
     before: 'AllOptimizations = 0'
     after:  'AllOptimizations = 1'
   edit sonic.asm:37
     before: 'EnableSRAM = 0'
     after:  'EnableSRAM = 1'
   edit sonic.asm:39
     before: 'BackupSRAM = 1'
     after:  'BackupSRAM = 0'
   edit sonic.asm:41
     before: 'AddressSRAM = 3'
     after:  'AddressSRAM = 2'
   BUILD_LUA exit=0 wrote=True  (s1disasm-X-1101102.lua.log)
   SIGIL exit=1 wrote=False  stderr lines=1 (s1disasm-X-1101102.sigil.err)
   RESULT SIGIL-DECLINED   sigil DECLINED (predicted DECLINED)
-- CORNER s1disasm-X-1101103   Revision=1 FixBugs=1 CheatsEnabled=0 AllOptimizations=1 EnableSRAM=1 BackupSRAM=0 AddressSRAM=3   predict sigil DECLINED
   edit sonic.asm:20
     before: 'FixBugs = 0'
     after:  'FixBugs = 1'
   edit sonic.asm:28
     before: 'AllOptimizations = 0'
     after:  'AllOptimizations = 1'
   edit sonic.asm:37
     before: 'EnableSRAM = 0'
     after:  'EnableSRAM = 1'
   edit sonic.asm:39
     before: 'BackupSRAM = 1'
     after:  'BackupSRAM = 0'
   BUILD_LUA exit=0 wrote=True  (s1disasm-X-1101103.lua.log)
   SIGIL exit=1 wrote=False  stderr lines=1 (s1disasm-X-1101103.sigil.err)
   RESULT SIGIL-DECLINED   sigil DECLINED (predicted DECLINED)
-- CORNER s1disasm-X-1101110   Revision=1 FixBugs=1 CheatsEnabled=0 AllOptimizations=1 EnableSRAM=1 BackupSRAM=1 AddressSRAM=0   predict sigil DECLINED
   edit sonic.asm:20
     before: 'FixBugs = 0'
     after:  'FixBugs = 1'
   edit sonic.asm:28
     before: 'AllOptimizations = 0'
     after:  'AllOptimizations = 1'
   edit sonic.asm:37
     before: 'EnableSRAM = 0'
     after:  'EnableSRAM = 1'
   edit sonic.asm:41
     before: 'AddressSRAM = 3'
     after:  'AddressSRAM = 0'
   BUILD_LUA exit=0 wrote=True  (s1disasm-X-1101110.lua.log)
   SIGIL exit=1 wrote=False  stderr lines=1 (s1disasm-X-1101110.sigil.err)
   RESULT SIGIL-DECLINED   sigil DECLINED (predicted DECLINED)
-- CORNER s1disasm-X-1101112   Revision=1 FixBugs=1 CheatsEnabled=0 AllOptimizations=1 EnableSRAM=1 BackupSRAM=1 AddressSRAM=2   predict sigil DECLINED
   edit sonic.asm:20
     before: 'FixBugs = 0'
     after:  'FixBugs = 1'
   edit sonic.asm:28
     before: 'AllOptimizations = 0'
     after:  'AllOptimizations = 1'
   edit sonic.asm:37
     before: 'EnableSRAM = 0'
     after:  'EnableSRAM = 1'
   edit sonic.asm:41
     before: 'AddressSRAM = 3'
     after:  'AddressSRAM = 2'
   BUILD_LUA exit=0 wrote=True  (s1disasm-X-1101112.lua.log)
   SIGIL exit=1 wrote=False  stderr lines=1 (s1disasm-X-1101112.sigil.err)
   RESULT SIGIL-DECLINED   sigil DECLINED (predicted DECLINED)
-- CORNER s1disasm-X-1101113   Revision=1 FixBugs=1 CheatsEnabled=0 AllOptimizations=1 EnableSRAM=1 BackupSRAM=1 AddressSRAM=3   predict sigil DECLINED
   edit sonic.asm:20
     before: 'FixBugs = 0'
     after:  'FixBugs = 1'
   edit sonic.asm:28
     before: 'AllOptimizations = 0'
     after:  'AllOptimizations = 1'
   edit sonic.asm:37
     before: 'EnableSRAM = 0'
     after:  'EnableSRAM = 1'
   BUILD_LUA exit=0 wrote=True  (s1disasm-X-1101113.lua.log)
   SIGIL exit=1 wrote=False  stderr lines=1 (s1disasm-X-1101113.sigil.err)
   RESULT SIGIL-DECLINED   sigil DECLINED (predicted DECLINED)
-- CORNER s1disasm-X-1110000   Revision=1 FixBugs=1 CheatsEnabled=1 AllOptimizations=0 EnableSRAM=0 BackupSRAM=0 AddressSRAM=0   predict sigil DECLINED
   edit sonic.asm:20
     before: 'FixBugs = 0'
     after:  'FixBugs = 1'
   edit sonic.asm:24
     before: 'CheatsEnabled = 0'
     after:  'CheatsEnabled = 1'
   edit sonic.asm:39
     before: 'BackupSRAM = 1'
     after:  'BackupSRAM = 0'
   edit sonic.asm:41
     before: 'AddressSRAM = 3'
     after:  'AddressSRAM = 0'
   BUILD_LUA exit=0 wrote=True  (s1disasm-X-1110000.lua.log)
   SIGIL exit=1 wrote=False  stderr lines=1 (s1disasm-X-1110000.sigil.err)
   RESULT SIGIL-DECLINED   sigil DECLINED (predicted DECLINED)
-- CORNER s1disasm-X-1110002   Revision=1 FixBugs=1 CheatsEnabled=1 AllOptimizations=0 EnableSRAM=0 BackupSRAM=0 AddressSRAM=2   predict sigil DECLINED
   edit sonic.asm:20
     before: 'FixBugs = 0'
     after:  'FixBugs = 1'
   edit sonic.asm:24
     before: 'CheatsEnabled = 0'
     after:  'CheatsEnabled = 1'
   edit sonic.asm:39
     before: 'BackupSRAM = 1'
     after:  'BackupSRAM = 0'
   edit sonic.asm:41
     before: 'AddressSRAM = 3'
     after:  'AddressSRAM = 2'
   BUILD_LUA exit=0 wrote=True  (s1disasm-X-1110002.lua.log)
   SIGIL exit=1 wrote=False  stderr lines=1 (s1disasm-X-1110002.sigil.err)
   RESULT SIGIL-DECLINED   sigil DECLINED (predicted DECLINED)
-- CORNER s1disasm-X-1110003   Revision=1 FixBugs=1 CheatsEnabled=1 AllOptimizations=0 EnableSRAM=0 BackupSRAM=0 AddressSRAM=3   predict sigil DECLINED
   edit sonic.asm:20
     before: 'FixBugs = 0'
     after:  'FixBugs = 1'
   edit sonic.asm:24
     before: 'CheatsEnabled = 0'
     after:  'CheatsEnabled = 1'
   edit sonic.asm:39
     before: 'BackupSRAM = 1'
     after:  'BackupSRAM = 0'
   BUILD_LUA exit=0 wrote=True  (s1disasm-X-1110003.lua.log)
   SIGIL exit=1 wrote=False  stderr lines=1 (s1disasm-X-1110003.sigil.err)
   RESULT SIGIL-DECLINED   sigil DECLINED (predicted DECLINED)
-- CORNER s1disasm-X-1110010   Revision=1 FixBugs=1 CheatsEnabled=1 AllOptimizations=0 EnableSRAM=0 BackupSRAM=1 AddressSRAM=0   predict sigil DECLINED
   edit sonic.asm:20
     before: 'FixBugs = 0'
     after:  'FixBugs = 1'
   edit sonic.asm:24
     before: 'CheatsEnabled = 0'
     after:  'CheatsEnabled = 1'
   edit sonic.asm:41
     before: 'AddressSRAM = 3'
     after:  'AddressSRAM = 0'
   BUILD_LUA exit=0 wrote=True  (s1disasm-X-1110010.lua.log)
   SIGIL exit=1 wrote=False  stderr lines=1 (s1disasm-X-1110010.sigil.err)
   RESULT SIGIL-DECLINED   sigil DECLINED (predicted DECLINED)
-- CORNER s1disasm-X-1110012   Revision=1 FixBugs=1 CheatsEnabled=1 AllOptimizations=0 EnableSRAM=0 BackupSRAM=1 AddressSRAM=2   predict sigil DECLINED
   edit sonic.asm:20
     before: 'FixBugs = 0'
     after:  'FixBugs = 1'
   edit sonic.asm:24
     before: 'CheatsEnabled = 0'
     after:  'CheatsEnabled = 1'
   edit sonic.asm:41
     before: 'AddressSRAM = 3'
     after:  'AddressSRAM = 2'
   BUILD_LUA exit=0 wrote=True  (s1disasm-X-1110012.lua.log)
   SIGIL exit=1 wrote=False  stderr lines=1 (s1disasm-X-1110012.sigil.err)
   RESULT SIGIL-DECLINED   sigil DECLINED (predicted DECLINED)
-- CORNER s1disasm-X-1110013   Revision=1 FixBugs=1 CheatsEnabled=1 AllOptimizations=0 EnableSRAM=0 BackupSRAM=1 AddressSRAM=3   predict sigil DECLINED
   edit sonic.asm:20
     before: 'FixBugs = 0'
     after:  'FixBugs = 1'
   edit sonic.asm:24
     before: 'CheatsEnabled = 0'
     after:  'CheatsEnabled = 1'
   BUILD_LUA exit=0 wrote=True  (s1disasm-X-1110013.lua.log)
   SIGIL exit=1 wrote=False  stderr lines=1 (s1disasm-X-1110013.sigil.err)
   RESULT SIGIL-DECLINED   sigil DECLINED (predicted DECLINED)
-- CORNER s1disasm-X-1110100   Revision=1 FixBugs=1 CheatsEnabled=1 AllOptimizations=0 EnableSRAM=1 BackupSRAM=0 AddressSRAM=0   predict sigil DECLINED
   edit sonic.asm:20
     before: 'FixBugs = 0'
     after:  'FixBugs = 1'
   edit sonic.asm:24
     before: 'CheatsEnabled = 0'
     after:  'CheatsEnabled = 1'
   edit sonic.asm:37
     before: 'EnableSRAM = 0'
     after:  'EnableSRAM = 1'
   edit sonic.asm:39
     before: 'BackupSRAM = 1'
     after:  'BackupSRAM = 0'
   edit sonic.asm:41
     before: 'AddressSRAM = 3'
     after:  'AddressSRAM = 0'
   BUILD_LUA exit=0 wrote=True  (s1disasm-X-1110100.lua.log)
   SIGIL exit=1 wrote=False  stderr lines=1 (s1disasm-X-1110100.sigil.err)
   RESULT SIGIL-DECLINED   sigil DECLINED (predicted DECLINED)
-- CORNER s1disasm-X-1110102   Revision=1 FixBugs=1 CheatsEnabled=1 AllOptimizations=0 EnableSRAM=1 BackupSRAM=0 AddressSRAM=2   predict sigil DECLINED
   edit sonic.asm:20
     before: 'FixBugs = 0'
     after:  'FixBugs = 1'
   edit sonic.asm:24
     before: 'CheatsEnabled = 0'
     after:  'CheatsEnabled = 1'
   edit sonic.asm:37
     before: 'EnableSRAM = 0'
     after:  'EnableSRAM = 1'
   edit sonic.asm:39
     before: 'BackupSRAM = 1'
     after:  'BackupSRAM = 0'
   edit sonic.asm:41
     before: 'AddressSRAM = 3'
     after:  'AddressSRAM = 2'
   BUILD_LUA exit=0 wrote=True  (s1disasm-X-1110102.lua.log)
   SIGIL exit=1 wrote=False  stderr lines=1 (s1disasm-X-1110102.sigil.err)
   RESULT SIGIL-DECLINED   sigil DECLINED (predicted DECLINED)
-- CORNER s1disasm-X-1110103   Revision=1 FixBugs=1 CheatsEnabled=1 AllOptimizations=0 EnableSRAM=1 BackupSRAM=0 AddressSRAM=3   predict sigil DECLINED
   edit sonic.asm:20
     before: 'FixBugs = 0'
     after:  'FixBugs = 1'
   edit sonic.asm:24
     before: 'CheatsEnabled = 0'
     after:  'CheatsEnabled = 1'
   edit sonic.asm:37
     before: 'EnableSRAM = 0'
     after:  'EnableSRAM = 1'
   edit sonic.asm:39
     before: 'BackupSRAM = 1'
     after:  'BackupSRAM = 0'
   BUILD_LUA exit=0 wrote=True  (s1disasm-X-1110103.lua.log)
   SIGIL exit=1 wrote=False  stderr lines=1 (s1disasm-X-1110103.sigil.err)
   RESULT SIGIL-DECLINED   sigil DECLINED (predicted DECLINED)
-- CORNER s1disasm-X-1110110   Revision=1 FixBugs=1 CheatsEnabled=1 AllOptimizations=0 EnableSRAM=1 BackupSRAM=1 AddressSRAM=0   predict sigil DECLINED
   edit sonic.asm:20
     before: 'FixBugs = 0'
     after:  'FixBugs = 1'
   edit sonic.asm:24
     before: 'CheatsEnabled = 0'
     after:  'CheatsEnabled = 1'
   edit sonic.asm:37
     before: 'EnableSRAM = 0'
     after:  'EnableSRAM = 1'
   edit sonic.asm:41
     before: 'AddressSRAM = 3'
     after:  'AddressSRAM = 0'
   BUILD_LUA exit=0 wrote=True  (s1disasm-X-1110110.lua.log)
   SIGIL exit=1 wrote=False  stderr lines=1 (s1disasm-X-1110110.sigil.err)
   RESULT SIGIL-DECLINED   sigil DECLINED (predicted DECLINED)
-- CORNER s1disasm-X-1110112   Revision=1 FixBugs=1 CheatsEnabled=1 AllOptimizations=0 EnableSRAM=1 BackupSRAM=1 AddressSRAM=2   predict sigil DECLINED
   edit sonic.asm:20
     before: 'FixBugs = 0'
     after:  'FixBugs = 1'
   edit sonic.asm:24
     before: 'CheatsEnabled = 0'
     after:  'CheatsEnabled = 1'
   edit sonic.asm:37
     before: 'EnableSRAM = 0'
     after:  'EnableSRAM = 1'
   edit sonic.asm:41
     before: 'AddressSRAM = 3'
     after:  'AddressSRAM = 2'
   BUILD_LUA exit=0 wrote=True  (s1disasm-X-1110112.lua.log)
   SIGIL exit=1 wrote=False  stderr lines=1 (s1disasm-X-1110112.sigil.err)
   RESULT SIGIL-DECLINED   sigil DECLINED (predicted DECLINED)
-- CORNER s1disasm-X-1110113   Revision=1 FixBugs=1 CheatsEnabled=1 AllOptimizations=0 EnableSRAM=1 BackupSRAM=1 AddressSRAM=3   predict sigil DECLINED
   edit sonic.asm:20
     before: 'FixBugs = 0'
     after:  'FixBugs = 1'
   edit sonic.asm:24
     before: 'CheatsEnabled = 0'
     after:  'CheatsEnabled = 1'
   edit sonic.asm:37
     before: 'EnableSRAM = 0'
     after:  'EnableSRAM = 1'
   BUILD_LUA exit=0 wrote=True  (s1disasm-X-1110113.lua.log)
   SIGIL exit=1 wrote=False  stderr lines=1 (s1disasm-X-1110113.sigil.err)
   RESULT SIGIL-DECLINED   sigil DECLINED (predicted DECLINED)
-- CORNER s1disasm-X-1111000   Revision=1 FixBugs=1 CheatsEnabled=1 AllOptimizations=1 EnableSRAM=0 BackupSRAM=0 AddressSRAM=0   predict sigil DECLINED
   edit sonic.asm:20
     before: 'FixBugs = 0'
     after:  'FixBugs = 1'
   edit sonic.asm:24
     before: 'CheatsEnabled = 0'
     after:  'CheatsEnabled = 1'
   edit sonic.asm:28
     before: 'AllOptimizations = 0'
     after:  'AllOptimizations = 1'
   edit sonic.asm:39
     before: 'BackupSRAM = 1'
     after:  'BackupSRAM = 0'
   edit sonic.asm:41
     before: 'AddressSRAM = 3'
     after:  'AddressSRAM = 0'
   BUILD_LUA exit=0 wrote=True  (s1disasm-X-1111000.lua.log)
   SIGIL exit=1 wrote=False  stderr lines=1 (s1disasm-X-1111000.sigil.err)
   RESULT SIGIL-DECLINED   sigil DECLINED (predicted DECLINED)
-- CORNER s1disasm-X-1111002   Revision=1 FixBugs=1 CheatsEnabled=1 AllOptimizations=1 EnableSRAM=0 BackupSRAM=0 AddressSRAM=2   predict sigil DECLINED
   edit sonic.asm:20
     before: 'FixBugs = 0'
     after:  'FixBugs = 1'
   edit sonic.asm:24
     before: 'CheatsEnabled = 0'
     after:  'CheatsEnabled = 1'
   edit sonic.asm:28
     before: 'AllOptimizations = 0'
     after:  'AllOptimizations = 1'
   edit sonic.asm:39
     before: 'BackupSRAM = 1'
     after:  'BackupSRAM = 0'
   edit sonic.asm:41
     before: 'AddressSRAM = 3'
     after:  'AddressSRAM = 2'
   BUILD_LUA exit=0 wrote=True  (s1disasm-X-1111002.lua.log)
   SIGIL exit=1 wrote=False  stderr lines=1 (s1disasm-X-1111002.sigil.err)
   RESULT SIGIL-DECLINED   sigil DECLINED (predicted DECLINED)
-- CORNER s1disasm-X-1111003   Revision=1 FixBugs=1 CheatsEnabled=1 AllOptimizations=1 EnableSRAM=0 BackupSRAM=0 AddressSRAM=3   predict sigil DECLINED
   edit sonic.asm:20
     before: 'FixBugs = 0'
     after:  'FixBugs = 1'
   edit sonic.asm:24
     before: 'CheatsEnabled = 0'
     after:  'CheatsEnabled = 1'
   edit sonic.asm:28
     before: 'AllOptimizations = 0'
     after:  'AllOptimizations = 1'
   edit sonic.asm:39
     before: 'BackupSRAM = 1'
     after:  'BackupSRAM = 0'
   BUILD_LUA exit=0 wrote=True  (s1disasm-X-1111003.lua.log)
   SIGIL exit=1 wrote=False  stderr lines=1 (s1disasm-X-1111003.sigil.err)
   RESULT SIGIL-DECLINED   sigil DECLINED (predicted DECLINED)
-- CORNER s1disasm-X-1111010   Revision=1 FixBugs=1 CheatsEnabled=1 AllOptimizations=1 EnableSRAM=0 BackupSRAM=1 AddressSRAM=0   predict sigil DECLINED
   edit sonic.asm:20
     before: 'FixBugs = 0'
     after:  'FixBugs = 1'
   edit sonic.asm:24
     before: 'CheatsEnabled = 0'
     after:  'CheatsEnabled = 1'
   edit sonic.asm:28
     before: 'AllOptimizations = 0'
     after:  'AllOptimizations = 1'
   edit sonic.asm:41
     before: 'AddressSRAM = 3'
     after:  'AddressSRAM = 0'
   BUILD_LUA exit=0 wrote=True  (s1disasm-X-1111010.lua.log)
   SIGIL exit=1 wrote=False  stderr lines=1 (s1disasm-X-1111010.sigil.err)
   RESULT SIGIL-DECLINED   sigil DECLINED (predicted DECLINED)
-- CORNER s1disasm-X-1111012   Revision=1 FixBugs=1 CheatsEnabled=1 AllOptimizations=1 EnableSRAM=0 BackupSRAM=1 AddressSRAM=2   predict sigil DECLINED
   edit sonic.asm:20
     before: 'FixBugs = 0'
     after:  'FixBugs = 1'
   edit sonic.asm:24
     before: 'CheatsEnabled = 0'
     after:  'CheatsEnabled = 1'
   edit sonic.asm:28
     before: 'AllOptimizations = 0'
     after:  'AllOptimizations = 1'
   edit sonic.asm:41
     before: 'AddressSRAM = 3'
     after:  'AddressSRAM = 2'
   BUILD_LUA exit=0 wrote=True  (s1disasm-X-1111012.lua.log)
   SIGIL exit=1 wrote=False  stderr lines=1 (s1disasm-X-1111012.sigil.err)
   RESULT SIGIL-DECLINED   sigil DECLINED (predicted DECLINED)
-- CORNER s1disasm-X-1111013   Revision=1 FixBugs=1 CheatsEnabled=1 AllOptimizations=1 EnableSRAM=0 BackupSRAM=1 AddressSRAM=3   predict sigil DECLINED
   edit sonic.asm:20
     before: 'FixBugs = 0'
     after:  'FixBugs = 1'
   edit sonic.asm:24
     before: 'CheatsEnabled = 0'
     after:  'CheatsEnabled = 1'
   edit sonic.asm:28
     before: 'AllOptimizations = 0'
     after:  'AllOptimizations = 1'
   BUILD_LUA exit=0 wrote=True  (s1disasm-X-1111013.lua.log)
   SIGIL exit=1 wrote=False  stderr lines=1 (s1disasm-X-1111013.sigil.err)
   RESULT SIGIL-DECLINED   sigil DECLINED (predicted DECLINED)
-- CORNER s1disasm-X-1111100   Revision=1 FixBugs=1 CheatsEnabled=1 AllOptimizations=1 EnableSRAM=1 BackupSRAM=0 AddressSRAM=0   predict sigil DECLINED
   edit sonic.asm:20
     before: 'FixBugs = 0'
     after:  'FixBugs = 1'
   edit sonic.asm:24
     before: 'CheatsEnabled = 0'
     after:  'CheatsEnabled = 1'
   edit sonic.asm:28
     before: 'AllOptimizations = 0'
     after:  'AllOptimizations = 1'
   edit sonic.asm:37
     before: 'EnableSRAM = 0'
     after:  'EnableSRAM = 1'
   edit sonic.asm:39
     before: 'BackupSRAM = 1'
     after:  'BackupSRAM = 0'
   edit sonic.asm:41
     before: 'AddressSRAM = 3'
     after:  'AddressSRAM = 0'
   BUILD_LUA exit=0 wrote=True  (s1disasm-X-1111100.lua.log)
   SIGIL exit=1 wrote=False  stderr lines=1 (s1disasm-X-1111100.sigil.err)
   RESULT SIGIL-DECLINED   sigil DECLINED (predicted DECLINED)
-- CORNER s1disasm-X-1111102   Revision=1 FixBugs=1 CheatsEnabled=1 AllOptimizations=1 EnableSRAM=1 BackupSRAM=0 AddressSRAM=2   predict sigil DECLINED
   edit sonic.asm:20
     before: 'FixBugs = 0'
     after:  'FixBugs = 1'
   edit sonic.asm:24
     before: 'CheatsEnabled = 0'
     after:  'CheatsEnabled = 1'
   edit sonic.asm:28
     before: 'AllOptimizations = 0'
     after:  'AllOptimizations = 1'
   edit sonic.asm:37
     before: 'EnableSRAM = 0'
     after:  'EnableSRAM = 1'
   edit sonic.asm:39
     before: 'BackupSRAM = 1'
     after:  'BackupSRAM = 0'
   edit sonic.asm:41
     before: 'AddressSRAM = 3'
     after:  'AddressSRAM = 2'
   BUILD_LUA exit=0 wrote=True  (s1disasm-X-1111102.lua.log)
   SIGIL exit=1 wrote=False  stderr lines=1 (s1disasm-X-1111102.sigil.err)
   RESULT SIGIL-DECLINED   sigil DECLINED (predicted DECLINED)
-- CORNER s1disasm-X-1111103   Revision=1 FixBugs=1 CheatsEnabled=1 AllOptimizations=1 EnableSRAM=1 BackupSRAM=0 AddressSRAM=3   predict sigil DECLINED
   edit sonic.asm:20
     before: 'FixBugs = 0'
     after:  'FixBugs = 1'
   edit sonic.asm:24
     before: 'CheatsEnabled = 0'
     after:  'CheatsEnabled = 1'
   edit sonic.asm:28
     before: 'AllOptimizations = 0'
     after:  'AllOptimizations = 1'
   edit sonic.asm:37
     before: 'EnableSRAM = 0'
     after:  'EnableSRAM = 1'
   edit sonic.asm:39
     before: 'BackupSRAM = 1'
     after:  'BackupSRAM = 0'
   BUILD_LUA exit=0 wrote=True  (s1disasm-X-1111103.lua.log)
   SIGIL exit=1 wrote=False  stderr lines=1 (s1disasm-X-1111103.sigil.err)
   RESULT SIGIL-DECLINED   sigil DECLINED (predicted DECLINED)
-- CORNER s1disasm-X-1111110   Revision=1 FixBugs=1 CheatsEnabled=1 AllOptimizations=1 EnableSRAM=1 BackupSRAM=1 AddressSRAM=0   predict sigil DECLINED
   edit sonic.asm:20
     before: 'FixBugs = 0'
     after:  'FixBugs = 1'
   edit sonic.asm:24
     before: 'CheatsEnabled = 0'
     after:  'CheatsEnabled = 1'
   edit sonic.asm:28
     before: 'AllOptimizations = 0'
     after:  'AllOptimizations = 1'
   edit sonic.asm:37
     before: 'EnableSRAM = 0'
     after:  'EnableSRAM = 1'
   edit sonic.asm:41
     before: 'AddressSRAM = 3'
     after:  'AddressSRAM = 0'
   BUILD_LUA exit=0 wrote=True  (s1disasm-X-1111110.lua.log)
   SIGIL exit=1 wrote=False  stderr lines=1 (s1disasm-X-1111110.sigil.err)
   RESULT SIGIL-DECLINED   sigil DECLINED (predicted DECLINED)
-- CORNER s1disasm-X-1111112   Revision=1 FixBugs=1 CheatsEnabled=1 AllOptimizations=1 EnableSRAM=1 BackupSRAM=1 AddressSRAM=2   predict sigil DECLINED
   edit sonic.asm:20
     before: 'FixBugs = 0'
     after:  'FixBugs = 1'
   edit sonic.asm:24
     before: 'CheatsEnabled = 0'
     after:  'CheatsEnabled = 1'
   edit sonic.asm:28
     before: 'AllOptimizations = 0'
     after:  'AllOptimizations = 1'
   edit sonic.asm:37
     before: 'EnableSRAM = 0'
     after:  'EnableSRAM = 1'
   edit sonic.asm:41
     before: 'AddressSRAM = 3'
     after:  'AddressSRAM = 2'
   BUILD_LUA exit=0 wrote=True  (s1disasm-X-1111112.lua.log)
   SIGIL exit=1 wrote=False  stderr lines=1 (s1disasm-X-1111112.sigil.err)
   RESULT SIGIL-DECLINED   sigil DECLINED (predicted DECLINED)
-- CORNER s1disasm-X-1111113   Revision=1 FixBugs=1 CheatsEnabled=1 AllOptimizations=1 EnableSRAM=1 BackupSRAM=1 AddressSRAM=3   predict sigil DECLINED
   edit sonic.asm:20
     before: 'FixBugs = 0'
     after:  'FixBugs = 1'
   edit sonic.asm:24
     before: 'CheatsEnabled = 0'
     after:  'CheatsEnabled = 1'
   edit sonic.asm:28
     before: 'AllOptimizations = 0'
     after:  'AllOptimizations = 1'
   edit sonic.asm:37
     before: 'EnableSRAM = 0'
     after:  'EnableSRAM = 1'
   BUILD_LUA exit=0 wrote=True  (s1disasm-X-1111113.lua.log)
   SIGIL exit=1 wrote=False  stderr lines=1 (s1disasm-X-1111113.sigil.err)
   RESULT SIGIL-DECLINED   sigil DECLINED (predicted DECLINED)
-- CORNER s1disasm-X-2000000   Revision=2 FixBugs=0 CheatsEnabled=0 AllOptimizations=0 EnableSRAM=0 BackupSRAM=0 AddressSRAM=0   predict sigil BUILT
   edit sonic.asm:14
     before: 'Revision = 1'
     after:  'Revision = 2'
   edit sonic.asm:39
     before: 'BackupSRAM = 1'
     after:  'BackupSRAM = 0'
   edit sonic.asm:41
     before: 'AddressSRAM = 3'
     after:  'AddressSRAM = 0'
   BUILD_LUA exit=0 wrote=True  (s1disasm-X-2000000.lua.log)
   SIGIL exit=0 wrote=True  stderr lines=0 (s1disasm-X-2000000.sigil.err)
   DIFF 0 bytes in 0 runs
   CONTROL planted at ['0x200', '0x40000', '0x7fffe'] -> 3 bytes in 3 runs: PASSED
   RESULT AGREE   sigil BUILT (predicted BUILT)
-- CORNER s1disasm-X-2000002   Revision=2 FixBugs=0 CheatsEnabled=0 AllOptimizations=0 EnableSRAM=0 BackupSRAM=0 AddressSRAM=2   predict sigil BUILT
   edit sonic.asm:14
     before: 'Revision = 1'
     after:  'Revision = 2'
   edit sonic.asm:39
     before: 'BackupSRAM = 1'
     after:  'BackupSRAM = 0'
   edit sonic.asm:41
     before: 'AddressSRAM = 3'
     after:  'AddressSRAM = 2'
   BUILD_LUA exit=0 wrote=True  (s1disasm-X-2000002.lua.log)
   SIGIL exit=0 wrote=True  stderr lines=0 (s1disasm-X-2000002.sigil.err)
   DIFF 0 bytes in 0 runs
   CONTROL planted at ['0x200', '0x40000', '0x7fffe'] -> 3 bytes in 3 runs: PASSED
   RESULT AGREE   sigil BUILT (predicted BUILT)
-- CORNER s1disasm-X-2000003   Revision=2 FixBugs=0 CheatsEnabled=0 AllOptimizations=0 EnableSRAM=0 BackupSRAM=0 AddressSRAM=3   predict sigil BUILT
   edit sonic.asm:14
     before: 'Revision = 1'
     after:  'Revision = 2'
   edit sonic.asm:39
     before: 'BackupSRAM = 1'
     after:  'BackupSRAM = 0'
   BUILD_LUA exit=0 wrote=True  (s1disasm-X-2000003.lua.log)
   SIGIL exit=0 wrote=True  stderr lines=0 (s1disasm-X-2000003.sigil.err)
   DIFF 0 bytes in 0 runs
   CONTROL planted at ['0x200', '0x40000', '0x7fffe'] -> 3 bytes in 3 runs: PASSED
   RESULT AGREE   sigil BUILT (predicted BUILT)
-- CORNER s1disasm-X-2000010   Revision=2 FixBugs=0 CheatsEnabled=0 AllOptimizations=0 EnableSRAM=0 BackupSRAM=1 AddressSRAM=0   predict sigil BUILT
   edit sonic.asm:14
     before: 'Revision = 1'
     after:  'Revision = 2'
   edit sonic.asm:41
     before: 'AddressSRAM = 3'
     after:  'AddressSRAM = 0'
   BUILD_LUA exit=0 wrote=True  (s1disasm-X-2000010.lua.log)
   SIGIL exit=0 wrote=True  stderr lines=0 (s1disasm-X-2000010.sigil.err)
   DIFF 0 bytes in 0 runs
   CONTROL planted at ['0x200', '0x40000', '0x7fffe'] -> 3 bytes in 3 runs: PASSED
   RESULT AGREE   sigil BUILT (predicted BUILT)
-- CORNER s1disasm-X-2000012   Revision=2 FixBugs=0 CheatsEnabled=0 AllOptimizations=0 EnableSRAM=0 BackupSRAM=1 AddressSRAM=2   predict sigil BUILT
   edit sonic.asm:14
     before: 'Revision = 1'
     after:  'Revision = 2'
   edit sonic.asm:41
     before: 'AddressSRAM = 3'
     after:  'AddressSRAM = 2'
   BUILD_LUA exit=0 wrote=True  (s1disasm-X-2000012.lua.log)
   SIGIL exit=0 wrote=True  stderr lines=0 (s1disasm-X-2000012.sigil.err)
   DIFF 0 bytes in 0 runs
   CONTROL planted at ['0x200', '0x40000', '0x7fffe'] -> 3 bytes in 3 runs: PASSED
   RESULT AGREE   sigil BUILT (predicted BUILT)
-- CORNER s1disasm-X-2000013   Revision=2 FixBugs=0 CheatsEnabled=0 AllOptimizations=0 EnableSRAM=0 BackupSRAM=1 AddressSRAM=3   predict sigil BUILT
   edit sonic.asm:14
     before: 'Revision = 1'
     after:  'Revision = 2'
   BUILD_LUA exit=0 wrote=True  (s1disasm-X-2000013.lua.log)
   SIGIL exit=0 wrote=True  stderr lines=0 (s1disasm-X-2000013.sigil.err)
   DIFF 0 bytes in 0 runs
   CONTROL planted at ['0x200', '0x40000', '0x7fffe'] -> 3 bytes in 3 runs: PASSED
   RESULT AGREE   sigil BUILT (predicted BUILT)
-- CORNER s1disasm-X-2000100   Revision=2 FixBugs=0 CheatsEnabled=0 AllOptimizations=0 EnableSRAM=1 BackupSRAM=0 AddressSRAM=0   predict sigil BUILT
   edit sonic.asm:14
     before: 'Revision = 1'
     after:  'Revision = 2'
   edit sonic.asm:37
     before: 'EnableSRAM = 0'
     after:  'EnableSRAM = 1'
   edit sonic.asm:39
     before: 'BackupSRAM = 1'
     after:  'BackupSRAM = 0'
   edit sonic.asm:41
     before: 'AddressSRAM = 3'
     after:  'AddressSRAM = 0'
   BUILD_LUA exit=0 wrote=True  (s1disasm-X-2000100.lua.log)
   SIGIL exit=0 wrote=True  stderr lines=0 (s1disasm-X-2000100.sigil.err)
   DIFF 0 bytes in 0 runs
   CONTROL planted at ['0x200', '0x40000', '0x7fffe'] -> 3 bytes in 3 runs: PASSED
   RESULT AGREE   sigil BUILT (predicted BUILT)
-- CORNER s1disasm-X-2000102   Revision=2 FixBugs=0 CheatsEnabled=0 AllOptimizations=0 EnableSRAM=1 BackupSRAM=0 AddressSRAM=2   predict sigil BUILT
   edit sonic.asm:14
     before: 'Revision = 1'
     after:  'Revision = 2'
   edit sonic.asm:37
     before: 'EnableSRAM = 0'
     after:  'EnableSRAM = 1'
   edit sonic.asm:39
     before: 'BackupSRAM = 1'
     after:  'BackupSRAM = 0'
   edit sonic.asm:41
     before: 'AddressSRAM = 3'
     after:  'AddressSRAM = 2'
   BUILD_LUA exit=0 wrote=True  (s1disasm-X-2000102.lua.log)
   SIGIL exit=0 wrote=True  stderr lines=0 (s1disasm-X-2000102.sigil.err)
   DIFF 0 bytes in 0 runs
   CONTROL planted at ['0x200', '0x40000', '0x7fffe'] -> 3 bytes in 3 runs: PASSED
   RESULT AGREE   sigil BUILT (predicted BUILT)
-- CORNER s1disasm-X-2000103   Revision=2 FixBugs=0 CheatsEnabled=0 AllOptimizations=0 EnableSRAM=1 BackupSRAM=0 AddressSRAM=3   predict sigil BUILT
   edit sonic.asm:14
     before: 'Revision = 1'
     after:  'Revision = 2'
   edit sonic.asm:37
     before: 'EnableSRAM = 0'
     after:  'EnableSRAM = 1'
   edit sonic.asm:39
     before: 'BackupSRAM = 1'
     after:  'BackupSRAM = 0'
   BUILD_LUA exit=0 wrote=True  (s1disasm-X-2000103.lua.log)
   SIGIL exit=0 wrote=True  stderr lines=0 (s1disasm-X-2000103.sigil.err)
   DIFF 0 bytes in 0 runs
   CONTROL planted at ['0x200', '0x40000', '0x7fffe'] -> 3 bytes in 3 runs: PASSED
   RESULT AGREE   sigil BUILT (predicted BUILT)
-- CORNER s1disasm-X-2000110   Revision=2 FixBugs=0 CheatsEnabled=0 AllOptimizations=0 EnableSRAM=1 BackupSRAM=1 AddressSRAM=0   predict sigil BUILT
   edit sonic.asm:14
     before: 'Revision = 1'
     after:  'Revision = 2'
   edit sonic.asm:37
     before: 'EnableSRAM = 0'
     after:  'EnableSRAM = 1'
   edit sonic.asm:41
     before: 'AddressSRAM = 3'
     after:  'AddressSRAM = 0'
   BUILD_LUA exit=0 wrote=True  (s1disasm-X-2000110.lua.log)
   SIGIL exit=0 wrote=True  stderr lines=0 (s1disasm-X-2000110.sigil.err)
   DIFF 0 bytes in 0 runs
   CONTROL planted at ['0x200', '0x40000', '0x7fffe'] -> 3 bytes in 3 runs: PASSED
   RESULT AGREE   sigil BUILT (predicted BUILT)
-- CORNER s1disasm-X-2000112   Revision=2 FixBugs=0 CheatsEnabled=0 AllOptimizations=0 EnableSRAM=1 BackupSRAM=1 AddressSRAM=2   predict sigil BUILT
   edit sonic.asm:14
     before: 'Revision = 1'
     after:  'Revision = 2'
   edit sonic.asm:37
     before: 'EnableSRAM = 0'
     after:  'EnableSRAM = 1'
   edit sonic.asm:41
     before: 'AddressSRAM = 3'
     after:  'AddressSRAM = 2'
   BUILD_LUA exit=0 wrote=True  (s1disasm-X-2000112.lua.log)
   SIGIL exit=0 wrote=True  stderr lines=0 (s1disasm-X-2000112.sigil.err)
   DIFF 0 bytes in 0 runs
   CONTROL planted at ['0x200', '0x40000', '0x7fffe'] -> 3 bytes in 3 runs: PASSED
   RESULT AGREE   sigil BUILT (predicted BUILT)
-- CORNER s1disasm-X-2000113   Revision=2 FixBugs=0 CheatsEnabled=0 AllOptimizations=0 EnableSRAM=1 BackupSRAM=1 AddressSRAM=3   predict sigil BUILT
   edit sonic.asm:14
     before: 'Revision = 1'
     after:  'Revision = 2'
   edit sonic.asm:37
     before: 'EnableSRAM = 0'
     after:  'EnableSRAM = 1'
   BUILD_LUA exit=0 wrote=True  (s1disasm-X-2000113.lua.log)
   SIGIL exit=0 wrote=True  stderr lines=0 (s1disasm-X-2000113.sigil.err)
   DIFF 0 bytes in 0 runs
   CONTROL planted at ['0x200', '0x40000', '0x7fffe'] -> 3 bytes in 3 runs: PASSED
   RESULT AGREE   sigil BUILT (predicted BUILT)
-- CORNER s1disasm-X-2001000   Revision=2 FixBugs=0 CheatsEnabled=0 AllOptimizations=1 EnableSRAM=0 BackupSRAM=0 AddressSRAM=0   predict sigil BUILT
   edit sonic.asm:14
     before: 'Revision = 1'
     after:  'Revision = 2'
   edit sonic.asm:28
     before: 'AllOptimizations = 0'
     after:  'AllOptimizations = 1'
   edit sonic.asm:39
     before: 'BackupSRAM = 1'
     after:  'BackupSRAM = 0'
   edit sonic.asm:41
     before: 'AddressSRAM = 3'
     after:  'AddressSRAM = 0'
   BUILD_LUA exit=0 wrote=True  (s1disasm-X-2001000.lua.log)
   SIGIL exit=0 wrote=True  stderr lines=0 (s1disasm-X-2001000.sigil.err)
   DIFF 0 bytes in 0 runs
   CONTROL planted at ['0x200', '0x3f987', '0x7f30c'] -> 3 bytes in 3 runs: PASSED
   RESULT AGREE   sigil BUILT (predicted BUILT)
-- CORNER s1disasm-X-2001002   Revision=2 FixBugs=0 CheatsEnabled=0 AllOptimizations=1 EnableSRAM=0 BackupSRAM=0 AddressSRAM=2   predict sigil BUILT
   edit sonic.asm:14
     before: 'Revision = 1'
     after:  'Revision = 2'
   edit sonic.asm:28
     before: 'AllOptimizations = 0'
     after:  'AllOptimizations = 1'
   edit sonic.asm:39
     before: 'BackupSRAM = 1'
     after:  'BackupSRAM = 0'
   edit sonic.asm:41
     before: 'AddressSRAM = 3'
     after:  'AddressSRAM = 2'
   BUILD_LUA exit=0 wrote=True  (s1disasm-X-2001002.lua.log)
   SIGIL exit=0 wrote=True  stderr lines=0 (s1disasm-X-2001002.sigil.err)
   DIFF 0 bytes in 0 runs
   CONTROL planted at ['0x200', '0x3f987', '0x7f30c'] -> 3 bytes in 3 runs: PASSED
   RESULT AGREE   sigil BUILT (predicted BUILT)
-- CORNER s1disasm-X-2001003   Revision=2 FixBugs=0 CheatsEnabled=0 AllOptimizations=1 EnableSRAM=0 BackupSRAM=0 AddressSRAM=3   predict sigil BUILT
   edit sonic.asm:14
     before: 'Revision = 1'
     after:  'Revision = 2'
   edit sonic.asm:28
     before: 'AllOptimizations = 0'
     after:  'AllOptimizations = 1'
   edit sonic.asm:39
     before: 'BackupSRAM = 1'
     after:  'BackupSRAM = 0'
   BUILD_LUA exit=0 wrote=True  (s1disasm-X-2001003.lua.log)
   SIGIL exit=0 wrote=True  stderr lines=0 (s1disasm-X-2001003.sigil.err)
   DIFF 0 bytes in 0 runs
   CONTROL planted at ['0x200', '0x3f987', '0x7f30c'] -> 3 bytes in 3 runs: PASSED
   RESULT AGREE   sigil BUILT (predicted BUILT)
-- CORNER s1disasm-X-2001010   Revision=2 FixBugs=0 CheatsEnabled=0 AllOptimizations=1 EnableSRAM=0 BackupSRAM=1 AddressSRAM=0   predict sigil BUILT
   edit sonic.asm:14
     before: 'Revision = 1'
     after:  'Revision = 2'
   edit sonic.asm:28
     before: 'AllOptimizations = 0'
     after:  'AllOptimizations = 1'
   edit sonic.asm:41
     before: 'AddressSRAM = 3'
     after:  'AddressSRAM = 0'
   BUILD_LUA exit=0 wrote=True  (s1disasm-X-2001010.lua.log)
   SIGIL exit=0 wrote=True  stderr lines=0 (s1disasm-X-2001010.sigil.err)
   DIFF 0 bytes in 0 runs
   CONTROL planted at ['0x200', '0x3f987', '0x7f30c'] -> 3 bytes in 3 runs: PASSED
   RESULT AGREE   sigil BUILT (predicted BUILT)
-- CORNER s1disasm-X-2001012   Revision=2 FixBugs=0 CheatsEnabled=0 AllOptimizations=1 EnableSRAM=0 BackupSRAM=1 AddressSRAM=2   predict sigil BUILT
   edit sonic.asm:14
     before: 'Revision = 1'
     after:  'Revision = 2'
   edit sonic.asm:28
     before: 'AllOptimizations = 0'
     after:  'AllOptimizations = 1'
   edit sonic.asm:41
     before: 'AddressSRAM = 3'
     after:  'AddressSRAM = 2'
   BUILD_LUA exit=0 wrote=True  (s1disasm-X-2001012.lua.log)
   SIGIL exit=0 wrote=True  stderr lines=0 (s1disasm-X-2001012.sigil.err)
   DIFF 0 bytes in 0 runs
   CONTROL planted at ['0x200', '0x3f987', '0x7f30c'] -> 3 bytes in 3 runs: PASSED
   RESULT AGREE   sigil BUILT (predicted BUILT)
-- CORNER s1disasm-X-2001013   Revision=2 FixBugs=0 CheatsEnabled=0 AllOptimizations=1 EnableSRAM=0 BackupSRAM=1 AddressSRAM=3   predict sigil BUILT
   edit sonic.asm:14
     before: 'Revision = 1'
     after:  'Revision = 2'
   edit sonic.asm:28
     before: 'AllOptimizations = 0'
     after:  'AllOptimizations = 1'
   BUILD_LUA exit=0 wrote=True  (s1disasm-X-2001013.lua.log)
   SIGIL exit=0 wrote=True  stderr lines=0 (s1disasm-X-2001013.sigil.err)
   DIFF 0 bytes in 0 runs
   CONTROL planted at ['0x200', '0x3f987', '0x7f30c'] -> 3 bytes in 3 runs: PASSED
   RESULT AGREE   sigil BUILT (predicted BUILT)
-- CORNER s1disasm-X-2001100   Revision=2 FixBugs=0 CheatsEnabled=0 AllOptimizations=1 EnableSRAM=1 BackupSRAM=0 AddressSRAM=0   predict sigil BUILT
   edit sonic.asm:14
     before: 'Revision = 1'
     after:  'Revision = 2'
   edit sonic.asm:28
     before: 'AllOptimizations = 0'
     after:  'AllOptimizations = 1'
   edit sonic.asm:37
     before: 'EnableSRAM = 0'
     after:  'EnableSRAM = 1'
   edit sonic.asm:39
     before: 'BackupSRAM = 1'
     after:  'BackupSRAM = 0'
   edit sonic.asm:41
     before: 'AddressSRAM = 3'
     after:  'AddressSRAM = 0'
   BUILD_LUA exit=0 wrote=True  (s1disasm-X-2001100.lua.log)
   SIGIL exit=0 wrote=True  stderr lines=0 (s1disasm-X-2001100.sigil.err)
   DIFF 0 bytes in 0 runs
   CONTROL planted at ['0x200', '0x3f987', '0x7f30c'] -> 3 bytes in 3 runs: PASSED
   RESULT AGREE   sigil BUILT (predicted BUILT)
-- CORNER s1disasm-X-2001102   Revision=2 FixBugs=0 CheatsEnabled=0 AllOptimizations=1 EnableSRAM=1 BackupSRAM=0 AddressSRAM=2   predict sigil BUILT
   edit sonic.asm:14
     before: 'Revision = 1'
     after:  'Revision = 2'
   edit sonic.asm:28
     before: 'AllOptimizations = 0'
     after:  'AllOptimizations = 1'
   edit sonic.asm:37
     before: 'EnableSRAM = 0'
     after:  'EnableSRAM = 1'
   edit sonic.asm:39
     before: 'BackupSRAM = 1'
     after:  'BackupSRAM = 0'
   edit sonic.asm:41
     before: 'AddressSRAM = 3'
     after:  'AddressSRAM = 2'
   BUILD_LUA exit=0 wrote=True  (s1disasm-X-2001102.lua.log)
   SIGIL exit=0 wrote=True  stderr lines=0 (s1disasm-X-2001102.sigil.err)
   DIFF 0 bytes in 0 runs
   CONTROL planted at ['0x200', '0x3f987', '0x7f30c'] -> 3 bytes in 3 runs: PASSED
   RESULT AGREE   sigil BUILT (predicted BUILT)
-- CORNER s1disasm-X-2001103   Revision=2 FixBugs=0 CheatsEnabled=0 AllOptimizations=1 EnableSRAM=1 BackupSRAM=0 AddressSRAM=3   predict sigil BUILT
   edit sonic.asm:14
     before: 'Revision = 1'
     after:  'Revision = 2'
   edit sonic.asm:28
     before: 'AllOptimizations = 0'
     after:  'AllOptimizations = 1'
   edit sonic.asm:37
     before: 'EnableSRAM = 0'
     after:  'EnableSRAM = 1'
   edit sonic.asm:39
     before: 'BackupSRAM = 1'
     after:  'BackupSRAM = 0'
   BUILD_LUA exit=0 wrote=True  (s1disasm-X-2001103.lua.log)
   SIGIL exit=0 wrote=True  stderr lines=0 (s1disasm-X-2001103.sigil.err)
   DIFF 0 bytes in 0 runs
   CONTROL planted at ['0x200', '0x3f987', '0x7f30c'] -> 3 bytes in 3 runs: PASSED
   RESULT AGREE   sigil BUILT (predicted BUILT)
-- CORNER s1disasm-X-2001110   Revision=2 FixBugs=0 CheatsEnabled=0 AllOptimizations=1 EnableSRAM=1 BackupSRAM=1 AddressSRAM=0   predict sigil BUILT
   edit sonic.asm:14
     before: 'Revision = 1'
     after:  'Revision = 2'
   edit sonic.asm:28
     before: 'AllOptimizations = 0'
     after:  'AllOptimizations = 1'
   edit sonic.asm:37
     before: 'EnableSRAM = 0'
     after:  'EnableSRAM = 1'
   edit sonic.asm:41
     before: 'AddressSRAM = 3'
     after:  'AddressSRAM = 0'
   BUILD_LUA exit=0 wrote=True  (s1disasm-X-2001110.lua.log)
   SIGIL exit=0 wrote=True  stderr lines=0 (s1disasm-X-2001110.sigil.err)
   DIFF 0 bytes in 0 runs
   CONTROL planted at ['0x200', '0x3f987', '0x7f30c'] -> 3 bytes in 3 runs: PASSED
   RESULT AGREE   sigil BUILT (predicted BUILT)
-- CORNER s1disasm-X-2001112   Revision=2 FixBugs=0 CheatsEnabled=0 AllOptimizations=1 EnableSRAM=1 BackupSRAM=1 AddressSRAM=2   predict sigil BUILT
   edit sonic.asm:14
     before: 'Revision = 1'
     after:  'Revision = 2'
   edit sonic.asm:28
     before: 'AllOptimizations = 0'
     after:  'AllOptimizations = 1'
   edit sonic.asm:37
     before: 'EnableSRAM = 0'
     after:  'EnableSRAM = 1'
   edit sonic.asm:41
     before: 'AddressSRAM = 3'
     after:  'AddressSRAM = 2'
   BUILD_LUA exit=0 wrote=True  (s1disasm-X-2001112.lua.log)
   SIGIL exit=0 wrote=True  stderr lines=0 (s1disasm-X-2001112.sigil.err)
   DIFF 0 bytes in 0 runs
   CONTROL planted at ['0x200', '0x3f987', '0x7f30c'] -> 3 bytes in 3 runs: PASSED
   RESULT AGREE   sigil BUILT (predicted BUILT)
-- CORNER s1disasm-X-2001113   Revision=2 FixBugs=0 CheatsEnabled=0 AllOptimizations=1 EnableSRAM=1 BackupSRAM=1 AddressSRAM=3   predict sigil BUILT
   edit sonic.asm:14
     before: 'Revision = 1'
     after:  'Revision = 2'
   edit sonic.asm:28
     before: 'AllOptimizations = 0'
     after:  'AllOptimizations = 1'
   edit sonic.asm:37
     before: 'EnableSRAM = 0'
     after:  'EnableSRAM = 1'
   BUILD_LUA exit=0 wrote=True  (s1disasm-X-2001113.lua.log)
   SIGIL exit=0 wrote=True  stderr lines=0 (s1disasm-X-2001113.sigil.err)
   DIFF 0 bytes in 0 runs
   CONTROL planted at ['0x200', '0x3f987', '0x7f30c'] -> 3 bytes in 3 runs: PASSED
   RESULT AGREE   sigil BUILT (predicted BUILT)
-- CORNER s1disasm-X-2010000   Revision=2 FixBugs=0 CheatsEnabled=1 AllOptimizations=0 EnableSRAM=0 BackupSRAM=0 AddressSRAM=0   predict sigil BUILT
   edit sonic.asm:14
     before: 'Revision = 1'
     after:  'Revision = 2'
   edit sonic.asm:24
     before: 'CheatsEnabled = 0'
     after:  'CheatsEnabled = 1'
   edit sonic.asm:39
     before: 'BackupSRAM = 1'
     after:  'BackupSRAM = 0'
   edit sonic.asm:41
     before: 'AddressSRAM = 3'
     after:  'AddressSRAM = 0'
   BUILD_LUA exit=0 wrote=True  (s1disasm-X-2010000.lua.log)
   SIGIL exit=0 wrote=True  stderr lines=0 (s1disasm-X-2010000.sigil.err)
   DIFF 0 bytes in 0 runs
   CONTROL planted at ['0x200', '0x40000', '0x7fffe'] -> 3 bytes in 3 runs: PASSED
   RESULT AGREE   sigil BUILT (predicted BUILT)
-- CORNER s1disasm-X-2010002   Revision=2 FixBugs=0 CheatsEnabled=1 AllOptimizations=0 EnableSRAM=0 BackupSRAM=0 AddressSRAM=2   predict sigil BUILT
   edit sonic.asm:14
     before: 'Revision = 1'
     after:  'Revision = 2'
   edit sonic.asm:24
     before: 'CheatsEnabled = 0'
     after:  'CheatsEnabled = 1'
   edit sonic.asm:39
     before: 'BackupSRAM = 1'
     after:  'BackupSRAM = 0'
   edit sonic.asm:41
     before: 'AddressSRAM = 3'
     after:  'AddressSRAM = 2'
   BUILD_LUA exit=0 wrote=True  (s1disasm-X-2010002.lua.log)
   SIGIL exit=0 wrote=True  stderr lines=0 (s1disasm-X-2010002.sigil.err)
   DIFF 0 bytes in 0 runs
   CONTROL planted at ['0x200', '0x40000', '0x7fffe'] -> 3 bytes in 3 runs: PASSED
   RESULT AGREE   sigil BUILT (predicted BUILT)
-- CORNER s1disasm-X-2010003   Revision=2 FixBugs=0 CheatsEnabled=1 AllOptimizations=0 EnableSRAM=0 BackupSRAM=0 AddressSRAM=3   predict sigil BUILT
   edit sonic.asm:14
     before: 'Revision = 1'
     after:  'Revision = 2'
   edit sonic.asm:24
     before: 'CheatsEnabled = 0'
     after:  'CheatsEnabled = 1'
   edit sonic.asm:39
     before: 'BackupSRAM = 1'
     after:  'BackupSRAM = 0'
   BUILD_LUA exit=0 wrote=True  (s1disasm-X-2010003.lua.log)
   SIGIL exit=0 wrote=True  stderr lines=0 (s1disasm-X-2010003.sigil.err)
   DIFF 0 bytes in 0 runs
   CONTROL planted at ['0x200', '0x40000', '0x7fffe'] -> 3 bytes in 3 runs: PASSED
   RESULT AGREE   sigil BUILT (predicted BUILT)
-- CORNER s1disasm-X-2010010   Revision=2 FixBugs=0 CheatsEnabled=1 AllOptimizations=0 EnableSRAM=0 BackupSRAM=1 AddressSRAM=0   predict sigil BUILT
   edit sonic.asm:14
     before: 'Revision = 1'
     after:  'Revision = 2'
   edit sonic.asm:24
     before: 'CheatsEnabled = 0'
     after:  'CheatsEnabled = 1'
   edit sonic.asm:41
     before: 'AddressSRAM = 3'
     after:  'AddressSRAM = 0'
   BUILD_LUA exit=0 wrote=True  (s1disasm-X-2010010.lua.log)
   SIGIL exit=0 wrote=True  stderr lines=0 (s1disasm-X-2010010.sigil.err)
   DIFF 0 bytes in 0 runs
   CONTROL planted at ['0x200', '0x40000', '0x7fffe'] -> 3 bytes in 3 runs: PASSED
   RESULT AGREE   sigil BUILT (predicted BUILT)
-- CORNER s1disasm-X-2010012   Revision=2 FixBugs=0 CheatsEnabled=1 AllOptimizations=0 EnableSRAM=0 BackupSRAM=1 AddressSRAM=2   predict sigil BUILT
   edit sonic.asm:14
     before: 'Revision = 1'
     after:  'Revision = 2'
   edit sonic.asm:24
     before: 'CheatsEnabled = 0'
     after:  'CheatsEnabled = 1'
   edit sonic.asm:41
     before: 'AddressSRAM = 3'
     after:  'AddressSRAM = 2'
   BUILD_LUA exit=0 wrote=True  (s1disasm-X-2010012.lua.log)
   SIGIL exit=0 wrote=True  stderr lines=0 (s1disasm-X-2010012.sigil.err)
   DIFF 0 bytes in 0 runs
   CONTROL planted at ['0x200', '0x40000', '0x7fffe'] -> 3 bytes in 3 runs: PASSED
   RESULT AGREE   sigil BUILT (predicted BUILT)
-- CORNER s1disasm-X-2010013   Revision=2 FixBugs=0 CheatsEnabled=1 AllOptimizations=0 EnableSRAM=0 BackupSRAM=1 AddressSRAM=3   predict sigil BUILT
   edit sonic.asm:14
     before: 'Revision = 1'
     after:  'Revision = 2'
   edit sonic.asm:24
     before: 'CheatsEnabled = 0'
     after:  'CheatsEnabled = 1'
   BUILD_LUA exit=0 wrote=True  (s1disasm-X-2010013.lua.log)
   SIGIL exit=0 wrote=True  stderr lines=0 (s1disasm-X-2010013.sigil.err)
   DIFF 0 bytes in 0 runs
   CONTROL planted at ['0x200', '0x40000', '0x7fffe'] -> 3 bytes in 3 runs: PASSED
   RESULT AGREE   sigil BUILT (predicted BUILT)
-- CORNER s1disasm-X-2010100   Revision=2 FixBugs=0 CheatsEnabled=1 AllOptimizations=0 EnableSRAM=1 BackupSRAM=0 AddressSRAM=0   predict sigil BUILT
   edit sonic.asm:14
     before: 'Revision = 1'
     after:  'Revision = 2'
   edit sonic.asm:24
     before: 'CheatsEnabled = 0'
     after:  'CheatsEnabled = 1'
   edit sonic.asm:37
     before: 'EnableSRAM = 0'
     after:  'EnableSRAM = 1'
   edit sonic.asm:39
     before: 'BackupSRAM = 1'
     after:  'BackupSRAM = 0'
   edit sonic.asm:41
     before: 'AddressSRAM = 3'
     after:  'AddressSRAM = 0'
   BUILD_LUA exit=0 wrote=True  (s1disasm-X-2010100.lua.log)
   SIGIL exit=0 wrote=True  stderr lines=0 (s1disasm-X-2010100.sigil.err)
   DIFF 0 bytes in 0 runs
   CONTROL planted at ['0x200', '0x40000', '0x7fffe'] -> 3 bytes in 3 runs: PASSED
   RESULT AGREE   sigil BUILT (predicted BUILT)
-- CORNER s1disasm-X-2010102   Revision=2 FixBugs=0 CheatsEnabled=1 AllOptimizations=0 EnableSRAM=1 BackupSRAM=0 AddressSRAM=2   predict sigil BUILT
   edit sonic.asm:14
     before: 'Revision = 1'
     after:  'Revision = 2'
   edit sonic.asm:24
     before: 'CheatsEnabled = 0'
     after:  'CheatsEnabled = 1'
   edit sonic.asm:37
     before: 'EnableSRAM = 0'
     after:  'EnableSRAM = 1'
   edit sonic.asm:39
     before: 'BackupSRAM = 1'
     after:  'BackupSRAM = 0'
   edit sonic.asm:41
     before: 'AddressSRAM = 3'
     after:  'AddressSRAM = 2'
   BUILD_LUA exit=0 wrote=True  (s1disasm-X-2010102.lua.log)
   SIGIL exit=0 wrote=True  stderr lines=0 (s1disasm-X-2010102.sigil.err)
   DIFF 0 bytes in 0 runs
   CONTROL planted at ['0x200', '0x40000', '0x7fffe'] -> 3 bytes in 3 runs: PASSED
   RESULT AGREE   sigil BUILT (predicted BUILT)
-- CORNER s1disasm-X-2010103   Revision=2 FixBugs=0 CheatsEnabled=1 AllOptimizations=0 EnableSRAM=1 BackupSRAM=0 AddressSRAM=3   predict sigil BUILT
   edit sonic.asm:14
     before: 'Revision = 1'
     after:  'Revision = 2'
   edit sonic.asm:24
     before: 'CheatsEnabled = 0'
     after:  'CheatsEnabled = 1'
   edit sonic.asm:37
     before: 'EnableSRAM = 0'
     after:  'EnableSRAM = 1'
   edit sonic.asm:39
     before: 'BackupSRAM = 1'
     after:  'BackupSRAM = 0'
   BUILD_LUA exit=0 wrote=True  (s1disasm-X-2010103.lua.log)
   SIGIL exit=0 wrote=True  stderr lines=0 (s1disasm-X-2010103.sigil.err)
   DIFF 0 bytes in 0 runs
   CONTROL planted at ['0x200', '0x40000', '0x7fffe'] -> 3 bytes in 3 runs: PASSED
   RESULT AGREE   sigil BUILT (predicted BUILT)
-- CORNER s1disasm-X-2010110   Revision=2 FixBugs=0 CheatsEnabled=1 AllOptimizations=0 EnableSRAM=1 BackupSRAM=1 AddressSRAM=0   predict sigil BUILT
   edit sonic.asm:14
     before: 'Revision = 1'
     after:  'Revision = 2'
   edit sonic.asm:24
     before: 'CheatsEnabled = 0'
     after:  'CheatsEnabled = 1'
   edit sonic.asm:37
     before: 'EnableSRAM = 0'
     after:  'EnableSRAM = 1'
   edit sonic.asm:41
     before: 'AddressSRAM = 3'
     after:  'AddressSRAM = 0'
   BUILD_LUA exit=0 wrote=True  (s1disasm-X-2010110.lua.log)
   SIGIL exit=0 wrote=True  stderr lines=0 (s1disasm-X-2010110.sigil.err)
   DIFF 0 bytes in 0 runs
   CONTROL planted at ['0x200', '0x40000', '0x7fffe'] -> 3 bytes in 3 runs: PASSED
   RESULT AGREE   sigil BUILT (predicted BUILT)
-- CORNER s1disasm-X-2010112   Revision=2 FixBugs=0 CheatsEnabled=1 AllOptimizations=0 EnableSRAM=1 BackupSRAM=1 AddressSRAM=2   predict sigil BUILT
   edit sonic.asm:14
     before: 'Revision = 1'
     after:  'Revision = 2'
   edit sonic.asm:24
     before: 'CheatsEnabled = 0'
     after:  'CheatsEnabled = 1'
   edit sonic.asm:37
     before: 'EnableSRAM = 0'
     after:  'EnableSRAM = 1'
   edit sonic.asm:41
     before: 'AddressSRAM = 3'
     after:  'AddressSRAM = 2'
   BUILD_LUA exit=0 wrote=True  (s1disasm-X-2010112.lua.log)
   SIGIL exit=0 wrote=True  stderr lines=0 (s1disasm-X-2010112.sigil.err)
   DIFF 0 bytes in 0 runs
   CONTROL planted at ['0x200', '0x40000', '0x7fffe'] -> 3 bytes in 3 runs: PASSED
   RESULT AGREE   sigil BUILT (predicted BUILT)
-- CORNER s1disasm-X-2010113   Revision=2 FixBugs=0 CheatsEnabled=1 AllOptimizations=0 EnableSRAM=1 BackupSRAM=1 AddressSRAM=3   predict sigil BUILT
   edit sonic.asm:14
     before: 'Revision = 1'
     after:  'Revision = 2'
   edit sonic.asm:24
     before: 'CheatsEnabled = 0'
     after:  'CheatsEnabled = 1'
   edit sonic.asm:37
     before: 'EnableSRAM = 0'
     after:  'EnableSRAM = 1'
   BUILD_LUA exit=0 wrote=True  (s1disasm-X-2010113.lua.log)
   SIGIL exit=0 wrote=True  stderr lines=0 (s1disasm-X-2010113.sigil.err)
   DIFF 0 bytes in 0 runs
   CONTROL planted at ['0x200', '0x40000', '0x7fffe'] -> 3 bytes in 3 runs: PASSED
   RESULT AGREE   sigil BUILT (predicted BUILT)
-- CORNER s1disasm-X-2011000   Revision=2 FixBugs=0 CheatsEnabled=1 AllOptimizations=1 EnableSRAM=0 BackupSRAM=0 AddressSRAM=0   predict sigil BUILT
   edit sonic.asm:14
     before: 'Revision = 1'
     after:  'Revision = 2'
   edit sonic.asm:24
     before: 'CheatsEnabled = 0'
     after:  'CheatsEnabled = 1'
   edit sonic.asm:28
     before: 'AllOptimizations = 0'
     after:  'AllOptimizations = 1'
   edit sonic.asm:39
     before: 'BackupSRAM = 1'
     after:  'BackupSRAM = 0'
   edit sonic.asm:41
     before: 'AddressSRAM = 3'
     after:  'AddressSRAM = 0'
   BUILD_LUA exit=0 wrote=True  (s1disasm-X-2011000.lua.log)
   SIGIL exit=0 wrote=True  stderr lines=0 (s1disasm-X-2011000.sigil.err)
   DIFF 0 bytes in 0 runs
   CONTROL planted at ['0x200', '0x3f990', '0x7f31e'] -> 3 bytes in 3 runs: PASSED
   RESULT AGREE   sigil BUILT (predicted BUILT)
-- CORNER s1disasm-X-2011002   Revision=2 FixBugs=0 CheatsEnabled=1 AllOptimizations=1 EnableSRAM=0 BackupSRAM=0 AddressSRAM=2   predict sigil BUILT
   edit sonic.asm:14
     before: 'Revision = 1'
     after:  'Revision = 2'
   edit sonic.asm:24
     before: 'CheatsEnabled = 0'
     after:  'CheatsEnabled = 1'
   edit sonic.asm:28
     before: 'AllOptimizations = 0'
     after:  'AllOptimizations = 1'
   edit sonic.asm:39
     before: 'BackupSRAM = 1'
     after:  'BackupSRAM = 0'
   edit sonic.asm:41
     before: 'AddressSRAM = 3'
     after:  'AddressSRAM = 2'
   BUILD_LUA exit=0 wrote=True  (s1disasm-X-2011002.lua.log)
   SIGIL exit=0 wrote=True  stderr lines=0 (s1disasm-X-2011002.sigil.err)
   DIFF 0 bytes in 0 runs
   CONTROL planted at ['0x200', '0x3f990', '0x7f31e'] -> 3 bytes in 3 runs: PASSED
   RESULT AGREE   sigil BUILT (predicted BUILT)
-- CORNER s1disasm-X-2011003   Revision=2 FixBugs=0 CheatsEnabled=1 AllOptimizations=1 EnableSRAM=0 BackupSRAM=0 AddressSRAM=3   predict sigil BUILT
   edit sonic.asm:14
     before: 'Revision = 1'
     after:  'Revision = 2'
   edit sonic.asm:24
     before: 'CheatsEnabled = 0'
     after:  'CheatsEnabled = 1'
   edit sonic.asm:28
     before: 'AllOptimizations = 0'
     after:  'AllOptimizations = 1'
   edit sonic.asm:39
     before: 'BackupSRAM = 1'
     after:  'BackupSRAM = 0'
   BUILD_LUA exit=0 wrote=True  (s1disasm-X-2011003.lua.log)
   SIGIL exit=0 wrote=True  stderr lines=0 (s1disasm-X-2011003.sigil.err)
   DIFF 0 bytes in 0 runs
   CONTROL planted at ['0x200', '0x3f990', '0x7f31e'] -> 3 bytes in 3 runs: PASSED
   RESULT AGREE   sigil BUILT (predicted BUILT)
-- CORNER s1disasm-X-2011010   Revision=2 FixBugs=0 CheatsEnabled=1 AllOptimizations=1 EnableSRAM=0 BackupSRAM=1 AddressSRAM=0   predict sigil BUILT
   edit sonic.asm:14
     before: 'Revision = 1'
     after:  'Revision = 2'
   edit sonic.asm:24
     before: 'CheatsEnabled = 0'
     after:  'CheatsEnabled = 1'
   edit sonic.asm:28
     before: 'AllOptimizations = 0'
     after:  'AllOptimizations = 1'
   edit sonic.asm:41
     before: 'AddressSRAM = 3'
     after:  'AddressSRAM = 0'
   BUILD_LUA exit=0 wrote=True  (s1disasm-X-2011010.lua.log)
   SIGIL exit=0 wrote=True  stderr lines=0 (s1disasm-X-2011010.sigil.err)
   DIFF 0 bytes in 0 runs
   CONTROL planted at ['0x200', '0x3f990', '0x7f31e'] -> 3 bytes in 3 runs: PASSED
   RESULT AGREE   sigil BUILT (predicted BUILT)
-- CORNER s1disasm-X-2011012   Revision=2 FixBugs=0 CheatsEnabled=1 AllOptimizations=1 EnableSRAM=0 BackupSRAM=1 AddressSRAM=2   predict sigil BUILT
   edit sonic.asm:14
     before: 'Revision = 1'
     after:  'Revision = 2'
   edit sonic.asm:24
     before: 'CheatsEnabled = 0'
     after:  'CheatsEnabled = 1'
   edit sonic.asm:28
     before: 'AllOptimizations = 0'
     after:  'AllOptimizations = 1'
   edit sonic.asm:41
     before: 'AddressSRAM = 3'
     after:  'AddressSRAM = 2'
   BUILD_LUA exit=0 wrote=True  (s1disasm-X-2011012.lua.log)
   SIGIL exit=0 wrote=True  stderr lines=0 (s1disasm-X-2011012.sigil.err)
   DIFF 0 bytes in 0 runs
   CONTROL planted at ['0x200', '0x3f990', '0x7f31e'] -> 3 bytes in 3 runs: PASSED
   RESULT AGREE   sigil BUILT (predicted BUILT)
-- CORNER s1disasm-X-2011013   Revision=2 FixBugs=0 CheatsEnabled=1 AllOptimizations=1 EnableSRAM=0 BackupSRAM=1 AddressSRAM=3   predict sigil BUILT
   edit sonic.asm:14
     before: 'Revision = 1'
     after:  'Revision = 2'
   edit sonic.asm:24
     before: 'CheatsEnabled = 0'
     after:  'CheatsEnabled = 1'
   edit sonic.asm:28
     before: 'AllOptimizations = 0'
     after:  'AllOptimizations = 1'
   BUILD_LUA exit=0 wrote=True  (s1disasm-X-2011013.lua.log)
   SIGIL exit=0 wrote=True  stderr lines=0 (s1disasm-X-2011013.sigil.err)
   DIFF 0 bytes in 0 runs
   CONTROL planted at ['0x200', '0x3f990', '0x7f31e'] -> 3 bytes in 3 runs: PASSED
   RESULT AGREE   sigil BUILT (predicted BUILT)
-- CORNER s1disasm-X-2011100   Revision=2 FixBugs=0 CheatsEnabled=1 AllOptimizations=1 EnableSRAM=1 BackupSRAM=0 AddressSRAM=0   predict sigil BUILT
   edit sonic.asm:14
     before: 'Revision = 1'
     after:  'Revision = 2'
   edit sonic.asm:24
     before: 'CheatsEnabled = 0'
     after:  'CheatsEnabled = 1'
   edit sonic.asm:28
     before: 'AllOptimizations = 0'
     after:  'AllOptimizations = 1'
   edit sonic.asm:37
     before: 'EnableSRAM = 0'
     after:  'EnableSRAM = 1'
   edit sonic.asm:39
     before: 'BackupSRAM = 1'
     after:  'BackupSRAM = 0'
   edit sonic.asm:41
     before: 'AddressSRAM = 3'
     after:  'AddressSRAM = 0'
   BUILD_LUA exit=0 wrote=True  (s1disasm-X-2011100.lua.log)
   SIGIL exit=0 wrote=True  stderr lines=0 (s1disasm-X-2011100.sigil.err)
   DIFF 0 bytes in 0 runs
   CONTROL planted at ['0x200', '0x3f990', '0x7f31e'] -> 3 bytes in 3 runs: PASSED
   RESULT AGREE   sigil BUILT (predicted BUILT)
-- CORNER s1disasm-X-2011102   Revision=2 FixBugs=0 CheatsEnabled=1 AllOptimizations=1 EnableSRAM=1 BackupSRAM=0 AddressSRAM=2   predict sigil BUILT
   edit sonic.asm:14
     before: 'Revision = 1'
     after:  'Revision = 2'
   edit sonic.asm:24
     before: 'CheatsEnabled = 0'
     after:  'CheatsEnabled = 1'
   edit sonic.asm:28
     before: 'AllOptimizations = 0'
     after:  'AllOptimizations = 1'
   edit sonic.asm:37
     before: 'EnableSRAM = 0'
     after:  'EnableSRAM = 1'
   edit sonic.asm:39
     before: 'BackupSRAM = 1'
     after:  'BackupSRAM = 0'
   edit sonic.asm:41
     before: 'AddressSRAM = 3'
     after:  'AddressSRAM = 2'
   BUILD_LUA exit=0 wrote=True  (s1disasm-X-2011102.lua.log)
   SIGIL exit=0 wrote=True  stderr lines=0 (s1disasm-X-2011102.sigil.err)
   DIFF 0 bytes in 0 runs
   CONTROL planted at ['0x200', '0x3f990', '0x7f31e'] -> 3 bytes in 3 runs: PASSED
   RESULT AGREE   sigil BUILT (predicted BUILT)
-- CORNER s1disasm-X-2011103   Revision=2 FixBugs=0 CheatsEnabled=1 AllOptimizations=1 EnableSRAM=1 BackupSRAM=0 AddressSRAM=3   predict sigil BUILT
   edit sonic.asm:14
     before: 'Revision = 1'
     after:  'Revision = 2'
   edit sonic.asm:24
     before: 'CheatsEnabled = 0'
     after:  'CheatsEnabled = 1'
   edit sonic.asm:28
     before: 'AllOptimizations = 0'
     after:  'AllOptimizations = 1'
   edit sonic.asm:37
     before: 'EnableSRAM = 0'
     after:  'EnableSRAM = 1'
   edit sonic.asm:39
     before: 'BackupSRAM = 1'
     after:  'BackupSRAM = 0'
   BUILD_LUA exit=0 wrote=True  (s1disasm-X-2011103.lua.log)
   SIGIL exit=0 wrote=True  stderr lines=0 (s1disasm-X-2011103.sigil.err)
   DIFF 0 bytes in 0 runs
   CONTROL planted at ['0x200', '0x3f990', '0x7f31e'] -> 3 bytes in 3 runs: PASSED
   RESULT AGREE   sigil BUILT (predicted BUILT)
-- CORNER s1disasm-X-2011110   Revision=2 FixBugs=0 CheatsEnabled=1 AllOptimizations=1 EnableSRAM=1 BackupSRAM=1 AddressSRAM=0   predict sigil BUILT
   edit sonic.asm:14
     before: 'Revision = 1'
     after:  'Revision = 2'
   edit sonic.asm:24
     before: 'CheatsEnabled = 0'
     after:  'CheatsEnabled = 1'
   edit sonic.asm:28
     before: 'AllOptimizations = 0'
     after:  'AllOptimizations = 1'
   edit sonic.asm:37
     before: 'EnableSRAM = 0'
     after:  'EnableSRAM = 1'
   edit sonic.asm:41
     before: 'AddressSRAM = 3'
     after:  'AddressSRAM = 0'
   BUILD_LUA exit=0 wrote=True  (s1disasm-X-2011110.lua.log)
   SIGIL exit=0 wrote=True  stderr lines=0 (s1disasm-X-2011110.sigil.err)
   DIFF 0 bytes in 0 runs
   CONTROL planted at ['0x200', '0x3f990', '0x7f31e'] -> 3 bytes in 3 runs: PASSED
   RESULT AGREE   sigil BUILT (predicted BUILT)
-- CORNER s1disasm-X-2011112   Revision=2 FixBugs=0 CheatsEnabled=1 AllOptimizations=1 EnableSRAM=1 BackupSRAM=1 AddressSRAM=2   predict sigil BUILT
   edit sonic.asm:14
     before: 'Revision = 1'
     after:  'Revision = 2'
   edit sonic.asm:24
     before: 'CheatsEnabled = 0'
     after:  'CheatsEnabled = 1'
   edit sonic.asm:28
     before: 'AllOptimizations = 0'
     after:  'AllOptimizations = 1'
   edit sonic.asm:37
     before: 'EnableSRAM = 0'
     after:  'EnableSRAM = 1'
   edit sonic.asm:41
     before: 'AddressSRAM = 3'
     after:  'AddressSRAM = 2'
   BUILD_LUA exit=0 wrote=True  (s1disasm-X-2011112.lua.log)
   SIGIL exit=0 wrote=True  stderr lines=0 (s1disasm-X-2011112.sigil.err)
   DIFF 0 bytes in 0 runs
   CONTROL planted at ['0x200', '0x3f990', '0x7f31e'] -> 3 bytes in 3 runs: PASSED
   RESULT AGREE   sigil BUILT (predicted BUILT)
-- CORNER s1disasm-X-2011113   Revision=2 FixBugs=0 CheatsEnabled=1 AllOptimizations=1 EnableSRAM=1 BackupSRAM=1 AddressSRAM=3   predict sigil BUILT
   edit sonic.asm:14
     before: 'Revision = 1'
     after:  'Revision = 2'
   edit sonic.asm:24
     before: 'CheatsEnabled = 0'
     after:  'CheatsEnabled = 1'
   edit sonic.asm:28
     before: 'AllOptimizations = 0'
     after:  'AllOptimizations = 1'
   edit sonic.asm:37
     before: 'EnableSRAM = 0'
     after:  'EnableSRAM = 1'
   BUILD_LUA exit=0 wrote=True  (s1disasm-X-2011113.lua.log)
   SIGIL exit=0 wrote=True  stderr lines=0 (s1disasm-X-2011113.sigil.err)
   DIFF 0 bytes in 0 runs
   CONTROL planted at ['0x200', '0x3f990', '0x7f31e'] -> 3 bytes in 3 runs: PASSED
   RESULT AGREE   sigil BUILT (predicted BUILT)
-- CORNER s1disasm-X-2100000   Revision=2 FixBugs=1 CheatsEnabled=0 AllOptimizations=0 EnableSRAM=0 BackupSRAM=0 AddressSRAM=0   predict sigil DECLINED
   edit sonic.asm:14
     before: 'Revision = 1'
     after:  'Revision = 2'
   edit sonic.asm:20
     before: 'FixBugs = 0'
     after:  'FixBugs = 1'
   edit sonic.asm:39
     before: 'BackupSRAM = 1'
     after:  'BackupSRAM = 0'
   edit sonic.asm:41
     before: 'AddressSRAM = 3'
     after:  'AddressSRAM = 0'
   BUILD_LUA exit=1 wrote=True  (s1disasm-X-2100000.lua.log)
   SIGIL exit=1 wrote=False  stderr lines=2 (s1disasm-X-2100000.sigil.err)
   RESULT SIGIL-DECLINED   sigil DECLINED (predicted DECLINED)
-- CORNER s1disasm-X-2100002   Revision=2 FixBugs=1 CheatsEnabled=0 AllOptimizations=0 EnableSRAM=0 BackupSRAM=0 AddressSRAM=2   predict sigil DECLINED
   edit sonic.asm:14
     before: 'Revision = 1'
     after:  'Revision = 2'
   edit sonic.asm:20
     before: 'FixBugs = 0'
     after:  'FixBugs = 1'
   edit sonic.asm:39
     before: 'BackupSRAM = 1'
     after:  'BackupSRAM = 0'
   edit sonic.asm:41
     before: 'AddressSRAM = 3'
     after:  'AddressSRAM = 2'
   BUILD_LUA exit=1 wrote=True  (s1disasm-X-2100002.lua.log)
   SIGIL exit=1 wrote=False  stderr lines=2 (s1disasm-X-2100002.sigil.err)
   RESULT SIGIL-DECLINED   sigil DECLINED (predicted DECLINED)
-- CORNER s1disasm-X-2100003   Revision=2 FixBugs=1 CheatsEnabled=0 AllOptimizations=0 EnableSRAM=0 BackupSRAM=0 AddressSRAM=3   predict sigil DECLINED
   edit sonic.asm:14
     before: 'Revision = 1'
     after:  'Revision = 2'
   edit sonic.asm:20
     before: 'FixBugs = 0'
     after:  'FixBugs = 1'
   edit sonic.asm:39
     before: 'BackupSRAM = 1'
     after:  'BackupSRAM = 0'
   BUILD_LUA exit=1 wrote=True  (s1disasm-X-2100003.lua.log)
   SIGIL exit=1 wrote=False  stderr lines=2 (s1disasm-X-2100003.sigil.err)
   RESULT SIGIL-DECLINED   sigil DECLINED (predicted DECLINED)
-- CORNER s1disasm-X-2100010   Revision=2 FixBugs=1 CheatsEnabled=0 AllOptimizations=0 EnableSRAM=0 BackupSRAM=1 AddressSRAM=0   predict sigil DECLINED
   edit sonic.asm:14
     before: 'Revision = 1'
     after:  'Revision = 2'
   edit sonic.asm:20
     before: 'FixBugs = 0'
     after:  'FixBugs = 1'
   edit sonic.asm:41
     before: 'AddressSRAM = 3'
     after:  'AddressSRAM = 0'
   BUILD_LUA exit=1 wrote=True  (s1disasm-X-2100010.lua.log)
   SIGIL exit=1 wrote=False  stderr lines=2 (s1disasm-X-2100010.sigil.err)
   RESULT SIGIL-DECLINED   sigil DECLINED (predicted DECLINED)
-- CORNER s1disasm-X-2100012   Revision=2 FixBugs=1 CheatsEnabled=0 AllOptimizations=0 EnableSRAM=0 BackupSRAM=1 AddressSRAM=2   predict sigil DECLINED
   edit sonic.asm:14
     before: 'Revision = 1'
     after:  'Revision = 2'
   edit sonic.asm:20
     before: 'FixBugs = 0'
     after:  'FixBugs = 1'
   edit sonic.asm:41
     before: 'AddressSRAM = 3'
     after:  'AddressSRAM = 2'
   BUILD_LUA exit=1 wrote=True  (s1disasm-X-2100012.lua.log)
   SIGIL exit=1 wrote=False  stderr lines=2 (s1disasm-X-2100012.sigil.err)
   RESULT SIGIL-DECLINED   sigil DECLINED (predicted DECLINED)
-- CORNER s1disasm-X-2100013   Revision=2 FixBugs=1 CheatsEnabled=0 AllOptimizations=0 EnableSRAM=0 BackupSRAM=1 AddressSRAM=3   predict sigil DECLINED
   edit sonic.asm:14
     before: 'Revision = 1'
     after:  'Revision = 2'
   edit sonic.asm:20
     before: 'FixBugs = 0'
     after:  'FixBugs = 1'
   BUILD_LUA exit=1 wrote=True  (s1disasm-X-2100013.lua.log)
   SIGIL exit=1 wrote=False  stderr lines=2 (s1disasm-X-2100013.sigil.err)
   RESULT SIGIL-DECLINED   sigil DECLINED (predicted DECLINED)
-- CORNER s1disasm-X-2100100   Revision=2 FixBugs=1 CheatsEnabled=0 AllOptimizations=0 EnableSRAM=1 BackupSRAM=0 AddressSRAM=0   predict sigil DECLINED
   edit sonic.asm:14
     before: 'Revision = 1'
     after:  'Revision = 2'
   edit sonic.asm:20
     before: 'FixBugs = 0'
     after:  'FixBugs = 1'
   edit sonic.asm:37
     before: 'EnableSRAM = 0'
     after:  'EnableSRAM = 1'
   edit sonic.asm:39
     before: 'BackupSRAM = 1'
     after:  'BackupSRAM = 0'
   edit sonic.asm:41
     before: 'AddressSRAM = 3'
     after:  'AddressSRAM = 0'
   BUILD_LUA exit=1 wrote=True  (s1disasm-X-2100100.lua.log)
   SIGIL exit=1 wrote=False  stderr lines=2 (s1disasm-X-2100100.sigil.err)
   RESULT SIGIL-DECLINED   sigil DECLINED (predicted DECLINED)
-- CORNER s1disasm-X-2100102   Revision=2 FixBugs=1 CheatsEnabled=0 AllOptimizations=0 EnableSRAM=1 BackupSRAM=0 AddressSRAM=2   predict sigil DECLINED
   edit sonic.asm:14
     before: 'Revision = 1'
     after:  'Revision = 2'
   edit sonic.asm:20
     before: 'FixBugs = 0'
     after:  'FixBugs = 1'
   edit sonic.asm:37
     before: 'EnableSRAM = 0'
     after:  'EnableSRAM = 1'
   edit sonic.asm:39
     before: 'BackupSRAM = 1'
     after:  'BackupSRAM = 0'
   edit sonic.asm:41
     before: 'AddressSRAM = 3'
     after:  'AddressSRAM = 2'
   BUILD_LUA exit=1 wrote=True  (s1disasm-X-2100102.lua.log)
   SIGIL exit=1 wrote=False  stderr lines=2 (s1disasm-X-2100102.sigil.err)
   RESULT SIGIL-DECLINED   sigil DECLINED (predicted DECLINED)
-- CORNER s1disasm-X-2100103   Revision=2 FixBugs=1 CheatsEnabled=0 AllOptimizations=0 EnableSRAM=1 BackupSRAM=0 AddressSRAM=3   predict sigil DECLINED
   edit sonic.asm:14
     before: 'Revision = 1'
     after:  'Revision = 2'
   edit sonic.asm:20
     before: 'FixBugs = 0'
     after:  'FixBugs = 1'
   edit sonic.asm:37
     before: 'EnableSRAM = 0'
     after:  'EnableSRAM = 1'
   edit sonic.asm:39
     before: 'BackupSRAM = 1'
     after:  'BackupSRAM = 0'
   BUILD_LUA exit=1 wrote=True  (s1disasm-X-2100103.lua.log)
   SIGIL exit=1 wrote=False  stderr lines=2 (s1disasm-X-2100103.sigil.err)
   RESULT SIGIL-DECLINED   sigil DECLINED (predicted DECLINED)
-- CORNER s1disasm-X-2100110   Revision=2 FixBugs=1 CheatsEnabled=0 AllOptimizations=0 EnableSRAM=1 BackupSRAM=1 AddressSRAM=0   predict sigil DECLINED
   edit sonic.asm:14
     before: 'Revision = 1'
     after:  'Revision = 2'
   edit sonic.asm:20
     before: 'FixBugs = 0'
     after:  'FixBugs = 1'
   edit sonic.asm:37
     before: 'EnableSRAM = 0'
     after:  'EnableSRAM = 1'
   edit sonic.asm:41
     before: 'AddressSRAM = 3'
     after:  'AddressSRAM = 0'
   BUILD_LUA exit=1 wrote=True  (s1disasm-X-2100110.lua.log)
   SIGIL exit=1 wrote=False  stderr lines=2 (s1disasm-X-2100110.sigil.err)
   RESULT SIGIL-DECLINED   sigil DECLINED (predicted DECLINED)
-- CORNER s1disasm-X-2100112   Revision=2 FixBugs=1 CheatsEnabled=0 AllOptimizations=0 EnableSRAM=1 BackupSRAM=1 AddressSRAM=2   predict sigil DECLINED
   edit sonic.asm:14
     before: 'Revision = 1'
     after:  'Revision = 2'
   edit sonic.asm:20
     before: 'FixBugs = 0'
     after:  'FixBugs = 1'
   edit sonic.asm:37
     before: 'EnableSRAM = 0'
     after:  'EnableSRAM = 1'
   edit sonic.asm:41
     before: 'AddressSRAM = 3'
     after:  'AddressSRAM = 2'
   BUILD_LUA exit=1 wrote=True  (s1disasm-X-2100112.lua.log)
   SIGIL exit=1 wrote=False  stderr lines=2 (s1disasm-X-2100112.sigil.err)
   RESULT SIGIL-DECLINED   sigil DECLINED (predicted DECLINED)
-- CORNER s1disasm-X-2100113   Revision=2 FixBugs=1 CheatsEnabled=0 AllOptimizations=0 EnableSRAM=1 BackupSRAM=1 AddressSRAM=3   predict sigil DECLINED
   edit sonic.asm:14
     before: 'Revision = 1'
     after:  'Revision = 2'
   edit sonic.asm:20
     before: 'FixBugs = 0'
     after:  'FixBugs = 1'
   edit sonic.asm:37
     before: 'EnableSRAM = 0'
     after:  'EnableSRAM = 1'
   BUILD_LUA exit=1 wrote=True  (s1disasm-X-2100113.lua.log)
   SIGIL exit=1 wrote=False  stderr lines=2 (s1disasm-X-2100113.sigil.err)
   RESULT SIGIL-DECLINED   sigil DECLINED (predicted DECLINED)
-- CORNER s1disasm-X-2101000   Revision=2 FixBugs=1 CheatsEnabled=0 AllOptimizations=1 EnableSRAM=0 BackupSRAM=0 AddressSRAM=0   predict sigil DECLINED
   edit sonic.asm:14
     before: 'Revision = 1'
     after:  'Revision = 2'
   edit sonic.asm:20
     before: 'FixBugs = 0'
     after:  'FixBugs = 1'
   edit sonic.asm:28
     before: 'AllOptimizations = 0'
     after:  'AllOptimizations = 1'
   edit sonic.asm:39
     before: 'BackupSRAM = 1'
     after:  'BackupSRAM = 0'
   edit sonic.asm:41
     before: 'AddressSRAM = 3'
     after:  'AddressSRAM = 0'
   BUILD_LUA exit=1 wrote=True  (s1disasm-X-2101000.lua.log)
   SIGIL exit=1 wrote=False  stderr lines=2 (s1disasm-X-2101000.sigil.err)
   RESULT SIGIL-DECLINED   sigil DECLINED (predicted DECLINED)
-- CORNER s1disasm-X-2101002   Revision=2 FixBugs=1 CheatsEnabled=0 AllOptimizations=1 EnableSRAM=0 BackupSRAM=0 AddressSRAM=2   predict sigil DECLINED
   edit sonic.asm:14
     before: 'Revision = 1'
     after:  'Revision = 2'
   edit sonic.asm:20
     before: 'FixBugs = 0'
     after:  'FixBugs = 1'
   edit sonic.asm:28
     before: 'AllOptimizations = 0'
     after:  'AllOptimizations = 1'
   edit sonic.asm:39
     before: 'BackupSRAM = 1'
     after:  'BackupSRAM = 0'
   edit sonic.asm:41
     before: 'AddressSRAM = 3'
     after:  'AddressSRAM = 2'
   BUILD_LUA exit=1 wrote=True  (s1disasm-X-2101002.lua.log)
   SIGIL exit=1 wrote=False  stderr lines=2 (s1disasm-X-2101002.sigil.err)
   RESULT SIGIL-DECLINED   sigil DECLINED (predicted DECLINED)
-- CORNER s1disasm-X-2101003   Revision=2 FixBugs=1 CheatsEnabled=0 AllOptimizations=1 EnableSRAM=0 BackupSRAM=0 AddressSRAM=3   predict sigil DECLINED
   edit sonic.asm:14
     before: 'Revision = 1'
     after:  'Revision = 2'
   edit sonic.asm:20
     before: 'FixBugs = 0'
     after:  'FixBugs = 1'
   edit sonic.asm:28
     before: 'AllOptimizations = 0'
     after:  'AllOptimizations = 1'
   edit sonic.asm:39
     before: 'BackupSRAM = 1'
     after:  'BackupSRAM = 0'
   BUILD_LUA exit=1 wrote=True  (s1disasm-X-2101003.lua.log)
   SIGIL exit=1 wrote=False  stderr lines=2 (s1disasm-X-2101003.sigil.err)
   RESULT SIGIL-DECLINED   sigil DECLINED (predicted DECLINED)
-- CORNER s1disasm-X-2101010   Revision=2 FixBugs=1 CheatsEnabled=0 AllOptimizations=1 EnableSRAM=0 BackupSRAM=1 AddressSRAM=0   predict sigil DECLINED
   edit sonic.asm:14
     before: 'Revision = 1'
     after:  'Revision = 2'
   edit sonic.asm:20
     before: 'FixBugs = 0'
     after:  'FixBugs = 1'
   edit sonic.asm:28
     before: 'AllOptimizations = 0'
     after:  'AllOptimizations = 1'
   edit sonic.asm:41
     before: 'AddressSRAM = 3'
     after:  'AddressSRAM = 0'
   BUILD_LUA exit=1 wrote=True  (s1disasm-X-2101010.lua.log)
   SIGIL exit=1 wrote=False  stderr lines=2 (s1disasm-X-2101010.sigil.err)
   RESULT SIGIL-DECLINED   sigil DECLINED (predicted DECLINED)
-- CORNER s1disasm-X-2101012   Revision=2 FixBugs=1 CheatsEnabled=0 AllOptimizations=1 EnableSRAM=0 BackupSRAM=1 AddressSRAM=2   predict sigil DECLINED
   edit sonic.asm:14
     before: 'Revision = 1'
     after:  'Revision = 2'
   edit sonic.asm:20
     before: 'FixBugs = 0'
     after:  'FixBugs = 1'
   edit sonic.asm:28
     before: 'AllOptimizations = 0'
     after:  'AllOptimizations = 1'
   edit sonic.asm:41
     before: 'AddressSRAM = 3'
     after:  'AddressSRAM = 2'
   BUILD_LUA exit=1 wrote=True  (s1disasm-X-2101012.lua.log)
   SIGIL exit=1 wrote=False  stderr lines=2 (s1disasm-X-2101012.sigil.err)
   RESULT SIGIL-DECLINED   sigil DECLINED (predicted DECLINED)
-- CORNER s1disasm-X-2101013   Revision=2 FixBugs=1 CheatsEnabled=0 AllOptimizations=1 EnableSRAM=0 BackupSRAM=1 AddressSRAM=3   predict sigil DECLINED
   edit sonic.asm:14
     before: 'Revision = 1'
     after:  'Revision = 2'
   edit sonic.asm:20
     before: 'FixBugs = 0'
     after:  'FixBugs = 1'
   edit sonic.asm:28
     before: 'AllOptimizations = 0'
     after:  'AllOptimizations = 1'
   BUILD_LUA exit=1 wrote=True  (s1disasm-X-2101013.lua.log)
   SIGIL exit=1 wrote=False  stderr lines=2 (s1disasm-X-2101013.sigil.err)
   RESULT SIGIL-DECLINED   sigil DECLINED (predicted DECLINED)
-- CORNER s1disasm-X-2101100   Revision=2 FixBugs=1 CheatsEnabled=0 AllOptimizations=1 EnableSRAM=1 BackupSRAM=0 AddressSRAM=0   predict sigil DECLINED
   edit sonic.asm:14
     before: 'Revision = 1'
     after:  'Revision = 2'
   edit sonic.asm:20
     before: 'FixBugs = 0'
     after:  'FixBugs = 1'
   edit sonic.asm:28
     before: 'AllOptimizations = 0'
     after:  'AllOptimizations = 1'
   edit sonic.asm:37
     before: 'EnableSRAM = 0'
     after:  'EnableSRAM = 1'
   edit sonic.asm:39
     before: 'BackupSRAM = 1'
     after:  'BackupSRAM = 0'
   edit sonic.asm:41
     before: 'AddressSRAM = 3'
     after:  'AddressSRAM = 0'
   BUILD_LUA exit=1 wrote=True  (s1disasm-X-2101100.lua.log)
   SIGIL exit=1 wrote=False  stderr lines=2 (s1disasm-X-2101100.sigil.err)
   RESULT SIGIL-DECLINED   sigil DECLINED (predicted DECLINED)
-- CORNER s1disasm-X-2101102   Revision=2 FixBugs=1 CheatsEnabled=0 AllOptimizations=1 EnableSRAM=1 BackupSRAM=0 AddressSRAM=2   predict sigil DECLINED
   edit sonic.asm:14
     before: 'Revision = 1'
     after:  'Revision = 2'
   edit sonic.asm:20
     before: 'FixBugs = 0'
     after:  'FixBugs = 1'
   edit sonic.asm:28
     before: 'AllOptimizations = 0'
     after:  'AllOptimizations = 1'
   edit sonic.asm:37
     before: 'EnableSRAM = 0'
     after:  'EnableSRAM = 1'
   edit sonic.asm:39
     before: 'BackupSRAM = 1'
     after:  'BackupSRAM = 0'
   edit sonic.asm:41
     before: 'AddressSRAM = 3'
     after:  'AddressSRAM = 2'
   BUILD_LUA exit=1 wrote=True  (s1disasm-X-2101102.lua.log)
   SIGIL exit=1 wrote=False  stderr lines=2 (s1disasm-X-2101102.sigil.err)
   RESULT SIGIL-DECLINED   sigil DECLINED (predicted DECLINED)
-- CORNER s1disasm-X-2101103   Revision=2 FixBugs=1 CheatsEnabled=0 AllOptimizations=1 EnableSRAM=1 BackupSRAM=0 AddressSRAM=3   predict sigil DECLINED
   edit sonic.asm:14
     before: 'Revision = 1'
     after:  'Revision = 2'
   edit sonic.asm:20
     before: 'FixBugs = 0'
     after:  'FixBugs = 1'
   edit sonic.asm:28
     before: 'AllOptimizations = 0'
     after:  'AllOptimizations = 1'
   edit sonic.asm:37
     before: 'EnableSRAM = 0'
     after:  'EnableSRAM = 1'
   edit sonic.asm:39
     before: 'BackupSRAM = 1'
     after:  'BackupSRAM = 0'
   BUILD_LUA exit=1 wrote=True  (s1disasm-X-2101103.lua.log)
   SIGIL exit=1 wrote=False  stderr lines=2 (s1disasm-X-2101103.sigil.err)
   RESULT SIGIL-DECLINED   sigil DECLINED (predicted DECLINED)
-- CORNER s1disasm-X-2101110   Revision=2 FixBugs=1 CheatsEnabled=0 AllOptimizations=1 EnableSRAM=1 BackupSRAM=1 AddressSRAM=0   predict sigil DECLINED
   edit sonic.asm:14
     before: 'Revision = 1'
     after:  'Revision = 2'
   edit sonic.asm:20
     before: 'FixBugs = 0'
     after:  'FixBugs = 1'
   edit sonic.asm:28
     before: 'AllOptimizations = 0'
     after:  'AllOptimizations = 1'
   edit sonic.asm:37
     before: 'EnableSRAM = 0'
     after:  'EnableSRAM = 1'
   edit sonic.asm:41
     before: 'AddressSRAM = 3'
     after:  'AddressSRAM = 0'
   BUILD_LUA exit=1 wrote=True  (s1disasm-X-2101110.lua.log)
   SIGIL exit=1 wrote=False  stderr lines=2 (s1disasm-X-2101110.sigil.err)
   RESULT SIGIL-DECLINED   sigil DECLINED (predicted DECLINED)
-- CORNER s1disasm-X-2101112   Revision=2 FixBugs=1 CheatsEnabled=0 AllOptimizations=1 EnableSRAM=1 BackupSRAM=1 AddressSRAM=2   predict sigil DECLINED
   edit sonic.asm:14
     before: 'Revision = 1'
     after:  'Revision = 2'
   edit sonic.asm:20
     before: 'FixBugs = 0'
     after:  'FixBugs = 1'
   edit sonic.asm:28
     before: 'AllOptimizations = 0'
     after:  'AllOptimizations = 1'
   edit sonic.asm:37
     before: 'EnableSRAM = 0'
     after:  'EnableSRAM = 1'
   edit sonic.asm:41
     before: 'AddressSRAM = 3'
     after:  'AddressSRAM = 2'
   BUILD_LUA exit=1 wrote=True  (s1disasm-X-2101112.lua.log)
   SIGIL exit=1 wrote=False  stderr lines=2 (s1disasm-X-2101112.sigil.err)
   RESULT SIGIL-DECLINED   sigil DECLINED (predicted DECLINED)
-- CORNER s1disasm-X-2101113   Revision=2 FixBugs=1 CheatsEnabled=0 AllOptimizations=1 EnableSRAM=1 BackupSRAM=1 AddressSRAM=3   predict sigil DECLINED
   edit sonic.asm:14
     before: 'Revision = 1'
     after:  'Revision = 2'
   edit sonic.asm:20
     before: 'FixBugs = 0'
     after:  'FixBugs = 1'
   edit sonic.asm:28
     before: 'AllOptimizations = 0'
     after:  'AllOptimizations = 1'
   edit sonic.asm:37
     before: 'EnableSRAM = 0'
     after:  'EnableSRAM = 1'
   BUILD_LUA exit=1 wrote=True  (s1disasm-X-2101113.lua.log)
   SIGIL exit=1 wrote=False  stderr lines=2 (s1disasm-X-2101113.sigil.err)
   RESULT SIGIL-DECLINED   sigil DECLINED (predicted DECLINED)
-- CORNER s1disasm-X-2110000   Revision=2 FixBugs=1 CheatsEnabled=1 AllOptimizations=0 EnableSRAM=0 BackupSRAM=0 AddressSRAM=0   predict sigil DECLINED
   edit sonic.asm:14
     before: 'Revision = 1'
     after:  'Revision = 2'
   edit sonic.asm:20
     before: 'FixBugs = 0'
     after:  'FixBugs = 1'
   edit sonic.asm:24
     before: 'CheatsEnabled = 0'
     after:  'CheatsEnabled = 1'
   edit sonic.asm:39
     before: 'BackupSRAM = 1'
     after:  'BackupSRAM = 0'
   edit sonic.asm:41
     before: 'AddressSRAM = 3'
     after:  'AddressSRAM = 0'
   BUILD_LUA exit=1 wrote=True  (s1disasm-X-2110000.lua.log)
   SIGIL exit=1 wrote=False  stderr lines=2 (s1disasm-X-2110000.sigil.err)
   RESULT SIGIL-DECLINED   sigil DECLINED (predicted DECLINED)
-- CORNER s1disasm-X-2110002   Revision=2 FixBugs=1 CheatsEnabled=1 AllOptimizations=0 EnableSRAM=0 BackupSRAM=0 AddressSRAM=2   predict sigil DECLINED
   edit sonic.asm:14
     before: 'Revision = 1'
     after:  'Revision = 2'
   edit sonic.asm:20
     before: 'FixBugs = 0'
     after:  'FixBugs = 1'
   edit sonic.asm:24
     before: 'CheatsEnabled = 0'
     after:  'CheatsEnabled = 1'
   edit sonic.asm:39
     before: 'BackupSRAM = 1'
     after:  'BackupSRAM = 0'
   edit sonic.asm:41
     before: 'AddressSRAM = 3'
     after:  'AddressSRAM = 2'
   BUILD_LUA exit=1 wrote=True  (s1disasm-X-2110002.lua.log)
   SIGIL exit=1 wrote=False  stderr lines=2 (s1disasm-X-2110002.sigil.err)
   RESULT SIGIL-DECLINED   sigil DECLINED (predicted DECLINED)
-- CORNER s1disasm-X-2110003   Revision=2 FixBugs=1 CheatsEnabled=1 AllOptimizations=0 EnableSRAM=0 BackupSRAM=0 AddressSRAM=3   predict sigil DECLINED
   edit sonic.asm:14
     before: 'Revision = 1'
     after:  'Revision = 2'
   edit sonic.asm:20
     before: 'FixBugs = 0'
     after:  'FixBugs = 1'
   edit sonic.asm:24
     before: 'CheatsEnabled = 0'
     after:  'CheatsEnabled = 1'
   edit sonic.asm:39
     before: 'BackupSRAM = 1'
     after:  'BackupSRAM = 0'
   BUILD_LUA exit=1 wrote=True  (s1disasm-X-2110003.lua.log)
   SIGIL exit=1 wrote=False  stderr lines=2 (s1disasm-X-2110003.sigil.err)
   RESULT SIGIL-DECLINED   sigil DECLINED (predicted DECLINED)
-- CORNER s1disasm-X-2110010   Revision=2 FixBugs=1 CheatsEnabled=1 AllOptimizations=0 EnableSRAM=0 BackupSRAM=1 AddressSRAM=0   predict sigil DECLINED
   edit sonic.asm:14
     before: 'Revision = 1'
     after:  'Revision = 2'
   edit sonic.asm:20
     before: 'FixBugs = 0'
     after:  'FixBugs = 1'
   edit sonic.asm:24
     before: 'CheatsEnabled = 0'
     after:  'CheatsEnabled = 1'
   edit sonic.asm:41
     before: 'AddressSRAM = 3'
     after:  'AddressSRAM = 0'
   BUILD_LUA exit=1 wrote=True  (s1disasm-X-2110010.lua.log)
   SIGIL exit=1 wrote=False  stderr lines=2 (s1disasm-X-2110010.sigil.err)
   RESULT SIGIL-DECLINED   sigil DECLINED (predicted DECLINED)
-- CORNER s1disasm-X-2110012   Revision=2 FixBugs=1 CheatsEnabled=1 AllOptimizations=0 EnableSRAM=0 BackupSRAM=1 AddressSRAM=2   predict sigil DECLINED
   edit sonic.asm:14
     before: 'Revision = 1'
     after:  'Revision = 2'
   edit sonic.asm:20
     before: 'FixBugs = 0'
     after:  'FixBugs = 1'
   edit sonic.asm:24
     before: 'CheatsEnabled = 0'
     after:  'CheatsEnabled = 1'
   edit sonic.asm:41
     before: 'AddressSRAM = 3'
     after:  'AddressSRAM = 2'
   BUILD_LUA exit=1 wrote=True  (s1disasm-X-2110012.lua.log)
   SIGIL exit=1 wrote=False  stderr lines=2 (s1disasm-X-2110012.sigil.err)
   RESULT SIGIL-DECLINED   sigil DECLINED (predicted DECLINED)
-- CORNER s1disasm-X-2110013   Revision=2 FixBugs=1 CheatsEnabled=1 AllOptimizations=0 EnableSRAM=0 BackupSRAM=1 AddressSRAM=3   predict sigil DECLINED
   edit sonic.asm:14
     before: 'Revision = 1'
     after:  'Revision = 2'
   edit sonic.asm:20
     before: 'FixBugs = 0'
     after:  'FixBugs = 1'
   edit sonic.asm:24
     before: 'CheatsEnabled = 0'
     after:  'CheatsEnabled = 1'
   BUILD_LUA exit=1 wrote=True  (s1disasm-X-2110013.lua.log)
   SIGIL exit=1 wrote=False  stderr lines=2 (s1disasm-X-2110013.sigil.err)
   RESULT SIGIL-DECLINED   sigil DECLINED (predicted DECLINED)
-- CORNER s1disasm-X-2110100   Revision=2 FixBugs=1 CheatsEnabled=1 AllOptimizations=0 EnableSRAM=1 BackupSRAM=0 AddressSRAM=0   predict sigil DECLINED
   edit sonic.asm:14
     before: 'Revision = 1'
     after:  'Revision = 2'
   edit sonic.asm:20
     before: 'FixBugs = 0'
     after:  'FixBugs = 1'
   edit sonic.asm:24
     before: 'CheatsEnabled = 0'
     after:  'CheatsEnabled = 1'
   edit sonic.asm:37
     before: 'EnableSRAM = 0'
     after:  'EnableSRAM = 1'
   edit sonic.asm:39
     before: 'BackupSRAM = 1'
     after:  'BackupSRAM = 0'
   edit sonic.asm:41
     before: 'AddressSRAM = 3'
     after:  'AddressSRAM = 0'
   BUILD_LUA exit=1 wrote=True  (s1disasm-X-2110100.lua.log)
   SIGIL exit=1 wrote=False  stderr lines=2 (s1disasm-X-2110100.sigil.err)
   RESULT SIGIL-DECLINED   sigil DECLINED (predicted DECLINED)
-- CORNER s1disasm-X-2110102   Revision=2 FixBugs=1 CheatsEnabled=1 AllOptimizations=0 EnableSRAM=1 BackupSRAM=0 AddressSRAM=2   predict sigil DECLINED
   edit sonic.asm:14
     before: 'Revision = 1'
     after:  'Revision = 2'
   edit sonic.asm:20
     before: 'FixBugs = 0'
     after:  'FixBugs = 1'
   edit sonic.asm:24
     before: 'CheatsEnabled = 0'
     after:  'CheatsEnabled = 1'
   edit sonic.asm:37
     before: 'EnableSRAM = 0'
     after:  'EnableSRAM = 1'
   edit sonic.asm:39
     before: 'BackupSRAM = 1'
     after:  'BackupSRAM = 0'
   edit sonic.asm:41
     before: 'AddressSRAM = 3'
     after:  'AddressSRAM = 2'
   BUILD_LUA exit=1 wrote=True  (s1disasm-X-2110102.lua.log)
   SIGIL exit=1 wrote=False  stderr lines=2 (s1disasm-X-2110102.sigil.err)
   RESULT SIGIL-DECLINED   sigil DECLINED (predicted DECLINED)
-- CORNER s1disasm-X-2110103   Revision=2 FixBugs=1 CheatsEnabled=1 AllOptimizations=0 EnableSRAM=1 BackupSRAM=0 AddressSRAM=3   predict sigil DECLINED
   edit sonic.asm:14
     before: 'Revision = 1'
     after:  'Revision = 2'
   edit sonic.asm:20
     before: 'FixBugs = 0'
     after:  'FixBugs = 1'
   edit sonic.asm:24
     before: 'CheatsEnabled = 0'
     after:  'CheatsEnabled = 1'
   edit sonic.asm:37
     before: 'EnableSRAM = 0'
     after:  'EnableSRAM = 1'
   edit sonic.asm:39
     before: 'BackupSRAM = 1'
     after:  'BackupSRAM = 0'
   BUILD_LUA exit=1 wrote=True  (s1disasm-X-2110103.lua.log)
   SIGIL exit=1 wrote=False  stderr lines=2 (s1disasm-X-2110103.sigil.err)
   RESULT SIGIL-DECLINED   sigil DECLINED (predicted DECLINED)
-- CORNER s1disasm-X-2110110   Revision=2 FixBugs=1 CheatsEnabled=1 AllOptimizations=0 EnableSRAM=1 BackupSRAM=1 AddressSRAM=0   predict sigil DECLINED
   edit sonic.asm:14
     before: 'Revision = 1'
     after:  'Revision = 2'
   edit sonic.asm:20
     before: 'FixBugs = 0'
     after:  'FixBugs = 1'
   edit sonic.asm:24
     before: 'CheatsEnabled = 0'
     after:  'CheatsEnabled = 1'
   edit sonic.asm:37
     before: 'EnableSRAM = 0'
     after:  'EnableSRAM = 1'
   edit sonic.asm:41
     before: 'AddressSRAM = 3'
     after:  'AddressSRAM = 0'
   BUILD_LUA exit=1 wrote=True  (s1disasm-X-2110110.lua.log)
   SIGIL exit=1 wrote=False  stderr lines=2 (s1disasm-X-2110110.sigil.err)
   RESULT SIGIL-DECLINED   sigil DECLINED (predicted DECLINED)
-- CORNER s1disasm-X-2110112   Revision=2 FixBugs=1 CheatsEnabled=1 AllOptimizations=0 EnableSRAM=1 BackupSRAM=1 AddressSRAM=2   predict sigil DECLINED
   edit sonic.asm:14
     before: 'Revision = 1'
     after:  'Revision = 2'
   edit sonic.asm:20
     before: 'FixBugs = 0'
     after:  'FixBugs = 1'
   edit sonic.asm:24
     before: 'CheatsEnabled = 0'
     after:  'CheatsEnabled = 1'
   edit sonic.asm:37
     before: 'EnableSRAM = 0'
     after:  'EnableSRAM = 1'
   edit sonic.asm:41
     before: 'AddressSRAM = 3'
     after:  'AddressSRAM = 2'
   BUILD_LUA exit=1 wrote=True  (s1disasm-X-2110112.lua.log)
   SIGIL exit=1 wrote=False  stderr lines=2 (s1disasm-X-2110112.sigil.err)
   RESULT SIGIL-DECLINED   sigil DECLINED (predicted DECLINED)
-- CORNER s1disasm-X-2110113   Revision=2 FixBugs=1 CheatsEnabled=1 AllOptimizations=0 EnableSRAM=1 BackupSRAM=1 AddressSRAM=3   predict sigil DECLINED
   edit sonic.asm:14
     before: 'Revision = 1'
     after:  'Revision = 2'
   edit sonic.asm:20
     before: 'FixBugs = 0'
     after:  'FixBugs = 1'
   edit sonic.asm:24
     before: 'CheatsEnabled = 0'
     after:  'CheatsEnabled = 1'
   edit sonic.asm:37
     before: 'EnableSRAM = 0'
     after:  'EnableSRAM = 1'
   BUILD_LUA exit=1 wrote=True  (s1disasm-X-2110113.lua.log)
   SIGIL exit=1 wrote=False  stderr lines=2 (s1disasm-X-2110113.sigil.err)
   RESULT SIGIL-DECLINED   sigil DECLINED (predicted DECLINED)
-- CORNER s1disasm-X-2111000   Revision=2 FixBugs=1 CheatsEnabled=1 AllOptimizations=1 EnableSRAM=0 BackupSRAM=0 AddressSRAM=0   predict sigil DECLINED
   edit sonic.asm:14
     before: 'Revision = 1'
     after:  'Revision = 2'
   edit sonic.asm:20
     before: 'FixBugs = 0'
     after:  'FixBugs = 1'
   edit sonic.asm:24
     before: 'CheatsEnabled = 0'
     after:  'CheatsEnabled = 1'
   edit sonic.asm:28
     before: 'AllOptimizations = 0'
     after:  'AllOptimizations = 1'
   edit sonic.asm:39
     before: 'BackupSRAM = 1'
     after:  'BackupSRAM = 0'
   edit sonic.asm:41
     before: 'AddressSRAM = 3'
     after:  'AddressSRAM = 0'
   BUILD_LUA exit=1 wrote=True  (s1disasm-X-2111000.lua.log)
   SIGIL exit=1 wrote=False  stderr lines=2 (s1disasm-X-2111000.sigil.err)
   RESULT SIGIL-DECLINED   sigil DECLINED (predicted DECLINED)
-- CORNER s1disasm-X-2111002   Revision=2 FixBugs=1 CheatsEnabled=1 AllOptimizations=1 EnableSRAM=0 BackupSRAM=0 AddressSRAM=2   predict sigil DECLINED
   edit sonic.asm:14
     before: 'Revision = 1'
     after:  'Revision = 2'
   edit sonic.asm:20
     before: 'FixBugs = 0'
     after:  'FixBugs = 1'
   edit sonic.asm:24
     before: 'CheatsEnabled = 0'
     after:  'CheatsEnabled = 1'
   edit sonic.asm:28
     before: 'AllOptimizations = 0'
     after:  'AllOptimizations = 1'
   edit sonic.asm:39
     before: 'BackupSRAM = 1'
     after:  'BackupSRAM = 0'
   edit sonic.asm:41
     before: 'AddressSRAM = 3'
     after:  'AddressSRAM = 2'
   BUILD_LUA exit=1 wrote=True  (s1disasm-X-2111002.lua.log)
   SIGIL exit=1 wrote=False  stderr lines=2 (s1disasm-X-2111002.sigil.err)
   RESULT SIGIL-DECLINED   sigil DECLINED (predicted DECLINED)
-- CORNER s1disasm-X-2111003   Revision=2 FixBugs=1 CheatsEnabled=1 AllOptimizations=1 EnableSRAM=0 BackupSRAM=0 AddressSRAM=3   predict sigil DECLINED
   edit sonic.asm:14
     before: 'Revision = 1'
     after:  'Revision = 2'
   edit sonic.asm:20
     before: 'FixBugs = 0'
     after:  'FixBugs = 1'
   edit sonic.asm:24
     before: 'CheatsEnabled = 0'
     after:  'CheatsEnabled = 1'
   edit sonic.asm:28
     before: 'AllOptimizations = 0'
     after:  'AllOptimizations = 1'
   edit sonic.asm:39
     before: 'BackupSRAM = 1'
     after:  'BackupSRAM = 0'
   BUILD_LUA exit=1 wrote=True  (s1disasm-X-2111003.lua.log)
   SIGIL exit=1 wrote=False  stderr lines=2 (s1disasm-X-2111003.sigil.err)
   RESULT SIGIL-DECLINED   sigil DECLINED (predicted DECLINED)
-- CORNER s1disasm-X-2111010   Revision=2 FixBugs=1 CheatsEnabled=1 AllOptimizations=1 EnableSRAM=0 BackupSRAM=1 AddressSRAM=0   predict sigil DECLINED
   edit sonic.asm:14
     before: 'Revision = 1'
     after:  'Revision = 2'
   edit sonic.asm:20
     before: 'FixBugs = 0'
     after:  'FixBugs = 1'
   edit sonic.asm:24
     before: 'CheatsEnabled = 0'
     after:  'CheatsEnabled = 1'
   edit sonic.asm:28
     before: 'AllOptimizations = 0'
     after:  'AllOptimizations = 1'
   edit sonic.asm:41
     before: 'AddressSRAM = 3'
     after:  'AddressSRAM = 0'
   BUILD_LUA exit=1 wrote=True  (s1disasm-X-2111010.lua.log)
   SIGIL exit=1 wrote=False  stderr lines=2 (s1disasm-X-2111010.sigil.err)
   RESULT SIGIL-DECLINED   sigil DECLINED (predicted DECLINED)
-- CORNER s1disasm-X-2111012   Revision=2 FixBugs=1 CheatsEnabled=1 AllOptimizations=1 EnableSRAM=0 BackupSRAM=1 AddressSRAM=2   predict sigil DECLINED
   edit sonic.asm:14
     before: 'Revision = 1'
     after:  'Revision = 2'
   edit sonic.asm:20
     before: 'FixBugs = 0'
     after:  'FixBugs = 1'
   edit sonic.asm:24
     before: 'CheatsEnabled = 0'
     after:  'CheatsEnabled = 1'
   edit sonic.asm:28
     before: 'AllOptimizations = 0'
     after:  'AllOptimizations = 1'
   edit sonic.asm:41
     before: 'AddressSRAM = 3'
     after:  'AddressSRAM = 2'
   BUILD_LUA exit=1 wrote=True  (s1disasm-X-2111012.lua.log)
   SIGIL exit=1 wrote=False  stderr lines=2 (s1disasm-X-2111012.sigil.err)
   RESULT SIGIL-DECLINED   sigil DECLINED (predicted DECLINED)
-- CORNER s1disasm-X-2111013   Revision=2 FixBugs=1 CheatsEnabled=1 AllOptimizations=1 EnableSRAM=0 BackupSRAM=1 AddressSRAM=3   predict sigil DECLINED
   edit sonic.asm:14
     before: 'Revision = 1'
     after:  'Revision = 2'
   edit sonic.asm:20
     before: 'FixBugs = 0'
     after:  'FixBugs = 1'
   edit sonic.asm:24
     before: 'CheatsEnabled = 0'
     after:  'CheatsEnabled = 1'
   edit sonic.asm:28
     before: 'AllOptimizations = 0'
     after:  'AllOptimizations = 1'
   BUILD_LUA exit=1 wrote=True  (s1disasm-X-2111013.lua.log)
   SIGIL exit=1 wrote=False  stderr lines=2 (s1disasm-X-2111013.sigil.err)
   RESULT SIGIL-DECLINED   sigil DECLINED (predicted DECLINED)
-- CORNER s1disasm-X-2111100   Revision=2 FixBugs=1 CheatsEnabled=1 AllOptimizations=1 EnableSRAM=1 BackupSRAM=0 AddressSRAM=0   predict sigil DECLINED
   edit sonic.asm:14
     before: 'Revision = 1'
     after:  'Revision = 2'
   edit sonic.asm:20
     before: 'FixBugs = 0'
     after:  'FixBugs = 1'
   edit sonic.asm:24
     before: 'CheatsEnabled = 0'
     after:  'CheatsEnabled = 1'
   edit sonic.asm:28
     before: 'AllOptimizations = 0'
     after:  'AllOptimizations = 1'
   edit sonic.asm:37
     before: 'EnableSRAM = 0'
     after:  'EnableSRAM = 1'
   edit sonic.asm:39
     before: 'BackupSRAM = 1'
     after:  'BackupSRAM = 0'
   edit sonic.asm:41
     before: 'AddressSRAM = 3'
     after:  'AddressSRAM = 0'
   BUILD_LUA exit=1 wrote=True  (s1disasm-X-2111100.lua.log)
   SIGIL exit=1 wrote=False  stderr lines=2 (s1disasm-X-2111100.sigil.err)
   RESULT SIGIL-DECLINED   sigil DECLINED (predicted DECLINED)
-- CORNER s1disasm-X-2111102   Revision=2 FixBugs=1 CheatsEnabled=1 AllOptimizations=1 EnableSRAM=1 BackupSRAM=0 AddressSRAM=2   predict sigil DECLINED
   edit sonic.asm:14
     before: 'Revision = 1'
     after:  'Revision = 2'
   edit sonic.asm:20
     before: 'FixBugs = 0'
     after:  'FixBugs = 1'
   edit sonic.asm:24
     before: 'CheatsEnabled = 0'
     after:  'CheatsEnabled = 1'
   edit sonic.asm:28
     before: 'AllOptimizations = 0'
     after:  'AllOptimizations = 1'
   edit sonic.asm:37
     before: 'EnableSRAM = 0'
     after:  'EnableSRAM = 1'
   edit sonic.asm:39
     before: 'BackupSRAM = 1'
     after:  'BackupSRAM = 0'
   edit sonic.asm:41
     before: 'AddressSRAM = 3'
     after:  'AddressSRAM = 2'
   BUILD_LUA exit=1 wrote=True  (s1disasm-X-2111102.lua.log)
   SIGIL exit=1 wrote=False  stderr lines=2 (s1disasm-X-2111102.sigil.err)
   RESULT SIGIL-DECLINED   sigil DECLINED (predicted DECLINED)
-- CORNER s1disasm-X-2111103   Revision=2 FixBugs=1 CheatsEnabled=1 AllOptimizations=1 EnableSRAM=1 BackupSRAM=0 AddressSRAM=3   predict sigil DECLINED
   edit sonic.asm:14
     before: 'Revision = 1'
     after:  'Revision = 2'
   edit sonic.asm:20
     before: 'FixBugs = 0'
     after:  'FixBugs = 1'
   edit sonic.asm:24
     before: 'CheatsEnabled = 0'
     after:  'CheatsEnabled = 1'
   edit sonic.asm:28
     before: 'AllOptimizations = 0'
     after:  'AllOptimizations = 1'
   edit sonic.asm:37
     before: 'EnableSRAM = 0'
     after:  'EnableSRAM = 1'
   edit sonic.asm:39
     before: 'BackupSRAM = 1'
     after:  'BackupSRAM = 0'
   BUILD_LUA exit=1 wrote=True  (s1disasm-X-2111103.lua.log)
   SIGIL exit=1 wrote=False  stderr lines=2 (s1disasm-X-2111103.sigil.err)
   RESULT SIGIL-DECLINED   sigil DECLINED (predicted DECLINED)
-- CORNER s1disasm-X-2111110   Revision=2 FixBugs=1 CheatsEnabled=1 AllOptimizations=1 EnableSRAM=1 BackupSRAM=1 AddressSRAM=0   predict sigil DECLINED
   edit sonic.asm:14
     before: 'Revision = 1'
     after:  'Revision = 2'
   edit sonic.asm:20
     before: 'FixBugs = 0'
     after:  'FixBugs = 1'
   edit sonic.asm:24
     before: 'CheatsEnabled = 0'
     after:  'CheatsEnabled = 1'
   edit sonic.asm:28
     before: 'AllOptimizations = 0'
     after:  'AllOptimizations = 1'
   edit sonic.asm:37
     before: 'EnableSRAM = 0'
     after:  'EnableSRAM = 1'
   edit sonic.asm:41
     before: 'AddressSRAM = 3'
     after:  'AddressSRAM = 0'
   BUILD_LUA exit=1 wrote=True  (s1disasm-X-2111110.lua.log)
   SIGIL exit=1 wrote=False  stderr lines=2 (s1disasm-X-2111110.sigil.err)
   RESULT SIGIL-DECLINED   sigil DECLINED (predicted DECLINED)
-- CORNER s1disasm-X-2111112   Revision=2 FixBugs=1 CheatsEnabled=1 AllOptimizations=1 EnableSRAM=1 BackupSRAM=1 AddressSRAM=2   predict sigil DECLINED
   edit sonic.asm:14
     before: 'Revision = 1'
     after:  'Revision = 2'
   edit sonic.asm:20
     before: 'FixBugs = 0'
     after:  'FixBugs = 1'
   edit sonic.asm:24
     before: 'CheatsEnabled = 0'
     after:  'CheatsEnabled = 1'
   edit sonic.asm:28
     before: 'AllOptimizations = 0'
     after:  'AllOptimizations = 1'
   edit sonic.asm:37
     before: 'EnableSRAM = 0'
     after:  'EnableSRAM = 1'
   edit sonic.asm:41
     before: 'AddressSRAM = 3'
     after:  'AddressSRAM = 2'
   BUILD_LUA exit=1 wrote=True  (s1disasm-X-2111112.lua.log)
   SIGIL exit=1 wrote=False  stderr lines=2 (s1disasm-X-2111112.sigil.err)
   RESULT SIGIL-DECLINED   sigil DECLINED (predicted DECLINED)
-- CORNER s1disasm-X-2111113   Revision=2 FixBugs=1 CheatsEnabled=1 AllOptimizations=1 EnableSRAM=1 BackupSRAM=1 AddressSRAM=3   predict sigil DECLINED
   edit sonic.asm:14
     before: 'Revision = 1'
     after:  'Revision = 2'
   edit sonic.asm:20
     before: 'FixBugs = 0'
     after:  'FixBugs = 1'
   edit sonic.asm:24
     before: 'CheatsEnabled = 0'
     after:  'CheatsEnabled = 1'
   edit sonic.asm:28
     before: 'AllOptimizations = 0'
     after:  'AllOptimizations = 1'
   edit sonic.asm:37
     before: 'EnableSRAM = 0'
     after:  'EnableSRAM = 1'
   BUILD_LUA exit=1 wrote=True  (s1disasm-X-2111113.lua.log)
   SIGIL exit=1 wrote=False  stderr lines=2 (s1disasm-X-2111113.sigil.err)
   RESULT SIGIL-DECLINED   sigil DECLINED (predicted DECLINED)
== CROSS s1disasm: 288 corners
   composition prediction on the sigil side: 288 held, 0 broke
   both toolchains built: 144 corners, 144 agreed byte for byte, 0 did not
   stock toolchain declined: 24 corners, 24 covered by an acknowledged rule
   rule {'Revision': 0, 'FixBugs': 1, 'AllOptimizations': 0} covered 24 corner(s)
   distinct stock images across the corners: 126
==============================================================================
  extracted read-only by git archive into /home/volence/sonic_hacks/.scratch/switch-matrix-sweep/trees/s2disasm-pristine
  build.lua says: root=s2.asm output=s2built.bin p2bin/sigil args=-p=0 -z=0,saxman-bugged,Size_of_Snd_driver_guess,after
  DERIVED 10 documented switches, cross-checked against the ASSEMBLY OPTIONS block
  RECONCILE switches: 10 derived = 6 swept + 4 excluded
  RECONCILE legs: 7 arms -> 7 flip legs + 1 baseline
-- LEG s2disasm-shipped   shipped
   BUILD_LUA exit=0 wrote=True  (s2disasm-shipped.lua.log)
   SIGIL exit=0 wrote=True  stderr lines=0 (s2disasm-shipped.sigil.err)
   DIFF 0 bytes in 0 runs
   CONTROL planted at ['0x200', '0x80000', '0xffffe'] -> 3 bytes in 3 runs: PASSED
   RESULT AGREE
-- LEG s2disasm-gameRevision-0   gameRevision = 0
   edit s2.asm:20
     before: 'gameRevision = 1'
     after:  'gameRevision = 0'
   BUILD_LUA exit=1 wrote=True  (s2disasm-gameRevision-0.lua.log)
   SIGIL exit=0 wrote=True  stderr lines=0 (s2disasm-gameRevision-0.sigil.err)
   DIFF 0 bytes in 0 runs
   CONTROL planted at ['0x200', '0x80000', '0xffffe'] -> 3 bytes in 3 runs: PASSED
   RESULT AGREE
-- LEG s2disasm-gameRevision-2   gameRevision = 2
   edit s2.asm:20
     before: 'gameRevision = 1'
     after:  'gameRevision = 2'
   BUILD_LUA exit=0 wrote=True  (s2disasm-gameRevision-2.lua.log)
   SIGIL exit=0 wrote=True  stderr lines=0 (s2disasm-gameRevision-2.sigil.err)
   DIFF 0 bytes in 0 runs
   CONTROL planted at ['0x200', '0x80000', '0xffffe'] -> 3 bytes in 3 runs: PASSED
   RESULT AGREE
-- LEG s2disasm-padToPowerOfTwo-0   padToPowerOfTwo = 0
   edit s2.asm:24
     before: 'padToPowerOfTwo = 1'
     after:  'padToPowerOfTwo = 0'
   BUILD_LUA exit=0 wrote=True  (s2disasm-padToPowerOfTwo-0.lua.log)
   SIGIL exit=0 wrote=True  stderr lines=0 (s2disasm-padToPowerOfTwo-0.sigil.err)
   DIFF 0 bytes in 0 runs
   CONTROL planted at ['0x200', '0x7fff6', '0xfffea'] -> 3 bytes in 3 runs: PASSED
   RESULT AGREE
-- LEG s2disasm-fixBugs-1   fixBugs = 1
   edit s2.asm:27
     before: 'fixBugs = 0'
     after:  'fixBugs = 1'
   BUILD_LUA exit=0 wrote=True  (s2disasm-fixBugs-1.lua.log)
   SIGIL exit=1 wrote=False  stderr lines=1 (s2disasm-fixBugs-1.sigil.err)
   RESULT SIGIL-DECLINED
-- LEG s2disasm-allOptimizations-1   allOptimizations = 1
   edit s2.asm:31
     before: 'allOptimizations = 0'
     after:  'allOptimizations = 1'
   BUILD_LUA exit=0 wrote=True  (s2disasm-allOptimizations-1.lua.log)
   SIGIL exit=0 wrote=True  stderr lines=0 (s2disasm-allOptimizations-1.sigil.err)
   DIFF 0 bytes in 0 runs
   CONTROL planted at ['0x200', '0x80000', '0xffffe'] -> 3 bytes in 3 runs: PASSED
   RESULT AGREE
-- LEG s2disasm-skipChecksumCheck-1   skipChecksumCheck = 1
   edit s2.asm:34
     before: 'skipChecksumCheck = 0'
     after:  'skipChecksumCheck = 1'
   BUILD_LUA exit=0 wrote=True  (s2disasm-skipChecksumCheck-1.lua.log)
   SIGIL exit=0 wrote=True  stderr lines=0 (s2disasm-skipChecksumCheck-1.sigil.err)
   DIFF 0 bytes in 0 runs
   CONTROL planted at ['0x200', '0x80000', '0xffffe'] -> 3 bytes in 3 runs: PASSED
   RESULT AGREE
-- LEG s2disasm-useFullWaterTables-1   useFullWaterTables = 1
   edit s2.asm:49
     before: 'useFullWaterTables = 0'
     after:  'useFullWaterTables = 1'
   BUILD_LUA exit=0 wrote=True  (s2disasm-useFullWaterTables-1.lua.log)
   SIGIL exit=0 wrote=True  stderr lines=0 (s2disasm-useFullWaterTables-1.sigil.err)
   DIFF 0 bytes in 0 runs
   CONTROL planted at ['0x200', '0x80000', '0xffffe'] -> 3 bytes in 3 runs: PASSED
   RESULT AGREE
== CONTROL C7 s2disasm: reference built from the shipped tree, then gameRevision = 0 applied before sigil runs; the sweep must report a difference
   BUILD_LUA exit=0 wrote=True  (s2disasm-CONTROL-divergent-source.lua.log)
   edit s2.asm:20
     before: 'gameRevision = 1'
     after:  'gameRevision = 0'
   SIGIL exit=0 wrote=True  stderr lines=0 (s2disasm-CONTROL-divergent-source.sigil.err)
   DIFF 210513 bytes in 24226 runs
   CONTROL planted at ['0x200', '0x80000', '0xffffe'] -> 210516 bytes in 24229 runs: PASSED
   CONTROL C7 s2disasm: PASSED (DIFFER)
== CROSS s2disasm: 6 swept switches with domains [3, 2, 2, 2, 2, 2] -> 96 corners
   sigil-refusing settings, read off this run's phase 1: {'fixBugs=1': 's2.sounddriver.asm(248):6: error: `-z=0,saxman-bugged,Size_of_Snd_driv'}
   acknowledged stock-decline rules: 0
-- CORNER s2disasm-X-000000   gameRevision=0 padToPowerOfTwo=0 fixBugs=0 allOptimizations=0 skipChecksumCheck=0 useFullWaterTables=0   predict sigil BUILT
   edit s2.asm:20
     before: 'gameRevision = 1'
     after:  'gameRevision = 0'
   edit s2.asm:24
     before: 'padToPowerOfTwo = 1'
     after:  'padToPowerOfTwo = 0'
   BUILD_LUA exit=1 wrote=True  (s2disasm-X-000000.lua.log)
   SIGIL exit=0 wrote=True  stderr lines=0 (s2disasm-X-000000.sigil.err)
   DIFF 0 bytes in 0 runs
   CONTROL planted at ['0x200', '0x7fff6', '0xfffea'] -> 3 bytes in 3 runs: PASSED
   RESULT AGREE   sigil BUILT (predicted BUILT)
-- CORNER s2disasm-X-000001   gameRevision=0 padToPowerOfTwo=0 fixBugs=0 allOptimizations=0 skipChecksumCheck=0 useFullWaterTables=1   predict sigil BUILT
   edit s2.asm:20
     before: 'gameRevision = 1'
     after:  'gameRevision = 0'
   edit s2.asm:24
     before: 'padToPowerOfTwo = 1'
     after:  'padToPowerOfTwo = 0'
   edit s2.asm:49
     before: 'useFullWaterTables = 0'
     after:  'useFullWaterTables = 1'
   BUILD_LUA exit=1 wrote=True  (s2disasm-X-000001.lua.log)
   SIGIL exit=0 wrote=True  stderr lines=0 (s2disasm-X-000001.sigil.err)
   DIFF 0 bytes in 0 runs
   CONTROL planted at ['0x200', '0x7fff6', '0xfffea'] -> 3 bytes in 3 runs: PASSED
   RESULT AGREE   sigil BUILT (predicted BUILT)
-- CORNER s2disasm-X-000010   gameRevision=0 padToPowerOfTwo=0 fixBugs=0 allOptimizations=0 skipChecksumCheck=1 useFullWaterTables=0   predict sigil BUILT
   edit s2.asm:20
     before: 'gameRevision = 1'
     after:  'gameRevision = 0'
   edit s2.asm:24
     before: 'padToPowerOfTwo = 1'
     after:  'padToPowerOfTwo = 0'
   edit s2.asm:34
     before: 'skipChecksumCheck = 0'
     after:  'skipChecksumCheck = 1'
   BUILD_LUA exit=1 wrote=True  (s2disasm-X-000010.lua.log)
   SIGIL exit=0 wrote=True  stderr lines=0 (s2disasm-X-000010.sigil.err)
   DIFF 0 bytes in 0 runs
   CONTROL planted at ['0x200', '0x7fff6', '0xfffea'] -> 3 bytes in 3 runs: PASSED
   RESULT AGREE   sigil BUILT (predicted BUILT)
-- CORNER s2disasm-X-000011   gameRevision=0 padToPowerOfTwo=0 fixBugs=0 allOptimizations=0 skipChecksumCheck=1 useFullWaterTables=1   predict sigil BUILT
   edit s2.asm:20
     before: 'gameRevision = 1'
     after:  'gameRevision = 0'
   edit s2.asm:24
     before: 'padToPowerOfTwo = 1'
     after:  'padToPowerOfTwo = 0'
   edit s2.asm:34
     before: 'skipChecksumCheck = 0'
     after:  'skipChecksumCheck = 1'
   edit s2.asm:49
     before: 'useFullWaterTables = 0'
     after:  'useFullWaterTables = 1'
   BUILD_LUA exit=1 wrote=True  (s2disasm-X-000011.lua.log)
   SIGIL exit=0 wrote=True  stderr lines=0 (s2disasm-X-000011.sigil.err)
   DIFF 0 bytes in 0 runs
   CONTROL planted at ['0x200', '0x7fff6', '0xfffea'] -> 3 bytes in 3 runs: PASSED
   RESULT AGREE   sigil BUILT (predicted BUILT)
-- CORNER s2disasm-X-000100   gameRevision=0 padToPowerOfTwo=0 fixBugs=0 allOptimizations=1 skipChecksumCheck=0 useFullWaterTables=0   predict sigil BUILT
   edit s2.asm:20
     before: 'gameRevision = 1'
     after:  'gameRevision = 0'
   edit s2.asm:24
     before: 'padToPowerOfTwo = 1'
     after:  'padToPowerOfTwo = 0'
   edit s2.asm:31
     before: 'allOptimizations = 0'
     after:  'allOptimizations = 1'
   BUILD_LUA exit=1 wrote=True  (s2disasm-X-000100.lua.log)
   SIGIL exit=0 wrote=True  stderr lines=0 (s2disasm-X-000100.sigil.err)
   DIFF 0 bytes in 0 runs
   CONTROL planted at ['0x200', '0x7fff6', '0xfffea'] -> 3 bytes in 3 runs: PASSED
   RESULT AGREE   sigil BUILT (predicted BUILT)
-- CORNER s2disasm-X-000101   gameRevision=0 padToPowerOfTwo=0 fixBugs=0 allOptimizations=1 skipChecksumCheck=0 useFullWaterTables=1   predict sigil BUILT
   edit s2.asm:20
     before: 'gameRevision = 1'
     after:  'gameRevision = 0'
   edit s2.asm:24
     before: 'padToPowerOfTwo = 1'
     after:  'padToPowerOfTwo = 0'
   edit s2.asm:31
     before: 'allOptimizations = 0'
     after:  'allOptimizations = 1'
   edit s2.asm:49
     before: 'useFullWaterTables = 0'
     after:  'useFullWaterTables = 1'
   BUILD_LUA exit=1 wrote=True  (s2disasm-X-000101.lua.log)
   SIGIL exit=0 wrote=True  stderr lines=0 (s2disasm-X-000101.sigil.err)
   DIFF 0 bytes in 0 runs
   CONTROL planted at ['0x200', '0x7fff6', '0xfffea'] -> 3 bytes in 3 runs: PASSED
   RESULT AGREE   sigil BUILT (predicted BUILT)
-- CORNER s2disasm-X-000110   gameRevision=0 padToPowerOfTwo=0 fixBugs=0 allOptimizations=1 skipChecksumCheck=1 useFullWaterTables=0   predict sigil BUILT
   edit s2.asm:20
     before: 'gameRevision = 1'
     after:  'gameRevision = 0'
   edit s2.asm:24
     before: 'padToPowerOfTwo = 1'
     after:  'padToPowerOfTwo = 0'
   edit s2.asm:31
     before: 'allOptimizations = 0'
     after:  'allOptimizations = 1'
   edit s2.asm:34
     before: 'skipChecksumCheck = 0'
     after:  'skipChecksumCheck = 1'
   BUILD_LUA exit=1 wrote=True  (s2disasm-X-000110.lua.log)
   SIGIL exit=0 wrote=True  stderr lines=0 (s2disasm-X-000110.sigil.err)
   DIFF 0 bytes in 0 runs
   CONTROL planted at ['0x200', '0x7fff6', '0xfffea'] -> 3 bytes in 3 runs: PASSED
   RESULT AGREE   sigil BUILT (predicted BUILT)
-- CORNER s2disasm-X-000111   gameRevision=0 padToPowerOfTwo=0 fixBugs=0 allOptimizations=1 skipChecksumCheck=1 useFullWaterTables=1   predict sigil BUILT
   edit s2.asm:20
     before: 'gameRevision = 1'
     after:  'gameRevision = 0'
   edit s2.asm:24
     before: 'padToPowerOfTwo = 1'
     after:  'padToPowerOfTwo = 0'
   edit s2.asm:31
     before: 'allOptimizations = 0'
     after:  'allOptimizations = 1'
   edit s2.asm:34
     before: 'skipChecksumCheck = 0'
     after:  'skipChecksumCheck = 1'
   edit s2.asm:49
     before: 'useFullWaterTables = 0'
     after:  'useFullWaterTables = 1'
   BUILD_LUA exit=1 wrote=True  (s2disasm-X-000111.lua.log)
   SIGIL exit=0 wrote=True  stderr lines=0 (s2disasm-X-000111.sigil.err)
   DIFF 0 bytes in 0 runs
   CONTROL planted at ['0x200', '0x7fff6', '0xfffea'] -> 3 bytes in 3 runs: PASSED
   RESULT AGREE   sigil BUILT (predicted BUILT)
-- CORNER s2disasm-X-001000   gameRevision=0 padToPowerOfTwo=0 fixBugs=1 allOptimizations=0 skipChecksumCheck=0 useFullWaterTables=0   predict sigil DECLINED
   edit s2.asm:20
     before: 'gameRevision = 1'
     after:  'gameRevision = 0'
   edit s2.asm:24
     before: 'padToPowerOfTwo = 1'
     after:  'padToPowerOfTwo = 0'
   edit s2.asm:27
     before: 'fixBugs = 0'
     after:  'fixBugs = 1'
   BUILD_LUA exit=1 wrote=True  (s2disasm-X-001000.lua.log)
   SIGIL exit=1 wrote=False  stderr lines=1 (s2disasm-X-001000.sigil.err)
   RESULT SIGIL-DECLINED   sigil DECLINED (predicted DECLINED)
-- CORNER s2disasm-X-001001   gameRevision=0 padToPowerOfTwo=0 fixBugs=1 allOptimizations=0 skipChecksumCheck=0 useFullWaterTables=1   predict sigil DECLINED
   edit s2.asm:20
     before: 'gameRevision = 1'
     after:  'gameRevision = 0'
   edit s2.asm:24
     before: 'padToPowerOfTwo = 1'
     after:  'padToPowerOfTwo = 0'
   edit s2.asm:27
     before: 'fixBugs = 0'
     after:  'fixBugs = 1'
   edit s2.asm:49
     before: 'useFullWaterTables = 0'
     after:  'useFullWaterTables = 1'
   BUILD_LUA exit=1 wrote=True  (s2disasm-X-001001.lua.log)
   SIGIL exit=1 wrote=False  stderr lines=1 (s2disasm-X-001001.sigil.err)
   RESULT SIGIL-DECLINED   sigil DECLINED (predicted DECLINED)
-- CORNER s2disasm-X-001010   gameRevision=0 padToPowerOfTwo=0 fixBugs=1 allOptimizations=0 skipChecksumCheck=1 useFullWaterTables=0   predict sigil DECLINED
   edit s2.asm:20
     before: 'gameRevision = 1'
     after:  'gameRevision = 0'
   edit s2.asm:24
     before: 'padToPowerOfTwo = 1'
     after:  'padToPowerOfTwo = 0'
   edit s2.asm:27
     before: 'fixBugs = 0'
     after:  'fixBugs = 1'
   edit s2.asm:34
     before: 'skipChecksumCheck = 0'
     after:  'skipChecksumCheck = 1'
   BUILD_LUA exit=1 wrote=True  (s2disasm-X-001010.lua.log)
   SIGIL exit=1 wrote=False  stderr lines=1 (s2disasm-X-001010.sigil.err)
   RESULT SIGIL-DECLINED   sigil DECLINED (predicted DECLINED)
-- CORNER s2disasm-X-001011   gameRevision=0 padToPowerOfTwo=0 fixBugs=1 allOptimizations=0 skipChecksumCheck=1 useFullWaterTables=1   predict sigil DECLINED
   edit s2.asm:20
     before: 'gameRevision = 1'
     after:  'gameRevision = 0'
   edit s2.asm:24
     before: 'padToPowerOfTwo = 1'
     after:  'padToPowerOfTwo = 0'
   edit s2.asm:27
     before: 'fixBugs = 0'
     after:  'fixBugs = 1'
   edit s2.asm:34
     before: 'skipChecksumCheck = 0'
     after:  'skipChecksumCheck = 1'
   edit s2.asm:49
     before: 'useFullWaterTables = 0'
     after:  'useFullWaterTables = 1'
   BUILD_LUA exit=1 wrote=True  (s2disasm-X-001011.lua.log)
   SIGIL exit=1 wrote=False  stderr lines=1 (s2disasm-X-001011.sigil.err)
   RESULT SIGIL-DECLINED   sigil DECLINED (predicted DECLINED)
-- CORNER s2disasm-X-001100   gameRevision=0 padToPowerOfTwo=0 fixBugs=1 allOptimizations=1 skipChecksumCheck=0 useFullWaterTables=0   predict sigil DECLINED
   edit s2.asm:20
     before: 'gameRevision = 1'
     after:  'gameRevision = 0'
   edit s2.asm:24
     before: 'padToPowerOfTwo = 1'
     after:  'padToPowerOfTwo = 0'
   edit s2.asm:27
     before: 'fixBugs = 0'
     after:  'fixBugs = 1'
   edit s2.asm:31
     before: 'allOptimizations = 0'
     after:  'allOptimizations = 1'
   BUILD_LUA exit=1 wrote=True  (s2disasm-X-001100.lua.log)
   SIGIL exit=1 wrote=False  stderr lines=1 (s2disasm-X-001100.sigil.err)
   RESULT SIGIL-DECLINED   sigil DECLINED (predicted DECLINED)
-- CORNER s2disasm-X-001101   gameRevision=0 padToPowerOfTwo=0 fixBugs=1 allOptimizations=1 skipChecksumCheck=0 useFullWaterTables=1   predict sigil DECLINED
   edit s2.asm:20
     before: 'gameRevision = 1'
     after:  'gameRevision = 0'
   edit s2.asm:24
     before: 'padToPowerOfTwo = 1'
     after:  'padToPowerOfTwo = 0'
   edit s2.asm:27
     before: 'fixBugs = 0'
     after:  'fixBugs = 1'
   edit s2.asm:31
     before: 'allOptimizations = 0'
     after:  'allOptimizations = 1'
   edit s2.asm:49
     before: 'useFullWaterTables = 0'
     after:  'useFullWaterTables = 1'
   BUILD_LUA exit=1 wrote=True  (s2disasm-X-001101.lua.log)
   SIGIL exit=1 wrote=False  stderr lines=1 (s2disasm-X-001101.sigil.err)
   RESULT SIGIL-DECLINED   sigil DECLINED (predicted DECLINED)
-- CORNER s2disasm-X-001110   gameRevision=0 padToPowerOfTwo=0 fixBugs=1 allOptimizations=1 skipChecksumCheck=1 useFullWaterTables=0   predict sigil DECLINED
   edit s2.asm:20
     before: 'gameRevision = 1'
     after:  'gameRevision = 0'
   edit s2.asm:24
     before: 'padToPowerOfTwo = 1'
     after:  'padToPowerOfTwo = 0'
   edit s2.asm:27
     before: 'fixBugs = 0'
     after:  'fixBugs = 1'
   edit s2.asm:31
     before: 'allOptimizations = 0'
     after:  'allOptimizations = 1'
   edit s2.asm:34
     before: 'skipChecksumCheck = 0'
     after:  'skipChecksumCheck = 1'
   BUILD_LUA exit=1 wrote=True  (s2disasm-X-001110.lua.log)
   SIGIL exit=1 wrote=False  stderr lines=1 (s2disasm-X-001110.sigil.err)
   RESULT SIGIL-DECLINED   sigil DECLINED (predicted DECLINED)
-- CORNER s2disasm-X-001111   gameRevision=0 padToPowerOfTwo=0 fixBugs=1 allOptimizations=1 skipChecksumCheck=1 useFullWaterTables=1   predict sigil DECLINED
   edit s2.asm:20
     before: 'gameRevision = 1'
     after:  'gameRevision = 0'
   edit s2.asm:24
     before: 'padToPowerOfTwo = 1'
     after:  'padToPowerOfTwo = 0'
   edit s2.asm:27
     before: 'fixBugs = 0'
     after:  'fixBugs = 1'
   edit s2.asm:31
     before: 'allOptimizations = 0'
     after:  'allOptimizations = 1'
   edit s2.asm:34
     before: 'skipChecksumCheck = 0'
     after:  'skipChecksumCheck = 1'
   edit s2.asm:49
     before: 'useFullWaterTables = 0'
     after:  'useFullWaterTables = 1'
   BUILD_LUA exit=1 wrote=True  (s2disasm-X-001111.lua.log)
   SIGIL exit=1 wrote=False  stderr lines=1 (s2disasm-X-001111.sigil.err)
   RESULT SIGIL-DECLINED   sigil DECLINED (predicted DECLINED)
-- CORNER s2disasm-X-010000   gameRevision=0 padToPowerOfTwo=1 fixBugs=0 allOptimizations=0 skipChecksumCheck=0 useFullWaterTables=0   predict sigil BUILT
   edit s2.asm:20
     before: 'gameRevision = 1'
     after:  'gameRevision = 0'
   BUILD_LUA exit=1 wrote=True  (s2disasm-X-010000.lua.log)
   SIGIL exit=0 wrote=True  stderr lines=0 (s2disasm-X-010000.sigil.err)
   DIFF 0 bytes in 0 runs
   CONTROL planted at ['0x200', '0x80000', '0xffffe'] -> 3 bytes in 3 runs: PASSED
   RESULT AGREE   sigil BUILT (predicted BUILT)
-- CORNER s2disasm-X-010001   gameRevision=0 padToPowerOfTwo=1 fixBugs=0 allOptimizations=0 skipChecksumCheck=0 useFullWaterTables=1   predict sigil BUILT
   edit s2.asm:20
     before: 'gameRevision = 1'
     after:  'gameRevision = 0'
   edit s2.asm:49
     before: 'useFullWaterTables = 0'
     after:  'useFullWaterTables = 1'
   BUILD_LUA exit=1 wrote=True  (s2disasm-X-010001.lua.log)
   SIGIL exit=0 wrote=True  stderr lines=0 (s2disasm-X-010001.sigil.err)
   DIFF 0 bytes in 0 runs
   CONTROL planted at ['0x200', '0x80000', '0xffffe'] -> 3 bytes in 3 runs: PASSED
   RESULT AGREE   sigil BUILT (predicted BUILT)
-- CORNER s2disasm-X-010010   gameRevision=0 padToPowerOfTwo=1 fixBugs=0 allOptimizations=0 skipChecksumCheck=1 useFullWaterTables=0   predict sigil BUILT
   edit s2.asm:20
     before: 'gameRevision = 1'
     after:  'gameRevision = 0'
   edit s2.asm:34
     before: 'skipChecksumCheck = 0'
     after:  'skipChecksumCheck = 1'
   BUILD_LUA exit=1 wrote=True  (s2disasm-X-010010.lua.log)
   SIGIL exit=0 wrote=True  stderr lines=0 (s2disasm-X-010010.sigil.err)
   DIFF 0 bytes in 0 runs
   CONTROL planted at ['0x200', '0x80000', '0xffffe'] -> 3 bytes in 3 runs: PASSED
   RESULT AGREE   sigil BUILT (predicted BUILT)
-- CORNER s2disasm-X-010011   gameRevision=0 padToPowerOfTwo=1 fixBugs=0 allOptimizations=0 skipChecksumCheck=1 useFullWaterTables=1   predict sigil BUILT
   edit s2.asm:20
     before: 'gameRevision = 1'
     after:  'gameRevision = 0'
   edit s2.asm:34
     before: 'skipChecksumCheck = 0'
     after:  'skipChecksumCheck = 1'
   edit s2.asm:49
     before: 'useFullWaterTables = 0'
     after:  'useFullWaterTables = 1'
   BUILD_LUA exit=1 wrote=True  (s2disasm-X-010011.lua.log)
   SIGIL exit=0 wrote=True  stderr lines=0 (s2disasm-X-010011.sigil.err)
   DIFF 0 bytes in 0 runs
   CONTROL planted at ['0x200', '0x80000', '0xffffe'] -> 3 bytes in 3 runs: PASSED
   RESULT AGREE   sigil BUILT (predicted BUILT)
-- CORNER s2disasm-X-010100   gameRevision=0 padToPowerOfTwo=1 fixBugs=0 allOptimizations=1 skipChecksumCheck=0 useFullWaterTables=0   predict sigil BUILT
   edit s2.asm:20
     before: 'gameRevision = 1'
     after:  'gameRevision = 0'
   edit s2.asm:31
     before: 'allOptimizations = 0'
     after:  'allOptimizations = 1'
   BUILD_LUA exit=1 wrote=True  (s2disasm-X-010100.lua.log)
   SIGIL exit=0 wrote=True  stderr lines=0 (s2disasm-X-010100.sigil.err)
   DIFF 0 bytes in 0 runs
   CONTROL planted at ['0x200', '0x80000', '0xffffe'] -> 3 bytes in 3 runs: PASSED
   RESULT AGREE   sigil BUILT (predicted BUILT)
-- CORNER s2disasm-X-010101   gameRevision=0 padToPowerOfTwo=1 fixBugs=0 allOptimizations=1 skipChecksumCheck=0 useFullWaterTables=1   predict sigil BUILT
   edit s2.asm:20
     before: 'gameRevision = 1'
     after:  'gameRevision = 0'
   edit s2.asm:31
     before: 'allOptimizations = 0'
     after:  'allOptimizations = 1'
   edit s2.asm:49
     before: 'useFullWaterTables = 0'
     after:  'useFullWaterTables = 1'
   BUILD_LUA exit=1 wrote=True  (s2disasm-X-010101.lua.log)
   SIGIL exit=0 wrote=True  stderr lines=0 (s2disasm-X-010101.sigil.err)
   DIFF 0 bytes in 0 runs
   CONTROL planted at ['0x200', '0x80000', '0xffffe'] -> 3 bytes in 3 runs: PASSED
   RESULT AGREE   sigil BUILT (predicted BUILT)
-- CORNER s2disasm-X-010110   gameRevision=0 padToPowerOfTwo=1 fixBugs=0 allOptimizations=1 skipChecksumCheck=1 useFullWaterTables=0   predict sigil BUILT
   edit s2.asm:20
     before: 'gameRevision = 1'
     after:  'gameRevision = 0'
   edit s2.asm:31
     before: 'allOptimizations = 0'
     after:  'allOptimizations = 1'
   edit s2.asm:34
     before: 'skipChecksumCheck = 0'
     after:  'skipChecksumCheck = 1'
   BUILD_LUA exit=1 wrote=True  (s2disasm-X-010110.lua.log)
   SIGIL exit=0 wrote=True  stderr lines=0 (s2disasm-X-010110.sigil.err)
   DIFF 0 bytes in 0 runs
   CONTROL planted at ['0x200', '0x80000', '0xffffe'] -> 3 bytes in 3 runs: PASSED
   RESULT AGREE   sigil BUILT (predicted BUILT)
-- CORNER s2disasm-X-010111   gameRevision=0 padToPowerOfTwo=1 fixBugs=0 allOptimizations=1 skipChecksumCheck=1 useFullWaterTables=1   predict sigil BUILT
   edit s2.asm:20
     before: 'gameRevision = 1'
     after:  'gameRevision = 0'
   edit s2.asm:31
     before: 'allOptimizations = 0'
     after:  'allOptimizations = 1'
   edit s2.asm:34
     before: 'skipChecksumCheck = 0'
     after:  'skipChecksumCheck = 1'
   edit s2.asm:49
     before: 'useFullWaterTables = 0'
     after:  'useFullWaterTables = 1'
   BUILD_LUA exit=1 wrote=True  (s2disasm-X-010111.lua.log)
   SIGIL exit=0 wrote=True  stderr lines=0 (s2disasm-X-010111.sigil.err)
   DIFF 0 bytes in 0 runs
   CONTROL planted at ['0x200', '0x80000', '0xffffe'] -> 3 bytes in 3 runs: PASSED
   RESULT AGREE   sigil BUILT (predicted BUILT)
-- CORNER s2disasm-X-011000   gameRevision=0 padToPowerOfTwo=1 fixBugs=1 allOptimizations=0 skipChecksumCheck=0 useFullWaterTables=0   predict sigil DECLINED
   edit s2.asm:20
     before: 'gameRevision = 1'
     after:  'gameRevision = 0'
   edit s2.asm:27
     before: 'fixBugs = 0'
     after:  'fixBugs = 1'
   BUILD_LUA exit=1 wrote=True  (s2disasm-X-011000.lua.log)
   SIGIL exit=1 wrote=False  stderr lines=1 (s2disasm-X-011000.sigil.err)
   RESULT SIGIL-DECLINED   sigil DECLINED (predicted DECLINED)
-- CORNER s2disasm-X-011001   gameRevision=0 padToPowerOfTwo=1 fixBugs=1 allOptimizations=0 skipChecksumCheck=0 useFullWaterTables=1   predict sigil DECLINED
   edit s2.asm:20
     before: 'gameRevision = 1'
     after:  'gameRevision = 0'
   edit s2.asm:27
     before: 'fixBugs = 0'
     after:  'fixBugs = 1'
   edit s2.asm:49
     before: 'useFullWaterTables = 0'
     after:  'useFullWaterTables = 1'
   BUILD_LUA exit=1 wrote=True  (s2disasm-X-011001.lua.log)
   SIGIL exit=1 wrote=False  stderr lines=1 (s2disasm-X-011001.sigil.err)
   RESULT SIGIL-DECLINED   sigil DECLINED (predicted DECLINED)
-- CORNER s2disasm-X-011010   gameRevision=0 padToPowerOfTwo=1 fixBugs=1 allOptimizations=0 skipChecksumCheck=1 useFullWaterTables=0   predict sigil DECLINED
   edit s2.asm:20
     before: 'gameRevision = 1'
     after:  'gameRevision = 0'
   edit s2.asm:27
     before: 'fixBugs = 0'
     after:  'fixBugs = 1'
   edit s2.asm:34
     before: 'skipChecksumCheck = 0'
     after:  'skipChecksumCheck = 1'
   BUILD_LUA exit=1 wrote=True  (s2disasm-X-011010.lua.log)
   SIGIL exit=1 wrote=False  stderr lines=1 (s2disasm-X-011010.sigil.err)
   RESULT SIGIL-DECLINED   sigil DECLINED (predicted DECLINED)
-- CORNER s2disasm-X-011011   gameRevision=0 padToPowerOfTwo=1 fixBugs=1 allOptimizations=0 skipChecksumCheck=1 useFullWaterTables=1   predict sigil DECLINED
   edit s2.asm:20
     before: 'gameRevision = 1'
     after:  'gameRevision = 0'
   edit s2.asm:27
     before: 'fixBugs = 0'
     after:  'fixBugs = 1'
   edit s2.asm:34
     before: 'skipChecksumCheck = 0'
     after:  'skipChecksumCheck = 1'
   edit s2.asm:49
     before: 'useFullWaterTables = 0'
     after:  'useFullWaterTables = 1'
   BUILD_LUA exit=1 wrote=True  (s2disasm-X-011011.lua.log)
   SIGIL exit=1 wrote=False  stderr lines=1 (s2disasm-X-011011.sigil.err)
   RESULT SIGIL-DECLINED   sigil DECLINED (predicted DECLINED)
-- CORNER s2disasm-X-011100   gameRevision=0 padToPowerOfTwo=1 fixBugs=1 allOptimizations=1 skipChecksumCheck=0 useFullWaterTables=0   predict sigil DECLINED
   edit s2.asm:20
     before: 'gameRevision = 1'
     after:  'gameRevision = 0'
   edit s2.asm:27
     before: 'fixBugs = 0'
     after:  'fixBugs = 1'
   edit s2.asm:31
     before: 'allOptimizations = 0'
     after:  'allOptimizations = 1'
   BUILD_LUA exit=1 wrote=True  (s2disasm-X-011100.lua.log)
   SIGIL exit=1 wrote=False  stderr lines=1 (s2disasm-X-011100.sigil.err)
   RESULT SIGIL-DECLINED   sigil DECLINED (predicted DECLINED)
-- CORNER s2disasm-X-011101   gameRevision=0 padToPowerOfTwo=1 fixBugs=1 allOptimizations=1 skipChecksumCheck=0 useFullWaterTables=1   predict sigil DECLINED
   edit s2.asm:20
     before: 'gameRevision = 1'
     after:  'gameRevision = 0'
   edit s2.asm:27
     before: 'fixBugs = 0'
     after:  'fixBugs = 1'
   edit s2.asm:31
     before: 'allOptimizations = 0'
     after:  'allOptimizations = 1'
   edit s2.asm:49
     before: 'useFullWaterTables = 0'
     after:  'useFullWaterTables = 1'
   BUILD_LUA exit=1 wrote=True  (s2disasm-X-011101.lua.log)
   SIGIL exit=1 wrote=False  stderr lines=1 (s2disasm-X-011101.sigil.err)
   RESULT SIGIL-DECLINED   sigil DECLINED (predicted DECLINED)
-- CORNER s2disasm-X-011110   gameRevision=0 padToPowerOfTwo=1 fixBugs=1 allOptimizations=1 skipChecksumCheck=1 useFullWaterTables=0   predict sigil DECLINED
   edit s2.asm:20
     before: 'gameRevision = 1'
     after:  'gameRevision = 0'
   edit s2.asm:27
     before: 'fixBugs = 0'
     after:  'fixBugs = 1'
   edit s2.asm:31
     before: 'allOptimizations = 0'
     after:  'allOptimizations = 1'
   edit s2.asm:34
     before: 'skipChecksumCheck = 0'
     after:  'skipChecksumCheck = 1'
   BUILD_LUA exit=1 wrote=True  (s2disasm-X-011110.lua.log)
   SIGIL exit=1 wrote=False  stderr lines=1 (s2disasm-X-011110.sigil.err)
   RESULT SIGIL-DECLINED   sigil DECLINED (predicted DECLINED)
-- CORNER s2disasm-X-011111   gameRevision=0 padToPowerOfTwo=1 fixBugs=1 allOptimizations=1 skipChecksumCheck=1 useFullWaterTables=1   predict sigil DECLINED
   edit s2.asm:20
     before: 'gameRevision = 1'
     after:  'gameRevision = 0'
   edit s2.asm:27
     before: 'fixBugs = 0'
     after:  'fixBugs = 1'
   edit s2.asm:31
     before: 'allOptimizations = 0'
     after:  'allOptimizations = 1'
   edit s2.asm:34
     before: 'skipChecksumCheck = 0'
     after:  'skipChecksumCheck = 1'
   edit s2.asm:49
     before: 'useFullWaterTables = 0'
     after:  'useFullWaterTables = 1'
   BUILD_LUA exit=1 wrote=True  (s2disasm-X-011111.lua.log)
   SIGIL exit=1 wrote=False  stderr lines=1 (s2disasm-X-011111.sigil.err)
   RESULT SIGIL-DECLINED   sigil DECLINED (predicted DECLINED)
-- CORNER s2disasm-X-100000   gameRevision=1 padToPowerOfTwo=0 fixBugs=0 allOptimizations=0 skipChecksumCheck=0 useFullWaterTables=0   predict sigil BUILT
   edit s2.asm:24
     before: 'padToPowerOfTwo = 1'
     after:  'padToPowerOfTwo = 0'
   BUILD_LUA exit=0 wrote=True  (s2disasm-X-100000.lua.log)
   SIGIL exit=0 wrote=True  stderr lines=0 (s2disasm-X-100000.sigil.err)
   DIFF 0 bytes in 0 runs
   CONTROL planted at ['0x200', '0x7fff6', '0xfffea'] -> 3 bytes in 3 runs: PASSED
   RESULT AGREE   sigil BUILT (predicted BUILT)
-- CORNER s2disasm-X-100001   gameRevision=1 padToPowerOfTwo=0 fixBugs=0 allOptimizations=0 skipChecksumCheck=0 useFullWaterTables=1   predict sigil BUILT
   edit s2.asm:24
     before: 'padToPowerOfTwo = 1'
     after:  'padToPowerOfTwo = 0'
   edit s2.asm:49
     before: 'useFullWaterTables = 0'
     after:  'useFullWaterTables = 1'
   BUILD_LUA exit=0 wrote=True  (s2disasm-X-100001.lua.log)
   SIGIL exit=0 wrote=True  stderr lines=0 (s2disasm-X-100001.sigil.err)
   DIFF 0 bytes in 0 runs
   CONTROL planted at ['0x200', '0x7fff6', '0xfffea'] -> 3 bytes in 3 runs: PASSED
   RESULT AGREE   sigil BUILT (predicted BUILT)
-- CORNER s2disasm-X-100010   gameRevision=1 padToPowerOfTwo=0 fixBugs=0 allOptimizations=0 skipChecksumCheck=1 useFullWaterTables=0   predict sigil BUILT
   edit s2.asm:24
     before: 'padToPowerOfTwo = 1'
     after:  'padToPowerOfTwo = 0'
   edit s2.asm:34
     before: 'skipChecksumCheck = 0'
     after:  'skipChecksumCheck = 1'
   BUILD_LUA exit=0 wrote=True  (s2disasm-X-100010.lua.log)
   SIGIL exit=0 wrote=True  stderr lines=0 (s2disasm-X-100010.sigil.err)
   DIFF 0 bytes in 0 runs
   CONTROL planted at ['0x200', '0x7fff6', '0xfffea'] -> 3 bytes in 3 runs: PASSED
   RESULT AGREE   sigil BUILT (predicted BUILT)
-- CORNER s2disasm-X-100011   gameRevision=1 padToPowerOfTwo=0 fixBugs=0 allOptimizations=0 skipChecksumCheck=1 useFullWaterTables=1   predict sigil BUILT
   edit s2.asm:24
     before: 'padToPowerOfTwo = 1'
     after:  'padToPowerOfTwo = 0'
   edit s2.asm:34
     before: 'skipChecksumCheck = 0'
     after:  'skipChecksumCheck = 1'
   edit s2.asm:49
     before: 'useFullWaterTables = 0'
     after:  'useFullWaterTables = 1'
   BUILD_LUA exit=0 wrote=True  (s2disasm-X-100011.lua.log)
   SIGIL exit=0 wrote=True  stderr lines=0 (s2disasm-X-100011.sigil.err)
   DIFF 0 bytes in 0 runs
   CONTROL planted at ['0x200', '0x7fff6', '0xfffea'] -> 3 bytes in 3 runs: PASSED
   RESULT AGREE   sigil BUILT (predicted BUILT)
-- CORNER s2disasm-X-100100   gameRevision=1 padToPowerOfTwo=0 fixBugs=0 allOptimizations=1 skipChecksumCheck=0 useFullWaterTables=0   predict sigil BUILT
   edit s2.asm:24
     before: 'padToPowerOfTwo = 1'
     after:  'padToPowerOfTwo = 0'
   edit s2.asm:31
     before: 'allOptimizations = 0'
     after:  'allOptimizations = 1'
   BUILD_LUA exit=0 wrote=True  (s2disasm-X-100100.lua.log)
   SIGIL exit=0 wrote=True  stderr lines=0 (s2disasm-X-100100.sigil.err)
   DIFF 0 bytes in 0 runs
   CONTROL planted at ['0x200', '0x7fff6', '0xfffea'] -> 3 bytes in 3 runs: PASSED
   RESULT AGREE   sigil BUILT (predicted BUILT)
-- CORNER s2disasm-X-100101   gameRevision=1 padToPowerOfTwo=0 fixBugs=0 allOptimizations=1 skipChecksumCheck=0 useFullWaterTables=1   predict sigil BUILT
   edit s2.asm:24
     before: 'padToPowerOfTwo = 1'
     after:  'padToPowerOfTwo = 0'
   edit s2.asm:31
     before: 'allOptimizations = 0'
     after:  'allOptimizations = 1'
   edit s2.asm:49
     before: 'useFullWaterTables = 0'
     after:  'useFullWaterTables = 1'
   BUILD_LUA exit=0 wrote=True  (s2disasm-X-100101.lua.log)
   SIGIL exit=0 wrote=True  stderr lines=0 (s2disasm-X-100101.sigil.err)
   DIFF 0 bytes in 0 runs
   CONTROL planted at ['0x200', '0x7fff6', '0xfffea'] -> 3 bytes in 3 runs: PASSED
   RESULT AGREE   sigil BUILT (predicted BUILT)
-- CORNER s2disasm-X-100110   gameRevision=1 padToPowerOfTwo=0 fixBugs=0 allOptimizations=1 skipChecksumCheck=1 useFullWaterTables=0   predict sigil BUILT
   edit s2.asm:24
     before: 'padToPowerOfTwo = 1'
     after:  'padToPowerOfTwo = 0'
   edit s2.asm:31
     before: 'allOptimizations = 0'
     after:  'allOptimizations = 1'
   edit s2.asm:34
     before: 'skipChecksumCheck = 0'
     after:  'skipChecksumCheck = 1'
   BUILD_LUA exit=0 wrote=True  (s2disasm-X-100110.lua.log)
   SIGIL exit=0 wrote=True  stderr lines=0 (s2disasm-X-100110.sigil.err)
   DIFF 0 bytes in 0 runs
   CONTROL planted at ['0x200', '0x7fff6', '0xfffea'] -> 3 bytes in 3 runs: PASSED
   RESULT AGREE   sigil BUILT (predicted BUILT)
-- CORNER s2disasm-X-100111   gameRevision=1 padToPowerOfTwo=0 fixBugs=0 allOptimizations=1 skipChecksumCheck=1 useFullWaterTables=1   predict sigil BUILT
   edit s2.asm:24
     before: 'padToPowerOfTwo = 1'
     after:  'padToPowerOfTwo = 0'
   edit s2.asm:31
     before: 'allOptimizations = 0'
     after:  'allOptimizations = 1'
   edit s2.asm:34
     before: 'skipChecksumCheck = 0'
     after:  'skipChecksumCheck = 1'
   edit s2.asm:49
     before: 'useFullWaterTables = 0'
     after:  'useFullWaterTables = 1'
   BUILD_LUA exit=0 wrote=True  (s2disasm-X-100111.lua.log)
   SIGIL exit=0 wrote=True  stderr lines=0 (s2disasm-X-100111.sigil.err)
   DIFF 0 bytes in 0 runs
   CONTROL planted at ['0x200', '0x7fff6', '0xfffea'] -> 3 bytes in 3 runs: PASSED
   RESULT AGREE   sigil BUILT (predicted BUILT)
-- CORNER s2disasm-X-101000   gameRevision=1 padToPowerOfTwo=0 fixBugs=1 allOptimizations=0 skipChecksumCheck=0 useFullWaterTables=0   predict sigil DECLINED
   edit s2.asm:24
     before: 'padToPowerOfTwo = 1'
     after:  'padToPowerOfTwo = 0'
   edit s2.asm:27
     before: 'fixBugs = 0'
     after:  'fixBugs = 1'
   BUILD_LUA exit=0 wrote=True  (s2disasm-X-101000.lua.log)
   SIGIL exit=1 wrote=False  stderr lines=1 (s2disasm-X-101000.sigil.err)
   RESULT SIGIL-DECLINED   sigil DECLINED (predicted DECLINED)
-- CORNER s2disasm-X-101001   gameRevision=1 padToPowerOfTwo=0 fixBugs=1 allOptimizations=0 skipChecksumCheck=0 useFullWaterTables=1   predict sigil DECLINED
   edit s2.asm:24
     before: 'padToPowerOfTwo = 1'
     after:  'padToPowerOfTwo = 0'
   edit s2.asm:27
     before: 'fixBugs = 0'
     after:  'fixBugs = 1'
   edit s2.asm:49
     before: 'useFullWaterTables = 0'
     after:  'useFullWaterTables = 1'
   BUILD_LUA exit=0 wrote=True  (s2disasm-X-101001.lua.log)
   SIGIL exit=1 wrote=False  stderr lines=1 (s2disasm-X-101001.sigil.err)
   RESULT SIGIL-DECLINED   sigil DECLINED (predicted DECLINED)
-- CORNER s2disasm-X-101010   gameRevision=1 padToPowerOfTwo=0 fixBugs=1 allOptimizations=0 skipChecksumCheck=1 useFullWaterTables=0   predict sigil DECLINED
   edit s2.asm:24
     before: 'padToPowerOfTwo = 1'
     after:  'padToPowerOfTwo = 0'
   edit s2.asm:27
     before: 'fixBugs = 0'
     after:  'fixBugs = 1'
   edit s2.asm:34
     before: 'skipChecksumCheck = 0'
     after:  'skipChecksumCheck = 1'
   BUILD_LUA exit=0 wrote=True  (s2disasm-X-101010.lua.log)
   SIGIL exit=1 wrote=False  stderr lines=1 (s2disasm-X-101010.sigil.err)
   RESULT SIGIL-DECLINED   sigil DECLINED (predicted DECLINED)
-- CORNER s2disasm-X-101011   gameRevision=1 padToPowerOfTwo=0 fixBugs=1 allOptimizations=0 skipChecksumCheck=1 useFullWaterTables=1   predict sigil DECLINED
   edit s2.asm:24
     before: 'padToPowerOfTwo = 1'
     after:  'padToPowerOfTwo = 0'
   edit s2.asm:27
     before: 'fixBugs = 0'
     after:  'fixBugs = 1'
   edit s2.asm:34
     before: 'skipChecksumCheck = 0'
     after:  'skipChecksumCheck = 1'
   edit s2.asm:49
     before: 'useFullWaterTables = 0'
     after:  'useFullWaterTables = 1'
   BUILD_LUA exit=0 wrote=True  (s2disasm-X-101011.lua.log)
   SIGIL exit=1 wrote=False  stderr lines=1 (s2disasm-X-101011.sigil.err)
   RESULT SIGIL-DECLINED   sigil DECLINED (predicted DECLINED)
-- CORNER s2disasm-X-101100   gameRevision=1 padToPowerOfTwo=0 fixBugs=1 allOptimizations=1 skipChecksumCheck=0 useFullWaterTables=0   predict sigil DECLINED
   edit s2.asm:24
     before: 'padToPowerOfTwo = 1'
     after:  'padToPowerOfTwo = 0'
   edit s2.asm:27
     before: 'fixBugs = 0'
     after:  'fixBugs = 1'
   edit s2.asm:31
     before: 'allOptimizations = 0'
     after:  'allOptimizations = 1'
   BUILD_LUA exit=0 wrote=True  (s2disasm-X-101100.lua.log)
   SIGIL exit=1 wrote=False  stderr lines=1 (s2disasm-X-101100.sigil.err)
   RESULT SIGIL-DECLINED   sigil DECLINED (predicted DECLINED)
-- CORNER s2disasm-X-101101   gameRevision=1 padToPowerOfTwo=0 fixBugs=1 allOptimizations=1 skipChecksumCheck=0 useFullWaterTables=1   predict sigil DECLINED
   edit s2.asm:24
     before: 'padToPowerOfTwo = 1'
     after:  'padToPowerOfTwo = 0'
   edit s2.asm:27
     before: 'fixBugs = 0'
     after:  'fixBugs = 1'
   edit s2.asm:31
     before: 'allOptimizations = 0'
     after:  'allOptimizations = 1'
   edit s2.asm:49
     before: 'useFullWaterTables = 0'
     after:  'useFullWaterTables = 1'
   BUILD_LUA exit=0 wrote=True  (s2disasm-X-101101.lua.log)
   SIGIL exit=1 wrote=False  stderr lines=1 (s2disasm-X-101101.sigil.err)
   RESULT SIGIL-DECLINED   sigil DECLINED (predicted DECLINED)
-- CORNER s2disasm-X-101110   gameRevision=1 padToPowerOfTwo=0 fixBugs=1 allOptimizations=1 skipChecksumCheck=1 useFullWaterTables=0   predict sigil DECLINED
   edit s2.asm:24
     before: 'padToPowerOfTwo = 1'
     after:  'padToPowerOfTwo = 0'
   edit s2.asm:27
     before: 'fixBugs = 0'
     after:  'fixBugs = 1'
   edit s2.asm:31
     before: 'allOptimizations = 0'
     after:  'allOptimizations = 1'
   edit s2.asm:34
     before: 'skipChecksumCheck = 0'
     after:  'skipChecksumCheck = 1'
   BUILD_LUA exit=0 wrote=True  (s2disasm-X-101110.lua.log)
   SIGIL exit=1 wrote=False  stderr lines=1 (s2disasm-X-101110.sigil.err)
   RESULT SIGIL-DECLINED   sigil DECLINED (predicted DECLINED)
-- CORNER s2disasm-X-101111   gameRevision=1 padToPowerOfTwo=0 fixBugs=1 allOptimizations=1 skipChecksumCheck=1 useFullWaterTables=1   predict sigil DECLINED
   edit s2.asm:24
     before: 'padToPowerOfTwo = 1'
     after:  'padToPowerOfTwo = 0'
   edit s2.asm:27
     before: 'fixBugs = 0'
     after:  'fixBugs = 1'
   edit s2.asm:31
     before: 'allOptimizations = 0'
     after:  'allOptimizations = 1'
   edit s2.asm:34
     before: 'skipChecksumCheck = 0'
     after:  'skipChecksumCheck = 1'
   edit s2.asm:49
     before: 'useFullWaterTables = 0'
     after:  'useFullWaterTables = 1'
   BUILD_LUA exit=0 wrote=True  (s2disasm-X-101111.lua.log)
   SIGIL exit=1 wrote=False  stderr lines=1 (s2disasm-X-101111.sigil.err)
   RESULT SIGIL-DECLINED   sigil DECLINED (predicted DECLINED)
-- CORNER s2disasm-X-110000   gameRevision=1 padToPowerOfTwo=1 fixBugs=0 allOptimizations=0 skipChecksumCheck=0 useFullWaterTables=0   predict sigil BUILT
   BUILD_LUA exit=0 wrote=True  (s2disasm-X-110000.lua.log)
   SIGIL exit=0 wrote=True  stderr lines=0 (s2disasm-X-110000.sigil.err)
   DIFF 0 bytes in 0 runs
   CONTROL planted at ['0x200', '0x80000', '0xffffe'] -> 3 bytes in 3 runs: PASSED
   RESULT AGREE   sigil BUILT (predicted BUILT)
-- CORNER s2disasm-X-110001   gameRevision=1 padToPowerOfTwo=1 fixBugs=0 allOptimizations=0 skipChecksumCheck=0 useFullWaterTables=1   predict sigil BUILT
   edit s2.asm:49
     before: 'useFullWaterTables = 0'
     after:  'useFullWaterTables = 1'
   BUILD_LUA exit=0 wrote=True  (s2disasm-X-110001.lua.log)
   SIGIL exit=0 wrote=True  stderr lines=0 (s2disasm-X-110001.sigil.err)
   DIFF 0 bytes in 0 runs
   CONTROL planted at ['0x200', '0x80000', '0xffffe'] -> 3 bytes in 3 runs: PASSED
   RESULT AGREE   sigil BUILT (predicted BUILT)
-- CORNER s2disasm-X-110010   gameRevision=1 padToPowerOfTwo=1 fixBugs=0 allOptimizations=0 skipChecksumCheck=1 useFullWaterTables=0   predict sigil BUILT
   edit s2.asm:34
     before: 'skipChecksumCheck = 0'
     after:  'skipChecksumCheck = 1'
   BUILD_LUA exit=0 wrote=True  (s2disasm-X-110010.lua.log)
   SIGIL exit=0 wrote=True  stderr lines=0 (s2disasm-X-110010.sigil.err)
   DIFF 0 bytes in 0 runs
   CONTROL planted at ['0x200', '0x80000', '0xffffe'] -> 3 bytes in 3 runs: PASSED
   RESULT AGREE   sigil BUILT (predicted BUILT)
-- CORNER s2disasm-X-110011   gameRevision=1 padToPowerOfTwo=1 fixBugs=0 allOptimizations=0 skipChecksumCheck=1 useFullWaterTables=1   predict sigil BUILT
   edit s2.asm:34
     before: 'skipChecksumCheck = 0'
     after:  'skipChecksumCheck = 1'
   edit s2.asm:49
     before: 'useFullWaterTables = 0'
     after:  'useFullWaterTables = 1'
   BUILD_LUA exit=0 wrote=True  (s2disasm-X-110011.lua.log)
   SIGIL exit=0 wrote=True  stderr lines=0 (s2disasm-X-110011.sigil.err)
   DIFF 0 bytes in 0 runs
   CONTROL planted at ['0x200', '0x80000', '0xffffe'] -> 3 bytes in 3 runs: PASSED
   RESULT AGREE   sigil BUILT (predicted BUILT)
-- CORNER s2disasm-X-110100   gameRevision=1 padToPowerOfTwo=1 fixBugs=0 allOptimizations=1 skipChecksumCheck=0 useFullWaterTables=0   predict sigil BUILT
   edit s2.asm:31
     before: 'allOptimizations = 0'
     after:  'allOptimizations = 1'
   BUILD_LUA exit=0 wrote=True  (s2disasm-X-110100.lua.log)
   SIGIL exit=0 wrote=True  stderr lines=0 (s2disasm-X-110100.sigil.err)
   DIFF 0 bytes in 0 runs
   CONTROL planted at ['0x200', '0x80000', '0xffffe'] -> 3 bytes in 3 runs: PASSED
   RESULT AGREE   sigil BUILT (predicted BUILT)
-- CORNER s2disasm-X-110101   gameRevision=1 padToPowerOfTwo=1 fixBugs=0 allOptimizations=1 skipChecksumCheck=0 useFullWaterTables=1   predict sigil BUILT
   edit s2.asm:31
     before: 'allOptimizations = 0'
     after:  'allOptimizations = 1'
   edit s2.asm:49
     before: 'useFullWaterTables = 0'
     after:  'useFullWaterTables = 1'
   BUILD_LUA exit=0 wrote=True  (s2disasm-X-110101.lua.log)
   SIGIL exit=0 wrote=True  stderr lines=0 (s2disasm-X-110101.sigil.err)
   DIFF 0 bytes in 0 runs
   CONTROL planted at ['0x200', '0x80000', '0xffffe'] -> 3 bytes in 3 runs: PASSED
   RESULT AGREE   sigil BUILT (predicted BUILT)
-- CORNER s2disasm-X-110110   gameRevision=1 padToPowerOfTwo=1 fixBugs=0 allOptimizations=1 skipChecksumCheck=1 useFullWaterTables=0   predict sigil BUILT
   edit s2.asm:31
     before: 'allOptimizations = 0'
     after:  'allOptimizations = 1'
   edit s2.asm:34
     before: 'skipChecksumCheck = 0'
     after:  'skipChecksumCheck = 1'
   BUILD_LUA exit=0 wrote=True  (s2disasm-X-110110.lua.log)
   SIGIL exit=0 wrote=True  stderr lines=0 (s2disasm-X-110110.sigil.err)
   DIFF 0 bytes in 0 runs
   CONTROL planted at ['0x200', '0x80000', '0xffffe'] -> 3 bytes in 3 runs: PASSED
   RESULT AGREE   sigil BUILT (predicted BUILT)
-- CORNER s2disasm-X-110111   gameRevision=1 padToPowerOfTwo=1 fixBugs=0 allOptimizations=1 skipChecksumCheck=1 useFullWaterTables=1   predict sigil BUILT
   edit s2.asm:31
     before: 'allOptimizations = 0'
     after:  'allOptimizations = 1'
   edit s2.asm:34
     before: 'skipChecksumCheck = 0'
     after:  'skipChecksumCheck = 1'
   edit s2.asm:49
     before: 'useFullWaterTables = 0'
     after:  'useFullWaterTables = 1'
   BUILD_LUA exit=0 wrote=True  (s2disasm-X-110111.lua.log)
   SIGIL exit=0 wrote=True  stderr lines=0 (s2disasm-X-110111.sigil.err)
   DIFF 0 bytes in 0 runs
   CONTROL planted at ['0x200', '0x80000', '0xffffe'] -> 3 bytes in 3 runs: PASSED
   RESULT AGREE   sigil BUILT (predicted BUILT)
-- CORNER s2disasm-X-111000   gameRevision=1 padToPowerOfTwo=1 fixBugs=1 allOptimizations=0 skipChecksumCheck=0 useFullWaterTables=0   predict sigil DECLINED
   edit s2.asm:27
     before: 'fixBugs = 0'
     after:  'fixBugs = 1'
   BUILD_LUA exit=0 wrote=True  (s2disasm-X-111000.lua.log)
   SIGIL exit=1 wrote=False  stderr lines=1 (s2disasm-X-111000.sigil.err)
   RESULT SIGIL-DECLINED   sigil DECLINED (predicted DECLINED)
-- CORNER s2disasm-X-111001   gameRevision=1 padToPowerOfTwo=1 fixBugs=1 allOptimizations=0 skipChecksumCheck=0 useFullWaterTables=1   predict sigil DECLINED
   edit s2.asm:27
     before: 'fixBugs = 0'
     after:  'fixBugs = 1'
   edit s2.asm:49
     before: 'useFullWaterTables = 0'
     after:  'useFullWaterTables = 1'
   BUILD_LUA exit=0 wrote=True  (s2disasm-X-111001.lua.log)
   SIGIL exit=1 wrote=False  stderr lines=1 (s2disasm-X-111001.sigil.err)
   RESULT SIGIL-DECLINED   sigil DECLINED (predicted DECLINED)
-- CORNER s2disasm-X-111010   gameRevision=1 padToPowerOfTwo=1 fixBugs=1 allOptimizations=0 skipChecksumCheck=1 useFullWaterTables=0   predict sigil DECLINED
   edit s2.asm:27
     before: 'fixBugs = 0'
     after:  'fixBugs = 1'
   edit s2.asm:34
     before: 'skipChecksumCheck = 0'
     after:  'skipChecksumCheck = 1'
   BUILD_LUA exit=0 wrote=True  (s2disasm-X-111010.lua.log)
   SIGIL exit=1 wrote=False  stderr lines=1 (s2disasm-X-111010.sigil.err)
   RESULT SIGIL-DECLINED   sigil DECLINED (predicted DECLINED)
-- CORNER s2disasm-X-111011   gameRevision=1 padToPowerOfTwo=1 fixBugs=1 allOptimizations=0 skipChecksumCheck=1 useFullWaterTables=1   predict sigil DECLINED
   edit s2.asm:27
     before: 'fixBugs = 0'
     after:  'fixBugs = 1'
   edit s2.asm:34
     before: 'skipChecksumCheck = 0'
     after:  'skipChecksumCheck = 1'
   edit s2.asm:49
     before: 'useFullWaterTables = 0'
     after:  'useFullWaterTables = 1'
   BUILD_LUA exit=0 wrote=True  (s2disasm-X-111011.lua.log)
   SIGIL exit=1 wrote=False  stderr lines=1 (s2disasm-X-111011.sigil.err)
   RESULT SIGIL-DECLINED   sigil DECLINED (predicted DECLINED)
-- CORNER s2disasm-X-111100   gameRevision=1 padToPowerOfTwo=1 fixBugs=1 allOptimizations=1 skipChecksumCheck=0 useFullWaterTables=0   predict sigil DECLINED
   edit s2.asm:27
     before: 'fixBugs = 0'
     after:  'fixBugs = 1'
   edit s2.asm:31
     before: 'allOptimizations = 0'
     after:  'allOptimizations = 1'
   BUILD_LUA exit=0 wrote=True  (s2disasm-X-111100.lua.log)
   SIGIL exit=1 wrote=False  stderr lines=1 (s2disasm-X-111100.sigil.err)
   RESULT SIGIL-DECLINED   sigil DECLINED (predicted DECLINED)
-- CORNER s2disasm-X-111101   gameRevision=1 padToPowerOfTwo=1 fixBugs=1 allOptimizations=1 skipChecksumCheck=0 useFullWaterTables=1   predict sigil DECLINED
   edit s2.asm:27
     before: 'fixBugs = 0'
     after:  'fixBugs = 1'
   edit s2.asm:31
     before: 'allOptimizations = 0'
     after:  'allOptimizations = 1'
   edit s2.asm:49
     before: 'useFullWaterTables = 0'
     after:  'useFullWaterTables = 1'
   BUILD_LUA exit=0 wrote=True  (s2disasm-X-111101.lua.log)
   SIGIL exit=1 wrote=False  stderr lines=1 (s2disasm-X-111101.sigil.err)
   RESULT SIGIL-DECLINED   sigil DECLINED (predicted DECLINED)
-- CORNER s2disasm-X-111110   gameRevision=1 padToPowerOfTwo=1 fixBugs=1 allOptimizations=1 skipChecksumCheck=1 useFullWaterTables=0   predict sigil DECLINED
   edit s2.asm:27
     before: 'fixBugs = 0'
     after:  'fixBugs = 1'
   edit s2.asm:31
     before: 'allOptimizations = 0'
     after:  'allOptimizations = 1'
   edit s2.asm:34
     before: 'skipChecksumCheck = 0'
     after:  'skipChecksumCheck = 1'
   BUILD_LUA exit=0 wrote=True  (s2disasm-X-111110.lua.log)
   SIGIL exit=1 wrote=False  stderr lines=1 (s2disasm-X-111110.sigil.err)
   RESULT SIGIL-DECLINED   sigil DECLINED (predicted DECLINED)
-- CORNER s2disasm-X-111111   gameRevision=1 padToPowerOfTwo=1 fixBugs=1 allOptimizations=1 skipChecksumCheck=1 useFullWaterTables=1   predict sigil DECLINED
   edit s2.asm:27
     before: 'fixBugs = 0'
     after:  'fixBugs = 1'
   edit s2.asm:31
     before: 'allOptimizations = 0'
     after:  'allOptimizations = 1'
   edit s2.asm:34
     before: 'skipChecksumCheck = 0'
     after:  'skipChecksumCheck = 1'
   edit s2.asm:49
     before: 'useFullWaterTables = 0'
     after:  'useFullWaterTables = 1'
   BUILD_LUA exit=0 wrote=True  (s2disasm-X-111111.lua.log)
   SIGIL exit=1 wrote=False  stderr lines=1 (s2disasm-X-111111.sigil.err)
   RESULT SIGIL-DECLINED   sigil DECLINED (predicted DECLINED)
-- CORNER s2disasm-X-200000   gameRevision=2 padToPowerOfTwo=0 fixBugs=0 allOptimizations=0 skipChecksumCheck=0 useFullWaterTables=0   predict sigil BUILT
   edit s2.asm:20
     before: 'gameRevision = 1'
     after:  'gameRevision = 2'
   edit s2.asm:24
     before: 'padToPowerOfTwo = 1'
     after:  'padToPowerOfTwo = 0'
   BUILD_LUA exit=0 wrote=True  (s2disasm-X-200000.lua.log)
   SIGIL exit=0 wrote=True  stderr lines=0 (s2disasm-X-200000.sigil.err)
   DIFF 0 bytes in 0 runs
   CONTROL planted at ['0x200', '0x7fff6', '0xfffea'] -> 3 bytes in 3 runs: PASSED
   RESULT AGREE   sigil BUILT (predicted BUILT)
-- CORNER s2disasm-X-200001   gameRevision=2 padToPowerOfTwo=0 fixBugs=0 allOptimizations=0 skipChecksumCheck=0 useFullWaterTables=1   predict sigil BUILT
   edit s2.asm:20
     before: 'gameRevision = 1'
     after:  'gameRevision = 2'
   edit s2.asm:24
     before: 'padToPowerOfTwo = 1'
     after:  'padToPowerOfTwo = 0'
   edit s2.asm:49
     before: 'useFullWaterTables = 0'
     after:  'useFullWaterTables = 1'
   BUILD_LUA exit=0 wrote=True  (s2disasm-X-200001.lua.log)
   SIGIL exit=0 wrote=True  stderr lines=0 (s2disasm-X-200001.sigil.err)
   DIFF 0 bytes in 0 runs
   CONTROL planted at ['0x200', '0x7fff6', '0xfffea'] -> 3 bytes in 3 runs: PASSED
   RESULT AGREE   sigil BUILT (predicted BUILT)
-- CORNER s2disasm-X-200010   gameRevision=2 padToPowerOfTwo=0 fixBugs=0 allOptimizations=0 skipChecksumCheck=1 useFullWaterTables=0   predict sigil BUILT
   edit s2.asm:20
     before: 'gameRevision = 1'
     after:  'gameRevision = 2'
   edit s2.asm:24
     before: 'padToPowerOfTwo = 1'
     after:  'padToPowerOfTwo = 0'
   edit s2.asm:34
     before: 'skipChecksumCheck = 0'
     after:  'skipChecksumCheck = 1'
   BUILD_LUA exit=0 wrote=True  (s2disasm-X-200010.lua.log)
   SIGIL exit=0 wrote=True  stderr lines=0 (s2disasm-X-200010.sigil.err)
   DIFF 0 bytes in 0 runs
   CONTROL planted at ['0x200', '0x7fff6', '0xfffea'] -> 3 bytes in 3 runs: PASSED
   RESULT AGREE   sigil BUILT (predicted BUILT)
-- CORNER s2disasm-X-200011   gameRevision=2 padToPowerOfTwo=0 fixBugs=0 allOptimizations=0 skipChecksumCheck=1 useFullWaterTables=1   predict sigil BUILT
   edit s2.asm:20
     before: 'gameRevision = 1'
     after:  'gameRevision = 2'
   edit s2.asm:24
     before: 'padToPowerOfTwo = 1'
     after:  'padToPowerOfTwo = 0'
   edit s2.asm:34
     before: 'skipChecksumCheck = 0'
     after:  'skipChecksumCheck = 1'
   edit s2.asm:49
     before: 'useFullWaterTables = 0'
     after:  'useFullWaterTables = 1'
   BUILD_LUA exit=0 wrote=True  (s2disasm-X-200011.lua.log)
   SIGIL exit=0 wrote=True  stderr lines=0 (s2disasm-X-200011.sigil.err)
   DIFF 0 bytes in 0 runs
   CONTROL planted at ['0x200', '0x7fff6', '0xfffea'] -> 3 bytes in 3 runs: PASSED
   RESULT AGREE   sigil BUILT (predicted BUILT)
-- CORNER s2disasm-X-200100   gameRevision=2 padToPowerOfTwo=0 fixBugs=0 allOptimizations=1 skipChecksumCheck=0 useFullWaterTables=0   predict sigil BUILT
   edit s2.asm:20
     before: 'gameRevision = 1'
     after:  'gameRevision = 2'
   edit s2.asm:24
     before: 'padToPowerOfTwo = 1'
     after:  'padToPowerOfTwo = 0'
   edit s2.asm:31
     before: 'allOptimizations = 0'
     after:  'allOptimizations = 1'
   BUILD_LUA exit=0 wrote=True  (s2disasm-X-200100.lua.log)
   SIGIL exit=0 wrote=True  stderr lines=0 (s2disasm-X-200100.sigil.err)
   DIFF 0 bytes in 0 runs
   CONTROL planted at ['0x200', '0x7fff6', '0xfffea'] -> 3 bytes in 3 runs: PASSED
   RESULT AGREE   sigil BUILT (predicted BUILT)
-- CORNER s2disasm-X-200101   gameRevision=2 padToPowerOfTwo=0 fixBugs=0 allOptimizations=1 skipChecksumCheck=0 useFullWaterTables=1   predict sigil BUILT
   edit s2.asm:20
     before: 'gameRevision = 1'
     after:  'gameRevision = 2'
   edit s2.asm:24
     before: 'padToPowerOfTwo = 1'
     after:  'padToPowerOfTwo = 0'
   edit s2.asm:31
     before: 'allOptimizations = 0'
     after:  'allOptimizations = 1'
   edit s2.asm:49
     before: 'useFullWaterTables = 0'
     after:  'useFullWaterTables = 1'
   BUILD_LUA exit=0 wrote=True  (s2disasm-X-200101.lua.log)
   SIGIL exit=0 wrote=True  stderr lines=0 (s2disasm-X-200101.sigil.err)
   DIFF 0 bytes in 0 runs
   CONTROL planted at ['0x200', '0x7fff6', '0xfffea'] -> 3 bytes in 3 runs: PASSED
   RESULT AGREE   sigil BUILT (predicted BUILT)
-- CORNER s2disasm-X-200110   gameRevision=2 padToPowerOfTwo=0 fixBugs=0 allOptimizations=1 skipChecksumCheck=1 useFullWaterTables=0   predict sigil BUILT
   edit s2.asm:20
     before: 'gameRevision = 1'
     after:  'gameRevision = 2'
   edit s2.asm:24
     before: 'padToPowerOfTwo = 1'
     after:  'padToPowerOfTwo = 0'
   edit s2.asm:31
     before: 'allOptimizations = 0'
     after:  'allOptimizations = 1'
   edit s2.asm:34
     before: 'skipChecksumCheck = 0'
     after:  'skipChecksumCheck = 1'
   BUILD_LUA exit=0 wrote=True  (s2disasm-X-200110.lua.log)
   SIGIL exit=0 wrote=True  stderr lines=0 (s2disasm-X-200110.sigil.err)
   DIFF 0 bytes in 0 runs
   CONTROL planted at ['0x200', '0x7fff6', '0xfffea'] -> 3 bytes in 3 runs: PASSED
   RESULT AGREE   sigil BUILT (predicted BUILT)
-- CORNER s2disasm-X-200111   gameRevision=2 padToPowerOfTwo=0 fixBugs=0 allOptimizations=1 skipChecksumCheck=1 useFullWaterTables=1   predict sigil BUILT
   edit s2.asm:20
     before: 'gameRevision = 1'
     after:  'gameRevision = 2'
   edit s2.asm:24
     before: 'padToPowerOfTwo = 1'
     after:  'padToPowerOfTwo = 0'
   edit s2.asm:31
     before: 'allOptimizations = 0'
     after:  'allOptimizations = 1'
   edit s2.asm:34
     before: 'skipChecksumCheck = 0'
     after:  'skipChecksumCheck = 1'
   edit s2.asm:49
     before: 'useFullWaterTables = 0'
     after:  'useFullWaterTables = 1'
   BUILD_LUA exit=0 wrote=True  (s2disasm-X-200111.lua.log)
   SIGIL exit=0 wrote=True  stderr lines=0 (s2disasm-X-200111.sigil.err)
   DIFF 0 bytes in 0 runs
   CONTROL planted at ['0x200', '0x7fff6', '0xfffea'] -> 3 bytes in 3 runs: PASSED
   RESULT AGREE   sigil BUILT (predicted BUILT)
-- CORNER s2disasm-X-201000   gameRevision=2 padToPowerOfTwo=0 fixBugs=1 allOptimizations=0 skipChecksumCheck=0 useFullWaterTables=0   predict sigil DECLINED
   edit s2.asm:20
     before: 'gameRevision = 1'
     after:  'gameRevision = 2'
   edit s2.asm:24
     before: 'padToPowerOfTwo = 1'
     after:  'padToPowerOfTwo = 0'
   edit s2.asm:27
     before: 'fixBugs = 0'
     after:  'fixBugs = 1'
   BUILD_LUA exit=0 wrote=True  (s2disasm-X-201000.lua.log)
   SIGIL exit=1 wrote=False  stderr lines=1 (s2disasm-X-201000.sigil.err)
   RESULT SIGIL-DECLINED   sigil DECLINED (predicted DECLINED)
-- CORNER s2disasm-X-201001   gameRevision=2 padToPowerOfTwo=0 fixBugs=1 allOptimizations=0 skipChecksumCheck=0 useFullWaterTables=1   predict sigil DECLINED
   edit s2.asm:20
     before: 'gameRevision = 1'
     after:  'gameRevision = 2'
   edit s2.asm:24
     before: 'padToPowerOfTwo = 1'
     after:  'padToPowerOfTwo = 0'
   edit s2.asm:27
     before: 'fixBugs = 0'
     after:  'fixBugs = 1'
   edit s2.asm:49
     before: 'useFullWaterTables = 0'
     after:  'useFullWaterTables = 1'
   BUILD_LUA exit=0 wrote=True  (s2disasm-X-201001.lua.log)
   SIGIL exit=1 wrote=False  stderr lines=1 (s2disasm-X-201001.sigil.err)
   RESULT SIGIL-DECLINED   sigil DECLINED (predicted DECLINED)
-- CORNER s2disasm-X-201010   gameRevision=2 padToPowerOfTwo=0 fixBugs=1 allOptimizations=0 skipChecksumCheck=1 useFullWaterTables=0   predict sigil DECLINED
   edit s2.asm:20
     before: 'gameRevision = 1'
     after:  'gameRevision = 2'
   edit s2.asm:24
     before: 'padToPowerOfTwo = 1'
     after:  'padToPowerOfTwo = 0'
   edit s2.asm:27
     before: 'fixBugs = 0'
     after:  'fixBugs = 1'
   edit s2.asm:34
     before: 'skipChecksumCheck = 0'
     after:  'skipChecksumCheck = 1'
   BUILD_LUA exit=0 wrote=True  (s2disasm-X-201010.lua.log)
   SIGIL exit=1 wrote=False  stderr lines=1 (s2disasm-X-201010.sigil.err)
   RESULT SIGIL-DECLINED   sigil DECLINED (predicted DECLINED)
-- CORNER s2disasm-X-201011   gameRevision=2 padToPowerOfTwo=0 fixBugs=1 allOptimizations=0 skipChecksumCheck=1 useFullWaterTables=1   predict sigil DECLINED
   edit s2.asm:20
     before: 'gameRevision = 1'
     after:  'gameRevision = 2'
   edit s2.asm:24
     before: 'padToPowerOfTwo = 1'
     after:  'padToPowerOfTwo = 0'
   edit s2.asm:27
     before: 'fixBugs = 0'
     after:  'fixBugs = 1'
   edit s2.asm:34
     before: 'skipChecksumCheck = 0'
     after:  'skipChecksumCheck = 1'
   edit s2.asm:49
     before: 'useFullWaterTables = 0'
     after:  'useFullWaterTables = 1'
   BUILD_LUA exit=0 wrote=True  (s2disasm-X-201011.lua.log)
   SIGIL exit=1 wrote=False  stderr lines=1 (s2disasm-X-201011.sigil.err)
   RESULT SIGIL-DECLINED   sigil DECLINED (predicted DECLINED)
-- CORNER s2disasm-X-201100   gameRevision=2 padToPowerOfTwo=0 fixBugs=1 allOptimizations=1 skipChecksumCheck=0 useFullWaterTables=0   predict sigil DECLINED
   edit s2.asm:20
     before: 'gameRevision = 1'
     after:  'gameRevision = 2'
   edit s2.asm:24
     before: 'padToPowerOfTwo = 1'
     after:  'padToPowerOfTwo = 0'
   edit s2.asm:27
     before: 'fixBugs = 0'
     after:  'fixBugs = 1'
   edit s2.asm:31
     before: 'allOptimizations = 0'
     after:  'allOptimizations = 1'
   BUILD_LUA exit=0 wrote=True  (s2disasm-X-201100.lua.log)
   SIGIL exit=1 wrote=False  stderr lines=1 (s2disasm-X-201100.sigil.err)
   RESULT SIGIL-DECLINED   sigil DECLINED (predicted DECLINED)
-- CORNER s2disasm-X-201101   gameRevision=2 padToPowerOfTwo=0 fixBugs=1 allOptimizations=1 skipChecksumCheck=0 useFullWaterTables=1   predict sigil DECLINED
   edit s2.asm:20
     before: 'gameRevision = 1'
     after:  'gameRevision = 2'
   edit s2.asm:24
     before: 'padToPowerOfTwo = 1'
     after:  'padToPowerOfTwo = 0'
   edit s2.asm:27
     before: 'fixBugs = 0'
     after:  'fixBugs = 1'
   edit s2.asm:31
     before: 'allOptimizations = 0'
     after:  'allOptimizations = 1'
   edit s2.asm:49
     before: 'useFullWaterTables = 0'
     after:  'useFullWaterTables = 1'
   BUILD_LUA exit=0 wrote=True  (s2disasm-X-201101.lua.log)
   SIGIL exit=1 wrote=False  stderr lines=1 (s2disasm-X-201101.sigil.err)
   RESULT SIGIL-DECLINED   sigil DECLINED (predicted DECLINED)
-- CORNER s2disasm-X-201110   gameRevision=2 padToPowerOfTwo=0 fixBugs=1 allOptimizations=1 skipChecksumCheck=1 useFullWaterTables=0   predict sigil DECLINED
   edit s2.asm:20
     before: 'gameRevision = 1'
     after:  'gameRevision = 2'
   edit s2.asm:24
     before: 'padToPowerOfTwo = 1'
     after:  'padToPowerOfTwo = 0'
   edit s2.asm:27
     before: 'fixBugs = 0'
     after:  'fixBugs = 1'
   edit s2.asm:31
     before: 'allOptimizations = 0'
     after:  'allOptimizations = 1'
   edit s2.asm:34
     before: 'skipChecksumCheck = 0'
     after:  'skipChecksumCheck = 1'
   BUILD_LUA exit=0 wrote=True  (s2disasm-X-201110.lua.log)
   SIGIL exit=1 wrote=False  stderr lines=1 (s2disasm-X-201110.sigil.err)
   RESULT SIGIL-DECLINED   sigil DECLINED (predicted DECLINED)
-- CORNER s2disasm-X-201111   gameRevision=2 padToPowerOfTwo=0 fixBugs=1 allOptimizations=1 skipChecksumCheck=1 useFullWaterTables=1   predict sigil DECLINED
   edit s2.asm:20
     before: 'gameRevision = 1'
     after:  'gameRevision = 2'
   edit s2.asm:24
     before: 'padToPowerOfTwo = 1'
     after:  'padToPowerOfTwo = 0'
   edit s2.asm:27
     before: 'fixBugs = 0'
     after:  'fixBugs = 1'
   edit s2.asm:31
     before: 'allOptimizations = 0'
     after:  'allOptimizations = 1'
   edit s2.asm:34
     before: 'skipChecksumCheck = 0'
     after:  'skipChecksumCheck = 1'
   edit s2.asm:49
     before: 'useFullWaterTables = 0'
     after:  'useFullWaterTables = 1'
   BUILD_LUA exit=0 wrote=True  (s2disasm-X-201111.lua.log)
   SIGIL exit=1 wrote=False  stderr lines=1 (s2disasm-X-201111.sigil.err)
   RESULT SIGIL-DECLINED   sigil DECLINED (predicted DECLINED)
-- CORNER s2disasm-X-210000   gameRevision=2 padToPowerOfTwo=1 fixBugs=0 allOptimizations=0 skipChecksumCheck=0 useFullWaterTables=0   predict sigil BUILT
   edit s2.asm:20
     before: 'gameRevision = 1'
     after:  'gameRevision = 2'
   BUILD_LUA exit=0 wrote=True  (s2disasm-X-210000.lua.log)
   SIGIL exit=0 wrote=True  stderr lines=0 (s2disasm-X-210000.sigil.err)
   DIFF 0 bytes in 0 runs
   CONTROL planted at ['0x200', '0x80000', '0xffffe'] -> 3 bytes in 3 runs: PASSED
   RESULT AGREE   sigil BUILT (predicted BUILT)
-- CORNER s2disasm-X-210001   gameRevision=2 padToPowerOfTwo=1 fixBugs=0 allOptimizations=0 skipChecksumCheck=0 useFullWaterTables=1   predict sigil BUILT
   edit s2.asm:20
     before: 'gameRevision = 1'
     after:  'gameRevision = 2'
   edit s2.asm:49
     before: 'useFullWaterTables = 0'
     after:  'useFullWaterTables = 1'
   BUILD_LUA exit=0 wrote=True  (s2disasm-X-210001.lua.log)
   SIGIL exit=0 wrote=True  stderr lines=0 (s2disasm-X-210001.sigil.err)
   DIFF 0 bytes in 0 runs
   CONTROL planted at ['0x200', '0x80000', '0xffffe'] -> 3 bytes in 3 runs: PASSED
   RESULT AGREE   sigil BUILT (predicted BUILT)
-- CORNER s2disasm-X-210010   gameRevision=2 padToPowerOfTwo=1 fixBugs=0 allOptimizations=0 skipChecksumCheck=1 useFullWaterTables=0   predict sigil BUILT
   edit s2.asm:20
     before: 'gameRevision = 1'
     after:  'gameRevision = 2'
   edit s2.asm:34
     before: 'skipChecksumCheck = 0'
     after:  'skipChecksumCheck = 1'
   BUILD_LUA exit=0 wrote=True  (s2disasm-X-210010.lua.log)
   SIGIL exit=0 wrote=True  stderr lines=0 (s2disasm-X-210010.sigil.err)
   DIFF 0 bytes in 0 runs
   CONTROL planted at ['0x200', '0x80000', '0xffffe'] -> 3 bytes in 3 runs: PASSED
   RESULT AGREE   sigil BUILT (predicted BUILT)
-- CORNER s2disasm-X-210011   gameRevision=2 padToPowerOfTwo=1 fixBugs=0 allOptimizations=0 skipChecksumCheck=1 useFullWaterTables=1   predict sigil BUILT
   edit s2.asm:20
     before: 'gameRevision = 1'
     after:  'gameRevision = 2'
   edit s2.asm:34
     before: 'skipChecksumCheck = 0'
     after:  'skipChecksumCheck = 1'
   edit s2.asm:49
     before: 'useFullWaterTables = 0'
     after:  'useFullWaterTables = 1'
   BUILD_LUA exit=0 wrote=True  (s2disasm-X-210011.lua.log)
   SIGIL exit=0 wrote=True  stderr lines=0 (s2disasm-X-210011.sigil.err)
   DIFF 0 bytes in 0 runs
   CONTROL planted at ['0x200', '0x80000', '0xffffe'] -> 3 bytes in 3 runs: PASSED
   RESULT AGREE   sigil BUILT (predicted BUILT)
-- CORNER s2disasm-X-210100   gameRevision=2 padToPowerOfTwo=1 fixBugs=0 allOptimizations=1 skipChecksumCheck=0 useFullWaterTables=0   predict sigil BUILT
   edit s2.asm:20
     before: 'gameRevision = 1'
     after:  'gameRevision = 2'
   edit s2.asm:31
     before: 'allOptimizations = 0'
     after:  'allOptimizations = 1'
   BUILD_LUA exit=0 wrote=True  (s2disasm-X-210100.lua.log)
   SIGIL exit=0 wrote=True  stderr lines=0 (s2disasm-X-210100.sigil.err)
   DIFF 0 bytes in 0 runs
   CONTROL planted at ['0x200', '0x80000', '0xffffe'] -> 3 bytes in 3 runs: PASSED
   RESULT AGREE   sigil BUILT (predicted BUILT)
-- CORNER s2disasm-X-210101   gameRevision=2 padToPowerOfTwo=1 fixBugs=0 allOptimizations=1 skipChecksumCheck=0 useFullWaterTables=1   predict sigil BUILT
   edit s2.asm:20
     before: 'gameRevision = 1'
     after:  'gameRevision = 2'
   edit s2.asm:31
     before: 'allOptimizations = 0'
     after:  'allOptimizations = 1'
   edit s2.asm:49
     before: 'useFullWaterTables = 0'
     after:  'useFullWaterTables = 1'
   BUILD_LUA exit=0 wrote=True  (s2disasm-X-210101.lua.log)
   SIGIL exit=0 wrote=True  stderr lines=0 (s2disasm-X-210101.sigil.err)
   DIFF 0 bytes in 0 runs
   CONTROL planted at ['0x200', '0x80000', '0xffffe'] -> 3 bytes in 3 runs: PASSED
   RESULT AGREE   sigil BUILT (predicted BUILT)
-- CORNER s2disasm-X-210110   gameRevision=2 padToPowerOfTwo=1 fixBugs=0 allOptimizations=1 skipChecksumCheck=1 useFullWaterTables=0   predict sigil BUILT
   edit s2.asm:20
     before: 'gameRevision = 1'
     after:  'gameRevision = 2'
   edit s2.asm:31
     before: 'allOptimizations = 0'
     after:  'allOptimizations = 1'
   edit s2.asm:34
     before: 'skipChecksumCheck = 0'
     after:  'skipChecksumCheck = 1'
   BUILD_LUA exit=0 wrote=True  (s2disasm-X-210110.lua.log)
   SIGIL exit=0 wrote=True  stderr lines=0 (s2disasm-X-210110.sigil.err)
   DIFF 0 bytes in 0 runs
   CONTROL planted at ['0x200', '0x80000', '0xffffe'] -> 3 bytes in 3 runs: PASSED
   RESULT AGREE   sigil BUILT (predicted BUILT)
-- CORNER s2disasm-X-210111   gameRevision=2 padToPowerOfTwo=1 fixBugs=0 allOptimizations=1 skipChecksumCheck=1 useFullWaterTables=1   predict sigil BUILT
   edit s2.asm:20
     before: 'gameRevision = 1'
     after:  'gameRevision = 2'
   edit s2.asm:31
     before: 'allOptimizations = 0'
     after:  'allOptimizations = 1'
   edit s2.asm:34
     before: 'skipChecksumCheck = 0'
     after:  'skipChecksumCheck = 1'
   edit s2.asm:49
     before: 'useFullWaterTables = 0'
     after:  'useFullWaterTables = 1'
   BUILD_LUA exit=0 wrote=True  (s2disasm-X-210111.lua.log)
   SIGIL exit=0 wrote=True  stderr lines=0 (s2disasm-X-210111.sigil.err)
   DIFF 0 bytes in 0 runs
   CONTROL planted at ['0x200', '0x80000', '0xffffe'] -> 3 bytes in 3 runs: PASSED
   RESULT AGREE   sigil BUILT (predicted BUILT)
-- CORNER s2disasm-X-211000   gameRevision=2 padToPowerOfTwo=1 fixBugs=1 allOptimizations=0 skipChecksumCheck=0 useFullWaterTables=0   predict sigil DECLINED
   edit s2.asm:20
     before: 'gameRevision = 1'
     after:  'gameRevision = 2'
   edit s2.asm:27
     before: 'fixBugs = 0'
     after:  'fixBugs = 1'
   BUILD_LUA exit=0 wrote=True  (s2disasm-X-211000.lua.log)
   SIGIL exit=1 wrote=False  stderr lines=1 (s2disasm-X-211000.sigil.err)
   RESULT SIGIL-DECLINED   sigil DECLINED (predicted DECLINED)
-- CORNER s2disasm-X-211001   gameRevision=2 padToPowerOfTwo=1 fixBugs=1 allOptimizations=0 skipChecksumCheck=0 useFullWaterTables=1   predict sigil DECLINED
   edit s2.asm:20
     before: 'gameRevision = 1'
     after:  'gameRevision = 2'
   edit s2.asm:27
     before: 'fixBugs = 0'
     after:  'fixBugs = 1'
   edit s2.asm:49
     before: 'useFullWaterTables = 0'
     after:  'useFullWaterTables = 1'
   BUILD_LUA exit=0 wrote=True  (s2disasm-X-211001.lua.log)
   SIGIL exit=1 wrote=False  stderr lines=1 (s2disasm-X-211001.sigil.err)
   RESULT SIGIL-DECLINED   sigil DECLINED (predicted DECLINED)
-- CORNER s2disasm-X-211010   gameRevision=2 padToPowerOfTwo=1 fixBugs=1 allOptimizations=0 skipChecksumCheck=1 useFullWaterTables=0   predict sigil DECLINED
   edit s2.asm:20
     before: 'gameRevision = 1'
     after:  'gameRevision = 2'
   edit s2.asm:27
     before: 'fixBugs = 0'
     after:  'fixBugs = 1'
   edit s2.asm:34
     before: 'skipChecksumCheck = 0'
     after:  'skipChecksumCheck = 1'
   BUILD_LUA exit=0 wrote=True  (s2disasm-X-211010.lua.log)
   SIGIL exit=1 wrote=False  stderr lines=1 (s2disasm-X-211010.sigil.err)
   RESULT SIGIL-DECLINED   sigil DECLINED (predicted DECLINED)
-- CORNER s2disasm-X-211011   gameRevision=2 padToPowerOfTwo=1 fixBugs=1 allOptimizations=0 skipChecksumCheck=1 useFullWaterTables=1   predict sigil DECLINED
   edit s2.asm:20
     before: 'gameRevision = 1'
     after:  'gameRevision = 2'
   edit s2.asm:27
     before: 'fixBugs = 0'
     after:  'fixBugs = 1'
   edit s2.asm:34
     before: 'skipChecksumCheck = 0'
     after:  'skipChecksumCheck = 1'
   edit s2.asm:49
     before: 'useFullWaterTables = 0'
     after:  'useFullWaterTables = 1'
   BUILD_LUA exit=0 wrote=True  (s2disasm-X-211011.lua.log)
   SIGIL exit=1 wrote=False  stderr lines=1 (s2disasm-X-211011.sigil.err)
   RESULT SIGIL-DECLINED   sigil DECLINED (predicted DECLINED)
-- CORNER s2disasm-X-211100   gameRevision=2 padToPowerOfTwo=1 fixBugs=1 allOptimizations=1 skipChecksumCheck=0 useFullWaterTables=0   predict sigil DECLINED
   edit s2.asm:20
     before: 'gameRevision = 1'
     after:  'gameRevision = 2'
   edit s2.asm:27
     before: 'fixBugs = 0'
     after:  'fixBugs = 1'
   edit s2.asm:31
     before: 'allOptimizations = 0'
     after:  'allOptimizations = 1'
   BUILD_LUA exit=0 wrote=True  (s2disasm-X-211100.lua.log)
   SIGIL exit=1 wrote=False  stderr lines=1 (s2disasm-X-211100.sigil.err)
   RESULT SIGIL-DECLINED   sigil DECLINED (predicted DECLINED)
-- CORNER s2disasm-X-211101   gameRevision=2 padToPowerOfTwo=1 fixBugs=1 allOptimizations=1 skipChecksumCheck=0 useFullWaterTables=1   predict sigil DECLINED
   edit s2.asm:20
     before: 'gameRevision = 1'
     after:  'gameRevision = 2'
   edit s2.asm:27
     before: 'fixBugs = 0'
     after:  'fixBugs = 1'
   edit s2.asm:31
     before: 'allOptimizations = 0'
     after:  'allOptimizations = 1'
   edit s2.asm:49
     before: 'useFullWaterTables = 0'
     after:  'useFullWaterTables = 1'
   BUILD_LUA exit=0 wrote=True  (s2disasm-X-211101.lua.log)
   SIGIL exit=1 wrote=False  stderr lines=1 (s2disasm-X-211101.sigil.err)
   RESULT SIGIL-DECLINED   sigil DECLINED (predicted DECLINED)
-- CORNER s2disasm-X-211110   gameRevision=2 padToPowerOfTwo=1 fixBugs=1 allOptimizations=1 skipChecksumCheck=1 useFullWaterTables=0   predict sigil DECLINED
   edit s2.asm:20
     before: 'gameRevision = 1'
     after:  'gameRevision = 2'
   edit s2.asm:27
     before: 'fixBugs = 0'
     after:  'fixBugs = 1'
   edit s2.asm:31
     before: 'allOptimizations = 0'
     after:  'allOptimizations = 1'
   edit s2.asm:34
     before: 'skipChecksumCheck = 0'
     after:  'skipChecksumCheck = 1'
   BUILD_LUA exit=0 wrote=True  (s2disasm-X-211110.lua.log)
   SIGIL exit=1 wrote=False  stderr lines=1 (s2disasm-X-211110.sigil.err)
   RESULT SIGIL-DECLINED   sigil DECLINED (predicted DECLINED)
-- CORNER s2disasm-X-211111   gameRevision=2 padToPowerOfTwo=1 fixBugs=1 allOptimizations=1 skipChecksumCheck=1 useFullWaterTables=1   predict sigil DECLINED
   edit s2.asm:20
     before: 'gameRevision = 1'
     after:  'gameRevision = 2'
   edit s2.asm:27
     before: 'fixBugs = 0'
     after:  'fixBugs = 1'
   edit s2.asm:31
     before: 'allOptimizations = 0'
     after:  'allOptimizations = 1'
   edit s2.asm:34
     before: 'skipChecksumCheck = 0'
     after:  'skipChecksumCheck = 1'
   edit s2.asm:49
     before: 'useFullWaterTables = 0'
     after:  'useFullWaterTables = 1'
   BUILD_LUA exit=0 wrote=True  (s2disasm-X-211111.lua.log)
   SIGIL exit=1 wrote=False  stderr lines=1 (s2disasm-X-211111.sigil.err)
   RESULT SIGIL-DECLINED   sigil DECLINED (predicted DECLINED)
== CROSS s2disasm: 96 corners
   composition prediction on the sigil side: 96 held, 0 broke
   both toolchains built: 48 corners, 48 agreed byte for byte, 0 did not
   stock toolchain declined: 0 corners, 0 covered by an acknowledged rule
   distinct stock images across the corners: 96
==============================================================================
RECONCILE legs launched=422 reported=422
RECONCILE diagnostics: 225 leg(s) where both toolchains ran, 2 warning-parity key(s) seen, 2 acknowledged
  s2disasm asl#180 on 17 leg(s)
  s2disasm sigil-only:`shared` is ignored on 56 leg(s)
RECONCILE unreadable-domain: found=1 acknowledged=1 MATCH
RECONCILE vacuity: 3 phase-1 arm(s) exercised no changed source, 3 rescue verdict(s)
  s1disasm-BackupSRAM-0: measured as s1disasm-BackupSRAM-0+EnableSRAM-1
  s1disasm-AddressSRAM-0: measured as s1disasm-AddressSRAM-0+EnableSRAM-1
  s1disasm-AddressSRAM-2: measured as s1disasm-AddressSRAM-2+EnableSRAM-1
RECONCILE outcomes: 2 non-agreeing, 2 acknowledged, 0 unacknowledged, 0 stale acknowledgements, 0 class mismatches
SWEEP PASSED
SWEEP_END
